{
  "label": "scan_onz",
  "min_ms": 25.30712599400431,
  "samples_ms": [
    26.31162403849885,
    25.30712599400431,
    26.379155984614044,
    26.027121988590807,
    26.14920400083065,
    26.35962498607114,
    26.277343975380063,
    26.598787982948124
  ],
  "peak_vram_bytes_before": 235929856,
  "peak_vram_bytes_after": 1071643904,
  "peak_vram_delta_mb": 835.714048,
  "device": "cuda:0",
  "shape": {
    "B": 16384,
    "nz": 44
  }
}
