{
  "label": "dense_nznz",
  "min_ms": 32.820667955093086,
  "samples_ms": [
    32.820667955093086,
    32.899059006012976,
    33.003659977111965,
    33.176361001096666,
    33.10522000538185,
    33.00390002550557,
    32.851418014615774,
    32.845868030563
  ],
  "peak_vram_bytes_before": 235930368,
  "peak_vram_bytes_after": 1458859008,
  "peak_vram_delta_mb": 1222.92864,
  "device": "cuda:0",
  "shape": {
    "B": 16384,
    "nz": 44
  }
}
