{
  "scope": "v0.15 MYNN fp32-BouLac A/B (1 isolated step, d01 16384x44 shape)",
  "device": "cuda:0",
  "shape": {
    "B": 16384,
    "nz": 44
  },
  "dt_s": 18.0,
  "dx_m": 3000.0,
  "edmf": true,
  "fp64_boulac_min_ms": 50.583982025273144,
  "fp32_boulac_min_ms": 42.11026499979198,
  "speedup": 1.2012268748611064,
  "samples_fp64_ms": [
    50.826913968194276,
    50.583982025273144,
    52.2509950096719,
    52.66598903108388,
    52.076863998081535,
    51.32694699568674
  ],
  "samples_fp32_ms": [
    42.11026499979198,
    42.166805011220276,
    42.185914993751794,
    42.21013601636514,
    42.21488500479609,
    42.95776202343404
  ],
  "identity_fp32_vs_fp64": {
    "theta": {
      "max_abs": 6.155886467240634e-08,
      "max_rel": 1.8831628855268264e-10,
      "rmse": 1.0880302323600038e-09
    },
    "qv": {
      "max_abs": 2.6541780318717345e-10,
      "max_rel": 2.2813661035703846e-05,
      "rmse": 2.0733592460975044e-12
    },
    "tke": {
      "max_abs": 1.3904277986753755e-06,
      "max_rel": 2.7013016085371097e-06,
      "rmse": 6.691423968693871e-08
    },
    "u": {
      "max_abs": 1.3491193584513894e-07,
      "max_rel": 1.01565414856908e-08,
      "rmse": 7.958839689713563e-09
    },
    "v": {
      "max_abs": 2.7171345040599704e-07,
      "max_rel": 0.0046734858535284335,
      "rmse": 7.873273250195425e-09
    },
    "el": {
      "max_abs": 0.00437917115873887,
      "max_rel": 9.444182549442518e-05,
      "rmse": 8.263655076823858e-05
    },
    "km": {
      "max_abs": 0.0008217833913342076,
      "max_rel": 3.967840753497901e-05,
      "rmse": 2.7553075902903343e-05
    },
    "kh": {
      "max_abs": 0.0020120770660625453,
      "max_rel": 5.5156102338146494e-05,
      "rmse": 1.4225538472740596e-05
    }
  },
  "note": "1-step isolation identity is the per-step injection; the OPERATIONAL gate is a short-forecast field-tolerance run (escalate if 1-step rel is small)."
}
