{
  "schema": "V015TieredIdentity",
  "base": "proofs/perf/v015/ab_s1_base_dump_state.npz",
  "cand": "proofs/perf/v015/ab_s1_cond16_state.npz",
  "hours": 3.0,
  "gated_fields": {
    "p": {
      "rmse": 0.04329291675797609,
      "max_abs": 2.981936513024266,
      "manifest_field": "PSFC",
      "manifest_rmse_limit": 120.0,
      "rmse_over_limit": 0.00036077430631646743
    },
    "qv": {
      "rmse": 2.95210856097015e-08,
      "max_abs": 1.5448336128199864e-05,
      "manifest_field": "QVAPOR",
      "manifest_rmse_limit": 0.001,
      "rmse_over_limit": 2.9521085609701498e-05
    },
    "rain_acc": {
      "rmse": 6.644928407916849e-06,
      "max_abs": 0.00041844580201251536,
      "manifest_field": "RAINNC",
      "manifest_rmse_limit": 1.0,
      "rmse_over_limit": 6.644928407916849e-06
    },
    "theta": {
      "rmse": 0.00035353620384508713,
      "max_abs": 0.03577238778058245,
      "manifest_field": "T",
      "manifest_rmse_limit": 1.5,
      "rmse_over_limit": 0.0002356908025633914
    },
    "u": {
      "rmse": 0.0006803700983675357,
      "max_abs": 0.083145239431488,
      "manifest_field": "U",
      "manifest_rmse_limit": 1.8,
      "rmse_over_limit": 0.0003779833879819643
    },
    "v": {
      "rmse": 0.000601048522280755,
      "max_abs": 0.0633470617472014,
      "manifest_field": "V",
      "manifest_rmse_limit": 1.8,
      "rmse_over_limit": 0.00033391584571153054
    },
    "w": {
      "rmse": 0.00019176231534851363,
      "max_abs": 0.011027025770776355,
      "manifest_field": "W",
      "manifest_rmse_limit": 0.3,
      "rmse_over_limit": 0.0006392077178283788
    }
  },
  "worst_rmse_over_manifest_limit": 0.0006392077178283788,
  "hard_gate_fails": [],
  "verdict": "PASS",
  "ungated_leaf_deltas": {
    "Ni": {
      "rmse": 469.4466088928961,
      "max_abs": 397912.4784562166
    },
    "Nr": {
      "rmse": 0.057652062478707314,
      "max_abs": 11.630586506479233
    },
    "p_perturbation": {
      "rmse": 0.043292916757977154,
      "max_abs": 2.9819365130250617
    },
    "p_total": {
      "rmse": 0.04329291675797609,
      "max_abs": 2.981936513024266
    },
    "mu": {
      "rmse": 0.0275884100122201,
      "max_abs": 0.5969774842087645
    },
    "mu_total": {
      "rmse": 0.0275884100122201,
      "max_abs": 0.5969774842087645
    },
    "mu_perturbation": {
      "rmse": 0.027588410012078252,
      "max_abs": 0.5969774842058087
    },
    "ph": {
      "rmse": 0.01658959660806146,
      "max_abs": 0.7974068464391166
    },
    "ph_total": {
      "rmse": 0.01658959660806146,
      "max_abs": 0.7974068464391166
    },
    "ph_perturbation": {
      "rmse": 0.016589596608054254,
      "max_abs": 0.7974068464413904
    },
    "qke": {
      "rmse": 0.0005044826845115301,
      "max_abs": 0.08290214475655411
    },
    "ustar": {
      "rmse": 4.3907138233042666e-05,
      "max_abs": 0.001129687821744163
    },
    "tau_u": {
      "rmse": 4.1924028859314305e-05,
      "max_abs": 0.0011795246281467442
    },
    "tau_v": {
      "rmse": 3.725326202544077e-05,
      "max_abs": 0.0005677331661985141
    },
    "rhosfc": {
      "rmse": 7.181494000546595e-06,
      "max_abs": 4.303455352783203e-05
    },
    "fltv": {
      "rmse": 6.6162612765277034e-06,
      "max_abs": 0.000221137322420073
    },
    "theta_flux": {
      "rmse": 6.60617992704928e-06,
      "max_abs": 0.00022301889205561531
    },
    "snow_acc": {
      "rmse": 4.666301300190513e-06,
      "max_abs": 0.0002992013005606031
    },
    "ice_acc": {
      "rmse": 2.2915591356623072e-07,
      "max_abs": 1.4001480559045062e-05
    },
    "qc": {
      "rmse": 3.33962993267477e-08,
      "max_abs": 1.412484967731275e-05
    },
    "qs": {
      "rmse": 6.9955471095576805e-09,
      "max_abs": 1.323387941465221e-06
    },
    "qi": {
      "rmse": 6.347858680109866e-09,
      "max_abs": 1.3995973161588434e-06
    },
    "qv_flux": {
      "rmse": 9.54886998554356e-10,
      "max_abs": 4.9492244058830186e-08
    },
    "qr": {
      "rmse": 5.842579122360841e-10,
      "max_abs": 9.89964120554556e-08
    },
    "qg": {
      "rmse": 4.6196217924337174e-12,
      "max_abs": 3.0957931523731873e-09
    }
  }
}
