{
  "anchor": {
    "field": "ACLWUPB",
    "max_abs": 28288926.0,
    "south_north": 22,
    "west_east": 86
  },
  "column_or_scalar": {
    "ACLWDNB": 23974240.0,
    "ACLWDNBC": 20790506.0,
    "ACLWDNT": 542274.0,
    "ACLWDNTC": 542274.0,
    "ACLWUPB": 28288926.0,
    "ACLWUPBC": 28288926.0,
    "ACLWUPT": 18331944.0,
    "ACLWUPTC": 18667174.0,
    "ACSWDNB": 11903493.0,
    "ACSWDNBC": 12381365.0,
    "ACSWDNT": 16164322.0,
    "ACSWDNTC": 16163295.0,
    "ACSWUPB": 952279.8125,
    "ACSWUPBC": 990508.375,
    "ACSWUPT": 2267775.25,
    "ACSWUPTC": 1842458.0,
    "GLW": 329.53436279296875,
    "LWDNB": 329.53436279296875,
    "LWDNBC": 329.53436279296875,
    "LWDNT": 8.471580505371094,
    "LWDNTC": 8.471580505371094,
    "LWUPB": 436.56646728515625,
    "LWUPBC": 436.56646728515625,
    "LWUPT": 281.3909606933594,
    "LWUPTC": 281.3909606933594,
    "OLR": 281.3909606933594,
    "RTHRATEN": [
      5.965518425909977e-07,
      4.8249644351017196e-06,
      7.431833182636183e-06,
      8.947188689489849e-06,
      1.0986963388859294e-05,
      1.3479632798407692e-05,
      1.6983009118121117e-05,
      2.2223770429263823e-05,
      2.5305031158495694e-05,
      1.2906541087431833e-05,
      9.434885214432143e-06,
      -3.1723507731840073e-07,
      -4.9587424655328505e-06,
      -3.2696921152819414e-06,
      9.297402243646502e-07,
      5.772319582320051e-06,
      1.2106439498893451e-05,
      1.1238409570069052e-05,
      4.929633178107906e-06,
      -1.7978115920413984e-06,
      -9.903133104671724e-06,
      -1.2447478184185456e-05,
      -8.480215910822153e-06,
      -3.8090327052486828e-06,
      -2.720383690757444e-06,
      -1.7578004189999774e-06,
      -4.1871298890328035e-06,
      -1.361925455967139e-06,
      -1.288694875256624e-06,
      -3.945762728108093e-06,
      1.1215706763323396e-06,
      2.1120945348229725e-06,
      2.6263824111083522e-06,
      3.6083420127397403e-06,
      5.987347321934067e-06,
      9.794001016416587e-06,
      1.0675486919353716e-05,
      1.1962655662500765e-05,
      1.2899088687845506e-05,
      1.5395189620903693e-05,
      1.6980540749500506e-05,
      2.2811103917774744e-05,
      2.945257983810734e-05,
      3.470341471256688e-05
    ],
    "RTHRATLW": [
      -2.642369690875057e-05,
      -2.242501432192512e-05,
      -2.0252440663171e-05,
      -1.9356813936610706e-05,
      -1.8246693798573688e-05,
      -1.7180689610540867e-05,
      -1.5959916709107347e-05,
      -1.455875280953478e-05,
      -1.3429547834675759e-05,
      -2.022886292252224e-05,
      -2.5024060960276984e-05,
      -3.0199187676771544e-05,
      -2.2323143639368936e-05,
      -1.6652620615786873e-05,
      -1.1177548913110513e-05,
      -1.0288753401255235e-05,
      -2.0884142941213213e-05,
      -3.2439016649732366e-05,
      -3.849671338684857e-05,
      -4.400515535962768e-05,
      -4.522189556155354e-05,
      -3.618583286879584e-05,
      -2.315985329914838e-05,
      -1.508282821305329e-05,
      -1.5388153769890778e-05,
      -1.4501064470096026e-05,
      -1.6172492905752733e-05,
      -1.238100685441168e-05,
      -1.1386960977688432e-05,
      -1.3351811503525823e-05,
      -7.730821380391717e-06,
      -6.5769468164944556e-06,
      -6.5561434894334525e-06,
      -6.280008165049367e-06,
      -4.388685738376807e-06,
      -1.4427736232391908e-06,
      -1.7800060732042766e-06,
      -2.194367198171676e-06,
      -3.4169408991147066e-06,
      -4.148456355324015e-06,
      -6.647197096754098e-06,
      -5.88775719734258e-06,
      -5.665270236931974e-06,
      -8.382206942769699e-06
    ],
    "RTHRATLWC": [
      -2.642369690875057e-05,
      -2.242501432192512e-05,
      -2.0252440663171e-05,
      -1.9356813936610706e-05,
      -1.8246693798573688e-05,
      -1.7180689610540867e-05,
      -1.5959916709107347e-05,
      -1.455875280953478e-05,
      -1.3429547834675759e-05,
      -2.022886292252224e-05,
      -2.5024060960276984e-05,
      -3.0199187676771544e-05,
      -2.2323143639368936e-05,
      -1.6652620615786873e-05,
      -1.1177548913110513e-05,
      -1.0288753401255235e-05,
      -2.0884142941213213e-05,
      -3.2439016649732366e-05,
      -3.849671338684857e-05,
      -4.400515535962768e-05,
      -4.522189556155354e-05,
      -3.618583286879584e-05,
      -2.315985329914838e-05,
      -1.508282821305329e-05,
      -1.5388153769890778e-05,
      -1.4501064470096026e-05,
      -1.6172492905752733e-05,
      -1.238100685441168e-05,
      -1.1386960977688432e-05,
      -1.3351811503525823e-05,
      -7.730821380391717e-06,
      -6.5769468164944556e-06,
      -6.5561434894334525e-06,
      -6.280008165049367e-06,
      -4.388685738376807e-06,
      -1.4427736232391908e-06,
      -1.7800060732042766e-06,
      -2.194367198171676e-06,
      -3.4169408991147066e-06,
      -4.148456355324015e-06,
      -6.647197096754098e-06,
      -5.88775719734258e-06,
      -5.665270236931974e-06,
      -8.382206942769699e-06
    ],
    "RTHRATSW": [
      2.7020249035558663e-05,
      2.7249981940258294e-05,
      2.7684278393280692e-05,
      2.830400990205817e-05,
      2.9233664463390596e-05,
      3.066033241339028e-05,
      3.294293856015429e-05,
      3.678254142869264e-05,
      3.8734600821044296e-05,
      3.31354167428799e-05,
      3.445895345066674e-05,
      2.988195228681434e-05,
      1.7364396626362577e-05,
      1.3382925317273475e-05,
      1.2107289876439609e-05,
      1.6061077985796146e-05,
      3.299059244454838e-05,
      4.3677435314748436e-05,
      4.342634929344058e-05,
      4.22073426307179e-05,
      3.53187569999136e-05,
      2.3738350137136877e-05,
      1.467963375034742e-05,
      1.127379437093623e-05,
      1.2667769624385983e-05,
      1.2743264051096048e-05,
      1.198536301671993e-05,
      1.1019081284757704e-05,
      1.0098266102431808e-05,
      9.40604877541773e-06,
      8.852392056724057e-06,
      8.689041351317428e-06,
      9.182525900541805e-06,
      9.888350177789107e-06,
      1.0376033060310874e-05,
      1.1236774298595265e-05,
      1.245549265149748e-05,
      1.4157023542793468e-05,
      1.6316029359586537e-05,
      1.9543645976227708e-05,
      2.3627737391507253e-05,
      2.8698861569864675e-05,
      3.511784962029196e-05,
      4.3085623474325985e-05
    ],
    "RTHRATSWC": [
      2.7020249035558663e-05,
      2.7249981940258294e-05,
      2.7684278393280692e-05,
      2.830400990205817e-05,
      2.9233664463390596e-05,
      3.066033241339028e-05,
      3.294293856015429e-05,
      3.678254142869264e-05,
      3.8734600821044296e-05,
      3.31354167428799e-05,
      3.445895345066674e-05,
      2.988195228681434e-05,
      1.7364396626362577e-05,
      1.3382925317273475e-05,
      1.2107289876439609e-05,
      1.6061077985796146e-05,
      3.299059244454838e-05,
      4.3677435314748436e-05,
      4.342634929344058e-05,
      4.22073426307179e-05,
      3.53187569999136e-05,
      2.3738350137136877e-05,
      1.467963375034742e-05,
      1.127379437093623e-05,
      1.2667769624385983e-05,
      1.2743264051096048e-05,
      1.198536301671993e-05,
      1.1019081284757704e-05,
      1.0098266102431808e-05,
      9.40604877541773e-06,
      8.852392056724057e-06,
      8.689041351317428e-06,
      9.182525900541805e-06,
      9.888350177789107e-06,
      1.0376033060310874e-05,
      1.1236774298595265e-05,
      1.245549265149748e-05,
      1.4157023542793468e-05,
      1.6316029359586537e-05,
      1.9543645976227708e-05,
      2.3627737391507253e-05,
      2.8698861569864675e-05,
      3.511784962029196e-05,
      4.3085623474325985e-05
    ],
    "SWDNB": 1025.1678466796875,
    "SWDNBC": 1025.1678466796875,
    "SWDNT": 1268.1827392578125,
    "SWDNTC": 1268.1827392578125,
    "SWDOWN": 1025.1678466796875,
    "SWUPB": 82.013427734375,
    "SWUPBC": 82.013427734375,
    "SWUPT": 122.07852172851562,
    "SWUPTC": 122.07852172851562
  },