{
  "anchor": {
    "field": "TSWDN",
    "max_abs": 1301.883544921875,
    "south_north": 0,
    "west_east": 92
  },
  "column_or_scalar": {
    "GLW": 320.9439392089844,
    "OLR": 322.8378601074219,
    "RTHRATEN": [
      0.0010706150205805898,
      0.00015570757386740297,
      8.607940253568813e-05,
      6.154937000246719e-05,
      5.3055817261338234e-05,
      4.172746412223205e-05,
      2.6568579414743e-05,
      1.32836230477551e-05,
      6.546540134877432e-06,
      5.387909368437249e-06,
      4.648666163120652e-06,
      2.3505615445174044e-06,
      9.926717439157073e-07,
      1.1393462955311406e-06,
      2.3580953438795405e-06,
      6.963511168578407e-06,
      1.424852689524414e-05,
      1.5905920008663088e-05,
      9.904114449454937e-06,
      6.255116659303894e-06,
      3.467856913630385e-06,
      -1.3156147815607255e-06,
      -5.579393928201171e-06,
      -7.964691576489713e-06,
      -7.5539601311902516e-06,
      -2.7005648917111102e-06,
      4.514058673521504e-07,
      2.0586321625160053e-06,
      3.7091124340804527e-06,
      4.9710547500581015e-06,
      6.822306659159949e-06,
      8.673107004142366e-06,
      1.0267814104736317e-05,
      1.1616309166129213e-05,
      1.4708202797919512e-05,
      1.864802288764622e-05,
      2.1406342057161964e-05,
      2.1341864339774475e-05,
      2.1364185158745386e-05,
      2.4078446585917845e-05,
      2.644881715241354e-05,
      2.9090831958455965e-05,
      3.289545202278532e-05,
      7.41955591365695e-05
    ],
    "RTHRATLW": [
      0.001035952940583229,
      0.00012086593778803945,
      5.02258371852804e-05,
      2.4970504455268383e-05,
      1.5164174328674562e-05,
      4.540201189229265e-06,
      -7.488744813599624e-06,
      -1.5736975910840556e-05,
      -1.4816939255979378e-05,
      -1.5164509932219516e-05,
      -1.4663174624729436e-05,
      -1.5096692550287116e-05,
      -1.4144043234409764e-05,
      -1.425617574568605e-05,
      -1.350033562630415e-05,
      -1.530130612081848e-05,
      -2.0313642380642705e-05,
      -2.7977001082035713e-05,
      -3.065566124860197e-05,
      -3.0270020943135023e-05,
      -3.0240236810641363e-05,
      -3.19888349622488e-05,
      -3.360083792358637e-05,
      -3.190305505995639e-05,
      -2.587011840660125e-05,
      -1.7237536667380482e-05,
      -1.4031843420525547e-05,
      -1.1014651136065368e-05,
      -8.410740520048421e-06,
      -6.700850917695789e-06,
      -4.342790361988591e-06,
      -2.177721171392477e-06,
      -1.4419327953874017e-06,
      -6.63803575662314e-07,
      1.5201707128653652e-06,
      4.235798769514076e-06,
      4.764509412780171e-06,
      2.676722488104133e-06,
      3.187629999956698e-07,
      -1.1325926152494503e-06,
      -2.8902559279231355e-06,
      -5.566916115640197e-06,
      -6.884582489874447e-06,
      -2.8781652872567065e-05
    ],
    "RTHRATLWC": [
      0.0,
      0.0,
      0.0,
      0.0,
      0.0,
      0.0,
      0.0,
      0.0,
      0.0,
      0.0,
      0.0,
      0.0,
      0.0,
      0.0,
      0.0,
      0.0,
      0.0,
      0.0,
      0.0,
      0.0,
      0.0,
      0.0,
      0.0,
      0.0,
      0.0,
      0.0,
      0.0,
      0.0,
      0.0,
      0.0,
      0.0,
      0.0,
      0.0,
      0.0,
      0.0,
      0.0,
      0.0,
      0.0,
      0.0,
      0.0,
      0.0,
      0.0,
      0.0,
      0.0
    ],
    "RTHRATSW": [
      3.466417547315359e-05,
      3.484195622149855e-05,
      3.58537545253057e-05,
      3.657900379039347e-05,
      3.789177571889013e-05,
      3.7187372072367e-05,
      3.4057396987918764e-05,
      2.9020635338383727e-05,
      2.136349939974025e-05,
      2.0552435671561398e-05,
      1.9311855794512667e-05,
      1.7447262507630512e-05,
      1.5136718502617441e-05,
      1.539552613394335e-05,
      1.585843892826233e-05,
      2.226483957201708e-05,
      3.456221384112723e-05,
      4.388296292745508e-05,
      4.055980025441386e-05,
      3.652515079011209e-05,
      3.370810009073466e-05,
      3.0673218134325e-05,
      2.8021437174174935e-05,
      2.393835711700376e-05,
      1.8316155546926893e-05,
      1.453697132092202e-05,
      1.4483249287877697e-05,
      1.3073283298581373e-05,
      1.2119852726755198e-05,
      1.167190566775389e-05,
      1.116509702114854e-05,
      1.0850828402908519e-05,
      1.1709747013810556e-05,
      1.2280112969165202e-05,
      1.318803242611466e-05,
      1.4412224118132144e-05,
      1.6641832189634442e-05,
      1.8665139577933587e-05,
      2.1045421817689203e-05,
      2.521103851904627e-05,
      2.9339073080336675e-05,
      3.465774716460146e-05,
      3.978003587690182e-05,
      0.00010297721019014716
    ],
    "RTHRATSWC": [
      0.0,
      0.0,
      0.0,
      0.0,
      0.0,
      0.0,
      0.0,
      0.0,
      0.0,
      0.0,
      0.0,
      0.0,
      0.0,
      0.0,
      0.0,
      0.0,
      0.0,
      0.0,
      0.0,
      0.0,
      0.0,
      0.0,
      0.0,
      0.0,
      0.0,
      0.0,
      0.0,
      0.0,
      0.0,
      0.0,
      0.0,
      0.0,
      0.0,
      0.0,
      0.0,
      0.0,
      0.0,
      0.0,
      0.0,
      0.0,
      0.0,
      0.0,
      0.0,
      0.0
    ],
    "SLWDN": 320.9439392089844,
    "SLWUP": -595.40380859375,
    "SSWDN": 1068.7398681640625,
    "SSWUP": -251.6395263671875,
    "SWDOWN": 1068.7398681640625,
    "TLWDN": 0.0,
    "TLWUP": -322.8378601074219,
    "TSWDN": 1301.883544921875,
    "TSWUP": -271.9160461425781
  },
  "exact_module_rule": "Generated by a physics-pristine, WRFGPU2_ORACLE-instrumented wrf.exe from a real-data fixture with ra_lw_physics=5, ra_sw_physics=5; WRF radiation_driver dispatches the exact listed upstream-identical radiation module, not a JAX self-compare.",
  "label": "Goddard NUWRF radiation",
  "lw_nonzero": true,
  "lw_nonzero_fields": [
    "RTHRATLW",
    "GLW",
    "OLR",
    "TLWUP",
    "SLWDN",
    "SLWUP"
  ],
  "max_abs": {
    "GLW": 398.7857666015625,
    "OLR": 322.8378601074219,
    "RTHRATEN": 0.002227047923952341,
    "RTHRATLW": 0.002227064920589328,
    "RTHRATLWC": 0.0,
    "RTHRATSW": 0.0007058049668557942,
    "RTHRATSWC": 0.0,
    "SLWDN": 398.7857666015625,
    "SLWUP": 601.306396484375,
    "SSWDN": 1068.813232421875,
    "SSWUP": 251.6395263671875,
    "SWDOWN": 1068.8131103515625,
    "TLWDN": 0.0,
    "TLWUP": 322.8378601074219,
    "TSWDN": 1301.883544921875,
    "TSWUP": 832.305419921875
  },
  "missing_fields": [
    "LWUPT",
    "LWDNT",
    "LWUPB",
    "LWDNB",
    "LWUPTC",
    "LWDNTC",
    "LWUPBC",
    "LWDNBC",
    "ACLWUPT",
    "ACLWDNT",
    "ACLWUPB",
    "ACLWDNB",
    "ACLWUPTC",
    "ACLWDNTC",
    "ACLWUPBC",
    "ACLWDNBC",
    "SWUPT",
    "SWDNT",
    "SWUPB",
    "SWDNB",
    "SWUPTC",
    "SWDNTC",
    "SWUPBC",
    "SWDNBC",
    "ACSWUPT",
    "ACSWDNT",
    "ACSWUPB",
    "ACSWDNB",
    "ACSWUPTC",
    "ACSWDNTC",
    "ACSWUPBC",
    "ACSWDNBC"
  ],
  "nontrivial": true,
  "nonzero_fields": [
    "RTHRATEN",
    "RTHRATLW",
    "GLW",
    "OLR",
    "TLWUP",
    "SLWDN",
    "SLWUP",
    "RTHRATSW",
    "SWDOWN",
    "TSWDN",
    "TSWUP",
    "SSWDN",
    "SSWUP"
  ],
  "ra_lw_physics": 5,
  "ra_sw_physics": 5,
  "schema": "wrf-v018-ra-tail-real-wrf-column-savepoint-v1",
  "scheme": 5,
  "source_modules": [
    "phys/module_radiation_driver.F:goddardrad",
    "phys/module_ra_goddard.F:goddardrad"
  ],
  "sw_nonzero": true,
  "sw_nonzero_fields": [
    "RTHRATSW",
    "SWDOWN",
    "TSWDN",
    "TSWUP",
    "SSWDN",
    "SSWUP"
  ],
  "time": "2026-04-29_12:00:00",
  "time_index": 6,
  "wrfout": "proofs/v018/oracle/ra_tail_wrf/run/ra5/wrfout_d01_2026-04-28_18:00:00"
}
