{
  "anchor": {
    "field": "SWDOWN",
    "max_abs": 1102.5250244140625,
    "south_north": 1,
    "west_east": 92
  },
  "column_or_scalar": {
    "GLW": 313.6891784667969,
    "OLR": 0.0,
    "RTHRATEN": [
      0.0009871446527540684,
      0.0001588887971593067,
      8.821707160677761e-05,
      6.096719516790472e-05,
      4.614478166331537e-05,
      3.231464506825432e-05,
      1.895889545266982e-05,
      9.79558808467118e-06,
      5.629868610412814e-06,
      4.067209829372587e-06,
      2.8397350888553774e-06,
      1.533302338430076e-06,
      1.2426936564224889e-06,
      2.2152773908601375e-06,
      4.2302108340663835e-06,
      6.948009740881389e-06,
      7.509665920224506e-06,
      4.373693172965432e-06,
      5.073553666079533e-07,
      -1.2172218930572853e-06,
      -2.7948199203819968e-06,
      -5.5648911256866995e-06,
      -9.213683370035142e-06,
      -1.1067507330153603e-05,
      -9.257131750928238e-06,
      -7.404775715258438e-06,
      -6.894025773362955e-06,
      -5.88162174608442e-06,
      -5.154492555448087e-06,
      -4.736117261927575e-06,
      -3.4822357974917395e-06,
      -2.3946386136231013e-06,
      -1.911229446704965e-06,
      -1.085209078155458e-06,
      2.3287023509510618e-07,
      2.4910887077567168e-06,
      3.95462575397687e-06,
      4.308682491682703e-06,
      6.764665613445686e-06,
      1.2592689927259926e-05,
      1.9289293049951084e-05,
      3.2882999221328646e-05,
      7.217042002594098e-05,
      0.00017974335059989244
    ],
    "RTHRATLW": [
      0.000951256777625531,
      0.00012286358105484396,
      5.1985520258313045e-05,
      2.423743535473477e-05,
      9.78438947640825e-06,
      -1.6784102854217053e-06,
      -1.0721239050326403e-05,
      -1.4065424693399109e-05,
      -1.4231246495910455e-05,
      -1.4560072486347053e-05,
      -1.4205135812517256e-05,
      -1.3450340702547692e-05,
      -1.2708624126389623e-05,
      -1.224004245159449e-05,
      -1.3325255167728756e-05,
      -1.8419672414893284e-05,
      -2.6849906134884804e-05,
      -3.347232268424705e-05,
      -3.373101935721934e-05,
      -3.1788498745299876e-05,
      -3.1054609280545264e-05,
      -3.128910611849278e-05,
      -3.1708568712929264e-05,
      -2.9399898267001845e-05,
      -2.2754469682695344e-05,
      -1.77331967279315e-05,
      -1.587874794495292e-05,
      -1.3730908904108219e-05,
      -1.2306827557040378e-05,
      -1.1184459253854584e-05,
      -9.39163874136284e-06,
      -8.082868589553982e-06,
      -7.70346559875179e-06,
      -7.201935659395531e-06,
      -6.168510026327567e-06,
      -5.177791990718106e-06,
      -6.186928203533171e-06,
      -9.334161404694896e-06,
      -1.2745228559651878e-05,
      -1.6878388123586774e-05,
      -2.3678681827732362e-05,
      -3.543737329891883e-05,
      -5.990946010570042e-05,
      -0.00015644956147298217
    ],
    "RTHRATLWC": [
      0.0,
      0.0,
      0.0,
      0.0,
      0.0,
      0.0,
      0.0,
      0.0,
      0.0,
      0.0,
      0.0,
      0.0,
      0.0,
      0.0,
      0.0,
      0.0,
      0.0,
      0.0,
      0.0,
      0.0,
      0.0,
      0.0,
      0.0,
      0.0,
      0.0,
      0.0,
      0.0,
      0.0,
      0.0,
      0.0,
      0.0,
      0.0,
      0.0,
      0.0,
      0.0,
      0.0,
      0.0,
      0.0,
      0.0,
      0.0,
      0.0,
      0.0,
      0.0,
      0.0
    ],
    "RTHRATSW": [
      3.5889966966351494e-05,
      3.6025565350428224e-05,
      3.6231751437298954e-05,
      3.6729896237375215e-05,
      3.6360503145260736e-05,
      3.3993135730270296e-05,
      2.9680189982173033e-05,
      2.3861040972406045e-05,
      1.9861132386722602e-05,
      1.8627295503392816e-05,
      1.7044880223693326e-05,
      1.4983647815824952e-05,
      1.3951322216598783e-05,
      1.4455326891038567e-05,
      1.7555479644215666e-05,
      2.5367704438394867e-05,
      3.435959661146626e-05,
      3.784602813539095e-05,
      3.423837915761396e-05,
      3.0571274692192674e-05,
      2.825978481268976e-05,
      2.5724206352606416e-05,
      2.2494870790978894e-05,
      1.833237911341712e-05,
      1.3497332474798895e-05,
      1.0328419193683658e-05,
      8.984722626337316e-06,
      7.849286703276448e-06,
      7.1523350015922915e-06,
      6.44834244667436e-06,
      5.909402716497425e-06,
      5.688229975930881e-06,
      5.792236606794177e-06,
      6.116726581240073e-06,
      6.401380233000964e-06,
      7.668881153222173e-06,
      1.014155350276269e-05,
      1.3642843441630248e-05,
      1.9509894627844915e-05,
      2.9471077141351998e-05,
      4.296797851566225e-05,
      6.832036888226867e-05,
      0.0001320798764936626,
      0.0003361928975209594
    ],
    "RTHRATSWC": [
      0.0,
      0.0,
      0.0,
      0.0,
      0.0,
      0.0,
      0.0,
      0.0,
      0.0,
      0.0,
      0.0,
      0.0,
      0.0,
      0.0,
      0.0,
      0.0,
      0.0,
      0.0,
      0.0,
      0.0,
      0.0,
      0.0,
      0.0,
      0.0,
      0.0,
      0.0,
      0.0,
      0.0,
      0.0,
      0.0,
      0.0,
      0.0,
      0.0,
      0.0,
      0.0,
      0.0,
      0.0,
      0.0,
      0.0,
      0.0,
      0.0,
      0.0,
      0.0,
      0.0
    ],
    "SWDOWN": 1102.5250244140625
  },
  "exact_module_rule": "Generated by a physics-pristine, WRFGPU2_ORACLE-instrumented wrf.exe from a real-data fixture with ra_lw_physics=7, ra_sw_physics=7; WRF radiation_driver dispatches the exact listed upstream-identical radiation module, not a JAX self-compare.",
  "label": "FLG/UCLA radiation",
  "lw_nonzero": true,
  "lw_nonzero_fields": [
    "RTHRATLW",
    "GLW"
  ],
  "max_abs": {
    "GLW": 396.32330322265625,
    "OLR": 0.0,
    "RTHRATEN": 0.0019096932373940945,
    "RTHRATLW": 0.0019096153555437922,
    "RTHRATLWC": 0.0,
    "RTHRATSW": 0.0006731663597747684,
    "RTHRATSWC": 0.0,
    "SWDOWN": 1102.5250244140625
  },
  "missing_fields": [
    "TLWDN",
    "TLWUP",
    "SLWDN",
    "SLWUP",
    "LWUPT",
    "LWDNT",
    "LWUPB",
    "LWDNB",
    "LWUPTC",
    "LWDNTC",
    "LWUPBC",
    "LWDNBC",
    "ACLWUPT",
    "ACLWDNT",
    "ACLWUPB",
    "ACLWDNB",
    "ACLWUPTC",
    "ACLWDNTC",
    "ACLWUPBC",
    "ACLWDNBC",
    "TSWDN",
    "TSWUP",
    "SSWDN",
    "SSWUP",
    "SWUPT",
    "SWDNT",
    "SWUPB",
    "SWDNB",
    "SWUPTC",
    "SWDNTC",
    "SWUPBC",
    "SWDNBC",
    "ACSWUPT",
    "ACSWDNT",
    "ACSWUPB",
    "ACSWDNB",
    "ACSWUPTC",
    "ACSWDNTC",
    "ACSWUPBC",
    "ACSWDNBC"
  ],
  "nontrivial": true,
  "nonzero_fields": [
    "RTHRATEN",
    "RTHRATLW",
    "GLW",
    "RTHRATSW",
    "SWDOWN"
  ],
  "ra_lw_physics": 7,
  "ra_sw_physics": 7,
  "schema": "wrf-v018-ra-tail-real-wrf-column-savepoint-v1",
  "scheme": 7,
  "source_modules": [
    "phys/module_radiation_driver.F:RAD_FLG",
    "phys/module_ra_flg.F:RAD_FLG"
  ],
  "sw_nonzero": true,
  "sw_nonzero_fields": [
    "RTHRATSW",
    "SWDOWN"
  ],
  "time": "2026-04-29_12:00:00",
  "time_index": 6,
  "wrfout": "proofs/v018/oracle/ra_tail_wrf/run/ra7/wrfout_d01_2026-04-28_18:00:00"
}
