{
  "cases": [
    {
      "case": 1,
      "categorical": {
        "jax": {
          "any": true,
          "deep": true,
          "shallow": true
        },
        "oracle": {
          "any": true,
          "deep": true,
          "shallow": true
        },
        "pass": true
      },
      "fields": {
        "RQCCUTEN": {
          "max_abs": 8.914571415999218e-13,
          "max_rel": 9.817514106954351e-06,
          "pass": true
        },
        "RQICUTEN": {
          "max_abs": 8.718386881735897e-13,
          "max_rel": 4.556513971986291e-06,
          "pass": true
        },
        "RQVCUTEN": {
          "max_abs": 4.051090992452434e-11,
          "max_rel": 9.089142267902742e-05,
          "pass": true
        },
        "RTHCUTEN": {
          "max_abs": 4.4585045233438286e-08,
          "max_rel": 1.8069873584250636e-05,
          "pass": true
        }
      },
      "ktop_deep": {
        "jax": 26,
        "oracle": 26,
        "pass": true
      },
      "raincv": {
        "jax": 0.04250855506026792,
        "max_abs": 1.1413729143761042e-07,
        "max_rel": 2.6850356313710156e-06,
        "oracle": 0.04250866919755936,
        "pass": true,
        "tolerance_abs": 0.0001,
        "tolerance_rel": 0.05
      },
      "regime": "deep_convective",
      "shallow": {
        "levels": {
          "K22_SHALLOW": {
            "jax": 2,
            "oracle": 2,
            "pass": true
          },
          "KBCON_SHALLOW": {
            "jax": 3,
            "oracle": 3,
            "pass": true
          },
          "KTOP_SHALLOW": {
            "jax": 8,
            "oracle": 8,
            "pass": true
          }
        },
        "xmb": {
          "jax": 0.037721683712211906,
          "max_abs": 4.796801599205036e-06,
          "max_rel": 0.00012714680865735667,
          "oracle": 0.03772648051381111,
          "pass": true,
          "tolerance_abs": 1e-05,
          "tolerance_rel": 0.05
        }
      },
      "vmap_vs_single": {
        "pass": true,
        "raincv_abs": 1.1102230246251565e-16,
        "rthcuten_abs": 5.0523821237824507e-17
      }
    },
    {
      "case": 2,
      "categorical": {
        "jax": {
          "any": true,
          "deep": false,
          "shallow": true
        },
        "oracle": {
          "any": true,
          "deep": false,
          "shallow": true
        },
        "pass": true
      },
      "fields": {
        "RQCCUTEN": {
          "max_abs": 0.0,
          "max_rel": 0.0,
          "pass": true
        },
        "RQICUTEN": {
          "max_abs": 0.0,
          "max_rel": 0.0,
          "pass": true
        },
        "RQVCUTEN": {
          "max_abs": 1.4434213196024322e-11,
          "max_rel": 0.00017064655161904747,
          "pass": true
        },
        "RTHCUTEN": {
          "max_abs": 2.9623109114056346e-09,
          "max_rel": 0.001515053475207815,
          "pass": true
        }
      },
      "ktop_deep": {
        "jax": 0,
        "oracle": 0,
        "pass": true
      },
      "raincv": {
        "jax": 0.0,
        "max_abs": 0.0,
        "max_rel": 0.0,
        "oracle": 0.0,
        "pass": true,
        "tolerance_abs": 0.0001,
        "tolerance_rel": 0.05
      },
      "regime": "shallow_convective",
      "shallow": {
        "levels": {
          "K22_SHALLOW": {
            "jax": 2,
            "oracle": 2,
            "pass": true
          },
          "KBCON_SHALLOW": {
            "jax": 3,
            "oracle": 3,
            "pass": true
          },
          "KTOP_SHALLOW": {
            "jax": 4,
            "oracle": 4,
            "pass": true
          }
        },
        "xmb": {
          "jax": 0.03683206732243156,
          "max_abs": 6.371039451606719e-06,
          "max_rel": 0.00017294542697550533,
          "oracle": 0.03683843836188316,
          "pass": true,
          "tolerance_abs": 1e-05,
          "tolerance_rel": 0.05
        }
      },
      "vmap_vs_single": {
        "pass": true,
        "raincv_abs": 0.0,
        "rthcuten_abs": 2.0794658855093073e-19
      }
    },
    {
      "case": 3,
      "categorical": {
        "jax": {
          "any": false,
          "deep": false,
          "shallow": false
        },
        "oracle": {
          "any": false,
          "deep": false,
          "shallow": false
        },
        "pass": true
      },
      "fields": {
        "RQCCUTEN": {
          "max_abs": 0.0,
          "max_rel": 0.0,
          "pass": true
        },
        "RQICUTEN": {
          "max_abs": 0.0,
          "max_rel": 0.0,
          "pass": true
        },
        "RQVCUTEN": {
          "max_abs": 0.0,
          "max_rel": 0.0,
          "pass": true
        },
        "RTHCUTEN": {
          "max_abs": 0.0,
          "max_rel": 0.0,
          "pass": true
        }
      },
      "ktop_deep": {
        "jax": 0,
        "oracle": 0,
        "pass": true
      },
      "raincv": {
        "jax": 0.0,
        "max_abs": 0.0,
        "max_rel": 0.0,
        "oracle": 0.0,
        "pass": true,
        "tolerance_abs": 0.0001,
        "tolerance_rel": 0.05
      },
      "regime": "stable_nontriggering",
      "shallow": {
        "levels": {
          "K22_SHALLOW": {
            "jax": 0,
            "oracle": 0,
            "pass": true
          },
          "KBCON_SHALLOW": {
            "jax": 0,
            "oracle": 0,
            "pass": true
          },
          "KTOP_SHALLOW": {
            "jax": 0,
            "oracle": 0,
            "pass": true
          }
        },
        "xmb": {
          "jax": 0.0,
          "max_abs": 0.0,
          "max_rel": 0.0,
          "oracle": 0.0,
          "pass": true,
          "tolerance_abs": 1e-05,
          "tolerance_rel": 0.05
        }
      },
      "vmap_vs_single": {
        "pass": true,
        "raincv_abs": 0.0,
        "rthcuten_abs": 0.0
      }
    },
    {
      "case": 4,
      "categorical": {
        "jax": {
          "any": true,
          "deep": true,
          "shallow": true
        },
        "oracle": {
          "any": true,
          "deep": true,
          "shallow": true
        },
        "pass": true
      },
      "fields": {
        "RQCCUTEN": {
          "max_abs": 3.5285334548118046e-12,
          "max_rel": 3.884644708937809e-05,
          "pass": true
        },
        "RQICUTEN": {
          "max_abs": 7.1441204335540915e-12,
          "max_rel": 3.732512543206978e-05,
          "pass": true
        },
        "RQVCUTEN": {
          "max_abs": 4.4468124095541873e-11,
          "max_rel": 9.973246881461399e-05,
          "pass": true
        },
        "RTHCUTEN": {
          "max_abs": 7.734408725827181e-08,
          "max_rel": 3.1346786168516417e-05,
          "pass": true
        }
      },
      "ktop_deep": {
        "jax": 26,
        "oracle": 26,
        "pass": true
      },
      "raincv": {
        "jax": 0.07087031847769082,
        "max_abs": 2.377694190147661e-06,
        "max_rel": 3.355105515781024e-05,
        "oracle": 0.07086794078350067,
        "pass": true,
        "tolerance_abs": 0.0001,
        "tolerance_rel": 0.05
      },
      "regime": "scale_aware_coarse_15km",
      "shallow": {
        "levels": {
          "K22_SHALLOW": {
            "jax": 2,
            "oracle": 2,
            "pass": true
          },
          "KBCON_SHALLOW": {
            "jax": 3,
            "oracle": 3,
            "pass": true
          },
          "KTOP_SHALLOW": {
            "jax": 8,
            "oracle": 8,
            "pass": true
          }
        },
        "xmb": {
          "jax": 0.037721701696446994,
          "max_abs": 4.778817364117782e-06,
          "max_rel": 0.00012667010807881554,
          "oracle": 0.03772648051381111,
          "pass": true,
          "tolerance_abs": 1e-05,
          "tolerance_rel": 0.05
        }
      },
      "vmap_vs_single": {
        "pass": true,
        "raincv_abs": 2.7755575615628914e-16,