{
  "cases": [
    {
      "case": 1,
      "categorical": {
        "jax": {
          "any": true,
          "deep": true,
          "shallow": true
        },
        "oracle": {
          "any": true,
          "deep": true,
          "shallow": true
        },
        "pass": true
      },
      "fields": {
        "RQCCUTEN": {
          "max_abs": 8.914571416867758e-13,
          "max_rel": 9.817514107910863e-06,
          "pass": true
        },
        "RQICUTEN": {
          "max_abs": 8.718386708094143e-13,
          "max_rel": 4.556513881235435e-06,
          "pass": true
        },
        "RQVCUTEN": {
          "max_abs": 4.0510909934476975e-11,
          "max_rel": 9.089142270135744e-05,
          "pass": true
        },
        "RTHCUTEN": {
          "max_abs": 4.458504503004196e-08,
          "max_rel": 1.8069873501816136e-05,
          "pass": true
        }
      },
      "ktop_deep": {
        "jax": 26,
        "oracle": 26,
        "pass": true
      },
      "qv_sink_mm": 0.054629903658794964,
      "raincv": {
        "jax": 0.04250855506027182,
        "max_abs": 1.1413728753795205e-07,
        "max_rel": 2.6850355396330605e-06,
        "oracle": 0.04250866919755936,
        "pass": true,
        "tolerance_abs": 0.0001,
        "tolerance_rel": 0.05
      },
      "regime": "deep_convective",
      "scale_factor": 0.467017769579699,
      "scale_normalized": 1.0,
      "shallow": {
        "levels": {
          "K22_SHALLOW": {
            "jax": 2,
            "oracle": 2,
            "pass": true
          },
          "KBCON_SHALLOW": {
            "jax": 3,
            "oracle": 3,
            "pass": true
          },
          "KTOP_SHALLOW": {
            "jax": 8,
            "oracle": 8,
            "pass": true
          }
        },
        "xmb": {
          "jax": 0.037721683712212024,
          "max_abs": 4.796801599087075e-06,
          "max_rel": 0.00012714680865422991,
          "oracle": 0.03772648051381111,
          "pass": true,
          "tolerance_abs": 1e-05,
          "tolerance_rel": 0.05
        }
      }
    },
    {
      "case": 2,
      "categorical": {
        "jax": {
          "any": true,
          "deep": false,
          "shallow": true
        },
        "oracle": {
          "any": true,
          "deep": false,
          "shallow": true
        },
        "pass": true
      },
      "fields": {
        "RQCCUTEN": {
          "max_abs": 0.0,
          "max_rel": 0.0,
          "pass": true
        },
        "RQICUTEN": {
          "max_abs": 0.0,
          "max_rel": 0.0,
          "pass": true
        },
        "RQVCUTEN": {
          "max_abs": 1.4434213196050792e-11,
          "max_rel": 0.0001706465516193604,
          "pass": true
        },
        "RTHCUTEN": {
          "max_abs": 2.962310911385941e-09,
          "max_rel": 0.001515053475197743,
          "pass": true
        }
      },
      "ktop_deep": {
        "jax": 0,
        "oracle": 0,
        "pass": true
      },
      "qv_sink_mm": -7.552684289725519e-05,
      "raincv": {
        "jax": 0.0,
        "max_abs": 0.0,
        "max_rel": 0.0,
        "oracle": 0.0,
        "pass": true,
        "tolerance_abs": 0.0001,
        "tolerance_rel": 0.05
      },
      "regime": "shallow_convective",
      "scale_factor": 0.467017769579699,
      "scale_normalized": 1.0,
      "shallow": {
        "levels": {
          "K22_SHALLOW": {
            "jax": 2,
            "oracle": 2,
            "pass": true
          },
          "KBCON_SHALLOW": {
            "jax": 3,
            "oracle": 3,
            "pass": true
          },
          "KTOP_SHALLOW": {
            "jax": 4,
            "oracle": 4,
            "pass": true
          }
        },
        "xmb": {
          "jax": 0.03683206732243156,
          "max_abs": 6.371039451606719e-06,
          "max_rel": 0.00017294542697550533,
          "oracle": 0.03683843836188316,
          "pass": true,
          "tolerance_abs": 1e-05,
          "tolerance_rel": 0.05
        }
      }
    },
    {
      "case": 3,
      "categorical": {
        "jax": {
          "any": false,
          "deep": false,
          "shallow": false
        },
        "oracle": {
          "any": false,
          "deep": false,
          "shallow": false
        },
        "pass": true
      },
      "fields": {
        "RQCCUTEN": {
          "max_abs": 0.0,
          "max_rel": 0.0,
          "pass": true
        },
        "RQICUTEN": {
          "max_abs": 0.0,
          "max_rel": 0.0,
          "pass": true
        },
        "RQVCUTEN": {
          "max_abs": 0.0,
          "max_rel": 0.0,
          "pass": true
        },
        "RTHCUTEN": {
          "max_abs": 0.0,
          "max_rel": 0.0,
          "pass": true
        }
      },
      "ktop_deep": {
        "jax": 0,
        "oracle": 0,
        "pass": true
      },
      "qv_sink_mm": -0.0,
      "raincv": {
        "jax": 0.0,
        "max_abs": 0.0,
        "max_rel": 0.0,
        "oracle": 0.0,
        "pass": true,
        "tolerance_abs": 0.0001,
        "tolerance_rel": 0.05
      },
      "regime": "stable_nontriggering",
      "scale_factor": 0.467017769579699,
      "scale_normalized": 1.0,
      "shallow": {
        "levels": {
          "K22_SHALLOW": {
            "jax": 0,
            "oracle": 0,
            "pass": true
          },
          "KBCON_SHALLOW": {
            "jax": 0,
            "oracle": 0,
            "pass": true
          },
          "KTOP_SHALLOW": {
            "jax": 0,
            "oracle": 0,
            "pass": true
          }
        },
        "xmb": {
          "jax": 0.0,
          "max_abs": 0.0,
          "max_rel": 0.0,
          "oracle": 0.0,
          "pass": true,
          "tolerance_abs": 1e-05,
          "tolerance_rel": 0.05
        }
      }
    },
    {
      "case": 4,
      "categorical": {
        "jax": {
          "any": true,
          "deep": true,
          "shallow": true
        },
        "oracle": {
          "any": true,
          "deep": true,
          "shallow": true
        },
        "pass": true
      },
      "fields": {
        "RQCCUTEN": {
          "max_abs": 3.5285334562676425e-12,
          "max_rel": 3.884644710540575e-05,
          "pass": true
        },
        "RQICUTEN": {
          "max_abs": 7.144120439403913e-12,
          "max_rel": 3.732512546263272e-05,
          "pass": true
        },
        "RQVCUTEN": {
          "max_abs": 4.4468124100200555e-11,
          "max_rel": 9.97324688250624e-05,
          "pass": true
        },
        "RTHCUTEN": {
          "max_abs": 7.734408734175538e-08,
          "max_rel": 3.134678620235147e-05,
          "pass": true
        }
      },
      "ktop_deep": {
        "jax": 26,
        "oracle": 26,
        "pass": true
      },
      "qv_sink_mm": 0.09107887717805117,
      "raincv": {
        "jax": 0.07087031847769272,
        "max_abs": 2.377694192048918e-06,
        "max_rel": 3.355105518463841e-05,
        "oracle": 0.07086794078350067,
        "pass": true,
        "tolerance_abs": 0.0001,
        "tolerance_rel": 0.05
      },
      "regime": "scale_aware_coarse_15km",
      "scale_factor": 0.7850302250565335,
      "scale_normalized": 1.0,
      "shallow": {
        "levels": {
          "K22_SHALLOW": {
            "jax": 2,
            "oracle": 2,
            "pass": true
          },
          "KBCON_SHALLOW": {
            "jax": 3,
            "oracle": 3,
            "pass": true
          },
          "KTOP_SHALLOW": {
            "jax": 8,
            "oracle": 8,
            "pass": true
          }
        },
        "xmb": {
          "jax": 0.03772170169644711,
          "max_abs": 4.778817363999821e-06,
          "max_rel": 0.0001266701080756888,
          "oracle": 0.03772648051381111,
          "pass": true,
          "tolerance_abs": 1e-05,
          "tolerance_rel": 0.05
        }
      }
    },
    {
      "case": 5,