{
  "acm2": {
    "cases": [
      {
        "case": 1,
        "fields": {
          "EXCH_H": {
            "max_abs": 0.0,
            "max_rel": 0.0
          },
          "EXCH_M": {
            "max_abs": 0.0,
            "max_rel": 0.0
          },
          "PBLH": {
            "max_abs": 0.0,
            "max_rel": 0.0
          },
          "RMOL": {
            "max_abs": 0.0,
            "max_rel": 0.0
          },
          "RQVBLTEN": {
            "max_abs": 2.922263668027336e-20,
            "max_rel": 1.6917325027665859e-09
          },
          "RTHBLTEN": {
            "max_abs": 1.894780628666028e-15,
            "max_rel": 4.965514501712845e-06
          },
          "RUBLTEN": {
            "max_abs": 2.9605947316444336e-17,
            "max_rel": 1.0132678300607681e-07
          },
          "RVBLTEN": {
            "max_abs": 7.401486829111084e-18,
            "max_rel": 1.0132678300607681e-07
          }
        },
        "kpbl_host": 10,
        "kpbl_match": true,
        "kpbl_trace": 10,
        "noconv_host": 1,
        "noconv_match": true,
        "noconv_trace": 1,
        "pass": true,
        "worst_abs": 1.894780628666028e-15,
        "worst_rel": 4.965514501712845e-06
      },
      {
        "case": 2,
        "fields": {
          "EXCH_H": {
            "max_abs": 0.0,
            "max_rel": 0.0
          },
          "EXCH_M": {
            "max_abs": 0.0,
            "max_rel": 0.0
          },
          "PBLH": {
            "max_abs": 0.0,
            "max_rel": 0.0
          },
          "RMOL": {
            "max_abs": 0.0,
            "max_rel": 0.0
          },
          "RQVBLTEN": {
            "max_abs": 1.0122043719688889e-19,
            "max_rel": 9.667767501857885e-10
          },
          "RTHBLTEN": {
            "max_abs": 1.894805926744292e-15,
            "max_rel": 5.514396711284017e-06
          },
          "RUBLTEN": {
            "max_abs": 5.921189468458746e-17,
            "max_rel": 1.8554345581128031e-07
          },
          "RVBLTEN": {
            "max_abs": 1.4802973671146865e-17,
            "max_rel": 1.8554345581128031e-07
          }
        },
        "kpbl_host": 13,
        "kpbl_match": true,
        "kpbl_trace": 13,
        "noconv_host": 1,
        "noconv_match": true,
        "noconv_trace": 1,
        "pass": true,
        "worst_abs": 1.894805926744292e-15,
        "worst_rel": 5.514396711284017e-06
      },
      {
        "case": 3,
        "fields": {
          "EXCH_H": {
            "max_abs": 0.0,
            "max_rel": 0.0
          },
          "EXCH_M": {
            "max_abs": 0.0,
            "max_rel": 0.0
          },
          "PBLH": {
            "max_abs": 0.0,
            "max_rel": 0.0
          },
          "RMOL": {
            "max_abs": 0.0,
            "max_rel": 0.0
          },
          "RQVBLTEN": {
            "max_abs": 1.4456028912620488e-20,
            "max_rel": 1.0583490215316766e-08
          },
          "RTHBLTEN": {
            "max_abs": 1.8947806216349926e-15,
            "max_rel": 6.702165804782318e-07
          },
          "RUBLTEN": {
            "max_abs": 1.1842378967936765e-16,
            "max_rel": 4.107947661818505e-08
          },
          "RVBLTEN": {
            "max_abs": 2.960594741984191e-17,
            "max_rel": 4.107947661818505e-08
          }
        },
        "kpbl_host": 2,
        "kpbl_match": true,
        "kpbl_trace": 2,
        "noconv_host": 0,
        "noconv_match": true,
        "noconv_trace": 0,
        "pass": true,
        "worst_abs": 1.8947806216349926e-15,
        "worst_rel": 6.702165804782318e-07
      },
      {
        "case": 4,
        "fields": {
          "EXCH_H": {
            "max_abs": 0.0,
            "max_rel": 0.0
          },
          "EXCH_M": {
            "max_abs": 0.0,
            "max_rel": 0.0
          },
          "PBLH": {
            "max_abs": 0.0,
            "max_rel": 0.0
          },
          "RMOL": {
            "max_abs": 0.0,
            "max_rel": 0.0
          },
          "RQVBLTEN": {
            "max_abs": 2.8912057825240976e-20,
            "max_rel": 5.209207212703286e-09
          },
          "RTHBLTEN": {
            "max_abs": 1.8947806287177266e-15,
            "max_rel": 1.3173147855399549e-05
          },
          "RUBLTEN": {
            "max_abs": 2.960594732936903e-17,
            "max_rel": 3.368885179309678e-07
          },
          "RVBLTEN": {
            "max_abs": 7.401486832342258e-18,
            "max_rel": 3.368885179309678e-07
          }
        },
        "kpbl_host": 2,
        "kpbl_match": true,
        "kpbl_trace": 2,
        "noconv_host": 0,
        "noconv_match": true,
        "noconv_trace": 0,
        "pass": true,
        "worst_abs": 1.8947806287177266e-15,
        "worst_rel": 1.3173147855399549e-05
      },
      {
        "case": 5,
        "fields": {
          "EXCH_H": {
            "max_abs": 0.0,
            "max_rel": 0.0
          },
          "EXCH_M": {
            "max_abs": 0.0,
            "max_rel": 0.0
          },
          "PBLH": {
            "max_abs": 0.0,
            "max_rel": 0.0
          },
          "RMOL": {
            "max_abs": 0.0,
            "max_rel": 0.0
          },
          "RQVBLTEN": {
            "max_abs": 2.8904999325053e-20,
            "max_rel": 7.963270917318514e-10
          },
          "RTHBLTEN": {
            "max_abs": 1.894780628666028e-15,
            "max_rel": 4.937540117441604e-06
          },
          "RUBLTEN": {
            "max_abs": 1.1842378936917492e-16,
            "max_rel": 2.173471025114717e-07
          },
          "RVBLTEN": {
            "max_abs": 2.960594734229373e-17,
            "max_rel": 2.173471025114717e-07
          }
        },
        "kpbl_host": 5,
        "kpbl_match": true,
        "kpbl_trace": 5,
        "noconv_host": 0,
        "noconv_match": true,
        "noconv_trace": 0,
        "pass": true,
        "worst_abs": 1.894780628666028e-15,
        "worst_rel": 4.937540117441604e-06
      },
      {
        "case": 6,
        "fields": {
          "EXCH_H": {
            "max_abs": 0.0,
            "max_rel": 0.0
          },
          "EXCH_M": {
            "max_abs": 0.0,
            "max_rel": 0.0
          },
          "PBLH": {
            "max_abs": 0.0,
            "max_rel": 0.0
          },
          "RMOL": {
            "max_abs": 0.0,
            "max_rel": 0.0
          },
          "RQVBLTEN": {
            "max_abs": 1.4399560103323106e-20,
            "max_rel": 6.566645290847363e-10
          },
          "RTHBLTEN": {
            "max_abs": 1.894780628666028e-15,
            "max_rel": 7.622096457519755e-06
          },
          "RUBLTEN": {
            "max_abs": 2.960594734229373e-17,
            "max_rel": 2.1249631313949052e-07
          },
          "RVBLTEN": {
            "max_abs": 7.401486835573433e-18,
            "max_rel": 2.1249631313949052e-07
          }
        },
        "kpbl_host": 7,
        "kpbl_match": true,
        "kpbl_trace": 7,
        "noconv_host": 1,
        "noconv_match": true,
        "noconv_trace": 1,
        "pass": true,
        "worst_abs": 1.894780628666028e-15,
        "worst_rel": 7.622096457519755e-06
      }
    ],
    "verdict": "PASS",
    "worst_abs": 1.894805926744292e-15
  },
  "all_pass": true,
  "method": "run _ysu_numpy/_acm2_numpy (host reference) AND _ysu_column_traceable/_acm2_column_traceable on identical savepoint inputs; report worst per-field abs/rel diff. No clamp/mask/loosened tol.",
  "objective": "traceable GPU-op kernel == host-NumPy reference (which == WRF within the savepoint tolerances) -> traceable inherits WRF parity.",
  "predeclared_trace_tol": {
    "abs": 1e-10,
    "kpbl": "exact",
    "noconv(acm2)": "exact",
    "rel": 1e-09
  },
  "proof": "v060-pbl-trace-vs-host",
  "ysu": {
    "cases": [
      {
        "case": 1,
        "fields": {
          "DELTA": {
            "max_abs": 0.0,