{
  "cases": [
    {
      "case": 1,
      "fields": {
        "RQCCUTEN": {
          "max_abs": 2.4742217242866836e-11,
          "max_rel": 0.0006598507616796719,
          "pass": true
        },
        "RQICUTEN": {
          "max_abs": 1.7235627415476417e-10,
          "max_rel": 0.00045860920342935253,
          "pass": true
        },
        "RQVCUTEN": {
          "max_abs": 1.551880140732037e-09,
          "max_rel": 0.0008180258286396632,
          "pass": true
        },
        "RTHCUTEN": {
          "max_abs": 8.159249181431336e-06,
          "max_rel": 0.0013045384121770523,
          "pass": true
        },
        "RUCUTEN": {
          "max_abs": 1.3585661237172642e-06,
          "max_rel": 0.0002901306633220231,
          "pass": true
        },
        "RVCUTEN": {
          "max_abs": 1.0314146642077804e-06,
          "max_rel": 0.00028049325535899126,
          "pass": true
        }
      },
      "ktype": {
        "jax": 1,
        "oracle": 1,
        "pass": true
      },
      "pass": true,
      "rainc_acc": {
        "jax": 0.377260659864438,
        "max_abs": 0.00015982515524576302,
        "oracle": 0.3774204850196838,
        "pass": true,
        "tolerance": 0.0003774204850196838
      },
      "regime": "deep"
    },
    {
      "case": 2,
      "fields": {
        "RQCCUTEN": {
          "max_abs": 2.6990872552121515e-15,
          "max_rel": 1.170018100497903e-05,
          "pass": true
        },
        "RQICUTEN": {
          "max_abs": 0.0,
          "max_rel": 0.0,
          "pass": true
        },
        "RQVCUTEN": {
          "max_abs": 5.018206053888294e-12,
          "max_rel": 0.00038507929116960495,
          "pass": true
        },
        "RTHCUTEN": {
          "max_abs": 4.709168521111127e-08,
          "max_rel": 0.004233579947631926,
          "pass": true
        },
        "RUCUTEN": {
          "max_abs": 3.360949502246227e-11,
          "max_rel": 0.00011264958365334646,
          "pass": true
        },
        "RVCUTEN": {
          "max_abs": 1.7911495003284956e-10,
          "max_rel": 0.00015242598950209103,
          "pass": true
        }
      },
      "ktype": {
        "jax": 2,
        "oracle": 2,
        "pass": true
      },
      "pass": true,
      "rainc_acc": {
        "jax": 0.0,
        "max_abs": 0.0,
        "oracle": 0.0,
        "pass": true,
        "tolerance": 0.0002
      },
      "regime": "shallow"
    },
    {
      "case": 3,
      "fields": {
        "RQCCUTEN": {
          "max_abs": 4.089741532639668e-11,
          "max_rel": 0.0005482337764404391,
          "pass": true
        },
        "RQICUTEN": {
          "max_abs": 7.214588068498274e-11,
          "max_rel": 0.0004037963024681961,
          "pass": true
        },
        "RQVCUTEN": {
          "max_abs": 1.9287610142640052e-09,
          "max_rel": 0.0006714349821951718,
          "pass": true
        },
        "RTHCUTEN": {
          "max_abs": 1.9619290118254307e-05,
          "max_rel": 0.0011873750743817983,
          "pass": true
        },
        "RUCUTEN": {
          "max_abs": 4.6243018881773814e-07,
          "max_rel": 5.053630154436356e-05,
          "pass": true
        },
        "RVCUTEN": {
          "max_abs": 1.7015173270394993e-07,
          "max_rel": 4.852108034478823e-05,
          "pass": true
        }
      },
      "ktype": {
        "jax": 1,
        "oracle": 1,
        "pass": true
      },
      "pass": true,
      "rainc_acc": {
        "jax": 0.5476412914667764,
        "max_abs": 0.0001768924321493559,
        "oracle": 0.5478181838989258,
        "pass": true,
        "tolerance": 0.0005478181838989258
      },
      "regime": "deep"
    },
    {
      "case": 4,
      "fields": {
        "RQCCUTEN": {
          "max_abs": 0.0,
          "max_rel": 0.0,
          "pass": true
        },
        "RQICUTEN": {
          "max_abs": 0.0,
          "max_rel": 0.0,
          "pass": true
        },
        "RQVCUTEN": {
          "max_abs": 3.44934280790965e-12,
          "max_rel": 0.0344934280790965,
          "pass": true
        },
        "RTHCUTEN": {
          "max_abs": 0.0,
          "max_rel": 0.0,
          "pass": true
        },
        "RUCUTEN": {
          "max_abs": 0.0,
          "max_rel": 0.0,
          "pass": true
        },
        "RVCUTEN": {
          "max_abs": 0.0,
          "max_rel": 0.0,
          "pass": true
        }
      },
      "ktype": {
        "jax": 0,
        "oracle": 0,
        "pass": true
      },
      "pass": true,
      "rainc_acc": {
        "jax": 0.0,
        "max_abs": 0.0,
        "oracle": 0.0,
        "pass": true,
        "tolerance": 0.0002
      },
      "regime": "non_triggering"
    },
    {
      "case": 5,
      "fields": {
        "RQCCUTEN": {
          "max_abs": 0.0,
          "max_rel": 0.0,
          "pass": true
        },
        "RQICUTEN": {
          "max_abs": 0.0,
          "max_rel": 0.0,
          "pass": true
        },
        "RQVCUTEN": {
          "max_abs": 8.623357035836379e-13,
          "max_rel": 0.008623357035836379,
          "pass": true
        },
        "RTHCUTEN": {
          "max_abs": 0.0,
          "max_rel": 0.0,
          "pass": true
        },
        "RUCUTEN": {
          "max_abs": 0.0,
          "max_rel": 0.0,
          "pass": true
        },
        "RVCUTEN": {
          "max_abs": 0.0,
          "max_rel": 0.0,
          "pass": true
        }
      },
      "ktype": {
        "jax": 0,
        "oracle": 0,
        "pass": true
      },
      "pass": true,
      "rainc_acc": {
        "jax": 0.0,
        "max_abs": 0.0,
        "oracle": 0.0,
        "pass": true,
        "tolerance": 0.0002
      },
      "regime": "non_triggering"
    }
  ],
  "created_utc": "2026-06-03T00:43:35.724995+00:00",
  "elapsed_seconds": 0.028857549012172967,
  "failures": [],
  "files": {
    "proofs/v060/savepoints/tiedtke_case_1.json": "fcf0c8562b3c0306b8a53b3df51f5cd9f459057fdf8ab1e63186afe7e96057ac",
    "proofs/v060/savepoints/tiedtke_case_2.json": "5bd61d474c37878a3f1d0a79f105e60b7d766055b700a959c716e10cc3752ffc",
    "proofs/v060/savepoints/tiedtke_case_3.json": "3fb639f542410fc88ba2aa87a010809fe699fdb8df07d4cdf806412d1e97e41f",
    "proofs/v060/savepoints/tiedtke_case_4.json": "69351450ca8629402460790ce33453847d159a99e8970dfb28e2cc15a28be751",
    "proofs/v060/savepoints/tiedtke_case_5.json": "3e613818ce1a7b52043d6db5043fa01dc3f070bcb9242e30e269a943d410cea9"
  },
  "implementation": {
    "gpu_performance_claim": false,
    "jit_vmap_native_kernel": false,
    "module": "src/gpuwrf/physics/cumulus_tiedtke.py",
    "path": "CPU Python/JAX single-column transcription returning PhysicsStepResult"
  },
  "known_limitations": [
    "The oracle is real WRF source at module level, not full wrf.exe.",
    "The implementation is not yet a jit/vmap GPU-resident production kernel.",
    "cu_physics=16 New Tiedtke is interface-compatible but not separately gated by a distinct WRF source path in this report."
  ],
  "oracle": {
    "full_wrf_exe": false,
    "full_wrf_exe_note": "module-level WRF oracle, not a full real.exe/wrf.exe integration run",
    "generation_command": "taskset -c 0-3 proofs/v060/oracle/build_and_run.sh",
    "source": "single-column Fortran driver linked against pristine WRF sources",
    "unmodified_wrf_module": true,
    "wrf_constants_sha256": "5b80377fecdc18a5f0ad38d3b6c15cfc86ad5d76701adbbbb08a08698d0f7062",
    "wrf_constants_source": "~/src/wrf_pristine/WRF/share/module_model_constants.F",
    "wrf_tiedtke_sha256": "3514aaaaf6084edc0f6a6b2097e34607562f0b6f12934cc3c675a9e651566999",
    "wrf_tiedtke_source": "~/src/wrf_pristine/WRF/phys/module_cu_tiedtke.F"
  },
  "platform": "cpu",
  "predeclared_tolerances": {
    "categorical": "exact KTYPE",
    "momentum_abs_floor": 1e-10,
    "momentum_max_relative": 0.005,
    "raincv_abs": 0.0002,
    "raincv_max_relative": 0.001,
    "tendency_abs_floor": 1e-10,
    "tendency_max_relative": 0.005
  },