{
  "cases": [
    {
      "case": 1,
      "diagnostics": {
        "delta": {
          "abs_tolerance": 0.0002,
          "jax": 34.35402963948065,
          "max_abs": 4.099201971285993e-05,
          "max_rel": 1.1932244646616777e-06,
          "oracle": 34.35398864746094,
          "pass": true,
          "rel_tolerance": 0.002
        },
        "wstar": {
          "abs_tolerance": 0.0002,
          "jax": 2.35174889092966,
          "max_abs": 1.7213292511364386e-06,
          "max_rel": 7.319352835133577e-07,
          "oracle": 2.351750612258911,
          "pass": true,
          "rel_tolerance": 0.002
        }
      },
      "fields": {
        "EXCH_H": {
          "abs_tolerance": 0.0002,
          "max_abs": 0.0013344847570380125,
          "max_rel": 3.921078125179032e-06,
          "pass": true,
          "rel_tolerance": 0.002,
          "scale": 340.336181640625
        },
        "EXCH_M": {
          "abs_tolerance": 0.0002,
          "max_abs": 0.0010913603228459579,
          "max_rel": 5.010730323326898e-06,
          "pass": true,
          "rel_tolerance": 0.002,
          "scale": 217.8046417236328
        },
        "RQVBLTEN": {
          "abs_tolerance": 2e-06,
          "max_abs": 8.654816663691833e-12,
          "max_rel": 3.3277666601268147e-06,
          "pass": true,
          "rel_tolerance": 0.002,
          "scale": 2.60078832070576e-06
        },
        "RTHBLTEN": {
          "abs_tolerance": 2e-06,
          "max_abs": 1.445810966060456e-07,
          "max_rel": 0.000150760006397956,
          "pass": true,
          "rel_tolerance": 0.002,
          "scale": 0.0009590149275027215
        },
        "RUBLTEN": {
          "abs_tolerance": 2e-06,
          "max_abs": 3.077817520846792e-08,
          "max_rel": 4.401948672145359e-05,
          "pass": true,
          "rel_tolerance": 0.002,
          "scale": 0.0006991943228058517
        },
        "RVBLTEN": {
          "abs_tolerance": 2e-06,
          "max_abs": 7.694543802116984e-09,
          "max_rel": 4.4019486721453614e-05,
          "pass": true,
          "rel_tolerance": 0.002,
          "scale": 0.0001747985807014629
        }
      },
      "kpbl": {
        "jax": 6,
        "oracle": 6,
        "pass": true
      },
      "pass": true,
      "pblh": {
        "abs_tolerance": 0.02,
        "jax": 1403.7362518747643,
        "max_abs": 0.003097577889320746,
        "max_rel": 2.206671460198083e-06,
        "oracle": 1403.733154296875,
        "pass": true,
        "rel_tolerance": 2e-05
      },
      "regime": "unstable_daytime",
      "surface_inputs": {
        "br": -0.07999999821186066,
        "hfx": 350.0,
        "qfx": 0.000119999996968545,
        "ust": 0.550000011920929,
        "xland": 1.0
      }
    },
    {
      "case": 2,
      "diagnostics": {
        "delta": {
          "abs_tolerance": 0.0002,
          "jax": 45.330903432039165,
          "max_abs": 0.00018558773622601166,
          "max_rel": 4.094049806415421e-06,
          "oracle": 45.33108901977539,
          "pass": true,
          "rel_tolerance": 0.002
        },
        "wstar": {
          "abs_tolerance": 0.0002,
          "jax": 3.0643836617234186,
          "max_abs": 7.474446015454106e-06,
          "max_rel": 2.43912923752852e-06,
          "oracle": 3.064391136169434,
          "pass": true,
          "rel_tolerance": 0.002
        }
      },
      "fields": {
        "EXCH_H": {
          "abs_tolerance": 0.0002,
          "max_abs": 0.0076365028418194925,
          "max_rel": 1.1996981737969053e-05,
          "pass": true,
          "rel_tolerance": 0.002,
          "scale": 636.5353393554688
        },
        "EXCH_M": {
          "abs_tolerance": 0.0002,
          "max_abs": 0.005141611350836683,
          "max_rel": 1.3275564414827225e-05,
          "pass": true,
          "rel_tolerance": 0.002,
          "scale": 387.2988891601562
        },
        "RQVBLTEN": {
          "abs_tolerance": 2e-06,
          "max_abs": 4.1519838869187635e-11,
          "max_rel": 9.716998151610209e-06,
          "pass": true,
          "rel_tolerance": 0.002,
          "scale": 4.272907972335815e-06
        },
        "RTHBLTEN": {
          "abs_tolerance": 2e-06,
          "max_abs": 1.687732070839061e-07,
          "max_rel": 0.00012174705730727362,
          "pass": true,
          "rel_tolerance": 0.002,
          "scale": 0.001386261079460382
        },
        "RUBLTEN": {
          "abs_tolerance": 2e-06,
          "max_abs": 2.4726120055144437e-08,
          "max_rel": 1.9417982250990503e-05,
          "pass": true,
          "rel_tolerance": 0.002,
          "scale": 0.001273361966013908
        },
        "RVBLTEN": {
          "abs_tolerance": 2e-06,
          "max_abs": 6.1815300137861125e-09,
          "max_rel": 1.9417982250990506e-05,
          "pass": true,
          "rel_tolerance": 0.002,
          "scale": 0.0003183404915034771
        }
      },
      "kpbl": {
        "jax": 8,
        "oracle": 8,
        "pass": true
      },
      "pass": true,
      "pblh": {
        "abs_tolerance": 0.02,
        "jax": 1853.893265614311,
        "max_abs": 0.009810557563923794,
        "max_rel": 5.2918395195619485e-06,
        "oracle": 1853.903076171875,
        "pass": true,
        "rel_tolerance": 2e-05
      },
      "regime": "strong_unstable",
      "surface_inputs": {
        "br": -0.1800000071525574,
        "hfx": 600.0,
        "qfx": 9.000000136438757e-05,
        "ust": 0.800000011920929,
        "xland": 1.0
      }
    },
    {
      "case": 3,
      "diagnostics": {
        "delta": {
          "abs_tolerance": 0.0002,
          "jax": 0.0,
          "max_abs": 0.0,
          "max_rel": 0.0,
          "oracle": 0.0,
          "pass": true,
          "rel_tolerance": 0.002
        },
        "wstar": {
          "abs_tolerance": 0.0002,
          "jax": 0.0,
          "max_abs": 0.0,
          "max_rel": 0.0,
          "oracle": 0.0,
          "pass": true,
          "rel_tolerance": 0.002
        }
      },
      "fields": {
        "EXCH_H": {
          "abs_tolerance": 0.0002,
          "max_abs": 4.673240099062337e-07,
          "max_rel": 1.4121227464775357e-05,
          "pass": true,
          "rel_tolerance": 0.002,
          "scale": 0.03309372439980507
        },
        "EXCH_M": {
          "abs_tolerance": 0.0002,
          "max_abs": 1.8594612732625304e-06,
          "max_rel": 9.66582061081214e-06,
          "pass": true,
          "rel_tolerance": 0.002,
          "scale": 0.1923748999834061
        },
        "RQVBLTEN": {
          "abs_tolerance": 2e-06,
          "max_abs": 2.0541617885838675e-12,
          "max_rel": 0.009452739751790968,
          "pass": true,
          "rel_tolerance": 0.002,
          "scale": 2.173086155465853e-10
        },
        "RTHBLTEN": {
          "abs_tolerance": 2e-06,
          "max_abs": 9.670443622175054e-08,
          "max_rel": 0.0003896078660774395,
          "pass": true,
          "rel_tolerance": 0.002,
          "scale": 0.0002482096606399864
        },
        "RUBLTEN": {
          "abs_tolerance": 2e-06,
          "max_abs": 4.6983214711341684e-08,
          "max_rel": 0.00015635074361006378,
          "pass": true,
          "rel_tolerance": 0.002,
          "scale": 0.0003004988247994334
        },
        "RVBLTEN": {
          "abs_tolerance": 2e-06,
          "max_abs": 1.1745803677835421e-08,
          "max_rel": 0.0001563507436100638,
          "pass": true,
          "rel_tolerance": 0.002,
          "scale": 7.512470619985834e-05
        }
      },
      "kpbl": {
        "jax": 1,
        "oracle": 1,
        "pass": true
      },
      "pass": true,
      "pblh": {
        "abs_tolerance": 0.02,
        "jax": 183.84647453108536,
        "max_abs": 0.00019157210095954724,
        "max_rel": 1.042023248314933e-06,
        "oracle": 183.8462829589844,
        "pass": true,
        "rel_tolerance": 2e-05
      },
      "regime": "stable_nocturnal",