{
  "columns": {
    "acflxd": [
      0.0,
      4.983757661378578,
      7.390458754767018,
      8.982952331204169,
      10.27818987758346,
      11.42076334037009,
      12.42250096856075,
      13.62172240660806,
      16.15301055374487,
      20.6713491030914,
      26.99217210207501,
      34.86470085192147,
      43.75188577551977,
      53.19547822429436,
      63.26817778626055,
      73.72024776621933,
      84.41954601838395,
      95.42307049233449,
      106.6708177290505,
      118.0547029308882,
      129.5215087388246,
      141.0383323762922,
      152.6071435721041,
      164.2927107661415,
      176.1891163390482,
      188.3429664585742,
      200.7149784553932,
      213.2227246105963,
      225.8037676881415,
      238.4829840441701,
      251.3303550088671,
      264.4362977146917,
      277.8704686168999,
      291.6624347118824,
      305.8054581601972,
      320.2713616860984,
      335.0224512183901,
      350.0168274165843,
      365.2065679255104,
      380.5309172923623,
      394.0606521758812
    ],
    "acflxu": [
      -279.8300862446108,
      -280.8677918238436,
      -282.3250876853204,
      -283.8858028889531,
      -285.5013595449444,
      -287.1006245554954,
      -289.0709674173265,
      -291.479764860049,
      -294.2886576789974,
      -297.2403316774143,
      -300.3587545158581,
      -303.6760182516771,
      -307.2100280579974,
      -310.9663973289821,
      -314.9363607935301,
      -319.109620726251,
      -323.4755264491268,
      -328.0217041447731,
      -332.7360748063803,
      -337.6080948252225,
      -342.6277343804244,
      -347.7855540862334,
      -353.0730360449611,
      -358.4833446698958,
      -364.0115240252231,
      -369.6536054028971,
      -375.4073206783851,
      -381.2771105511582,
      -387.2447622143313,
      -393.3037139749679,
      -399.4457069731891,
      -405.6602601939152,
      -411.9340056225745,
      -418.249771778491,
      -424.5849998585212,
      -430.9091509990781,
      -437.1791597773588,
      -443.3303954662973,
      -449.2549243894058,
      -453.8770403433452,
      -458.1154176114698
    ],
    "emiss": [
      0.98,
      0.98,
      0.98,
      0.98,
      0.98,
      0.98,
      0.98,
      0.98,
      0.98,
      0.98
    ],
    "fcld": [
      0.0,
      0.0,
      0.0,
      0.0,
      0.0,
      0.0,
      0.0,
      0.0,
      0.0,
      0.0,
      0.0,
      0.0,
      0.0,
      0.0,
      0.0,
      0.0,
      0.0,
      0.0,
      0.0,
      0.0,
      0.0,
      0.0,
      0.0,
      0.0,
      0.0,
      0.0,
      0.0,
      0.0,
      0.0,
      0.0,
      0.0,
      0.0,
      0.0,
      0.0,
      0.0,
      0.0,
      0.0,
      0.0,
      0.0,
      0.0
    ],
    "flx": [
      -279.8300862446108,
      -275.884034162465,
      -274.9346289305534,
      -274.9028505577489,
      -275.223169667361,
      -275.6798612151253,
      -276.6484664487658,
      -277.8580424534409,
      -278.1356471252524,
      -276.5689825743229,
      -273.3665824137831,
      -268.8113173997556,
      -263.4581422824776,
      -257.7709191046877,
      -251.6681830072695,
      -245.3893729600316,
      -239.0559804307429,
      -232.5986336524387,
      -226.0652570773299,
      -219.5533918943341,
      -213.1062256415998,
      -206.7472217099414,
      -200.465892472857,
      -194.1906339037542,
      -187.8224076861749,
      -181.310638944323,
      -174.6923422229919,
      -168.0543859405618,
      -161.4409945261898,
      -154.8207299307978,
      -148.115351964322,
      -141.2239624792234,
      -134.0635370056746,
      -126.5873370666086,
      -118.779541698324,
      -110.6377893129798,
      -102.1567085589688,
      -93.31356804971294,
      -84.04835646389543,
      -73.34612305098298,
      -64.05476543558862
    ],
    "oa": [
      5.96576054720766e-06,
      4.569023830868666e-06,
      2.827979579268643e-06,
      1.755291081172392e-06,
      1.12402595977206e-06,
      7.445153173676309e-07,
      5.088629652115858e-07,
      3.57778913047341e-07,
      2.580510632547872e-07,
      1.904952279990792e-07,
      1.436720803763989e-07,
      1.105531506650175e-07,
      8.670041099810094e-08,
      6.92414917364852e-08,
      5.627552234859597e-08,
      4.65190413541871e-08,
      3.908957522722074e-08,
      3.337026870432457e-08,
      2.892340556286521e-08,
      2.543408546858743e-08,
      2.26728863972188e-08,
      2.047070727733022e-08,
      1.870156168082869e-08,
      1.727064566714294e-08,
      1.610595639132346e-08,
      1.515233434041897e-08,
      1.436718115735782e-08,
      1.371734979054139e-08,
      1.317686405343553e-08,
      1.272523113946833e-08,
      1.23461822186674e-08,
      1.202672494404916e-08,
      1.175642520119686e-08,
      1.152685872784081e-08,
      1.133118958472223e-08,
      1.116384404919821e-08,
      1.102025678961927e-08,
      1.089667215286329e-08,
      1.078998773902759e-08,
      1.069763061625079e-08
    ],
    "pl": [
      10.0,
      35.0,
      60.0,
      85.0,
      110.0,
      135.0,
      160.0,
      185.0,
      210.0,
      235.0,
      260.0,
      285.0,
      310.0,
      335.0,
      360.0,
      385.0,
      410.0,
      435.0,
      460.0,
      485.0,
      510.0,
      535.0,
      560.0,
      585.0,
      610.0,
      635.0,
      660.0,
      685.0,
      710.0,
      735.0,
      760.0,
      785.0,
      810.0,
      835.0,
      860.0,
      885.0,
      910.0,
      935.0,
      960.0,
      985.0,
      1010.0
    ],
    "ta": [
      200.0,
      200.0,
      200.0,
      200.0,
      200.0,
      200.0,
      200.0,
      206.8662238564862,
      213.6681239638036,
      219.7449677185242,
      225.2365492638753,
      230.2457645035674,
      234.8505530074034,
      239.1113683292086,
      243.0760467306795,
      246.78309109855,
      250.2639514366007,
      253.5446487626071,
      256.6469569656479,
      259.5892795915123,
      262.3873114326655,
      265.0545453483959,
      267.6026658275938,
      270.0418583703418,
      272.3810554119415,
      274.6281337948421,
      276.7900748107878,
      278.8730950166845,
      280.8827540037796,
      282.8240438271112,
      284.7014637174637,
      286.519082889935,
      288.2805936548039,
      289.9893565738057,
      291.6484390499947,
      293.260648464716,
      294.8285607609452,
      296.3545452038588,
      297.8407859162003,
      299.2893006797892
    ],
    "taucl_b1": [
      0.0,
      0.0,
      0.0,
      0.0,
      0.0,
      0.0,
      0.0,
      0.0,
      0.0,
      0.0,
      0.0,
      0.0,
      0.0,
      0.0,
      0.0,
      0.0,
      0.0,
      0.0,
      0.0,
      0.0,
      0.0,
      0.0,
      0.0,
      0.0,
      0.0,
      0.0,
      0.0,
      0.0,
      0.0,
      0.0,
      0.0,
      0.0,
      0.0,
      0.0,
      0.0,
      0.0,
      0.0,
      0.0,
      0.0,
      0.0
    ],