{
  "columns": {
    "acflxd": [
      0.0,
      4.70882199503822,
      7.054388735711346,
      8.606557203845938,
      9.857094447300272,
      10.95622004105266,
      11.92309550685652,
      12.77170206028454,
      13.52511147322473,
      14.209023241499,
      14.94696681324177,
      16.05381469629327,
      17.73518122348399,
      19.90316932504412,
      22.46645439793957,
      25.38019033803446,
      28.60823256260157,
      32.11978869083396,
      35.84280397385241,
      39.67404723855389,
      43.54695722041762,
      47.45949499661585,
      51.43673956104614,
      55.48190332406848,
      59.56384710612433,
      63.64077597652696,
      67.6867305739996,
      71.69895530524967,
      75.68892272669765,
      79.66953504079827,
      83.6460838921376,
      87.6139674782104,
      91.56221814258737,
      95.47952185524744,
      99.35845032914948,
      103.1964893801956,
      106.9944926529634,
      110.7545457462148,
      114.4785307938355,
      118.1676205368281,
      121.5494297881882
    ],
    "acflxu": [
      -177.3068540085392,
      -177.6478112264443,
      -178.1240357969392,
      -178.6310906448644,
      -179.1488949240855,
      -179.643545743681,
      -180.122047019935,
      -180.5934137206027,
      -181.0763070403672,
      -181.7042199861489,
      -182.5745184696958,
      -183.6445641990031,
      -184.7874650853382,
      -185.9423972727252,
      -187.1150296517821,
      -188.3082924403329,
      -189.5239854019958,
      -190.7628196665523,
      -192.0244247512367,
      -193.3077786900921,
      -194.611260815683,
      -195.932989109258,
      -197.2709689900186,
      -198.6230458105101,
      -199.9869077354438,
      -201.3600780243469,
      -202.7400194406676,
      -204.1241419643798,
      -205.5096598303037,
      -206.8936076218905,
      -208.2727704820558,
      -209.6435398720082,
      -211.0017349095014,
      -212.3423823204034,
      -213.6592733095032,
      -214.9443634250402,
      -216.1867156392187,
      -217.3703335358159,
      -218.4683655359942,
      -219.2156729042497,
      -219.6049235021408
    ],
    "emiss": [
      0.98,
      0.98,
      0.98,
      0.98,
      0.98,
      0.98,
      0.98,
      0.98,
      0.98,
      0.98
    ],
    "fcld": [
      0.0,
      0.0,
      0.0,
      0.0,
      0.0,
      0.0,
      0.0,
      0.0,
      0.0,
      0.0,
      0.0,
      0.0,
      0.0,
      0.0,
      0.0,
      0.0,
      0.0,
      0.0,
      0.0,
      0.0,
      0.0,
      0.0,
      0.0,
      0.0,
      0.0,
      0.0,
      0.0,
      0.0,
      0.0,
      0.0,
      0.0,
      0.0,
      0.0,
      0.0,
      0.0,
      0.0,
      0.0,
      0.0,
      0.0,
      0.0
    ],
    "flx": [
      -177.3068540085392,
      -172.9389892314061,
      -171.0696470612278,
      -170.0245334410184,
      -169.2918004767852,
      -168.6873257026283,
      -168.1989515130785,
      -167.8217116603181,
      -167.5511955671425,
      -167.4951967446499,
      -167.627551656454,
      -167.5907495027098,
      -167.0522838618542,
      -166.039227947681,
      -164.6485752538425,
      -162.9281021022985,
      -160.9157528393943,
      -158.6430309757184,
      -156.1816207773843,
      -153.6337314515382,
      -151.0643035952653,
      -148.4734941126422,
      -145.8342294289725,
      -143.1411424864416,
      -140.4230606293195,
      -137.7193020478199,
      -135.053288866668,
      -132.4251866591301,
      -129.820737103606,
      -127.2240725810922,
      -124.6266865899183,
      -122.0295723937978,
      -119.439516766914,
      -116.862860465156,
      -114.3008229803537,
      -111.7478740448446,
      -109.1922229862552,
      -106.6157877896011,
      -103.9898347421587,
      -101.0480523674216,
      -98.05549371395261
    ],
    "oa": [
      5.955924631546568e-06,
      4.630764602318509e-06,
      2.897837884774525e-06,
      1.813210852572191e-06,
      1.168392478002181e-06,
      7.777885204101094e-07,
      5.337814287273945e-07,
      3.765558000988894e-07,
      2.723291386050326e-07,
      2.01461821975639e-07,
      1.521807106199796e-07,
      1.172195380361628e-07,
      9.197207608570501e-08,
      7.344671425621209e-08,
      5.965748961476044e-08,
      4.92596917610915e-08,
      4.132634175806601e-08,
      3.520793075753717e-08,
      3.044255418041491e-08,
      2.669722675033184e-08,
      2.372888367443276e-08,
      2.135804418179383e-08,
      1.945076059256809e-08,
      1.790607561235258e-08,
      1.66471956609955e-08,
      1.56152055660255e-08,
      1.476454345462069e-08,
      1.405970929678911e-08,
      1.347284767409393e-08,
      1.298195651444392e-08,
      1.256954840960028e-08,
      1.2221642160288e-08,
      1.192699735543934e-08,
      1.167652927371788e-08,
      1.146285860892974e-08,
      1.12799627366309e-08,
      1.112290398455177e-08,
      1.098761668251904e-08,
      1.087073936089316e-08,
      1.076948183375615e-08
    ],
    "pl": [
      10.0,
      34.5,
      59.0,
      83.5,
      108.0,
      132.5,
      157.0,
      181.5,
      206.0,
      230.5,
      255.0,
      279.5,
      304.0,
      328.5,
      353.0,
      377.5,
      402.0,
      426.5,
      451.0,
      475.5,
      500.0,
      524.5,
      549.0,
      573.5,
      598.0,
      622.5,
      647.0,
      671.5,
      696.0,
      720.5,
      745.0,
      769.5,
      794.0,
      818.5,
      843.0,
      867.5,
      892.0,
      916.5,
      941.0,
      965.5,
      990.0
    ],
    "ta": [
      200.0,
      200.0,
      200.0,
      200.0,
      200.0,
      200.0,
      200.0,
      200.0,
      200.0,
      200.0,
      202.0947070539966,
      205.3034418158742,
      208.2532852470082,
      210.9829126890398,
      213.5229321242631,
      215.8979827591806,
      218.1281926909414,
      220.2302170827912,
      222.2179938644404,
      224.1033044464096,
      225.8961968696289,
      227.6053100028913,
      229.2381253194627,
      230.8011648387077,
      232.3001484813178,
      233.7401204322979,
      235.1255515599193,
      236.460423136898,
      237.7482958161084,
      238.9923668715488,
      240.1955180216346,
      241.3603556350886,
      242.4892447305714,
      243.5843378853178,
      244.6475999410152,
      245.6808292194541,
      246.6856758234113,
      247.6636574904856,
      248.6161733823214,
      249.5445161236897
    ],
    "taucl_b1": [
      0.0,
      0.0,
      0.0,
      0.0,
      0.0,
      0.0,
      0.0,
      0.0,
      0.0,
      0.0,
      0.0,
      0.0,
      0.0,
      0.0,
      0.0,
      0.0,
      0.0,
      0.0,
      0.0,
      0.0,
      0.0,
      0.0,
      0.0,
      0.0,
      0.0,
      0.0,
      0.0,
      0.0,
      0.0,
      0.0,
      0.0,
      0.0,
      0.0,
      0.0,
      0.0,
      0.0,
      0.0,
      0.0,
      0.0,
      0.0
    ],