{
  "columns": {
    "acflxd": [
      0.0,
      4.931220397103726,
      7.162892509768824,
      8.607952210312007,
      9.763988889736174,
      10.76370396779936,
      11.62451410438588,
      12.36741610234483,
      13.25768342494606,
      14.95903748914244,
      17.82478799051067,
      21.75188278589055,
      26.73394679059734,
      32.65392536240424,
      39.39926560437672,
      46.65346425866392,
      54.20620640492579,
      62.11237439406166,
      70.33716904238007,
      78.7367707009154,
      87.25499467714879,
      95.90993993904397,
      104.7006056761938,
      113.5838062198003,
      122.5121873382835,
      131.4544449453263,
      140.383402160042,
      149.2769461923683,
      158.1308126154987,
      166.9652843978169,
      175.8177688622734,
      184.7244467208562,
      193.6996861991926,
      202.7280888058721,
      211.7721960374898,
      220.7899538276728,
      229.75091297966,
      238.6460460528128,
      247.4863581713082,
      256.3057135822472,
      264.0872118167508
    ],
    "acflxu": [
      -268.2027628127947,
      -269.0561084464659,
      -270.2460263071201,
      -271.5087299539622,
      -272.7962296756868,
      -274.0327670227655,
      -275.2541716662854,
      -276.7485900012007,
      -278.6247103345244,
      -280.818205789205,
      -283.1151185712274,
      -285.4830314134393,
      -287.9483459144598,
      -290.5338872173542,
      -293.2499125095431,
      -296.0985274388868,
      -299.0786169250673,
      -302.1855327451808,
      -305.4124384717419,
      -308.7523582736056,
      -312.1978248127664,
      -315.7409964505047,
      -319.3737422127695,
      -323.0880273108045,
      -326.8761396817087,
      -330.7304438062037,
      -334.6434569157494,
      -338.6077622942495,
      -342.6156335738588,
      -346.6590216421132,
      -350.729476930726,
      -354.817925276288,
      -358.914284775157,
      -363.0068656801042,
      -367.0811458619772,
      -371.1179372366508,
      -375.0901921766656,
      -378.9599955091325,
      -382.6555843931607,
      -385.4338079863738,
      -387.7281772135607
    ],
    "emiss": [
      0.98,
      0.98,
      0.98,
      0.98,
      0.98,
      0.98,
      0.98,
      0.98,
      0.98,
      0.98
    ],
    "fcld": [
      0.0,
      0.0,
      0.0,
      0.0,
      0.0,
      0.0,
      0.0,
      0.0,
      0.0,
      0.0,
      0.0,
      0.0,
      0.0,
      0.0,
      0.0,
      0.0,
      0.0,
      0.0,
      0.0,
      0.0,
      0.0,
      0.0,
      0.0,
      0.0,
      0.0,
      0.0,
      0.0,
      0.0,
      0.0,
      0.0,
      0.0,
      0.0,
      0.0,
      0.0,
      0.0,
      0.0,
      0.0,
      0.0,
      0.0,
      0.0
    ],
    "flx": [
      -268.2027628127947,
      -264.1248880493622,
      -263.0831337973512,
      -262.9007777436502,
      -263.0322407859508,
      -263.2690630549662,
      -263.6296575618995,
      -264.3811738988558,
      -265.3670269095784,
      -265.8591683000625,
      -265.2903305807168,
      -263.7311486275487,
      -261.2143991238624,
      -257.8799618549498,
      -253.8506469051663,
      -249.4450631802229,
      -244.8724105201415,
      -240.0731583511192,
      -235.0752694293618,
      -230.0155875726902,
      -224.9428301356177,
      -219.8310565114606,
      -214.6731365365757,
      -209.5042210910042,
      -204.3639523434252,
      -199.2759988608775,
      -194.2600547557074,
      -189.3308161018811,
      -184.4848209583601,
      -179.6937372442963,
      -174.9117080684526,
      -170.0934785554318,
      -165.2145985759643,
      -160.2787768742321,
      -155.3089498244875,
      -150.327983408978,
      -145.3392791970056,
      -140.3139494563196,
      -135.1692262218525,
      -129.1280944041265,
      -123.64096539681
    ],
    "oa": [
      5.960978114988025e-06,
      4.599861340099021e-06,
      2.862686842818619e-06,
      1.783980472280019e-06,
      1.145954910632908e-06,
      7.609337249183502e-07,
      5.21141962728888e-07,
      3.670208239848909e-07,
      2.65071620710103e-07,
      1.958827490208396e-07,
      1.478487768951902e-07,
      1.138231895678668e-07,
      8.928461390298721e-08,
      7.130168121377799e-08,
      5.793146970468682e-08,
      4.786028157774421e-08,
      4.018369297975721e-08,
      3.426875701514852e-08,
      2.966584637329017e-08,
      2.60511611995301e-08,
      2.318857012207103e-08,
      2.090387041391104e-08,
      1.906716477374901e-08,
      1.758062801938865e-08,
      1.636990621052678e-08,
      1.537799753325852e-08,
      1.456085052084245e-08,
      1.388416484023971e-08,
      1.332104357458233e-08,
      1.285025472038499e-08,
      1.245493282828256e-08,
      1.212160156703934e-08,
      1.183943231367663e-08,
      1.15996777522438e-08,
      1.139523624184257e-08,
      1.122031461301648e-08,
      1.107016556420169e-08,
      1.094088197108503e-08,
      1.082923488724312e-08,
      1.07325452860324e-08
    ],
    "pl": [
      10.0,
      34.75,
      59.5,
      84.25,
      109.0,
      133.75,
      158.5,
      183.25,
      208.0,
      232.75,
      257.5,
      282.25,
      307.0,
      331.75,
      356.5,
      381.25,
      406.0,
      430.75,
      455.5,
      480.25,
      505.0,
      529.75,
      554.5,
      579.25,
      604.0,
      628.75,
      653.5,
      678.25,
      703.0,
      727.75,
      752.5,
      777.25,
      802.0,
      826.75,
      851.5,
      876.25,
      901.0,
      925.75,
      950.5,
      975.25,
      1000.0
    ],
    "ta": [
      200.0,
      200.0,
      200.0,
      200.0,
      200.0,
      200.0,
      200.0,
      200.0,
      205.1407860123156,
      210.9720448272773,
      216.2419126046074,
      221.0490532929128,
      225.4682087604904,
      229.5573573526947,
      233.3623801321766,
      236.9202086230758,
      240.2610109767829,
      243.4097488476307,
      246.3873105661394,
      249.2113518682488,
      251.8969303196052,
      254.4569913531563,
      256.902745713217,
      259.2439661800325,
      261.4892234429682,
      263.6460755092283,
      265.7212212166357,
      267.7206257166401,
      269.6496238533107,
      271.5130059521262,
      273.3150894922939,
      275.05977936144,
      276.7506188080806,
      278.3908327636956,
      279.9833648658517,
      281.5309092504172,
      283.0359379754251,
      284.5007247776336,
      285.9273657349849,
      287.3177973062903
    ],
    "taucl_b1": [
      0.0,
      0.0,
      0.0,
      0.0,
      0.0,
      0.0,
      0.0,
      0.0,
      0.0,
      0.0,
      0.0,
      0.0,
      0.0,
      0.0,
      0.0,
      0.0,
      0.0,
      0.0,
      0.0,
      0.0,
      0.0,
      0.0,
      0.0,
      0.0,
      0.0,
      0.0,
      0.0,
      0.0,
      0.0,
      0.0,
      0.0,
      0.0,
      0.0,
      0.0,
      0.0,
      0.0,
      0.0,
      0.0,
      0.0,
      0.0
    ],