{
  "columns": {
    "acflxd": [
      0.0,
      4.991544138042205,
      7.414328862263502,
      9.02117208772506,
      10.33097485109916,
      11.48887865299831,
      12.50538522309121,
      13.55255158091902,
      15.29562708486298,
      18.67744902048704,
      23.85910875058743,
      30.54019979851103,
      38.44328069412661,
      46.96671119392981,
      56.01026433727813,
      65.55769167119954,
      75.34938409408724,
      85.35589253670742,
      95.62200461070664,
      106.0715244817598,
      116.6149786828164,
      127.2156514293087,
      137.8503472420578,
      148.5212245866609,
      159.2790381777679,
      170.2051423606659,
      181.3512411622671,
      192.6991812882889,
      204.1823778076977,
      215.7348109674221,
      227.3485112063728,
      239.0700535481953,
      250.9729734630452,
      263.1295377878276,
      275.5852713731734,
      288.3525814618787,
      301.4184643869821,
      401.5977742789095,
      409.9804545929501,
      418.2710159487645,
      421.3917644822133
    ],
    "acflxu": [
      -263.7234573319666,
      -264.6294096384889,
      -265.9020804652673,
      -267.2632914528942,
      -268.671236010313,
      -270.056473233619,
      -271.63010173395,
      -273.6224935675223,
      -276.0070139922731,
      -278.6633878952219,
      -281.4532359914693,
      -284.4131062804385,
      -287.5613635523871,
      -290.9092715163338,
      -294.4516089470289,
      -298.1776104295533,
      -302.0776708726139,
      -306.1418726599943,
      -310.3589450932706,
      -314.7178065997408,
      -319.2080226218759,
      -323.8199928088013,
      -328.5445671202263,
      -333.3729068971849,
      -338.2969475150026,
      -343.3095053866199,
      -348.403587553025,
      -353.5715131996927,
      -358.8107588728174,
      -364.1053800640707,
      -369.4355408770481,
      -374.7812371697146,
      -380.1148229898541,
      -385.3964820899651,
      -390.5644047440355,
      -395.508374638307,
      -399.822532100569,
      -408.1520851249534,
      -416.3875847196506,
      -425.4742631228,
      -429.4132084781237
    ],
    "emiss": [
      0.98,
      0.98,
      0.98,
      0.98,
      0.98,
      0.98,
      0.98,
      0.98,
      0.98,
      0.98
    ],
    "fcld": [
      0.0,
      0.0,
      0.0,
      0.0,
      0.0,
      0.0,
      0.0,
      0.0,
      0.0,
      0.0,
      0.0,
      0.0,
      0.0,
      0.0,
      0.0,
      0.0,
      0.0,
      0.0,
      0.0,
      0.0,
      0.0,
      0.0,
      0.0,
      0.0,
      0.0,
      0.0,
      0.0,
      0.0,
      0.0,
      0.0,
      0.0,
      0.0,
      0.0,
      0.0,
      0.0,
      0.0,
      0.95,
      0.95,
      0.95,
      0.0
    ],
    "flx": [
      -263.7234573319666,
      -259.6378655004468,
      -258.4877516030038,
      -258.2421193651691,
      -258.3402611592138,
      -258.5675945806208,
      -259.1247165108588,
      -260.0699419866033,
      -260.7113869074101,
      -259.9859388747349,
      -257.594127240882,
      -253.8729064819274,
      -249.1180828582605,
      -243.942560322404,
      -238.4413446097507,
      -232.6199187583539,
      -226.7282867785266,
      -220.7859801232869,
      -214.7369404825639,
      -208.6462821179809,
      -202.5930439390595,
      -196.6043413794925,
      -190.6942198781684,
      -184.8516823105239,
      -179.0179093372346,
      -173.104363025954,
      -167.0523463907579,
      -160.8723319114039,
      -154.6283810651196,
      -148.3705690966485,
      -142.0870296706752,
      -135.7111836215193,
      -129.1418495268089,
      -122.2669443021375,
      -114.979133370862,
      -107.1557931764283,
      -98.40406771358687,
      -6.554310846043905,
      -6.407130126700446,
      -7.203247174035567,
      -8.021443995910381
    ],
    "oa": [
      5.964825563851794e-06,
      4.57518574889736e-06,
      2.834885704099891e-06,
      1.760986184582822e-06,
      1.128371684705566e-06,
      7.477647132911081e-07,
      5.112905013156154e-07,
      3.596043548549408e-07,
      2.594366521186065e-07,
      1.915577772501058e-07,
      1.444953129054149e-07,
      1.111973171497301e-07,
      8.720921320009556e-08,
      6.96469300764725e-08,
      5.660126518985754e-08,
      4.67827709798538e-08,
      3.930463143229514e-08,
      3.354680990197759e-08,
      2.90692366753307e-08,
      2.555525391720186e-08,
      2.277411527434401e-08,
      2.055571313930704e-08,
      1.877328981080229e-08,
      1.733144575714569e-08,
      1.615771482334665e-08,
      1.51965745771789e-08,
      1.440514050475109e-08,
      1.375003851326537e-08,
      1.320511121035694e-08,
      1.274972035199671e-08,
      1.236747975487932e-08,
      1.204530189846808e-08,
      1.177267510918287e-08,
      1.154111162861991e-08,
      1.134372330595824e-08,
      1.117489330585087e-08,
      1.103002055434673e-08,
      1.090531965269963e-08,
      1.079766335501463e-08,
      1.070445790294261e-08
    ],
    "pl": [
      10.0,
      34.95,
      59.90000000000001,
      84.85,
      109.8,
      134.75,
      159.7,
      184.65,
      209.6,
      234.55,
      259.5,
      284.45,
      309.4,
      334.35,
      359.3,
      384.25,
      409.2,
      434.15,
      459.1,
      484.05,
      509.0,
      533.95,
      558.9000000000001,
      583.8499999999999,
      608.8,
      633.75,
      658.7,
      683.6500000000001,
      708.5999999999999,
      733.55,
      758.5,
      783.45,
      808.4000000000001,
      833.3499999999999,
      858.3,
      883.25,
      908.2,
      933.1500000000001,
      958.0999999999999,
      983.05,
      1008.0
    ],
    "ta": [
      200.0,
      200.0,
      200.0,
      200.0,
      200.0,
      200.0,
      200.0,
      203.4230338715014,
      210.1109292460953,
      216.0859817739768,
      221.4856201284841,
      226.4110016691578,
      230.9387506819889,
      235.128301558508,
      239.0266848011512,
      242.6717552289925,
      246.0944338298064,
      249.3203041720751,
      252.3707742780115,
      255.2639385956417,
      258.0152284195188,
      260.6379101602261,
      263.1434722712867,
      265.54192941711,
      267.8420642548006,
      270.0516215814794,
      272.1774656831034,
      274.2257089496941,
      276.2018178322169,
      278.1107007686358,
      279.9567816402692,
      281.7440615251042,
      283.4761709165795,
      285.1564141215737,
      286.7878072023998,
      288.3731105575737,
      289.9148570254849,
      291.4153762295279,
      292.8768157522096,
      294.3011596213153
    ],
    "taucl_b1": [
      0.0,
      0.0,
      0.0,
      0.0,
      0.0,
      0.0,
      0.0,
      0.0,
      0.0,
      0.0,
      0.0,
      0.0,
      0.0,
      0.0,
      0.0,
      0.0,
      0.0,
      0.0,
      0.0,
      0.0,
      0.0,
      0.0,
      0.0,
      0.0,
      0.0,
      0.0,
      0.0,
      0.0,
      0.0,
      0.0,
      0.0,
      0.0,
      0.0,
      0.0,
      0.0,
      0.0,
      20.0,
      20.0,
      20.0,
      0.0
    ],