{
  "columns": {
    "acflxd": [
      0.0,
      4.528146718939341,
      6.986030693895976,
      8.625224197229523,
      9.969249676073543,
      11.16168291995731,
      12.21175057513027,
      13.39226637905759,
      15.6571056239226,
      19.83247078284604,
      25.85997793646596,
      127.4432796260967,
      152.0042280667295,
      166.4426461595508,
      169.0562630255692,
      172.6687234942438,
      176.9938444805645,
      181.9420888239736,
      187.4414321148921,
      193.4233465482986,
      199.8434710300756,
      206.6638511062662,
      213.8397302646992,
      283.7815375006369,
      294.2931590760152,
      304.6428741098869,
      314.8388742144421,
      324.8976886649634,
      329.1217475135719,
      334.2886046687447,
      340.0393470104934,
      346.2748717528115,
      352.9366274027253,
      359.9950614555289,
      367.4379073334752,
      375.2592273089527,
      409.4241408266806,
      418.2566904234237,
      426.9904372044136,
      435.6283757838592,
      439.0655664270189
    ],
    "acflxu": [
      -134.5876111450266,
      -134.7714055045557,
      -135.0523052053418,
      -135.3933126411453,
      -135.7953111125629,
      -136.280229975477,
      -137.1503632827601,
      -138.5280522607806,
      -140.320230759241,
      -142.2255342375665,
      -143.8318771590751,
      -157.8290388221264,
      -178.0835846194547,
      -247.0669447126246,
      -250.7066499153856,
      -254.5223601151242,
      -258.4897540321323,
      -262.5786015727144,
      -266.7520808967951,
      -270.962689729309,
      -275.143843893894,
      -279.1846878340771,
      -282.6382607147803,
      -293.06696242286,
      -303.3358112009022,
      -313.4521070329034,
      -323.4242800497939,
      -363.3585471700115,
      -369.0160564174118,
      -374.723302022359,
      -380.458622151583,
      -386.1919029352534,
      -391.879680228737,
      -397.454560149615,
      -402.7970007039412,
      -407.4718001962842,
      -416.2401187941783,
      -424.9072334359186,
      -433.4762090963812,
      -442.7593813144548,
      -447.1396338964811
    ],
    "emiss": [
      0.98,
      0.98,
      0.98,
      0.98,
      0.98,
      0.98,
      0.98,
      0.98,
      0.98,
      0.98
    ],
    "fcld": [
      0.0,
      0.0,
      0.0,
      0.0,
      0.0,
      0.0,
      0.0,
      0.0,
      0.0,
      0.0,
      0.5,
      0.5,
      0.5,
      0.0,
      0.0,
      0.0,
      0.0,
      0.0,
      0.0,
      0.0,
      0.0,
      0.0,
      0.7,
      0.7,
      0.7,
      0.7,
      0.7,
      0.0,
      0.0,
      0.0,
      0.0,
      0.0,
      0.0,
      0.0,
      0.0,
      0.9,
      0.9,
      0.9,
      0.9,
      0.0
    ],
    "flx": [
      -134.5876111450266,
      -130.2432587856163,
      -128.0662745114459,
      -126.7680884439157,
      -125.8260614364894,
      -125.1185470555197,
      -124.9386127076298,
      -125.135785881723,
      -124.6631251353184,
      -122.3930634547205,
      -117.9718992226092,
      -30.38575919602977,
      -26.07935655272524,
      -80.62429855307381,
      -81.65038688981635,
      -81.85363662088035,
      -81.49590955156775,
      -80.63651274874081,
      -79.31064878190298,
      -77.5393431810104,
      -75.30037286381827,
      -72.5208367278108,
      -68.79853045008106,
      -9.285424922223124,
      -9.042652124886997,
      -8.809232923016461,
      -8.585405835351844,
      -38.4608585050481,
      -39.89430890384002,
      -40.43469735361431,
      -40.4192751410896,
      -39.91703118244192,
      -38.94305282601167,
      -37.45949869408619,
      -35.35909337046591,
      -32.21257288733163,
      -6.815977967497706,
      -6.650543012494946,
      -6.485771891967647,
      -7.131005530595627,
      -8.07406746946234
    ],
    "oa": [
      5.96576054720766e-06,
      4.569023830868666e-06,
      2.827979579268643e-06,
      1.755291081172392e-06,
      1.12402595977206e-06,
      7.445153173676309e-07,
      5.088629652115858e-07,
      3.57778913047341e-07,
      2.580510632547872e-07,
      1.904952279990792e-07,
      1.436720803763989e-07,
      1.105531506650175e-07,
      8.670041099810094e-08,
      6.92414917364852e-08,
      5.627552234859597e-08,
      4.65190413541871e-08,
      3.908957522722074e-08,
      3.337026870432457e-08,
      2.892340556286521e-08,
      2.543408546858743e-08,
      2.26728863972188e-08,
      2.047070727733022e-08,
      1.870156168082869e-08,
      1.727064566714294e-08,
      1.610595639132346e-08,
      1.515233434041897e-08,
      1.436718115735782e-08,
      1.371734979054139e-08,
      1.317686405343553e-08,
      1.272523113946833e-08,
      1.23461822186674e-08,
      1.202672494404916e-08,
      1.175642520119686e-08,
      1.152685872784081e-08,
      1.133118958472223e-08,
      1.116384404919821e-08,
      1.102025678961927e-08,
      1.089667215286329e-08,
      1.078998773902759e-08,
      1.069763061625079e-08
    ],
    "pl": [
      10.0,
      35.0,
      60.0,
      85.0,
      110.0,
      135.0,
      160.0,
      185.0,
      210.0,
      235.0,
      260.0,
      285.0,
      310.0,
      335.0,
      360.0,
      385.0,
      410.0,
      435.0,
      460.0,
      485.0,
      510.0,
      535.0,
      560.0,
      585.0,
      610.0,
      635.0,
      660.0,
      685.0,
      710.0,
      735.0,
      760.0,
      785.0,
      810.0,
      835.0,
      860.0,
      885.0,
      910.0,
      935.0,
      960.0,
      985.0,
      1010.0
    ],
    "ta": [
      200.0,
      200.0,
      200.0,
      200.0,
      200.0,
      200.0,
      200.0,
      205.487115697443,
      212.2436698040449,
      218.2800012670674,
      223.7349722687828,
      228.7107927402103,
      233.2848826540207,
      237.5172925403473,
      241.455539752475,
      245.1378704912263,
      248.59552509369,
      251.8543511041897,
      254.9359772525436,
      257.8586843942356,
      260.638062689781,
      263.2875150460733,
      265.8186480554098,
      268.2415793145395,
      270.5651817091952,
      272.7972795695432,
      274.9448076453825,
      277.0139410499067,
      279.0102023104211,
      280.9385502015971,
      282.8034539593473,
      284.6089556706687,
      286.3587230304386,
      288.0560941966469,
      289.7041161229948,
      291.3055774749513,
      292.8630370225389,
      294.3788482358331,
      295.855180676759,
      297.2940386752572
    ],
    "taucl_b1": [
      0.0,
      0.0,
      0.0,
      0.0,
      0.0,
      0.0,
      0.0,
      0.0,
      0.0,
      0.0,
      1.2,
      1.2,
      1.2,
      0.0,
      0.0,
      0.0,
      0.0,
      0.0,
      0.0,
      0.0,
      0.0,
      0.0,
      6.0,
      6.0,
      6.0,
      6.0,
      6.0,
      0.0,
      0.0,
      0.0,
      0.0,
      0.0,
      0.0,
      0.0,
      0.0,
      18.0,
      18.0,
      18.0,
      18.0,
      0.0
    ],