{
  "columns": {
    "acflxd": [
      0.0,
      4.39281979893314,
      6.734719642839242,
      8.279891324564543,
      9.528505113208588,
      10.62216984473844,
      11.5802147890715,
      12.48038924455173,
      13.7518526740389,
      16.27343391101322,
      20.29298602512519,
      122.415813737559,
      141.6980041308428,
      154.3354985289371,
      156.2954465877357,
      159.0689209545397,
      162.4347772579456,
      166.3258404305653,
      170.693059687474,
      175.5017274932969,
      180.7089203971235,
      186.2653164503091,
      192.1335001102847,
      198.287061870225,
      204.6940328737529,
      211.3186607324573,
      218.1353529264981,
      225.1375167965578,
      232.3305299782019,
      239.7172135030266,
      247.2874802454176,
      255.0206316794488,
      262.8951222499512,
      270.8930996292106,
      279.023578054901,
      287.3063847417179,
      295.7672878524205,
      304.4327655049491,
      313.324296131893,
      322.4557024902325,
      330.5251279809244
    ],
    "acflxu": [
      -125.0572547743942,
      -125.1929758998987,
      -125.3988581360396,
      -125.6461764102442,
      -125.9339264309947,
      -126.273536482707,
      -126.75718105169,
      -127.6880575418431,
      -129.0430523343683,
      -130.6239970943334,
      -131.8959361389224,
      -144.7054634149189,
      -166.2163613268836,
      -296.754424369639,
      -299.9030705740087,
      -303.2143077131403,
      -306.680076945641,
      -310.2919767212209,
      -314.0416559196146,
      -317.9203644536506,
      -321.9183200930058,
      -326.0261255610665,
      -330.2350274369197,
      -334.5367261909394,
      -338.9232880794696,
      -343.386860603038,
      -347.91989885994,
      -352.5152794481263,
      -357.1660884092142,
      -361.8653640484746,
      -366.6056604753425,
      -371.3784487570071,
      -376.1797434261088,
      -380.9913965266677,
      -385.7952131387539,
      -390.5697542256468,
      -395.2849951650097,
      -399.8955446927329,
      -404.3231013694783,
      -407.715983312626,
      -410.7420573976647
    ],
    "emiss": [
      0.98,
      0.98,
      0.98,
      0.98,
      0.98,
      0.98,
      0.98,
      0.98,
      0.98,
      0.98
    ],
    "fcld": [
      0.0,
      0.0,
      0.0,
      0.0,
      0.0,
      0.0,
      0.0,
      0.0,
      0.0,
      0.0,
      0.6,
      0.6,
      0.6,
      0.0,
      0.0,
      0.0,
      0.0,
      0.0,
      0.0,
      0.0,
      0.0,
      0.0,
      0.0,
      0.0,
      0.0,
      0.0,
      0.0,
      0.0,
      0.0,
      0.0,
      0.0,
      0.0,
      0.0,
      0.0,
      0.0,
      0.0,
      0.0,
      0.0,
      0.0,
      0.0
    ],
    "flx": [
      -125.0572547743942,
      -120.8001561009656,
      -118.6641384932003,
      -117.3662850856797,
      -116.4054213177861,
      -115.6513666379686,
      -115.1769662626185,
      -115.2076682972914,
      -115.2911996603294,
      -114.3505631833202,
      -111.6029501137972,
      -22.2896496773599,
      -24.5183571960407,
      -142.4189258407019,
      -143.607623986273,
      -144.1453867586007,
      -144.2452996876954,
      -143.9661362906556,
      -143.3485962321407,
      -142.4186369603538,
      -141.2093996958823,
      -139.7608091107574,
      -138.101527326635,
      -136.2496643207145,
      -134.2292552057166,
      -132.0681998705806,
      -129.7845459334419,
      -127.3777626515684,
      -124.8355584310122,
      -122.148150545448,
      -119.3181802299249,
      -116.3578170775583,
      -113.2846211761577,
      -110.0982968974571,
      -106.771635083853,
      -103.263369483929,
      -99.5177073125892,
      -95.4627791877839,
      -90.99880523758523,
      -85.26028082239336,
      -80.21692941674033
    ],
    "oa": [
      5.963402976630922e-06,
      4.584433943474314e-06,
      2.845277965218458e-06,
      1.769568810516567e-06,
      1.134927672380573e-06,
      7.5267078905797e-07,
      5.149581550100313e-07,
      3.623638947199346e-07,
      2.615322891524112e-07,
      1.931655269064981e-07,
      1.457414319608559e-07,
      1.121727257605256e-07,
      8.797989569182381e-08,
      7.026122669895553e-08,
      5.709494505712411e-08,
      4.718256696424913e-08,
      3.963071827761185e-08,
      3.381455581916455e-08,
      2.929045285376853e-08,
      2.573909441244907e-08,
      2.292773130318356e-08,
      2.068473326264326e-08,
      1.888217552602506e-08,
      1.742375711325684e-08,
      1.623631047175289e-08,
      1.526376363253339e-08,
      1.446279869076429e-08,
      1.379969762779427e-08,
      1.324802850685703e-08,
      1.278693269325307e-08,
      1.23998461407462e-08,
      1.207353705872891e-08,
      1.179737618639508e-08,
      1.156277948475434e-08,
      1.136277962214815e-08,
      1.119169437217322e-08,
      1.104486844166959e-08,
      1.091847130355245e-08,
      1.080933801235981e-08,
      1.071484320530358e-08
    ],
    "pl": [
      10.0,
      34.875,
      59.75,
      84.625,
      109.5,
      134.375,
      159.25,
      184.125,
      209.0,
      233.875,
      258.75,
      283.625,
      308.5,
      333.375,
      358.25,
      383.125,
      408.0,
      432.875,
      457.75,
      482.625,
      507.5,
      532.375,
      557.25,
      582.125,
      607.0,
      631.875,
      656.75,
      681.625,
      706.5,
      731.375,
      756.25,
      781.125,
      806.0,
      830.875,
      855.75,
      880.625,
      905.5,
      930.375,
      955.25,
      980.125,
      1005.0
    ],
    "ta": [
      200.0,
      200.0,
      200.0,
      200.0,
      200.0,
      200.0,
      200.0,
      201.3611589359494,
      207.9800874335472,
      213.8936151107231,
      219.237720010038,
      224.1124955512525,
      228.5937624894708,
      232.7403334901687,
      236.5987481171153,
      240.206466747972,
      243.5940886855657,
      246.7869317087307,
      249.8061817020708,
      252.6697455635376,
      255.3928947977517,
      257.98875856375,
      260.4687065529446,
      262.8426499783766,
      265.1192808328605,
      267.3062640120841,
      269.4103930245469,
      271.4377172684394,
      273.3936468869085,
      275.2830397806958,
      277.1102743019641,
      278.8793103670151,
      280.593741133734,
      282.2568369395965,
      283.8715828507918,
      285.4407109058161,
      286.9667279284462,
      288.4519396211737,
      289.8984715204963,
      291.3082872921282
    ],
    "taucl_b1": [
      0.0,
      0.0,
      0.0,
      0.0,
      0.0,
      0.0,
      0.0,
      0.0,
      0.0,
      0.0,
      1.5,
      1.5,
      1.5,
      0.0,
      0.0,
      0.0,
      0.0,
      0.0,
      0.0,
      0.0,
      0.0,
      0.0,
      0.0,
      0.0,
      0.0,
      0.0,
      0.0,
      0.0,
      0.0,
      0.0,
      0.0,
      0.0,
      0.0,
      0.0,
      0.0,
      0.0,
      0.0,
      0.0,
      0.0,
      0.0
    ],