{
  "columns": {
    "CLDFRA": [
      0.0,
      0.0,
      0.0,
      0.0,
      0.0,
      0.0,
      0.0,
      0.0,
      0.0,
      0.0,
      0.0,
      0.0,
      0.800000011920929,
      0.800000011920929,
      0.800000011920929,
      0.800000011920929,
      0.800000011920929,
      0.800000011920929,
      0.800000011920929,
      0.0,
      0.0,
      0.0,
      0.0,
      0.0,
      0.0,
      0.0,
      0.0,
      0.0,
      0.0,
      0.0,
      0.0,
      0.0
    ],
    "DZ": [
      297.3017883300781,
      362.4521789550781,
      391.9342651367188,
      412.3975830078125,
      428.3145751953125,
      441.441650390625,
      452.665771484375,
      462.501708984375,
      471.277099609375,
      479.21240234375,
      486.46630859375,
      493.154296875,
      499.36376953125,
      505.16455078125,
      510.6103515625,
      515.74560546875,
      520.6064453125,
      525.22265625,
      529.6201171875,
      533.8193359375,
      537.83984375,
      541.6962890625,
      545.404296875,
      548.97265625,
      552.416015625,
      555.7421875,
      558.95703125,
      562.0732421875,
      565.091796875,
      568.0234375,
      570.87109375,
      573.6396484375
    ],
    "P": [
      99503.734375,
      95797.84375,
      91687.5625,
      87460.21875,
      83212.7578125,
      78996.9375,
      74846.0703125,
      70783.0625,
      66824.21875,
      62981.25,
      59262.609375,
      55674.21484375,
      52220.078125,
      48902.6640625,
      45723.21484375,
      42681.98046875,
      39778.3828125,
      37011.1796875,
      34378.56640625,
      31878.27734375,
      29507.66796875,
      27263.78515625,
      25143.4140625,
      23143.13671875,
      21259.375,
      19488.40234375,
      17826.4140625,
      16269.5185546875,
      14813.7802734375,
      13455.236328125,
      12189.908203125,
      11013.8271484375
    ],
    "P8W": [
      101200.0,
      97807.4609375,
      93788.2265625,
      89586.8984375,
      85333.546875,
      81091.96875,
      76901.90625,
      72790.234375,
      68775.8984375,
      64872.53125,
      61089.97265625,
      57435.2421875,
      53913.1875,
      50526.96484375,
      47278.359375,
      44168.0703125,
      41195.890625,
      38360.87890625,
      35661.484375,
      33095.6484375,
      30660.904296875,
      28354.431640625,
      26173.13671875,
      24113.689453125,
      22172.5859375,
      20346.162109375,
      18630.64453125,
      17022.18359375,
      15516.853515625,
      14110.70703125,
      12799.7646484375,
      11580.0517578125,
      10447.6025390625
    ],
    "PI": [
      0.9985795617103577,
      0.9878091812133789,
      0.9755095839500427,
      0.9624417424201965,
      0.9488490223884583,
      0.9348583221435547,
      0.9205518960952759,
      0.9059884548187256,
      0.8912121653556824,
      0.876257598400116,
      0.8611528277397156,
      0.8459208607673645,
      0.8305813074111938,
      0.8151506185531616,
      0.7996431589126587,
      0.7840713262557983,
      0.7684462070465088,
      0.7527773380279541,
      0.7370734810829163,
      0.7213422656059265,
      0.7055906653404236,
      0.6898249387741089,
      0.6740508079528809,
      0.658273458480835,
      0.6424976587295532,
      0.6267277598381042,
      0.610967755317688,
      0.5952213406562805,
      0.579491913318634,
      0.5637827515602112,
      0.548096776008606,
      0.5324367880821228
    ],
    "QC": [
      0.0,
      0.0,
      0.0,
      0.0,
      0.0,
      0.0,
      0.0,
      0.0,
      0.0,
      0.0,
      0.0,
      0.0,
      0.0,
      0.0,
      0.0,
      0.0,
      0.0,
      0.0,
      0.0,
      0.0,
      0.0,
      0.0,
      0.0,
      0.0,
      0.0,
      0.0,
      0.0,
      0.0,
      0.0,
      0.0,
      0.0,
      0.0
    ],
    "QG": [
      0.0,
      0.0,
      0.0,
      0.0,
      0.0,
      0.0,
      0.0,
      0.0,
      0.0,
      0.0,
      0.0,
      0.0,
      0.0,
      0.0,
      0.0,
      0.0,
      0.0,
      0.0,
      0.0,
      0.0,
      0.0,
      0.0,
      0.0,
      0.0,
      0.0,
      0.0,
      0.0,
      0.0,
      0.0,
      0.0,
      0.0,
      0.0
    ],
    "QI": [
      0.0,
      0.0,
      0.0,
      0.0,
      0.0,
      0.0,
      0.0,
      0.0,
      0.0,
      0.0,
      0.0,
      0.0,
      0.0003000000142492354,
      0.0003000000142492354,
      0.0003000000142492354,
      0.0003000000142492354,
      0.0003000000142492354,
      0.0003000000142492354,
      0.0003000000142492354,
      0.0,
      0.0,
      0.0,
      0.0,
      0.0,
      0.0,
      0.0,
      0.0,
      0.0,
      0.0,
      0.0,
      0.0,
      0.0
    ],
    "QR": [
      0.0,
      0.0,
      0.0,
      0.0,
      0.0,
      0.0,
      0.0,
      0.0,
      0.0,
      0.0,
      0.0,
      0.0,
      0.0,
      0.0,
      0.0,
      0.0,
      0.0,
      0.0,
      0.0,
      0.0,
      0.0,
      0.0,
      0.0,
      0.0,
      0.0,
      0.0,
      0.0,
      0.0,
      0.0,
      0.0,
      0.0,
      0.0
    ],
    "QS": [
      0.0,
      0.0,
      0.0,
      0.0,
      0.0,
      0.0,
      0.0,
      0.0,
      0.0,
      0.0,
      0.0,
      0.0,
      0.0001500000071246177,
      0.0001500000071246177,
      0.0001500000071246177,
      0.0001500000071246177,
      0.0001500000071246177,
      0.0001500000071246177,
      0.0001500000071246177,
      0.0,
      0.0,
      0.0,
      0.0,
      0.0,
      0.0,
      0.0,
      0.0,
      0.0,
      0.0,
      0.0,
      0.0,
      0.0
    ],
    "QV": [
      0.01038873288780451,
      0.009150843136012554,
      0.007915095426142216,
      0.006780782714486122,
      0.005768529139459133,
      0.004880054388195276,
      0.004109135363250971,
      0.003446015994995832,
      0.002879584906622767,
      0.002398538636043668,
      0.001992025645449758,
      0.00164998066611588,
      0.001363281277008355,
      0.001123800524510443,
      0.0009243862587027252,
      0.000758811947889626,
      0.0006216987385414541,
      0.0005084335571154952,
      0.0004150837776251137,
      0.0003383132861927152,
      0.0002753062872216105,
      0.0002236944419564679,
      0.0001814941206248477,
      0.0001470490824431181,
      0.0001189806134789251,
      9.6144613053184e-05,
      7.759383152006194e-05,
      6.254617619561031e-05,
      5.035727008362301e-05,
      4.049733252031729e-05,
      3.253179966122843e-05,
      2.610482260934077e-05
    ],
    "RHO": [
      1.168955206871033,
      1.137270569801331,
      1.099996328353882,
      1.058796644210815,
      1.016980290412903,
      0.9750520586967468,
      0.9333479404449463,
      0.8921076655387878,
      0.8515100479125977,
      0.8116897940635681,
      0.7727512121200562,
      0.7347734570503235,
      0.6978164911270142,
      0.6619254946708679,
      0.6271331310272217,
      0.5934618711471558,
      0.5609251260757446,
      0.5295305848121643,
      0.4992789626121521,
      0.4701666235923767,
      0.4421857595443726,
      0.4153251945972443,
      0.3895708322525024,
      0.3649061918258667,
      0.3413128554821014,
      0.318770557641983,
      0.2972580194473267,
      0.2767525017261505,
      0.2572305798530579,
      0.2386680543422699,
      0.2210401147603989,
      0.2043215930461884
    ],