{
  "columns": {
    "CLDFRA": [
      0.0,
      0.0,
      0.0,
      0.0,
      0.0,
      0.0,
      0.0,
      0.0,
      0.0,
      0.0,
      0.0,
      0.0,
      0.0,
      0.0,
      0.0,
      0.0,
      0.0,
      0.0,
      0.0,
      0.0,
      0.0,
      0.0,
      0.0,
      0.0,
      0.0,
      0.0,
      0.0,
      0.0,
      0.0,
      0.0,
      0.0,
      0.0
    ],
    "DZ": [
      297.3017787506803,
      362.4521766357669,
      391.9341220257944,
      412.397618533384,
      428.3146230079283,
      441.4416507151416,
      452.6657695845734,
      462.5018461716736,
      471.2769759904795,
      479.212684269211,
      486.4663482018459,
      493.1540104636688,
      499.3638243987834,
      505.1644135634961,
      510.6103000298235,
      515.7455585443913,
      520.6063522550967,
      525.2227386398781,
      529.6199849271325,
      533.8195452584732,
      537.8397992729751,
      541.6966190332132,
      545.4038102315881,
      548.9734598450395,
      552.4162131695157,
      555.7414968463618,
      558.9577000931458,
      562.0723232370765,
      565.0921004130414,
      568.0231016599464,
      570.8708184489078,
      573.6402357819661
    ],
    "P": [
      98346.18612938136,
      94730.81012286487,
      90713.27404779202,
      86567.15671897616,
      82393.85685706337,
      78254.00099801485,
      74180.15902359504,
      70194.61068560465,
      66313.08492722004,
      62546.80601346395,
      58903.73386111108,
      55389.37360322317,
      52007.33430517702,
      48759.7315999983,
      45647.48792364651,
      42670.56259480945,
      39828.13207294425,
      37118.73375487269,
      34540.38240224365,
      32090.66557801354,
      29766.82268532221,
      27565.81099339119,
      25484.36119477211,
      23519.02444040628,
      21666.21236470989,
      19922.23129164952,
      18283.31157119764,
      16745.63281122685,
      15305.34562740531,
      13958.59042220302,
      12701.5136160243,
      11530.28168318314
    ],
    "P8W": [
      100000.0,
      96692.37225876271,
      92769.24798696704,
      88657.30010861701,
      84477.0133293353,
      80310.70038479142,
      76197.30161123826,
      72163.01643595184,
      68226.20493525748,
      64399.9649191826,
      60693.6471077453,
      57113.82061447687,
      53664.92659196947,
      50349.74201838458,
      47169.72118161201,
      44125.25466568101,
      41215.87052393789,
      38440.39362195062,
      35797.07388779475,
      33283.69091669255,
      30897.64023933453,
      28636.0051313099,
      26495.61685547249,
      24473.10553407172,
      22564.94334674083,
      20767.48138267894,
      19076.9812006201,
      17489.64194177518,
      16001.62368067852,
      14609.0675741321,
      13308.11327027393,
      12094.91396177466,
      10965.64940459162
    ],
    "PI": [
      0.9952466415768414,
      0.9846530141423547,
      0.9725366010795138,
      0.959623557930747,
      0.9461716957128564,
      0.9323378175102544,
      0.9182043798004612,
      0.903830081095913,
      0.8892591693970564,
      0.8745263434647453,
      0.8596596081148666,
      0.8446820640770454,
      0.8296130945599249,
      0.814469187439992,
      0.799264525731534,
      0.784011424334505,
      0.7687206611348337,
      0.7534017332903218,
      0.7380630591622902,
      0.7227121398769168,
      0.7073556903243966,
      0.691999746633998,
      0.6766497552786225,
      0.6613106476512358,
      0.6459869030245494,
      0.6306826021322,
      0.615401473115027,
      0.6001469312072496,
      0.5849221132588533,
      0.5697299079778778,
      0.5545729826124631,
      0.5394538066653864
    ],
    "QC": [
      0.0,
      0.0,
      0.0,
      0.0,
      0.0,
      0.0,
      0.0,
      0.0,
      0.0,
      0.0,
      0.0,
      0.0,
      0.0,
      0.0,
      0.0,
      0.0,
      0.0,
      0.0,
      0.0,
      0.0,
      0.0,
      0.0,
      0.0,
      0.0,
      0.0,
      0.0,
      0.0,
      0.0,
      0.0,
      0.0,
      0.0,
      0.0
    ],
    "QG": [
      0.0,
      0.0,
      0.0,
      0.0,
      0.0,
      0.0,
      0.0,
      0.0,
      0.0,
      0.0,
      0.0,
      0.0,
      0.0,
      0.0,
      0.0,
      0.0,
      0.0,
      0.0,
      0.0,
      0.0,
      0.0,
      0.0,
      0.0,
      0.0,
      0.0,
      0.0,
      0.0,
      0.0,
      0.0,
      0.0,
      0.0,
      0.0
    ],
    "QI": [
      0.0,
      0.0,
      0.0,
      0.0,
      0.0,
      0.0,
      0.0,
      0.0,
      0.0,
      0.0,
      0.0,
      0.0,
      0.0,
      0.0,
      0.0,
      0.0,
      0.0,
      0.0,
      0.0,
      0.0,
      0.0,
      0.0,
      0.0,
      0.0,
      0.0,
      0.0,
      0.0,
      0.0,
      0.0,
      0.0,
      0.0,
      0.0
    ],
    "QR": [
      0.0,
      0.0,
      0.0,
      0.0,
      0.0,
      0.0,
      0.0,
      0.0,
      0.0,
      0.0,
      0.0,
      0.0,
      0.0,
      0.0,
      0.0,
      0.0,
      0.0,
      0.0,
      0.0,
      0.0,
      0.0,
      0.0,
      0.0,
      0.0,
      0.0,
      0.0,
      0.0,
      0.0,
      0.0,
      0.0,
      0.0,
      0.0
    ],
    "QS": [
      0.0,
      0.0,
      0.0,
      0.0,
      0.0,
      0.0,
      0.0,
      0.0,
      0.0,
      0.0,
      0.0,
      0.0,
      0.0,
      0.0,
      0.0,
      0.0,
      0.0,
      0.0,
      0.0,
      0.0,
      0.0,
      0.0,
      0.0,
      0.0,
      0.0,
      0.0,
      0.0,
      0.0,
      0.0,
      0.0,
      0.0,
      0.0
    ],
    "QV": [
      0.01130727466263125,
      0.0099095159540929,
      0.008521720382006338,
      0.007255442632202989,
      0.006132542618923675,
      0.005153407735493445,
      0.004309563866824933,
      0.003588747245273763,
      0.002977391020053389,
      0.00246193958475258,
      0.002029549164374436,
      0.001668440921014985,
      0.001368049555285525,
      0.001119050318360513,
      0.0009133149034802931,
      0.0007438278027471259,
      0.0006045831292466948,
      0.0004904745342836995,
      0.0003971860517332086,
      0.0003210885394838913,
      0.0002591442975947344,
      0.000208821069078747,
      0.0001680157408608597,
      0.0001349875047299961,
      0.0001082999055612795,
      8.67710239083231e-05,
      6.94309616010474e-05,
      5.548578689310471e-05,
      4.428712537439627e-05,
      3.530663726589566e-05,
      2.811468919119542e-05,
      2.236260123731715e-05
    ],
    "RHO": [
      1.139620708875035,
      1.10998615133407,
      1.076516797456626,
      1.040556629504862,
      0.9988740878925153,
      0.9571447710929851,
      0.9157060955426629,
      0.8747978502310557,
      0.8345966741683226,
      0.795234972980828,
      0.7568124993923647,
      0.7194040289873574,
      0.6830647570758162,
      0.6478342644370194,
      0.613739529398149,
      0.5807972731001556,
      0.5490158201333495,
      0.5183965959397484,
      0.4889353452782186,
      0.4606231323619345,
      0.4334471675269624,
      0.4073914944278346,
      0.3824375640194833,
      0.3585647159205665,
      0.3357505835083342,
      0.3139714358523292,
      0.2932024670779196,
      0.2734180417734729,
      0.2545919034857567,
      0.2366973520926298,
      0.219707394830979,
      0.2035948749391562
    ],