{
  "columns": {
    "CLDFRA": [
      0.0,
      0.0,
      0.0,
      0.0,
      0.0,
      0.0,
      0.0,
      0.0,
      0.0,
      0.0,
      0.0,
      0.0,
      0.0,
      0.0,
      0.0,
      0.0,
      0.0,
      0.0,
      0.0,
      0.0,
      0.0,
      0.0,
      0.0,
      0.0,
      0.0,
      0.0,
      0.0,
      0.0,
      0.0,
      0.0,
      0.0,
      0.0
    ],
    "DZ": [
      297.3017787506803,
      362.4521766357669,
      391.9341220257944,
      412.397618533384,
      428.3146230079283,
      441.4416507151416,
      452.6657695845734,
      462.5018461716736,
      471.2769759904795,
      479.212684269211,
      486.4663482018459,
      493.1540104636688,
      499.3638243987834,
      505.1644135634961,
      510.6103000298235,
      515.7455585443913,
      520.6063522550967,
      525.2227386398781,
      529.6199849271325,
      533.8195452584732,
      537.8397992729751,
      541.6966190332132,
      545.4038102315881,
      548.9734598450395,
      552.4162131695157,
      555.7414968463618,
      558.9577000931458,
      562.0723232370765,
      565.0921004130414,
      568.0231016599464,
      570.8708184489078,
      573.6402357819661
    ],
    "P": [
      98514.79607190528,
      94832.32335336818,
      90744.87008451711,
      86540.19071274187,
      82318.6934224875,
      78131.95306407727,
      74013.05933666849,
      69984.6724419131,
      66062.80507909876,
      62258.89184107499,
      58581.04398007441,
      55034.86893989432,
      51624.03657440216,
      48350.68780821111,
      45215.73993261027,
      42219.1210581023,
      39359.95421323559,
      36636.70454289754,
      34047.2987581253,
      31589.22325799474,
      29259.60555032621,
      27055.2823844023,
      24972.85716588586,
      23008.74862448347,
      21159.23226921939,
      19420.47584356747,
      17788.56974970184,
      16259.55322532002,
      14829.43691247275,
      13494.22234484879,
      12249.91879036021,
      11092.55781412412
    ],
    "P8W": [
      100200.0,
      96829.59214381056,
      92835.05456292578,
      88654.68560610844,
      84425.69581937531,
      80211.69102559968,
      76052.21510255488,
      71973.90357078212,
      67995.44131304408,
      64130.16884515344,
      60387.61483699654,
      56774.47312315227,
      53295.26475663637,
      49952.80839216795,
      46748.56722425426,
      43682.91264096629,
      40755.3294752383,
      37964.57895123288,
      35308.83013456219,
      32785.76738168841,
      30392.67913430107,
      28126.53196635136,
      25984.03280245324,
      23961.68152931847,
      22055.81571964846,
      20262.64881879032,
      18578.30286834462,
      16998.83663105906,
      15520.26981958098,
      14138.60400536452,
      12849.84068433306,
      11649.99689638736,
      10535.11873186088
    ],
    "PI": [
      0.9957338587554091,
      0.9849543705481206,
      0.9726333721759572,
      0.9595381408635976,
      0.945925003615805,
      0.9319221259637289,
      0.9176129422500972,
      0.9030569182572037,
      0.8882989439113752,
      0.8733742756878939,
      0.8583114136506088,
      0.8431339037262701,
      0.8278615319413465,
      0.8125111517883478,
      0.7970972785342267,
      0.7816325290739369,
      0.7661279557226307,
      0.7505933049442812,
      0.7350372215580723,
      0.7194674124431693,
      0.7038907795638991,
      0.6883135293567155,
      0.6727412636319567,
      0.6571790558318381,
      0.6416315155565192,
      0.6261028435990517,
      0.6105968792375935,
      0.5951171411665485,
      0.5796668631716132,
      0.5642490254426161,
      0.5488663822554883,
      0.5335214866286966
    ],
    "QC": [
      0.0,
      0.0,
      0.0,
      0.0,
      0.0,
      0.0,
      0.0,
      0.0,
      0.0,
      0.0,
      0.0,
      0.0,
      0.0,
      0.0,
      0.0,
      0.0,
      0.0,
      0.0,
      0.0,
      0.0,
      0.0,
      0.0,
      0.0,
      0.0,
      0.0,
      0.0,
      0.0,
      0.0,
      0.0,
      0.0,
      0.0,
      0.0
    ],
    "QG": [
      0.0,
      0.0,
      0.0,
      0.0,
      0.0,
      0.0,
      0.0,
      0.0,
      0.0,
      0.0,
      0.0,
      0.0,
      0.0,
      0.0,
      0.0,
      0.0,
      0.0,
      0.0,
      0.0,
      0.0,
      0.0,
      0.0,
      0.0,
      0.0,
      0.0,
      0.0,
      0.0,
      0.0,
      0.0,
      0.0,
      0.0,
      0.0
    ],
    "QI": [
      0.0,
      0.0,
      0.0,
      0.0,
      0.0,
      0.0,
      0.0,
      0.0,
      0.0,
      0.0,
      0.0,
      0.0,
      0.0,
      0.0,
      0.0,
      0.0,
      0.0,
      0.0,
      0.0,
      0.0,
      0.0,
      0.0,
      0.0,
      0.0,
      0.0,
      0.0,
      0.0,
      0.0,
      0.0,
      0.0,
      0.0,
      0.0
    ],
    "QR": [
      0.0,
      0.0,
      0.0,
      0.0,
      0.0,
      0.0,
      0.0,
      0.0,
      0.0,
      0.0,
      0.0,
      0.0,
      0.0,
      0.0,
      0.0,
      0.0,
      0.0,
      0.0,
      0.0,
      0.0,
      0.0,
      0.0,
      0.0,
      0.0,
      0.0,
      0.0,
      0.0,
      0.0,
      0.0,
      0.0,
      0.0,
      0.0
    ],
    "QS": [
      0.0,
      0.0,
      0.0,
      0.0,
      0.0,
      0.0,
      0.0,
      0.0,
      0.0,
      0.0,
      0.0,
      0.0,
      0.0,
      0.0,
      0.0,
      0.0,
      0.0,
      0.0,
      0.0,
      0.0,
      0.0,
      0.0,
      0.0,
      0.0,
      0.0,
      0.0,
      0.0,
      0.0,
      0.0,
      0.0,
      0.0,
      0.0
    ],
    "QV": [
      0.01517272061223567,
      0.01348645586498358,
      0.01178672706670365,
      0.01020975264933019,
      0.008786497952099489,
      0.007522530614752604,
      0.00641244452849443,
      0.005445653520996356,
      0.004609279495573703,
      0.003889735874294531,
      0.003273627090923762,
      0.002748255551291905,
      0.002301891181180665,
      0.001923893496120344,
      0.001604741450463111,
      0.001336006341404166,
      0.001110290819379084,
      0.0009211492402219243,
      0.0007629994363556788,
      0.000631032506118966,
      0.0005211248437472009,
      0.0004297549987472789,
      0.0003539268308646504,
      0.0002910996611690955,
      0.0002391256053933074,
      0.0001961939388807944,
      0.0001607821311811266,
      0.0001316130651655809,
      0.000107617893672254,
      8.7903966744862e-05,
      7.172727052152543e-05,
      5.84688447107678e-05
    ],
    "RHO": [
      1.161349547645969,
      1.130309091005728,
      1.094548584477285,
      1.052769543651644,
      1.010401623862983,
      0.9679626821434815,
      0.9257976854872673,
      0.8841531779995234,
      0.8432119672129127,
      0.8031120910739947,
      0.7639583985200149,
      0.7258302160492938,
      0.6887867416047625,
      0.6528710182773115,
      0.6181129653190809,
      0.5845317514212998,
      0.5521376899344387,
      0.5209337749519909,
      0.490916940393169,
      0.4620791009509096,
      0.4344080184459446,
      0.4078880266504601,
      0.3825006402350474,
      0.3582250680912784,
      0.3350386472399822,
      0.3129172104419289,
      0.2918353982162232,
      0.2717669240635063,
      0.2526848001627771,
      0.2345615295749282,
      0.21736926997939,
      0.2010799731452232
    ],