{
  "columns": {
    "CLDFRA": [
      0.0,
      0.0,
      0.0,
      0.0,
      0.0,
      0.0,
      0.0,
      0.0,
      0.0,
      0.0,
      0.0,
      0.0,
      0.0,
      0.0,
      0.0,
      0.0,
      0.0,
      0.0,
      0.0,
      0.0,
      0.0,
      0.0,
      0.0,
      0.0,
      0.0,
      0.0,
      0.0,
      0.0,
      0.0,
      0.0,
      0.0,
      0.0
    ],
    "DZ": [
      297.3017787506803,
      362.4521766357669,
      391.9341220257944,
      412.397618533384,
      428.3146230079283,
      441.4416507151416,
      452.6657695845734,
      462.5018461716736,
      471.2769759904795,
      479.212684269211,
      486.4663482018459,
      493.1540104636688,
      499.3638243987834,
      505.1644135634961,
      510.6103000298235,
      515.7455585443913,
      520.6063522550967,
      525.2227386398781,
      529.6199849271325,
      533.8195452584732,
      537.8397992729751,
      541.6966190332132,
      545.4038102315881,
      548.9734598450395,
      552.4162131695157,
      555.7414968463618,
      558.9577000931458,
      562.0723232370765,
      565.0921004130414,
      568.0231016599464,
      570.8708184489078,
      573.6402357819661
    ],
    "P": [
      98321.52403896356,
      94653.84376083929,
      90581.55855606185,
      86390.79024718233,
      82183.67429146264,
      78012.6827337507,
      73910.57762382035,
      69899.70221643739,
      65995.77118304372,
      62209.94568082412,
      58550.09146974615,
      55021.59993772781,
      51627.9544155797,
      48371.13793692618,
      45251.93696193951,
      42270.17384219853,
      39424.88871119323,
      36714.48439721993,
      34136.84361263965,
      31689.42490899709,
      29369.34206821933,
      27173.43036742512,
      25098.30229788205,
      23140.3947091335,
      21296.00890697623,
      19561.34490713846,
      17932.53080112959,
      16405.64800385179,
      14976.75300839324,
      13641.89616090248,
      12397.1378796943,
      11238.56267206001
    ],
    "P8W": [
      100000.0,
      96643.04807792712,
      92664.63944375144,
      88498.47766837224,
      84283.10282599244,
      80084.24575693283,
      75941.11971056856,
      71880.03553707215,
      67919.36889580263,
      64072.17347028482,
      60347.71789136343,
      56752.46504812886,
      53290.73482732676,
      49965.17400383265,
      46777.10187001972,
      43726.77205385932,
      40813.57563053774,
      38036.20179184873,
      35392.76700259113,
      32880.92022268817,
      30497.92959530602,
      28240.75454113264,
      26106.10619371761,
      24090.4984020465,
      22190.29101622049,
      20401.72679773196,
      18720.96301654496,
      17144.09858571423,
      15667.19742198936,
      14286.30859479713,
      12997.48372700784,
      11796.79203238077,
      10680.33331173926
    ],
    "PI": [
      0.9951753277177283,
      0.9844243748130783,
      0.9721329284839665,
      0.9590645577029453,
      0.945481456184446,
      0.9315154465075356,
      0.9172497434646275,
      0.9027435180182249,
      0.8880413201001873,
      0.8731780429017352,
      0.8581818158642189,
      0.8430758184262309,
      0.8278794822844565,
      0.8126093241150426,
      0.7972795431819418,
      0.781902462927314,
      0.7664888653335872,
      0.7510482493726985,
      0.7355890343364743,
      0.720118722267081,
      0.7046440294628328,
      0.6891709942168907,
      0.6737050660278245,
      0.6582511801851492,
      0.6428138206840706,
      0.6273970737375734,
      0.6120046736499443,
      0.5966400424403229,
      0.5813063243216633,
      0.5660064159246471,
      0.5507429929901633,
      0.5355185341256011
    ],
    "QC": [
      0.0,
      0.0,
      0.0,
      0.0,
      0.0,
      0.0,
      0.0,
      0.0,
      0.0,
      0.0,
      0.0,
      0.0,
      0.0,
      0.0,
      0.0,
      0.0,
      0.0,
      0.0,
      0.0,
      0.0,
      0.0,
      0.0,
      0.0,
      0.0,
      0.0,
      0.0,
      0.0,
      0.0,
      0.0,
      0.0,
      0.0,
      0.0
    ],
    "QG": [
      0.0,
      0.0,
      0.0,
      0.0,
      0.0,
      0.0,
      0.0,
      0.0,
      0.0,
      0.0,
      0.0,
      0.0,
      0.0,
      0.0,
      0.0,
      0.0,
      0.0,
      0.0,
      0.0,
      0.0,
      0.0,
      0.0,
      0.0,
      0.0,
      0.0,
      0.0,
      0.0,
      0.0,
      0.0,
      0.0,
      0.0,
      0.0
    ],
    "QI": [
      0.0,
      0.0,
      0.0,
      0.0,
      0.0,
      0.0,
      0.0,
      0.0,
      0.0,
      0.0,
      0.0,
      0.0,
      0.0,
      0.0,
      0.0,
      0.0,
      0.0,
      0.0,
      0.0,
      0.0,
      0.0,
      0.0,
      0.0,
      0.0,
      0.0,
      0.0,
      0.0,
      0.0,
      0.0,
      0.0,
      0.0,
      0.0
    ],
    "QR": [
      0.0,
      0.0,
      0.0,
      0.0,
      0.0,
      0.0,
      0.0,
      0.0,
      0.0,
      0.0,
      0.0,
      0.0,
      0.0,
      0.0,
      0.0,
      0.0,
      0.0,
      0.0,
      0.0,
      0.0,
      0.0,
      0.0,
      0.0,
      0.0,
      0.0,
      0.0,
      0.0,
      0.0,
      0.0,
      0.0,
      0.0,
      0.0
    ],
    "QS": [
      0.0,
      0.0,
      0.0,
      0.0,
      0.0,
      0.0,
      0.0,
      0.0,
      0.0,
      0.0,
      0.0,
      0.0,
      0.0,
      0.0,
      0.0,
      0.0,
      0.0,
      0.0,
      0.0,
      0.0,
      0.0,
      0.0,
      0.0,
      0.0,
      0.0,
      0.0,
      0.0,
      0.0,
      0.0,
      0.0,
      0.0,
      0.0
    ],
    "QV": [
      0.0084367212519058,
      0.007309456954401205,
      0.006203861752821101,
      0.005208631927035656,
      0.004338608629940515,
      0.003591163532400639,
      0.002956792527973105,
      0.00242336142194858,
      0.001978146306969742,
      0.001608869905646851,
      0.001304215598518489,
      0.001054051002681294,
      0.0008494859236892902,
      0.0006828366509816303,
      0.0005475397583503481,
      0.0004380417555879222,
      0.0003496806623008404,
      0.0002785691141750761,
      0.000221484488750898,
      0.000175768897931453,
      0.0001392402181322873,
      0.0001101142870337493,
      8.69377738108659e-05,
      6.853088482424965e-05,
      5.393890296209966e-05,
      4.239151097702899e-05,
      3.326887306365098e-05,
      2.607351473564783e-05,
      2.040712886051106e-05,
      1.595153243423122e-05,
      1.245309600617212e-05,
      9.710060532015283e-06
    ],
    "RHO": [
      1.156701236747357,
      1.125730137366225,
      1.090816851724018,
      1.049368903799839,
      1.006754704960724,
      0.9641395641150289,
      0.9218655792955066,
      0.8801741461844425,
      0.8392417085177214,
      0.7991994073602348,
      0.7601451138532601,
      0.7221513936105085,
      0.6852710894300158,
      0.6495414054571893,
      0.6149869924677569,
      0.5816223358260454,
      0.5494536383498869,
      0.5184803264618087,
      0.4886962687987173,
      0.4600907712804882,
      0.4326493958255384,
      0.4063546382765295,
      0.3811864928176231,
      0.3571229241137579,
      0.3341402638874172,
      0.3122135452207691,
      0.2913167852320707,
      0.2714232247200133,
      0.2525055317539858,
      0.234535974908143,
      0.2174865708162344,
      0.2013292099051963
    ],