{
  "columns": {
    "CLDFRA": [
      0.0,
      0.0,
      0.9,
      0.9,
      0.9,
      0.0,
      0.0,
      0.0,
      0.0,
      0.0,
      0.0,
      0.0,
      0.0,
      0.0,
      0.0,
      0.0,
      0.0,
      0.0,
      0.0,
      0.0,
      0.0,
      0.0,
      0.0,
      0.0,
      0.0,
      0.0,
      0.0,
      0.0,
      0.0,
      0.0,
      0.0,
      0.0
    ],
    "DZ": [
      297.3017787506803,
      362.4521766357669,
      391.9341220257944,
      412.397618533384,
      428.3146230079283,
      441.4416507151416,
      452.6657695845734,
      462.5018461716736,
      471.2769759904795,
      479.212684269211,
      486.4663482018459,
      493.1540104636688,
      499.3638243987834,
      505.1644135634961,
      510.6103000298235,
      515.7455585443913,
      520.6063522550967,
      525.2227386398781,
      529.6199849271325,
      533.8195452584732,
      537.8397992729751,
      541.6966190332132,
      545.4038102315881,
      548.9734598450395,
      552.4162131695157,
      555.7414968463618,
      558.9577000931458,
      562.0723232370765,
      565.0921004130414,
      568.0231016599464,
      570.8708184489078,
      573.6402357819661
    ],
    "P": [
      98785.6591423709,
      95051.64911598481,
      90929.59144052319,
      86703.25796455698,
      82465.71130715712,
      78268.52696700548,
      74144.49879507528,
      70115.8314665509,
      66197.9981748254,
      62401.85661930688,
      58734.93385967928,
      55202.26556208798,
      51806.97501119639,
      48550.68979978445,
      45433.85182792942,
      42455.95413375361,
      39615.7257571057,
      36911.27860055413,
      34340.22580742661,
      31899.77834059091,
      29586.82457517938,
      27397.9964486904,
      25329.72482787345,
      23378.286122502,
      21539.84171927573,
      19810.47147158445,
      18186.20222761242,
      16663.03218655225,
      15236.95172418472,
      13903.96121330006,
      12660.08627320841,
      11501.39080999861
    ],
    "P8W": [
      100500.0,
      97071.3182847418,
      93031.97994722781,
      88827.20293381858,
      84579.31299529539,
      80352.10961901885,
      76184.9443149921,
      72104.05327515845,
      68127.60965794334,
      64268.38669170748,
      60535.32654690628,
      56934.54117245228,
      53469.98995172369,
      50143.96007066911,
      46957.41952889979,
      43910.28412695905,
      41001.62414054817,
      38229.82737366323,
      35592.72982744504,
      33087.72178740818,
      30711.83489377364,
      28461.81425658512,
      26334.17864079567,
      24325.27101495123,
      22431.30123005276,
      20648.38220849871,
      18972.56073467018,
      17399.84372055466,
      15926.22065254984,
      14547.6827958196,
      13260.23963078051,
      12059.9329156363,
      10942.84870436091
    ],
    "PI": [
      0.9965153022297129,
      0.9856046842835106,
      0.9731986483299936,
      0.9600543801529472,
      0.9464073772307999,
      0.9323872616730665,
      0.9180782428710813,
      0.9035401459928506,
      0.8888179487976673,
      0.8739468134999209,
      0.8589550236183221,
      0.8438658278313119,
      0.8286986636354967,
      0.8134700056010827,
      0.7981939744050689,
      0.7828827868916334,
      0.7675470967457932,
      0.7521962576634804,
      0.7368385302249403,
      0.7214812469943772,
      0.7061309460461482,
      0.6907934802417044,
      0.6754741076193455,
      0.6601775668902646,
      0.644908141060854,
      0.6296697114966179,
      0.6144658042250829,
      0.5992996298891482,
      0.5841741184712531,
      0.5690919496869489,
      0.5540555797759608,
      0.5390672652868321
    ],
    "QC": [
      0.0,
      0.0,
      0.0002,
      0.0002,
      0.0002,
      0.0,
      0.0,
      0.0,
      0.0,
      0.0,
      0.0,
      0.0,
      0.0,
      0.0,
      0.0,
      0.0,
      0.0,
      0.0,
      0.0,
      0.0,
      0.0,
      0.0,
      0.0,
      0.0,
      0.0,
      0.0,
      0.0,
      0.0,
      0.0,
      0.0,
      0.0,
      0.0
    ],
    "QG": [
      0.0,
      0.0,
      0.0,
      0.0,
      0.0,
      0.0,
      0.0,
      0.0,
      0.0,
      0.0,
      0.0,
      0.0,
      0.0,
      0.0,
      0.0,
      0.0,
      0.0,
      0.0,
      0.0,
      0.0,
      0.0,
      0.0,
      0.0,
      0.0,
      0.0,
      0.0,
      0.0,
      0.0,
      0.0,
      0.0,
      0.0,
      0.0
    ],
    "QI": [
      0.0,
      0.0,
      0.0,
      0.0,
      0.0,
      0.0,
      0.0,
      0.0,
      0.0,
      0.0,
      0.0,
      0.0,
      0.0,
      0.0,
      0.0,
      0.0,
      0.0,
      0.0,
      0.0,
      0.0,
      0.0,
      0.0,
      0.0,
      0.0,
      0.0,
      0.0,
      0.0,
      0.0,
      0.0,
      0.0,
      0.0,
      0.0
    ],
    "QR": [
      0.0,
      0.0,
      0.0,
      0.0,
      0.0,
      0.0,
      0.0,
      0.0,
      0.0,
      0.0,
      0.0,
      0.0,
      0.0,
      0.0,
      0.0,
      0.0,
      0.0,
      0.0,
      0.0,
      0.0,
      0.0,
      0.0,
      0.0,
      0.0,
      0.0,
      0.0,
      0.0,
      0.0,
      0.0,
      0.0,
      0.0,
      0.0
    ],
    "QS": [
      0.0,
      0.0,
      0.0,
      0.0,
      0.0,
      0.0,
      0.0,
      0.0,
      0.0,
      0.0,
      0.0,
      0.0,
      0.0,
      0.0,
      0.0,
      0.0,
      0.0,
      0.0,
      0.0,
      0.0,
      0.0,
      0.0,
      0.0,
      0.0,
      0.0,
      0.0,
      0.0,
      0.0,
      0.0,
      0.0,
      0.0,
      0.0
    ],
    "QV": [
      0.00649858658222468,
      0.005510449592224103,
      0.004563316404417485,
      0.003732083682569348,
      0.003024629623065412,
      0.002433546301691971,
      0.001946090954392223,
      0.001548103785606808,
      0.0012257907088092,
      0.0009665364161000119,
      0.0007592257911065964,
      0.0005943058753416471,
      0.0004637124636654742,
      0.0003607310296007968,
      0.0002798318625399973,
      0.0002165020393936386,
      0.0001670865580022223,
      0.0001286447483670367,
      9.882435039893574e-05,
      7.575346253429153e-05,
      5.794934791838674e-05,
      4.424247111389737e-05,
      3.371389629538075e-05,
      2.564415801108777e-05,
      1.947182150732017e-05,
      1.476011989439879e-05,
      1.117025166014349e-05,
      8.440120932484608e-06,
      6.367491105975465e-06,
      4.796693040427577e-06,
      3.6081791356586e-06,
      2.710343790972354e-06
    ],
    "RHO": [
      1.181514792148702,
      1.14304892158322,
      1.10096772136824,
      1.057494248709285,
      1.013576585226507,
      0.9697528662690038,
      0.9263746117976925,
      0.8836868466590986,
      0.8418658926700053,
      0.8010402818067188,
      0.7613036345975198,
      0.7227232129235549,
      0.6853459192809763,
      0.6492026771330763,
      0.6143117260094616,
      0.5806811566566408,
      0.5483108956055504,
      0.5171942800879626,
      0.4873193217135785,
      0.4586697296980434,
      0.431225745791889,
      0.404964830070881,
      0.3798622274526207,
      0.3558914380059061,
      0.3330246090589277,
      0.311232863291263,
      0.2904865740753275,
      0.2707555970807493,
      0.2520094654031099,
      0.2342175541055395,
      0.217349218978588,
      0.2013739134640442
    ],
    "RTHRATEN": [
      0.0,
      0.0,
      0.0,
      0.0,
      0.0,
      0.0,
      0.0,
      0.0,
      0.0,
      0.0,
      0.0,
      0.0,
      0.0,
      0.0,
      0.0,
      0.0,
      0.0,
      0.0,
      0.0,
      0.0,
      0.0,
      0.0,
      0.0,
      0.0,
      0.0,
      0.0,
      0.0,
      0.0,
      0.0,
      0.0,
      0.0,
      0.0
    ],