{
  "schema": "dycore_realinit_step1b_spatial",
  "late_step": 200,
  "step1_w_vs_k": [
    1.2160379178737695,
    1.1852746600134838,
    1.319145366428496,
    1.6691300795542732,
    2.0467739612439066,
    2.4539371959767995,
    3.032760190324857,
    3.5151163952099402,
    4.16046622285111,
    5.309146701773831,
    6.253606105387551,
    8.620020682149049,
    11.501356287010154,
    13.532806600938313,
    13.455685256467715,
    12.240095744355145,
    10.703941853280936,
    8.995897932996558,
    7.611292049545648,
    6.1910360835907134,
    4.790361786791943,
    3.4063859897028026,
    1.975781141366215,
    0.5795653883940091,
    0.9059680681274132,
    1.0621221750848007,
    0.5403712359458145,
    2.358951418298625,
    3.4548047831622326,
    4.339921932067165,
    5.490964499557894,
    6.140847519724306,
    6.895345574303264,
    7.012036576133078,
    7.697796464971707,
    8.72200433910132,
    9.002660520153894,
    7.5441486236796,
    1.5654159808002737,
    14.361829404645102,
    39.50757711587656,
    54.84239462159525,
    41.077635127169295,
    21.640450671914895,
    307.26880387432624
  ],
  "step1_w_top_face_k44": 307.26880387432624,
  "step1_w_interior_max_k0_40": 39.50757711587656,
  "late_u_vs_x": [
    68.57885937713684,
    63.15061572484077,
    58.823819105517785,
    54.77715936422087,
    50.866958176464735,
    49.48155772166948,
    49.84518328467412,
    50.538981945407215,
    52.11049094077441,
    53.219312965502766,
    53.84261305561827,
    53.878370992087845,
    53.969013672620285,
    53.778299098456664,
    53.40665214822359,
    52.916272242495126,
    52.255453044961314,
    51.77975164704446,
    51.5312070355689,
    51.4749996638208,
    51.08075637847442,
    49.81957350612163,
    48.12429311202901,
    48.743564021089185,
    50.02022545430282,
    50.60202163322125,
    51.40288593693324,
    51.179149386887765,
    49.36509758296345,
    46.5486675675784,
    43.649800641006,
    41.2850336234253,
    39.60678819566035,
    38.48573732084002,
    37.76605681556409,
    37.31885716971256,
    37.068753189002344,
    36.952294864367644,
    36.88705261521058,
    36.8524062421475,
    36.84510841872192,
    36.86494421716998,
    36.88662856463419,
    36.900651197808166,
    36.89963368259997,
    36.88358544440386,
    36.858353268559135,
    36.827101320540926,
    36.78887491133766,
    36.74537854430397,
    36.704985954957166,
    36.672887562520806,
    36.647008304435346,
    36.63048917001482,
    36.62473439285959,
    36.624395998596476,
    36.63415764633048,
    36.649279940209325,
    36.670276612320386,
    36.696130637874084,
    36.72175262039804,
    36.75132143210077,
    36.77680043019924,
    36.79672014882608,
    36.81051471000857,
    36.82261926322726,
    36.833880643173956,
    36.83559985405599,
    36.83808765153282,
    36.841859963181626,
    36.85261169476107,
    36.862512182860335,
    36.86598246639448,
    36.87126184651357,
    36.86766252456564,
    36.85890833678098,
    36.842237719778176,
    36.817447689343574,
    36.781203146297486,
    36.73688935153261,
    36.683029636702244,
    36.621685545721114,
    36.55113383131775,
    36.47452140300941,
    36.39633078154688,
    36.32126112476089,
    36.2463384513575,
    36.173445647282115,
    36.11289135061608,
    36.066585509869356,
    36.03223297567574,
    36.009340019548006,
    35.99180432702275,
    35.975734709206925,
    35.955035332475404,
    35.930746509592396,
    35.90727483045357,
    35.88770373428367,
    35.874151432268306,
    35.86655163651805,
    35.86958596525826,
    35.884938852403394,
    35.91402494500881,
    35.9566537631742,
    36.00973181071458,
    36.06845696323831,
    36.136478891171606,
    36.21377970827175,
    36.307448550130836,
    36.40726505433921,
    36.507988594112966,
    36.601620054491036,
    36.69238462673557,
    36.786288279117656,
    36.879433656905505,
    36.9768701506299,
    37.070264974932535,
    37.16187015186253,
    37.244479479835384,
    37.322630516968474,
    37.39882896174678,
    37.459464066391995,
    37.51290863144152,
    37.55025338201754,
    37.56623550752646,
    37.57130945020788,
    37.5658380051714,
    37.55706552386091,
    37.54931966608104,
    37.58881525203008,
    37.64109298982184,
    37.73724100036293,
    37.84453197819744,
    37.996066696722764,
    38.17550583304722,
    38.41200810231469,
    38.69105531342143,
    39.0425520225799,
    39.46355634897639,
    40.01052974903151,
    40.68302383786827,
    41.449595284882996,
    42.32191817999377,
    43.30136884611554,
    44.391756327094384,
    45.54002950631662,
    46.727535983583095,
    47.84500444959411,
    48.77625136940511,
    49.58885569351415,
    50.03644322202585,
    50.14925486446718,
    50.14189876690856,
    50.64629782130616,
    52.027737885779494,
    54.32445445367837,
    57.58429449313296,
    61.5248173718622,
    67.18844046764026,
    70.15203526159789
  ],
  "late_u_east_edge_x159": 70.15203526159789,
  "late_u_west_edge_x0": 68.57885937713684,
  "late_u_interior_max_x10_149": 53.969013672620285,
  "late_u_vs_k": [
    31.57441594270652,
    30.36078182168223,
    29.10348024736311,
    27.374996350646942,
    25.164482022549866,
    22.639029334785057,
    21.99391713911864,
    22.592336536201785,
    21.58329403353249,
    21.404200024687256,
    25.107050576375922,
    25.185009496442554,
    27.478909962120472,
    28.040643734703114,
    28.415211314299484,
    28.93990796215555,
    31.37356944276521,
    41.682834588110694,
    47.20923180570805,
    48.83264230581928,
    50.73766597889625,
    52.33374729795207,
    54.11577532066676,
    55.80725970703903,
    57.603041793135155,
    59.559837165818514,
    61.45596441318338,
    63.210908650588046,
    64.85994596798781,
    67.2483308534523,
    69.56446822312544,
    70.15203526159789,
    68.79096339688621,
    66.18806223156656,
    61.83143156891512,
    56.778560538671364,
    51.2993309249038,
    50.45800325649978,
    47.98103249117976,
    43.878719461871235,
    31.139821217013797,
    23.027766310148063,
    20.6578980753904,
    17.685205255481446
  ],
  "late_w_vs_k": [
    6.894804064958508,
    6.667227154006111,
    6.286282751994958,
    5.753078558677721,
    5.09711268553554,
    4.608840271507797,
    4.205504980244397,
    3.9090129224138557,
    3.9634264975681175,
    5.170784760985279,
    6.17013918661715,
    7.094843958255446,
    8.484946526186983,
    9.666913703090332,
    10.940049833219199,
    12.167829993213118,
    12.832018570456631,
    12.774506609656436,
    12.125292105203542,
    11.077909395659315,
    9.775866806989956,
    8.469018369398967,
    8.429858811035494,
    8.541409144203433,
    8.63495715861701,
    8.667457807527082,
    8.561095999756915,
    8.281574811986673,
    7.895392474909736,
    9.494021190786867,
    11.052529264159515,
    12.294970340824037,
    13.219465193595477,
    13.947229066625763,
    14.464508832191793,
    14.489036718711048,
    14.613455087635215,
    14.176457496335095,
    12.470403553688563,
    9.559907667584735,
    6.851828413333963,
    4.393464566773705,
    2.3082522872016122,
    0.993048921813557,
    4.4903459473721
  ]
}
