{
  "scalars": {
    "SCHEME": "Ferrier new-Eta (mp_physics=95)",
    "CASE": 3,
    "KX": 40,
    "DT": 90.0,
    "RAINNC": 0.005165128502994776,
    "RAINNCV": 0.005165128502994776,
    "SR": 1.0
  },
  "columns": {
    "T_IN": [
      256.9897766113281,
      254.4361114501953,
      252.9365692138672,
      251.5083923339844,
      249.9977722167969,
      248.4149322509766,
      246.7661895751953,
      245.0559539794922,
      243.2872772216797,
      241.4624786376953,
      239.5833587646484,
      237.6513671875,
      235.6676483154297,
      233.6331329345703,
      231.5486450195312,
      229.4148712158203,
      227.2323760986328,
      225.001708984375,
      222.7233123779297,
      220.3975830078125,
      218.0248870849609,
      215.6055603027344,
      213.1399383544922,
      210.6282501220703,
      208.0708160400391,
      205.4678649902344,
      202.8196563720703,
      200.1264038085938,
      197.3883361816406,
      194.6056518554688,
      191.7785949707031,
      188.9073181152344,
      185.9920806884766,
      183.0330657958984,
      180.0304412841797,
      176.9844665527344,
      173.8952789306641,
      170.7631378173828,
      167.5881958007812,
      164.3706817626953
    ],
    "QV_IN": [
      0.00134953623637557,
      0.001125082490034401,
      0.000999299343675375,
      0.0008908910676836967,
      0.0007895312737673521,
      0.0006960179889574647,
      0.0006105228676460683,
      0.0005329012637957931,
      0.000462826807051897,
      0.0003998857864644378,
      0.0003436233673710376,
      0.0002935717639047652,
      0.0002492645580787212,
      0.0002102471626130864,
      0.000176081812242046,
      0.0001463483495172113,
      0.0001206440865644254,
      9.858504927251488e-05,
      7.980436930665746e-05,
      6.395269156200811e-05,
      5.069859980721958e-05,
      3.972880949731916e-05,
      3.074931009905413e-05,
      2.348569432797376e-05,
      1.768506081134547e-05,
      1.311620508204214e-05,
      9.570582733431365e-06,
      6.862594545964384e-06,
      4.829554200114217e-06,
      3.331138714202098e-06,
      2.248507598778815e-06,
      1.482830498389376e-06,
      9.53679659687623e-07,
      5.969815788375854e-07,
      3.629183993325569e-07,
      2.137438457339158e-07,
      1.216282186078388e-07,
      6.666976304359196e-08,
      3.508387536044211e-08,
      1.765760337946176e-08
    ],
    "QC_IN": [
      0.0,
      0.0,
      0.0,
      0.0,
      0.0,
      0.0,
      0.0,
      0.0,
      0.0,
      0.0,
      0.0,
      0.0,
      0.0,
      0.0,
      0.0,
      0.0,
      0.0,
      0.0,
      0.0,
      0.0,
      0.0,
      0.0,
      0.0,
      0.0,
      0.0,
      0.0,
      0.0,
      0.0,
      0.0,
      0.0,
      0.0,
      0.0,
      0.0,
      0.0,
      0.0,
      0.0,
      0.0,
      0.0,
      0.0,
      0.0
    ],
    "QR_IN": [
      0.0,
      0.0,
      0.0,
      0.0,
      0.0,
      0.0,
      0.0,
      0.0,
      0.0,
      0.0,
      0.0,
      0.0,
      0.0,
      0.0,
      0.0,
      0.0,
      0.0,
      0.0,
      0.0,
      0.0,
      0.0,
      0.0,
      0.0,
      0.0,
      0.0,
      0.0,
      0.0,
      0.0,
      0.0,
      0.0,
      0.0,
      0.0,
      0.0,
      0.0,
      0.0,
      0.0,
      0.0,
      0.0,
      0.0,
      0.0
    ],
    "QI_IN": [
      4.201001047476893e-06,
      5.884087840968277e-06,
      8.411715498368721e-06,
      1.204619275085861e-05,
      1.712869925540872e-05,
      2.404714359727222e-05,
      3.319693496450782e-05,
      4.492096559260972e-05,
      5.942751522525214e-05,
      7.669314800295979e-05,
      9.636638424126431e-05,
      0.0001176953373942524,
      0.0001395073049934581,
      0.0001602649281267077,
      0.0001782102335710078,
      0.0001915885513881221,
      0.0001989182055694982,
      0.0001992519246414304,
      0.0001923687668750063,
      0.0001788441004464403,
      0.0001599730312591419,
      0.0001375601859763265,
      0.0001136242572101764,
      9.00853265193291e-05,
      6.850580393802375e-05,
      4.993309630663134e-05,
      3.486151763354428e-05,
      2.329808376089204e-05,
      1.489488295192132e-05,
      9.104037417273503e-06,
      5.316869646776468e-06,
      2.965204430438462e-06,
      1.578297769810888e-06,
      8.013545311769121e-07,
      3.879114558458241e-07,
      1.78932936023557e-07,
      7.861059714286966e-08,
      3.287701488829953e-08,
      1.308331221139269e-08,
      4.951668408637033e-09
    ],
    "QS_IN": [
      3.48412650055252e-05,
      4.602967601385899e-05,
      6.165326340124011e-05,
      8.238305599661544e-05,
      0.0001089667421183549,
      0.000141951852128841,
      0.0001814599527278915,
      0.0002269628021167591,
      0.0002770916617009789,
      0.0003295343485660851,
      0.0003810763882938772,
      0.0004278272681403905,
      0.0004656377423088998,
      0.0004906636313535273,
      0.0004999801167286932,
      0.0004921187646687031,
      0.0004673929361160845,
      0.0004279211570974439,
      0.0003773229254875332,
      0.0003201473446097225,
      0.0002611632226034999,
      0.0002046698791673407,
      0.0001539735094411299,
      0.0001111146193579771,
      7.686436583753675e-05,
      5.093470826977864e-05,
      3.231137816328555e-05,
      1.960996269190218e-05,
      1.137921481131343e-05,
      6.309652235358953e-06,
      3.341243655086146e-06,
      1.68879682860279e-06,
      8.14289251138689e-07,
      3.743544993994874e-07,
      1.640084121845575e-07,
      6.843992395033638e-08,
      2.718958214131817e-08,
      1.02786206213068e-08,
      3.695785455448686e-09,
      1.263322224609453e-09
    ],
    "FICE_IN": [
      1.0,
      1.0,
      1.0,
      1.0,
      1.0,
      1.0,
      1.0,
      1.0,
      1.0,
      1.0,
      1.0,
      1.0,
      1.0,
      1.0,
      1.0,
      1.0,
      1.0,
      1.0,
      1.0,
      1.0,
      1.0,
      1.0,
      1.0,
      1.0,
      1.0,
      1.0,
      1.0,
      1.0,
      1.0,
      1.0,
      1.0,
      1.0,
      1.0,
      1.0,
      1.0,
      1.0,
      1.0,
      1.0,
      1.0,
      1.0
    ],
    "FRAIN_IN": [
      0.0,
      0.0,
      0.0,
      0.0,
      0.0,
      0.0,
      0.0,
      0.0,
      0.0,
      0.0,
      0.0,
      0.0,
      0.0,
      0.0,
      0.0,
      0.0,
      0.0,
      0.0,
      0.0,
      0.0,
      0.0,
      0.0,
      0.0,
      0.0,
      0.0,
      0.0,
      0.0,
      0.0,
      0.0,
      0.0,
      0.0,
      0.0,
      0.0,
      0.0,
      0.0,
      0.0,
      0.0,
      0.0,
      0.0,
      0.0
    ],
    "FRIMEF_IN": [
      1.0,
      1.0,
      1.0,
      1.0,
      1.0,
      1.0,
      1.0,
      1.0,
      1.0,
      1.0,
      1.0,
      1.0,
      1.0,
      1.0,
      1.0,
      1.0,
      1.0,
      1.0,
      1.0,
      1.0,
      1.0,
      1.0,
      1.0,
      1.0,
      1.0,
      1.0,
      1.0,
      1.0,
      1.0,
      1.0,
      1.0,
      1.0,
      1.0,
      1.0,
      1.0,
      1.0,
      1.0,
      1.0,
      1.0,
      1.0
    ],