{
  "scalars": {
    "SCHEME": "Ferrier new-Eta (mp_physics=95)",
    "CASE": 5,
    "KX": 40,
    "DT": 90.0,
    "RAINNC": 0.06517065316438675,
    "RAINNCV": 0.06517065316438675,
    "SR": 0.0
  },
  "columns": {
    "T_IN": [
      281.9895324707031,
      279.8318481445312,
      278.7015075683594,
      277.4814453125,
      276.1872863769531,
      274.8273620605469,
      273.4067687988281,
      271.9290771484375,
      270.3966369628906,
      268.8113403320312,
      267.1746215820312,
      265.4874877929688,
      263.7508850097656,
      261.9655151367188,
      260.1319885253906,
      258.2508544921875,
      256.3224792480469,
      254.3472595214844,
      252.3255767822266,
      250.2576904296875,
      248.1438598632812,
      245.984375,
      243.7794342041016,
      241.5292663574219,
      239.2340545654297,
      236.8939971923828,
      234.5092468261719,
      232.0800170898438,
      229.6064605712891,
      227.0886993408203,
      224.5269775390625,
      221.9213714599609,
      219.2720794677734,
      216.5792388916016,
      213.8430023193359,
      211.0635375976562,
      208.2409515380859,
      205.3754577636719,
      202.4671630859375,
      199.5162506103516
    ],
    "QV_IN": [
      0.00419185496866703,
      0.003692390630021691,
      0.003388692159205675,
      0.003095063380897045,
      0.002817218890413642,
      0.002557389670982957,
      0.002316159661859274,
      0.002093274146318436,
      0.001887970720417798,
      0.001699279062449932,
      0.001526118139736354,
      0.001367375254631042,
      0.001221991842612624,
      0.001088963588699698,
      0.0009673676686361432,
      0.0008563656010665,
      0.0007551932940259576,
      0.0006631669821217656,
      0.0005796704208478332,
      0.000504138006363064,
      0.0004360519524198025,
      0.0003749321331270039,
      0.0003203226369805634,
      0.0002717894094530493,
      0.0002289108088007197,
      0.0001912757579702884,
      0.0001584790297783911,
      0.0001301223674090579,
      0.0001058117995853536,
      8.515993249602616e-05,
      6.778946408303455e-05,
      5.333268563845195e-05,
      4.143736441619694e-05,
      3.176830796292052e-05,
      2.401091842330061e-05,
      1.787374458217528e-05,
      1.309047183895018e-05,
      9.42185943131335e-06,
      6.656070581811946e-06,
      4.609068582794862e-06
    ],
    "QC_IN": [
      0.0,
      0.0,
      0.0,
      0.0,
      0.0,
      0.0,
      0.0,
      0.0,
      0.0,
      0.0,
      0.0,
      0.0,
      0.0,
      0.0,
      0.0,
      0.0,
      0.0,
      0.0,
      0.0,
      0.0,
      0.0,
      0.0,
      0.0,
      0.0,
      0.0,
      0.0,
      0.0,
      0.0,
      0.0,
      0.0,
      0.0,
      0.0,
      0.0,
      0.0,
      0.0,
      0.0,
      0.0,
      0.0,
      0.0,
      0.0
    ],
    "QR_IN": [
      8.595882536610588e-05,
      0.0001236496464116499,
      0.0001780193415470421,
      0.0002502214920241386,
      0.0003390141355339438,
      0.0004389456589706242,
      0.0005396020133048296,
      0.0006264937110245228,
      0.0006839239504188299,
      0.0006993078859522939,
      0.0006674358155578375,
      0.0005927738384343684,
      0.0004885201924480498,
      0.0003726159047801048,
      0.0002624085173010826,
      0.0001702363952063024,
      0.0001015225789160468,
      0.0,
      0.0,
      0.0,
      0.0,
      0.0,
      0.0,
      0.0,
      0.0,
      0.0,
      0.0,
      0.0,
      0.0,
      0.0,
      0.0,
      0.0,
      0.0,
      0.0,
      0.0,
      0.0,
      0.0,
      0.0,
      0.0,
      0.0
    ],
    "QI_IN": [
      0.0,
      0.0,
      0.0,
      0.0,
      0.0,
      0.0,
      0.0,
      0.0,
      0.0,
      0.0,
      0.0,
      0.0,
      0.0,
      0.0,
      0.0,
      0.0,
      0.0,
      0.0,
      0.0,
      0.0,
      0.0,
      0.0,
      0.0,
      0.0,
      0.0,
      0.0,
      0.0,
      0.0,
      0.0,
      0.0,
      0.0,
      0.0,
      0.0,
      0.0,
      0.0,
      0.0,
      0.0,
      0.0,
      0.0,
      0.0
    ],
    "QS_IN": [
      1.294940648222109e-05,
      1.933788553287741e-05,
      2.945583764812909e-05,
      4.471372812986374e-05,
      6.688638677587733e-05,
      9.788532770471647e-05,
      0.000139405150548555,
      0.0001924017851706594,
      0.0002564555907156318,
      0.0003291633038315922,
      0.0004057810583617538,
      0.0004793591506313533,
      0.000541531597264111,
      0.00058393320068717,
      0.0005999656859785318,
      0.0005864285631105304,
      0.0005444734124466777,
      0.000479510665172711,
      0.0004000382032245398,
      0.0003157462924718857,
      0.0002354982862016186,
      0.0001657875982346013,
      0.0001100415247492492,
      6.879310967633501e-05,
      4.046488902531564e-05,
      2.237352600786835e-05,
      1.16173268907005e-05,
      5.659796443069354e-06,
      2.584854655651725e-06,
      1.105713181459578e-06,
      4.426515545219445e-07,
      1.65708911481488e-07,
      5.796363211629796e-08,
      1.893051582158023e-08,
      5.768214350609924e-09,
      1.63862690083505e-09,
      4.336847270192123e-10,
      1.068614779997645e-10,
      2.449803380988325e-11,
      5.221725829507307e-12
    ],
    "FICE_IN": [
      0.1309234499931335,
      0.135241761803627,
      0.1419728249311447,
      0.1516052484512329,
      0.164785161614418,
      0.1823391914367676,
      0.2053073346614838,
      0.2349527925252914,
      0.2727149724960327,
      0.3200510740280151,
      0.3780978918075562,
      0.4471079409122467,
      0.5257323384284973,
      0.6104581952095032,
      0.6957138776779175,
      0.775017499923706,
      0.8428432941436768,
      1.0,
      1.0,
      1.0,
      1.0,
      1.0,
      1.0,
      1.0,
      1.0,
      1.0,
      1.0,
      1.0,
      1.0,
      1.0,
      1.0,
      1.0,
      1.0,
      1.0,
      1.0,
      1.0,
      1.0,
      1.0,
      1.0,
      1.0
    ],
    "FRAIN_IN": [
      1.0,
      1.0,
      1.0,
      1.0,
      1.0,
      1.0,
      1.0,
      1.0,
      1.0,
      1.0,
      1.0,
      1.0,
      1.0,
      1.0,
      1.0,
      1.0,
      1.0,
      0.0,
      0.0,
      0.0,
      0.0,
      0.0,
      0.0,
      0.0,
      0.0,
      0.0,
      0.0,
      0.0,
      0.0,
      0.0,
      0.0,
      0.0,
      0.0,
      0.0,
      0.0,
      0.0,
      0.0,
      0.0,
      0.0,
      0.0
    ],
    "FRIMEF_IN": [
      1.0,
      1.0,
      1.0,
      1.0,
      1.0,
      1.0,
      1.0,
      1.0,
      1.0,
      1.0,
      1.0,
      1.0,
      1.0,
      1.0,
      1.0,
      1.0,
      1.0,
      1.0,
      1.0,
      1.0,
      1.0,
      1.0,
      1.0,
      1.0,
      1.0,
      1.0,
      1.0,
      1.0,
      1.0,
      1.0,
      1.0,
      1.0,
      1.0,
      1.0,
      1.0,
      1.0,
      1.0,
      1.0,
      1.0,
      1.0
    ],
    "PII": [
      0.9819331169128418,
      0.9730646014213562,
      0.9632435441017151,
      0.9528674483299255,
      0.942104160785675,
      0.9310498833656311,
      0.9197681546211243,
      0.9083043336868286,
      0.89669269323349,
      0.8849599957466125,
      0.8731279969215393,
      0.8612143993377686,
      0.8492342233657837,
      0.8372001051902771,
      0.8251230716705322,
      0.8130125403404236,
      0.8008767366409302,
      0.7887229919433594,
      0.7765578031539917,
      0.7643869519233704,
      0.7522155046463013,
      0.7400481104850769,
      0.7278890013694763,
      0.7157418131828308,
      0.7036100029945374,
      0.6914966106414795,
      0.6794044971466064,
      0.667336106300354,
      0.655293881893158,
      0.6432797908782959,
      0.631295919418335,
      0.6193438768386841,
      0.6074253916740417,
      0.5955419540405273,
      0.5836947560310364,
      0.5718851685523987,
      0.5601142644882202,
      0.5483831167221069,
      0.5366926789283752,
      0.525043785572052
    ],