{
  "columns": {
    "DZ": [
      200.957524225555,
      254.3655574225876,
      279.372371651905,
      296.9609103047603,
      310.765067211393,
      322.2278484712306,
      332.0835518397932,
      340.7609078542748,
      348.5336251589715,
      355.5878483543343,
      362.0563026341829,
      368.0371712190049,
      373.6052583140367,
      378.8189505881501,
      383.7247499615278,
      388.360332532221,
      392.7566761230519,
      396.9395787295989,
      400.9307667352678,
      404.7487196799957,
      408.4092947471818,
      411.9262069009073,
      415.311403133127,
      418.5753577945943,
      421.7273082666834,
      424.7754449448094,
      427.7270658176785,
      430.5887033142826,
      433.3662292119207,
      436.0649420292302,
      438.6896403176233,
      441.2446845101185
    ],
    "EXCH_H": [
      0.0,
      115.4743813375831,
      5.665937151020437,
      0.013099517471517,
      0.01275479653077196,
      0.01250815087003827,
      0.01177321028023114,
      0.01171494323093399,
      0.01170869276230908,
      0.01170332171253501,
      0.01169877525818298,
      0.01169499385763826,
      0.01169191464868093,
      0.0116894742783385,
      0.01168761081512291,
      0.01168626501154541,
      0.0116853810992383,
      0.0116849072457521,
      0.01168479576695079,
      0.01168500316458171,
      0.01168549004109504,
      0.01168622093085669,
      0.01168716407715546,
      0.01168829117697343,
      0.01168957710977815,
      0.01169099966219263,
      0.01169253925707672,
      0.01169418138353923,
      0.01178074477844205,
      0.01177174370452793,
      0.0117640592471957,
      0.01175750762186465
    ],
    "EXCH_M": [
      0.0,
      88.99483365907332,
      4.396993380829231,
      0.1023551724828242,
      0.1020936660690695,
      0.1019067087396344,
      0.1015876277138733,
      0.1015354588406714,
      0.1015298625403768,
      0.1015250536197604,
      0.1015209829931632,
      0.1015175973505414,
      0.1015148404087777,
      0.1015126554453636,
      0.1015109870105041,
      0.1015097820574983,
      0.1015089906546449,
      0.1015085663942312,
      0.1015084665826993,
      0.1015086522742839,
      0.1015090881947465,
      0.1015097425902541,
      0.1015105870277238,
      0.1015115961663055,
      0.1015127475145588,
      0.1015140211839385,
      0.10151539964623,
      0.1015168699092386,
      0.1015943736583917,
      0.1015863146286421,
      0.1015794344195869,
      0.1015735684813717
    ],
    "P": [
      99679.59091600752,
      97167.00682434849,
      94278.1002092702,
      91226.92848802026,
      88085.5679193064,
      84897.53330769797,
      81696.88829225388,
      78508.11805932038,
      75346.62867366805,
      72224.38112967298,
      69150.82871155933,
      66133.5205578083,
      63178.51292921355,
      60290.66234207957,
      57473.84228359962,
      54731.10834319399,
      52064.82724955349,
      49476.77986293343,
      46968.24486717029,
      44540.06782347712,
      42192.7188937842,
      39926.34163568578,
      37740.7946500558,
      35635.68742693104,
      33610.4114235977,
      31664.16718155998,
      29795.98812049466,
      28004.76152026994,
      26289.24710499129,
      24648.09356779689,
      23079.8533161157,
      21582.99567030153
    ],
    "PEK": [
      5.9355175783943,
      1.428561238970659,
      0.04269703561150934,
      0.0003694992542231443,
      0.0003475592839312048,
      0.0003254249925092501,
      0.0002849458631814838,
      0.0002778567321034661,
      0.0002771240624516286,
      0.0002764940039137572,
      0.0002759603668583944,
      0.0002755163126609145,
      0.0002751545739819472,
      0.0002748677933010022,
      0.0002746487537114022,
      0.0002744905329080219,
      0.0002743866015387926,
      0.0002743308810067922,
      0.0002743177717788428,
      0.0002743421604477495,
      0.0002743994117617656,
      0.000274485350320823,
      0.0002745962354897159,
      0.0002747287321953435,
      0.0002748798795922477,
      0.0002750470590510873,
      0.0002752279625211378,
      0.0002754208267866364,
      0.0002855369224118866,
      0.0002844900181995021,
      0.0002835953429748454,
      0.0002828322447869845
    ],
    "PEK_ADV": [
      5.9355175783943,
      1.428561238970659,
      0.04269703561150934,
      0.0003694992542231443,
      0.0003475592839312048,
      0.0003254249925092501,
      0.0002849458631814838,
      0.0002778567321034661,
      0.0002771240624516286,
      0.0002764940039137572,
      0.0002759603668583944,
      0.0002755163126609145,
      0.0002751545739819472,
      0.0002748677933010022,
      0.0002746487537114022,
      0.0002744905329080219,
      0.0002743866015387926,
      0.0002743308810067922,
      0.0002743177717788428,
      0.0002743421604477495,
      0.0002743994117617656,
      0.000274485350320823,
      0.0002745962354897159,
      0.0002747287321953435,
      0.0002748798795922477,
      0.0002750470590510873,
      0.0002752279625211378,
      0.0002754208267866364,
      0.0002855369224118866,
      0.0002844900181995021,
      0.0002835953429748454,
      0.0002828322447869845
    ],
    "PEP": [
      0.01273901044444921,
      0.002066158871711862,
      3.818328351003463e-05,
      5.217313376427042e-06,
      5.192695810866123e-06,
      4.998733219891711e-06,
      4.602762335984688e-06,
      4.525287515184271e-06,
      4.517920373009502e-06,
      4.511581749568018e-06,
      4.506211573504772e-06,
      4.50174182655675e-06,
      4.498099947033322e-06,
      4.49521228533317e-06,
      4.493006468735722e-06,
      4.491412985982905e-06,
      4.490366205054659e-06,
      4.48980497680269e-06,
      4.489672936681675e-06,
      4.489918588521629e-06,
      4.490495233717234e-06,
      4.491360793846129e-06,
      4.492477563035286e-06,
      4.4938119173932e-06,
      4.495334001855287e-06,
      4.49701740937809e-06,
      4.498838863252419e-06,
      4.500779416167586e-06,
      4.602321436270272e-06,
      4.591845280528711e-06,
      4.582886494283743e-06,
      4.575248657710973e-06
    ],
    "PEP_ADV": [
      0.01273901044444921,
      0.002066158871711862,
      3.818328351003463e-05,
      5.217313376427042e-06,
      5.192695810866123e-06,
      4.998733219891711e-06,
      4.602762335984688e-06,
      4.525287515184271e-06,
      4.517920373009502e-06,
      4.511581749568018e-06,
      4.506211573504772e-06,
      4.50174182655675e-06,
      4.498099947033322e-06,
      4.49521228533317e-06,
      4.493006468735722e-06,
      4.491412985982905e-06,
      4.490366205054659e-06,
      4.48980497680269e-06,
      4.489672936681675e-06,
      4.489918588521629e-06,
      4.490495233717234e-06,
      4.491360793846129e-06,
      4.492477563035286e-06,
      4.4938119173932e-06,
      4.495334001855287e-06,
      4.49701740937809e-06,
      4.498838863252419e-06,
      4.500779416167586e-06,
      4.602321436270272e-06,
      4.591845280528711e-06,
      4.582886494283743e-06,
      4.575248657710973e-06
    ],
    "PI": [
      0.9990834959808836,
      0.9918224855335463,
      0.983306265480026,
      0.9741068257475419,
      0.9644028885570284,
      0.9542986430607086,
      0.9438779953676155,
      0.933201848842677,
      0.922306731880237,
      0.911221485218205,
      0.899969570514909,
      0.8885705144275365,
      0.8770408629363298,
      0.8653948401441816,
      0.8536448195624846,
      0.8418016714151586,
      0.8298750250886889,
      0.8178734717721732,
      0.8058047238521293,
      0.7936757423345618,
      0.7814928401592478,
      0.7692617670166453,
      0.7569877797497412,
      0.744675701364941,
      0.7323299709289012,
      0.7199546860912202,
      0.7075536395807329,
      0.6951303507324325,
      0.682688092883589,
      0.67022991731137,
      0.6577586742562395,
      0.6452770314757623
    ],