{
  "columns": {
    "DZ": [
      200.957524225555,
      254.3655574225876,
      279.372371651905,
      296.9609103047603,
      310.765067211393,
      322.2278484712306,
      332.0835518397932,
      340.7609078542748,
      348.5336251589715,
      355.5878483543343,
      362.0563026341829,
      368.0371712190049,
      373.6052583140367,
      378.8189505881501,
      383.7247499615278,
      388.360332532221,
      392.7566761230519,
      396.9395787295989,
      400.9307667352678,
      404.7487196799957,
      408.4092947471818,
      411.9262069009073,
      415.311403133127,
      418.5753577945943,
      421.7273082666834,
      424.7754449448094,
      427.7270658176785,
      430.5887033142826,
      433.3662292119207,
      436.0649420292302,
      438.6896403176233,
      441.2446845101185
    ],
    "EXCH_H": [
      0.0,
      0.02649976915732753,
      0.01167677681547396,
      0.01166962718599948,
      0.01166356785285704,
      0.01165805352311892,
      0.0116531374453878,
      0.01164883070102848,
      0.01164512023006803,
      0.01164197872504289,
      0.01163937066522212,
      0.01163725621686964,
      0.01163559382838054,
      0.0116343419722494,
      0.01163346030452541,
      0.01163291041559843,
      0.01163265628993126,
      0.01163266455735563,
      0.01163290459550864,
      0.01163334852711765,
      0.01163397114463414,
      0.01163475354550914,
      0.01174475859528165,
      0.01173951112566688,
      0.01173417907888471,
      0.0117236595318061,
      0.011714496929703,
      0.01170657312067094,
      0.01169977296918551,
      0.01169398619791262,
      0.01168910857093836,
      0.01168498752922733
    ],
    "EXCH_M": [
      0.0,
      0.114772918406085,
      0.1015012868873509,
      0.1014948855315589,
      0.1014894603626821,
      0.1014845231576516,
      0.1014801215921201,
      0.101476265587687,
      0.1014729434512241,
      0.101470130733242,
      0.1014677956305771,
      0.1014659024784555,
      0.1014644140740255,
      0.1014632932360122,
      0.1014625038428259,
      0.1014620115047712,
      0.101461783975664,
      0.1014617913778273,
      0.1014620062938067,
      0.1014624037639395,
      0.1014629612188761,
      0.101463661734391,
      0.1015621537562521,
      0.1015574554820085,
      0.1015526814823665,
      0.1015432629014651,
      0.1015350592489191,
      0.1015279647384942,
      0.1015218762846446,
      0.1015166951515612,
      0.1015123280125655,
      0.1015086382753114
    ],
    "P": [
      100023.9405698841,
      97392.25284207752,
      94377.88401479044,
      91207.06125180933,
      87956.26493035548,
      84669.36692802602,
      81375.61418525515,
      78096.07277156397,
      74846.62791421261,
      71639.60660573823,
      68484.7480006053,
      65389.82782818428,
      62361.08337907788,
      59403.51594553828,
      56521.11400295015,
      53717.02292370373,
      50993.67732255783,
      48352.90648366437,
      45796.01988368949,
      43323.87765832187,
      40936.94944864387,
      38635.36411956725,
      36418.95219476189,
      34287.28239820826,
      32239.69336747657,
      30275.3213670374,
      28393.12465450925,
      26591.90502084058,
      24870.32692483176,
      23226.9345647023,
      21660.16716867836,
      20168.37273859334
    ],
    "PEK": [
      0.1215,
      0.001118076096609162,
      0.0002727991907990719,
      0.0002719799142659904,
      0.0002712715168181791,
      0.0002706263313809694,
      0.0002700507405212903,
      0.0002695461829499354,
      0.0002691112512471989,
      0.0002687428460044608,
      0.0002684368826214436,
      0.0002681887503976229,
      0.0002679936196733656,
      0.0002678466492352079,
      0.0002677431253033621,
      0.0002676785522787346,
      0.0002676487089574663,
      0.0002676496798885043,
      0.0002676778688870069,
      0.0002677299998745387,
      0.0002678031089071831,
      0.0002678949021125861,
      0.0002807133541171354,
      0.0002801064669205384,
      0.0002794893686580254,
      0.0002782704164510603,
      0.0002772071358394495,
      0.0002762864553844315,
      0.0002754954915587057,
      0.0002748217935884927,
      0.0002742535098276348,
      0.0002737733877896122
    ],
    "PEK_ADV": [
      0.1215,
      0.001118076096609162,
      0.0002727991907990719,
      0.0002719799142659904,
      0.0002712715168181791,
      0.0002706263313809694,
      0.0002700507405212903,
      0.0002695461829499354,
      0.0002691112512471989,
      0.0002687428460044608,
      0.0002684368826214436,
      0.0002681887503976229,
      0.0002679936196733656,
      0.0002678466492352079,
      0.0002677431253033621,
      0.0002676785522787346,
      0.0002676487089574663,
      0.0002676496798885043,
      0.0002676778688870069,
      0.0002677299998745387,
      0.0002678031089071831,
      0.0002678949021125861,
      0.0002807133541171354,
      0.0002801064669205384,
      0.0002794893686580254,
      0.0002782704164510603,
      0.0002772071358394495,
      0.0002762864553844315,
      0.0002754954915587057,
      0.0002748217935884927,
      0.0002742535098276348,
      0.0002737733877896122
    ],
    "PEP": [
      0.0001451052908438042,
      7.615859717768936e-06,
      4.461336418434495e-06,
      4.453569519687086e-06,
      4.44653741130068e-06,
      4.440129463343889e-06,
      4.434410156565143e-06,
      4.429394738587969e-06,
      4.425070014662324e-06,
      4.421405802963956e-06,
      4.418361971200968e-06,
      4.415893022028086e-06,
      4.413951170886144e-06,
      4.412488431357476e-06,
      4.41145801762987e-06,
      4.410815264078706e-06,
      4.410518198262088e-06,
      4.410527863819107e-06,
      4.410808463402349e-06,
      4.411327373485096e-06,
      4.412055069778683e-06,
      4.412967094954957e-06,
      4.539885281963183e-06,
      4.533912548086048e-06,
      4.52783634454289e-06,
      4.515820482595614e-06,
      4.505325549680123e-06,
      4.496228424335942e-06,
      4.488406184620278e-06,
      4.481738887218614e-06,
      4.476111552854371e-06,
      4.47136216676586e-06
    ],
    "PEP_ADV": [
      0.0001451052908438042,
      7.615859717768936e-06,
      4.461336418434495e-06,
      4.453569519687086e-06,
      4.44653741130068e-06,
      4.440129463343889e-06,
      4.434410156565143e-06,
      4.429394738587969e-06,
      4.425070014662324e-06,
      4.421405802963956e-06,
      4.418361971200968e-06,
      4.415893022028086e-06,
      4.413951170886144e-06,
      4.412488431357476e-06,
      4.41145801762987e-06,
      4.410815264078706e-06,
      4.410518198262088e-06,
      4.410527863819107e-06,
      4.410808463402349e-06,
      4.411327373485096e-06,
      4.412055069778683e-06,
      4.412967094954957e-06,
      4.539885281963183e-06,
      4.533912548086048e-06,
      4.52783634454289e-06,
      4.515820482595614e-06,
      4.505325549680123e-06,
      4.496228424335942e-06,
      4.488406184620278e-06,
      4.481738887218614e-06,
      4.476111552854371e-06,
      4.47136216676586e-06
    ],
    "PI": [
      1.000068395780562,
      0.9924788498690604,
      0.9836035045594538,
      0.9740462098240533,
      0.9639981989254279,
      0.9535651599213436,
      0.9428159845887144,
      0.9317998305658215,
      0.920553876258157,
      0.9091074103416963,
      0.8974842125322366,
      0.8857040423859199,
      0.8737836225595532,
      0.8617373169009529,
      0.8495776148530291,
      0.8373154877854616,
      0.8249606576897494,
      0.8125218041349983,
      0.8000067266231883,
      0.7874224740119822,
      0.7747754491479075,
      0.7620714945183932,
      0.7493159631477515,
      0.7365137778649232,
      0.7236694812956083,
      0.7107872783741592,
      0.6978710727636198,
      0.6849244982707177,
      0.6719509461161787,
      0.6589535887486081,
      0.6459354007579031,
      0.632899177341444
    ],