{
  "columns": {
    "DZ": [
      200.957524225555,
      254.3655574225876,
      279.372371651905,
      296.9609103047603,
      310.765067211393,
      322.2278484712306,
      332.0835518397932,
      340.7609078542748,
      348.5336251589715,
      355.5878483543343,
      362.0563026341829,
      368.0371712190049,
      373.6052583140367,
      378.8189505881501,
      383.7247499615278,
      388.360332532221,
      392.7566761230519,
      396.9395787295989,
      400.9307667352678,
      404.7487196799957,
      408.4092947471818,
      411.9262069009073,
      415.311403133127,
      418.5753577945943,
      421.7273082666834,
      424.7754449448094,
      427.7270658176785,
      430.5887033142826,
      433.3662292119207,
      436.0649420292302,
      438.6896403176233,
      441.2446845101185
    ],
    "EXCH_H": [
      0.0,
      0.06930739155878789,
      0.01250651684942765,
      0.01249848676092388,
      0.01249394467750199,
      0.01249080705374271,
      0.01248899563387581,
      0.01248838278059688,
      0.01248882325649574,
      0.01249017091772544,
      0.012492287598866,
      0.01249504755750172,
      0.01249833928683688,
      0.01250206576213276,
      0.01250614378151506,
      0.01251050281970961,
      0.01251508366042858,
      0.01251983697349509,
      0.01252472193689965,
      0.01252970496035564,
      0.01253475853829641,
      0.01253986024187366,
      0.01254499184810993,
      0.01255013859767936,
      0.01255528856928089,
      0.01256043215712404,
      0.01256556163791554,
      0.01257067081182477,
      0.01257567851840474,
      0.0125806939957458,
      0.01258574374469011,
      0.01259067864770378
    ],
    "EXCH_M": [
      0.0,
      0.1531003341938645,
      0.1022441870881344,
      0.10223699742135,
      0.1022329307082254,
      0.1022301214652995,
      0.1022284996269793,
      0.1022279509143641,
      0.1022283452904582,
      0.102229551906696,
      0.1022314470579241,
      0.1022339181618129,
      0.1022368653817661,
      0.1022402018475653,
      0.1022438530651684,
      0.1022477558904117,
      0.1022518573045302,
      0.1022561131401979,
      0.1022604868477998,
      0.1022649483525778,
      0.1022694730276727,
      0.1022740407916189,
      0.1022786353286393,
      0.1022832434241054,
      0.1022878544043887,
      0.1022924596690319,
      0.1022970523030546,
      0.1023016267554947,
      0.1023061103600835,
      0.1023106009221526,
      0.1023151221689903,
      0.1023195405895675
    ],
    "P": [
      99321.36620795811,
      96687.81148456951,
      93679.19298618741,
      90523.28797810186,
      87297.24268269655,
      84045.0698872891,
      80795.82314125562,
      77570.14176983922,
      74383.316636804,
      71246.9602339433,
      68170.01332752744,
      65159.39787811815,
      62220.46478798833,
      59357.31463783287,
      56573.03559715816,
      53869.88496982463,
      51249.43099613853,
      48712.66577975381,
      46260.0966937778,
      43891.82139217309,
      41607.59009255404,
      39406.85781204577,
      37288.8285570669,
      35252.49298635792,
      33296.6607190894,
      31419.98820459953,
      29621.00287973103,
      27898.12419538991,
      26249.68262536568,
      24673.93535054246,
      23169.07918230173,
      21733.26350117424
    ],
    "PEK": [
      0.234375,
      0.002641765211417273,
      0.0003775548827744944,
      0.0003766696772399501,
      0.0003761288685648946,
      0.0003757552264632698,
      0.0003755394945365438,
      0.0003754665033544831,
      0.0003755189650037837,
      0.0003756794683653712,
      0.0003759315435672105,
      0.0003762601961109355,
      0.0003766521260391426,
      0.0003770957593298353,
      0.0003775811705006616,
      0.0003780999465590555,
      0.0003786450241763028,
      0.0003792105200378855,
      0.0003797915664225162,
      0.0003803841588252051,
      0.0003809850190001092,
      0.0003815914745881832,
      0.0003822013551219093,
      0.0003828129033950639,
      0.0003834247007622237,
      0.0003840356047580378,
      0.0003846446974094455,
      0.0003852512424528116,
      0.0003858456079099386,
      0.0003864407617515152,
      0.0003870398455102988,
      0.0003876263354870586
    ],
    "PEK_ADV": [
      0.234375,
      0.002641765211417273,
      0.0003775548827744944,
      0.0003766696772399501,
      0.0003761288685648946,
      0.0003757552264632698,
      0.0003755394945365438,
      0.0003754665033544831,
      0.0003755189650037837,
      0.0003756794683653712,
      0.0003759315435672105,
      0.0003762601961109355,
      0.0003766521260391426,
      0.0003770957593298353,
      0.0003775811705006616,
      0.0003780999465590555,
      0.0003786450241763028,
      0.0003792105200378855,
      0.0003797915664225162,
      0.0003803841588252051,
      0.0003809850190001092,
      0.0003815914745881832,
      0.0003822013551219093,
      0.0003828129033950639,
      0.0003834247007622237,
      0.0003840356047580378,
      0.0003846446974094455,
      0.0003852512424528116,
      0.0003858456079099386,
      0.0003864407617515152,
      0.0003870398455102988,
      0.0003876263354870586
    ],
    "PEP": [
      0.0003887637464736696,
      1.182860933812134e-05,
      5.716676708216372e-06,
      5.708189019716523e-06,
      5.70217574249351e-06,
      5.698021079580684e-06,
      5.695622257434852e-06,
      5.694810635598337e-06,
      5.695393990922509e-06,
      5.697178714461621e-06,
      5.699981653262706e-06,
      5.703636052463678e-06,
      5.707993993988896e-06,
      5.712926746899282e-06,
      5.718323907958673e-06,
      5.724091889960425e-06,
      5.730152112238265e-06,
      5.736439115163736e-06,
      5.742898732609647e-06,
      5.749486398152725e-06,
      5.756165622564243e-06,
      5.762906655568267e-06,
      5.769685329588471e-06,
      5.776482074260599e-06,
      5.783281085777609e-06,
      5.790069633187427e-06,
      5.796837483570328e-06,
      5.803576427472472e-06,
      5.810179432358116e-06,
      5.816790550900037e-06,
      5.823444637920349e-06,
      5.829980254496414e-06
    ],
    "PEP_ADV": [
      0.0003887637464736696,
      1.182860933812134e-05,
      5.716676708216372e-06,
      5.708189019716523e-06,
      5.70217574249351e-06,
      5.698021079580684e-06,
      5.695622257434852e-06,
      5.694810635598337e-06,
      5.695393990922509e-06,
      5.697178714461621e-06,
      5.699981653262706e-06,
      5.703636052463678e-06,
      5.707993993988896e-06,
      5.712926746899282e-06,
      5.718323907958673e-06,
      5.724091889960425e-06,
      5.730152112238265e-06,
      5.736439115163736e-06,
      5.742898732609647e-06,
      5.749486398152725e-06,
      5.756165622564243e-06,
      5.762906655568267e-06,
      5.769685329588471e-06,
      5.776482074260599e-06,
      5.783281085777609e-06,
      5.790069633187427e-06,
      5.796837483570328e-06,
      5.803576427472472e-06,
      5.810179432358116e-06,
      5.816790550900037e-06,
      5.823444637920349e-06,
      5.829980254496414e-06
    ],
    "PI": [
      0.9980563285733907,
      0.9904224918379062,
      0.9815174840679454,
      0.9719542110377981,
      0.961928977083214,
      0.9515509985325815,
      0.9408918106569425,
      0.9300026096029047,
      0.9189221614091437,
      0.9076809900929278,
      0.8963038277358769,
      0.8848111550687614,
      0.8732202249432057,
      0.8615457724195641,
      0.849800525026771,
      0.8379955801897296,
      0.8261406912426564,
      0.8142444886603782,
      0.8023146542158114,
      0.7903580601841287,
      0.7783808821015007,
      0.7663886911840722,
      0.7543865308752175,
      0.7423789808477268,
      0.730370210976127,
      0.7183640272070959,
      0.7063639108241206,
      0.6943730522803969,
      0.6823943853003422,
      0.6704306103703372,
      0.6584842078831921,
      0.6465574604867054
    ],