{
  "generated_utc": "2026-05-29T00:17:56.292942+00:00",
  "commit": "eb9a9461f65e01bbbf8054dac3fa6a3cb507ef47",
  "grid": {
    "nz": 20,
    "ny": 4,
    "nx": 4
  },
  "dts_s": 2.0,
  "dx_m": 1000.0,
  "dy_m": 1000.0,
  "epssm": 0.5,
  "device": [
    "cuda:0"
  ],
  "oracle": "analytic_hydrostatic_adjustment_AC4",
  "theta_perturbation_K": 1.0,
  "warm_level_index": 10,
  "buoyancy_accel_m_s2": 0.0327,
  "dw_expected_order_m_s": 0.0654,
  "w_face_above_warm": 0.3243531513289849,
  "w_face_below_warm": -0.301790887132524,
  "w_abs_max": 0.3243531513289849,
  "ph_top_response": 1.9319601011595718e-07,
  "p_at_warm_level": -148.46711701771468,
  "w_column": [
    0.0,
    -3.793728465388835e-05,
    -0.00010367490912508957,
    -0.0002484288909030116,
    -0.0005984553669199623,
    -0.0014905546723659236,
    -0.0038724851162878077,
    -0.010552431532652624,
    -0.030327474762569532,
    -0.09251193564095177,
    -0.301790887132524,
    0.3243531513289849,
    0.08905782524295712,
    0.022154297458022852,
    0.004907962608492663,
    0.0009470655908148087,
    0.00015459970014810345,
    2.0518837005962098e-05,
    2.093435288492089e-06,
    1.5125128863387448e-07,
    1.3129188590958694e-08
  ],
  "ph_column": [
    0.0,
    -0.000558247143681967,
    -0.0015255762877756929,
    -0.0036556311296378156,
    -0.008806270724227246,
    -0.021933512003864567,
    -0.05698361848617509,
    -0.15527903000298335,
    -0.44626879113121065,
    -1.361313132956605,
    -4.440852904155091,
    4.772856621806013,
    1.310485898450114,
    0.3260004870948063,
    0.07222066978396953,
    0.01393607016883991,
    0.0022749345876793424,
    0.00030193468654273224,
    3.080490027016109e-05,
    2.2256627122474628e-06,
    1.9319601011595718e-07
  ],
  "p_column": [
    -0.02134404885174984,
    -0.03411454702568755,
    -0.06901372997312655,
    -0.15264018681036132,
    -0.35409301191789866,
    -0.8558454671941735,
    -2.159406450994997,
    -5.711579698178914,
    -15.920453754636746,
    -47.06194202794505,
    -148.46711701771468,
    -39.467003266525936,
    -9.488242134408885,
    -2.030633667864169,
    -0.37850890191610964,
    -0.05970644917229727,
    -0.007664896740570331,
    -0.0007578191016042075,
    -5.3124188068666036e-05,
    -2.209782282203178e-06
  ],
  "sign_dipole_ok": true,
  "ph_rise_ok": true,
  "magnitude_ok": true,
  "passed": true
}
