timestamp_epoch,timestamp_iso,pid,ppid,stat,psr,pcpu,pmem,rss_kib,vsz_kib,args
1782060055,2026-06-21T17:40:55+01:00,3140664,3140601,S,0,0.0,0.0,1736,2784,"/usr/bin/time -f wall_s=%e\nmaxrss_kib=%M -o proofs/v020/s4/fp64_d01d03_1h_thomas_20260621T164055Z/time.txt taskset -c 0-3 python -m gpuwrf run --input-dir <DATA_ROOT>/wrf_downscale/canary_all7/run --namelist <DATA_ROOT>/wrf_downscale/canary_all7/run/namelist.input --output-dir proofs/v020/s4/fp64_d01d03_1h_thomas_20260621T164055Z/output --proof-dir proofs/v020/s4/fp64_d01d03_1h_thomas_20260621T164055Z/proofs --scratch-dir proofs/v020/s4/fp64_d01d03_1h_thomas_20260621T164055Z/scratch --max-dom 3 --hours 1"
1782060055,2026-06-21T17:40:55+01:00,3140666,3140664,Dl,3,238,0.1,120880,495768,"python -m gpuwrf run --input-dir <DATA_ROOT>/wrf_downscale/canary_all7/run --namelist <DATA_ROOT>/wrf_downscale/canary_all7/run/namelist.input --output-dir proofs/v020/s4/fp64_d01d03_1h_thomas_20260621T164055Z/output --proof-dir proofs/v020/s4/fp64_d01d03_1h_thomas_20260621T164055Z/proofs --scratch-dir proofs/v020/s4/fp64_d01d03_1h_thomas_20260621T164055Z/scratch --max-dom 3 --hours 1"
1782060057,2026-06-21T17:40:57+01:00,3140664,3140601,S,0,0.0,0.0,1736,2784,"/usr/bin/time -f wall_s=%e\nmaxrss_kib=%M -o proofs/v020/s4/fp64_d01d03_1h_thomas_20260621T164055Z/time.txt taskset -c 0-3 python -m gpuwrf run --input-dir <DATA_ROOT>/wrf_downscale/canary_all7/run --namelist <DATA_ROOT>/wrf_downscale/canary_all7/run/namelist.input --output-dir proofs/v020/s4/fp64_d01d03_1h_thomas_20260621T164055Z/output --proof-dir proofs/v020/s4/fp64_d01d03_1h_thomas_20260621T164055Z/proofs --scratch-dir proofs/v020/s4/fp64_d01d03_1h_thomas_20260621T164055Z/scratch --max-dom 3 --hours 1"
1782060057,2026-06-21T17:40:57+01:00,3140666,3140664,Rl,2,95.5,1.4,1413684,21375884,"python -m gpuwrf run --input-dir <DATA_ROOT>/wrf_downscale/canary_all7/run --namelist <DATA_ROOT>/wrf_downscale/canary_all7/run/namelist.input --output-dir proofs/v020/s4/fp64_d01d03_1h_thomas_20260621T164055Z/output --proof-dir proofs/v020/s4/fp64_d01d03_1h_thomas_20260621T164055Z/proofs --scratch-dir proofs/v020/s4/fp64_d01d03_1h_thomas_20260621T164055Z/scratch --max-dom 3 --hours 1"
1782060060,2026-06-21T17:41:00+01:00,3140664,3140601,S,0,0.0,0.0,1736,2784,"/usr/bin/time -f wall_s=%e\nmaxrss_kib=%M -o proofs/v020/s4/fp64_d01d03_1h_thomas_20260621T164055Z/time.txt taskset -c 0-3 python -m gpuwrf run --input-dir <DATA_ROOT>/wrf_downscale/canary_all7/run --namelist <DATA_ROOT>/wrf_downscale/canary_all7/run/namelist.input --output-dir proofs/v020/s4/fp64_d01d03_1h_thomas_20260621T164055Z/output --proof-dir proofs/v020/s4/fp64_d01d03_1h_thomas_20260621T164055Z/proofs --scratch-dir proofs/v020/s4/fp64_d01d03_1h_thomas_20260621T164055Z/scratch --max-dom 3 --hours 1"
1782060060,2026-06-21T17:41:00+01:00,3140666,3140664,Rl,0,98.1,1.8,1849276,22030776,"python -m gpuwrf run --input-dir <DATA_ROOT>/wrf_downscale/canary_all7/run --namelist <DATA_ROOT>/wrf_downscale/canary_all7/run/namelist.input --output-dir proofs/v020/s4/fp64_d01d03_1h_thomas_20260621T164055Z/output --proof-dir proofs/v020/s4/fp64_d01d03_1h_thomas_20260621T164055Z/proofs --scratch-dir proofs/v020/s4/fp64_d01d03_1h_thomas_20260621T164055Z/scratch --max-dom 3 --hours 1"
1782060062,2026-06-21T17:41:02+01:00,3140664,3140601,S,0,0.0,0.0,1736,2784,"/usr/bin/time -f wall_s=%e\nmaxrss_kib=%M -o proofs/v020/s4/fp64_d01d03_1h_thomas_20260621T164055Z/time.txt taskset -c 0-3 python -m gpuwrf run --input-dir <DATA_ROOT>/wrf_downscale/canary_all7/run --namelist <DATA_ROOT>/wrf_downscale/canary_all7/run/namelist.input --output-dir proofs/v020/s4/fp64_d01d03_1h_thomas_20260621T164055Z/output --proof-dir proofs/v020/s4/fp64_d01d03_1h_thomas_20260621T164055Z/proofs --scratch-dir proofs/v020/s4/fp64_d01d03_1h_thomas_20260621T164055Z/scratch --max-dom 3 --hours 1"
1782060062,2026-06-21T17:41:02+01:00,3140666,3140664,Rl,1,89.5,1.9,1958500,22212364,"python -m gpuwrf run --input-dir <DATA_ROOT>/wrf_downscale/canary_all7/run --namelist <DATA_ROOT>/wrf_downscale/canary_all7/run/namelist.input --output-dir proofs/v020/s4/fp64_d01d03_1h_thomas_20260621T164055Z/output --proof-dir proofs/v020/s4/fp64_d01d03_1h_thomas_20260621T164055Z/proofs --scratch-dir proofs/v020/s4/fp64_d01d03_1h_thomas_20260621T164055Z/scratch --max-dom 3 --hours 1"
1782060064,2026-06-21T17:41:04+01:00,3140664,3140601,S,0,0.0,0.0,1736,2784,"/usr/bin/time -f wall_s=%e\nmaxrss_kib=%M -o proofs/v020/s4/fp64_d01d03_1h_thomas_20260621T164055Z/time.txt taskset -c 0-3 python -m gpuwrf run --input-dir <DATA_ROOT>/wrf_downscale/canary_all7/run --namelist <DATA_ROOT>/wrf_downscale/canary_all7/run/namelist.input --output-dir proofs/v020/s4/fp64_d01d03_1h_thomas_20260621T164055Z/output --proof-dir proofs/v020/s4/fp64_d01d03_1h_thomas_20260621T164055Z/proofs --scratch-dir proofs/v020/s4/fp64_d01d03_1h_thomas_20260621T164055Z/scratch --max-dom 3 --hours 1"
1782060064,2026-06-21T17:41:04+01:00,3140666,3140664,Rl,3,91.7,2.1,2074640,22361116,"python -m gpuwrf run --input-dir <DATA_ROOT>/wrf_downscale/canary_all7/run --namelist <DATA_ROOT>/wrf_downscale/canary_all7/run/namelist.input --output-dir proofs/v020/s4/fp64_d01d03_1h_thomas_20260621T164055Z/output --proof-dir proofs/v020/s4/fp64_d01d03_1h_thomas_20260621T164055Z/proofs --scratch-dir proofs/v020/s4/fp64_d01d03_1h_thomas_20260621T164055Z/scratch --max-dom 3 --hours 1"
1782060066,2026-06-21T17:41:06+01:00,3140664,3140601,S,0,0.0,0.0,1736,2784,"/usr/bin/time -f wall_s=%e\nmaxrss_kib=%M -o proofs/v020/s4/fp64_d01d03_1h_thomas_20260621T164055Z/time.txt taskset -c 0-3 python -m gpuwrf run --input-dir <DATA_ROOT>/wrf_downscale/canary_all7/run --namelist <DATA_ROOT>/wrf_downscale/canary_all7/run/namelist.input --output-dir proofs/v020/s4/fp64_d01d03_1h_thomas_20260621T164055Z/output --proof-dir proofs/v020/s4/fp64_d01d03_1h_thomas_20260621T164055Z/proofs --scratch-dir proofs/v020/s4/fp64_d01d03_1h_thomas_20260621T164055Z/scratch --max-dom 3 --hours 1"
1782060066,2026-06-21T17:41:06+01:00,3140666,3140664,Rl,2,93.2,2.2,2249124,22663708,"python -m gpuwrf run --input-dir <DATA_ROOT>/wrf_downscale/canary_all7/run --namelist <DATA_ROOT>/wrf_downscale/canary_all7/run/namelist.input --output-dir proofs/v020/s4/fp64_d01d03_1h_thomas_20260621T164055Z/output --proof-dir proofs/v020/s4/fp64_d01d03_1h_thomas_20260621T164055Z/proofs --scratch-dir proofs/v020/s4/fp64_d01d03_1h_thomas_20260621T164055Z/scratch --max-dom 3 --hours 1"
1782060068,2026-06-21T17:41:08+01:00,3140664,3140601,S,0,0.0,0.0,1736,2784,"/usr/bin/time -f wall_s=%e\nmaxrss_kib=%M -o proofs/v020/s4/fp64_d01d03_1h_thomas_20260621T164055Z/time.txt taskset -c 0-3 python -m gpuwrf run --input-dir <DATA_ROOT>/wrf_downscale/canary_all7/run --namelist <DATA_ROOT>/wrf_downscale/canary_all7/run/namelist.input --output-dir proofs/v020/s4/fp64_d01d03_1h_thomas_20260621T164055Z/output --proof-dir proofs/v020/s4/fp64_d01d03_1h_thomas_20260621T164055Z/proofs --scratch-dir proofs/v020/s4/fp64_d01d03_1h_thomas_20260621T164055Z/scratch --max-dom 3 --hours 1"
1782060068,2026-06-21T17:41:08+01:00,3140666,3140664,Rl,1,94.5,2.4,2390488,22807324,"python -m gpuwrf run --input-dir <DATA_ROOT>/wrf_downscale/canary_all7/run --namelist <DATA_ROOT>/wrf_downscale/canary_all7/run/namelist.input --output-dir proofs/v020/s4/fp64_d01d03_1h_thomas_20260621T164055Z/output --proof-dir proofs/v020/s4/fp64_d01d03_1h_thomas_20260621T164055Z/proofs --scratch-dir proofs/v020/s4/fp64_d01d03_1h_thomas_20260621T164055Z/scratch --max-dom 3 --hours 1"
1782060070,2026-06-21T17:41:10+01:00,3140664,3140601,S,0,0.0,0.0,1736,2784,"/usr/bin/time -f wall_s=%e\nmaxrss_kib=%M -o proofs/v020/s4/fp64_d01d03_1h_thomas_20260621T164055Z/time.txt taskset -c 0-3 python -m gpuwrf run --input-dir <DATA_ROOT>/wrf_downscale/canary_all7/run --namelist <DATA_ROOT>/wrf_downscale/canary_all7/run/namelist.input --output-dir proofs/v020/s4/fp64_d01d03_1h_thomas_20260621T164055Z/output --proof-dir proofs/v020/s4/fp64_d01d03_1h_thomas_20260621T164055Z/proofs --scratch-dir proofs/v020/s4/fp64_d01d03_1h_thomas_20260621T164055Z/scratch --max-dom 3 --hours 1"
1782060070,2026-06-21T17:41:10+01:00,3140666,3140664,Rl,2,98.3,2.4,2392300,22808908,"python -m gpuwrf run --input-dir <DATA_ROOT>/wrf_downscale/canary_all7/run --namelist <DATA_ROOT>/wrf_downscale/canary_all7/run/namelist.input --output-dir proofs/v020/s4/fp64_d01d03_1h_thomas_20260621T164055Z/output --proof-dir proofs/v020/s4/fp64_d01d03_1h_thomas_20260621T164055Z/proofs --scratch-dir proofs/v020/s4/fp64_d01d03_1h_thomas_20260621T164055Z/scratch --max-dom 3 --hours 1"
1782060072,2026-06-21T17:41:12+01:00,3140664,3140601,S,0,0.0,0.0,1736,2784,"/usr/bin/time -f wall_s=%e\nmaxrss_kib=%M -o proofs/v020/s4/fp64_d01d03_1h_thomas_20260621T164055Z/time.txt taskset -c 0-3 python -m gpuwrf run --input-dir <DATA_ROOT>/wrf_downscale/canary_all7/run --namelist <DATA_ROOT>/wrf_downscale/canary_all7/run/namelist.input --output-dir proofs/v020/s4/fp64_d01d03_1h_thomas_20260621T164055Z/output --proof-dir proofs/v020/s4/fp64_d01d03_1h_thomas_20260621T164055Z/proofs --scratch-dir proofs/v020/s4/fp64_d01d03_1h_thomas_20260621T164055Z/scratch --max-dom 3 --hours 1"
1782060072,2026-06-21T17:41:12+01:00,3140666,3140664,Rl,0,98.5,2.4,2392928,22809436,"python -m gpuwrf run --input-dir <DATA_ROOT>/wrf_downscale/canary_all7/run --namelist <DATA_ROOT>/wrf_downscale/canary_all7/run/namelist.input --output-dir proofs/v020/s4/fp64_d01d03_1h_thomas_20260621T164055Z/output --proof-dir proofs/v020/s4/fp64_d01d03_1h_thomas_20260621T164055Z/proofs --scratch-dir proofs/v020/s4/fp64_d01d03_1h_thomas_20260621T164055Z/scratch --max-dom 3 --hours 1"
1782060074,2026-06-21T17:41:14+01:00,3140664,3140601,S,0,0.0,0.0,1736,2784,"/usr/bin/time -f wall_s=%e\nmaxrss_kib=%M -o proofs/v020/s4/fp64_d01d03_1h_thomas_20260621T164055Z/time.txt taskset -c 0-3 python -m gpuwrf run --input-dir <DATA_ROOT>/wrf_downscale/canary_all7/run --namelist <DATA_ROOT>/wrf_downscale/canary_all7/run/namelist.input --output-dir proofs/v020/s4/fp64_d01d03_1h_thomas_20260621T164055Z/output --proof-dir proofs/v020/s4/fp64_d01d03_1h_thomas_20260621T164055Z/proofs --scratch-dir proofs/v020/s4/fp64_d01d03_1h_thomas_20260621T164055Z/scratch --max-dom 3 --hours 1"
1782060074,2026-06-21T17:41:14+01:00,3140666,3140664,Rl,2,98.7,2.4,2457188,22840512,"python -m gpuwrf run --input-dir <DATA_ROOT>/wrf_downscale/canary_all7/run --namelist <DATA_ROOT>/wrf_downscale/canary_all7/run/namelist.input --output-dir proofs/v020/s4/fp64_d01d03_1h_thomas_20260621T164055Z/output --proof-dir proofs/v020/s4/fp64_d01d03_1h_thomas_20260621T164055Z/proofs --scratch-dir proofs/v020/s4/fp64_d01d03_1h_thomas_20260621T164055Z/scratch --max-dom 3 --hours 1"
1782060077,2026-06-21T17:41:17+01:00,3140664,3140601,S,0,0.0,0.0,1736,2784,"/usr/bin/time -f wall_s=%e\nmaxrss_kib=%M -o proofs/v020/s4/fp64_d01d03_1h_thomas_20260621T164055Z/time.txt taskset -c 0-3 python -m gpuwrf run --input-dir <DATA_ROOT>/wrf_downscale/canary_all7/run --namelist <DATA_ROOT>/wrf_downscale/canary_all7/run/namelist.input --output-dir proofs/v020/s4/fp64_d01d03_1h_thomas_20260621T164055Z/output --proof-dir proofs/v020/s4/fp64_d01d03_1h_thomas_20260621T164055Z/proofs --scratch-dir proofs/v020/s4/fp64_d01d03_1h_thomas_20260621T164055Z/scratch --max-dom 3 --hours 1"
1782060077,2026-06-21T17:41:17+01:00,3140666,3140664,Rl,2,97.8,2.5,2522660,22905956,"python -m gpuwrf run --input-dir <DATA_ROOT>/wrf_downscale/canary_all7/run --namelist <DATA_ROOT>/wrf_downscale/canary_all7/run/namelist.input --output-dir proofs/v020/s4/fp64_d01d03_1h_thomas_20260621T164055Z/output --proof-dir proofs/v020/s4/fp64_d01d03_1h_thomas_20260621T164055Z/proofs --scratch-dir proofs/v020/s4/fp64_d01d03_1h_thomas_20260621T164055Z/scratch --max-dom 3 --hours 1"
1782060079,2026-06-21T17:41:19+01:00,3140664,3140601,S,0,0.0,0.0,1736,2784,"/usr/bin/time -f wall_s=%e\nmaxrss_kib=%M -o proofs/v020/s4/fp64_d01d03_1h_thomas_20260621T164055Z/time.txt taskset -c 0-3 python -m gpuwrf run --input-dir <DATA_ROOT>/wrf_downscale/canary_all7/run --namelist <DATA_ROOT>/wrf_downscale/canary_all7/run/namelist.input --output-dir proofs/v020/s4/fp64_d01d03_1h_thomas_20260621T164055Z/output --proof-dir proofs/v020/s4/fp64_d01d03_1h_thomas_20260621T164055Z/proofs --scratch-dir proofs/v020/s4/fp64_d01d03_1h_thomas_20260621T164055Z/scratch --max-dom 3 --hours 1"
1782060079,2026-06-21T17:41:19+01:00,3140666,3140664,Rl,1,97.1,2.8,2793428,23178280,"python -m gpuwrf run --input-dir <DATA_ROOT>/wrf_downscale/canary_all7/run --namelist <DATA_ROOT>/wrf_downscale/canary_all7/run/namelist.input --output-dir proofs/v020/s4/fp64_d01d03_1h_thomas_20260621T164055Z/output --proof-dir proofs/v020/s4/fp64_d01d03_1h_thomas_20260621T164055Z/proofs --scratch-dir proofs/v020/s4/fp64_d01d03_1h_thomas_20260621T164055Z/scratch --max-dom 3 --hours 1"
1782060081,2026-06-21T17:41:21+01:00,3140664,3140601,S,0,0.0,0.0,1736,2784,"/usr/bin/time -f wall_s=%e\nmaxrss_kib=%M -o proofs/v020/s4/fp64_d01d03_1h_thomas_20260621T164055Z/time.txt taskset -c 0-3 python -m gpuwrf run --input-dir <DATA_ROOT>/wrf_downscale/canary_all7/run --namelist <DATA_ROOT>/wrf_downscale/canary_all7/run/namelist.input --output-dir proofs/v020/s4/fp64_d01d03_1h_thomas_20260621T164055Z/output --proof-dir proofs/v020/s4/fp64_d01d03_1h_thomas_20260621T164055Z/proofs --scratch-dir proofs/v020/s4/fp64_d01d03_1h_thomas_20260621T164055Z/scratch --max-dom 3 --hours 1"
1782060081,2026-06-21T17:41:21+01:00,3140666,3140664,Rl,0,97.3,2.9,2879404,23608848,"python -m gpuwrf run --input-dir <DATA_ROOT>/wrf_downscale/canary_all7/run --namelist <DATA_ROOT>/wrf_downscale/canary_all7/run/namelist.input --output-dir proofs/v020/s4/fp64_d01d03_1h_thomas_20260621T164055Z/output --proof-dir proofs/v020/s4/fp64_d01d03_1h_thomas_20260621T164055Z/proofs --scratch-dir proofs/v020/s4/fp64_d01d03_1h_thomas_20260621T164055Z/scratch --max-dom 3 --hours 1"
1782060083,2026-06-21T17:41:23+01:00,3140664,3140601,S,0,0.0,0.0,1736,2784,"/usr/bin/time -f wall_s=%e\nmaxrss_kib=%M -o proofs/v020/s4/fp64_d01d03_1h_thomas_20260621T164055Z/time.txt taskset -c 0-3 python -m gpuwrf run --input-dir <DATA_ROOT>/wrf_downscale/canary_all7/run --namelist <DATA_ROOT>/wrf_downscale/canary_all7/run/namelist.input --output-dir proofs/v020/s4/fp64_d01d03_1h_thomas_20260621T164055Z/output --proof-dir proofs/v020/s4/fp64_d01d03_1h_thomas_20260621T164055Z/proofs --scratch-dir proofs/v020/s4/fp64_d01d03_1h_thomas_20260621T164055Z/scratch --max-dom 3 --hours 1"
1782060083,2026-06-21T17:41:23+01:00,3140666,3140664,Rl,3,96.6,2.9,2882188,23613244,"python -m gpuwrf run --input-dir <DATA_ROOT>/wrf_downscale/canary_all7/run --namelist <DATA_ROOT>/wrf_downscale/canary_all7/run/namelist.input --output-dir proofs/v020/s4/fp64_d01d03_1h_thomas_20260621T164055Z/output --proof-dir proofs/v020/s4/fp64_d01d03_1h_thomas_20260621T164055Z/proofs --scratch-dir proofs/v020/s4/fp64_d01d03_1h_thomas_20260621T164055Z/scratch --max-dom 3 --hours 1"
1782060085,2026-06-21T17:41:25+01:00,3140664,3140601,S,0,0.0,0.0,1736,2784,"/usr/bin/time -f wall_s=%e\nmaxrss_kib=%M -o proofs/v020/s4/fp64_d01d03_1h_thomas_20260621T164055Z/time.txt taskset -c 0-3 python -m gpuwrf run --input-dir <DATA_ROOT>/wrf_downscale/canary_all7/run --namelist <DATA_ROOT>/wrf_downscale/canary_all7/run/namelist.input --output-dir proofs/v020/s4/fp64_d01d03_1h_thomas_20260621T164055Z/output --proof-dir proofs/v020/s4/fp64_d01d03_1h_thomas_20260621T164055Z/proofs --scratch-dir proofs/v020/s4/fp64_d01d03_1h_thomas_20260621T164055Z/scratch --max-dom 3 --hours 1"
1782060085,2026-06-21T17:41:25+01:00,3140666,3140664,Rl,2,96.5,2.9,2887556,23615964,"python -m gpuwrf run --input-dir <DATA_ROOT>/wrf_downscale/canary_all7/run --namelist <DATA_ROOT>/wrf_downscale/canary_all7/run/namelist.input --output-dir proofs/v020/s4/fp64_d01d03_1h_thomas_20260621T164055Z/output --proof-dir proofs/v020/s4/fp64_d01d03_1h_thomas_20260621T164055Z/proofs --scratch-dir proofs/v020/s4/fp64_d01d03_1h_thomas_20260621T164055Z/scratch --max-dom 3 --hours 1"
1782060087,2026-06-21T17:41:27+01:00,3140664,3140601,S,0,0.0,0.0,1736,2784,"/usr/bin/time -f wall_s=%e\nmaxrss_kib=%M -o proofs/v020/s4/fp64_d01d03_1h_thomas_20260621T164055Z/time.txt taskset -c 0-3 python -m gpuwrf run --input-dir <DATA_ROOT>/wrf_downscale/canary_all7/run --namelist <DATA_ROOT>/wrf_downscale/canary_all7/run/namelist.input --output-dir proofs/v020/s4/fp64_d01d03_1h_thomas_20260621T164055Z/output --proof-dir proofs/v020/s4/fp64_d01d03_1h_thomas_20260621T164055Z/proofs --scratch-dir proofs/v020/s4/fp64_d01d03_1h_thomas_20260621T164055Z/scratch --max-dom 3 --hours 1"
1782060087,2026-06-21T17:41:27+01:00,3140666,3140664,Rl,3,96.8,2.9,2906596,23634612,"python -m gpuwrf run --input-dir <DATA_ROOT>/wrf_downscale/canary_all7/run --namelist <DATA_ROOT>/wrf_downscale/canary_all7/run/namelist.input --output-dir proofs/v020/s4/fp64_d01d03_1h_thomas_20260621T164055Z/output --proof-dir proofs/v020/s4/fp64_d01d03_1h_thomas_20260621T164055Z/proofs --scratch-dir proofs/v020/s4/fp64_d01d03_1h_thomas_20260621T164055Z/scratch --max-dom 3 --hours 1"
1782060089,2026-06-21T17:41:29+01:00,3140664,3140601,S,0,0.0,0.0,1736,2784,"/usr/bin/time -f wall_s=%e\nmaxrss_kib=%M -o proofs/v020/s4/fp64_d01d03_1h_thomas_20260621T164055Z/time.txt taskset -c 0-3 python -m gpuwrf run --input-dir <DATA_ROOT>/wrf_downscale/canary_all7/run --namelist <DATA_ROOT>/wrf_downscale/canary_all7/run/namelist.input --output-dir proofs/v020/s4/fp64_d01d03_1h_thomas_20260621T164055Z/output --proof-dir proofs/v020/s4/fp64_d01d03_1h_thomas_20260621T164055Z/proofs --scratch-dir proofs/v020/s4/fp64_d01d03_1h_thomas_20260621T164055Z/scratch --max-dom 3 --hours 1"
1782060089,2026-06-21T17:41:29+01:00,3140666,3140664,Rl,0,96.9,3.0,2993356,23819776,"python -m gpuwrf run --input-dir <DATA_ROOT>/wrf_downscale/canary_all7/run --namelist <DATA_ROOT>/wrf_downscale/canary_all7/run/namelist.input --output-dir proofs/v020/s4/fp64_d01d03_1h_thomas_20260621T164055Z/output --proof-dir proofs/v020/s4/fp64_d01d03_1h_thomas_20260621T164055Z/proofs --scratch-dir proofs/v020/s4/fp64_d01d03_1h_thomas_20260621T164055Z/scratch --max-dom 3 --hours 1"
1782060091,2026-06-21T17:41:31+01:00,3140664,3140601,S,0,0.0,0.0,1736,2784,"/usr/bin/time -f wall_s=%e\nmaxrss_kib=%M -o proofs/v020/s4/fp64_d01d03_1h_thomas_20260621T164055Z/time.txt taskset -c 0-3 python -m gpuwrf run --input-dir <DATA_ROOT>/wrf_downscale/canary_all7/run --namelist <DATA_ROOT>/wrf_downscale/canary_all7/run/namelist.input --output-dir proofs/v020/s4/fp64_d01d03_1h_thomas_20260621T164055Z/output --proof-dir proofs/v020/s4/fp64_d01d03_1h_thomas_20260621T164055Z/proofs --scratch-dir proofs/v020/s4/fp64_d01d03_1h_thomas_20260621T164055Z/scratch --max-dom 3 --hours 1"
1782060091,2026-06-21T17:41:31+01:00,3140666,3140664,Rl,0,96.5,3.1,3054980,24274476,"python -m gpuwrf run --input-dir <DATA_ROOT>/wrf_downscale/canary_all7/run --namelist <DATA_ROOT>/wrf_downscale/canary_all7/run/namelist.input --output-dir proofs/v020/s4/fp64_d01d03_1h_thomas_20260621T164055Z/output --proof-dir proofs/v020/s4/fp64_d01d03_1h_thomas_20260621T164055Z/proofs --scratch-dir proofs/v020/s4/fp64_d01d03_1h_thomas_20260621T164055Z/scratch --max-dom 3 --hours 1"
1782060093,2026-06-21T17:41:33+01:00,3140664,3140601,S,0,0.0,0.0,1736,2784,"/usr/bin/time -f wall_s=%e\nmaxrss_kib=%M -o proofs/v020/s4/fp64_d01d03_1h_thomas_20260621T164055Z/time.txt taskset -c 0-3 python -m gpuwrf run --input-dir <DATA_ROOT>/wrf_downscale/canary_all7/run --namelist <DATA_ROOT>/wrf_downscale/canary_all7/run/namelist.input --output-dir proofs/v020/s4/fp64_d01d03_1h_thomas_20260621T164055Z/output --proof-dir proofs/v020/s4/fp64_d01d03_1h_thomas_20260621T164055Z/proofs --scratch-dir proofs/v020/s4/fp64_d01d03_1h_thomas_20260621T164055Z/scratch --max-dom 3 --hours 1"
1782060093,2026-06-21T17:41:33+01:00,3140666,3140664,Rl,3,96.6,3.3,3330252,25859772,"python -m gpuwrf run --input-dir <DATA_ROOT>/wrf_downscale/canary_all7/run --namelist <DATA_ROOT>/wrf_downscale/canary_all7/run/namelist.input --output-dir proofs/v020/s4/fp64_d01d03_1h_thomas_20260621T164055Z/output --proof-dir proofs/v020/s4/fp64_d01d03_1h_thomas_20260621T164055Z/proofs --scratch-dir proofs/v020/s4/fp64_d01d03_1h_thomas_20260621T164055Z/scratch --max-dom 3 --hours 1"
1782060095,2026-06-21T17:41:35+01:00,3140664,3140601,S,0,0.0,0.0,1736,2784,"/usr/bin/time -f wall_s=%e\nmaxrss_kib=%M -o proofs/v020/s4/fp64_d01d03_1h_thomas_20260621T164055Z/time.txt taskset -c 0-3 python -m gpuwrf run --input-dir <DATA_ROOT>/wrf_downscale/canary_all7/run --namelist <DATA_ROOT>/wrf_downscale/canary_all7/run/namelist.input --output-dir proofs/v020/s4/fp64_d01d03_1h_thomas_20260621T164055Z/output --proof-dir proofs/v020/s4/fp64_d01d03_1h_thomas_20260621T164055Z/proofs --scratch-dir proofs/v020/s4/fp64_d01d03_1h_thomas_20260621T164055Z/scratch --max-dom 3 --hours 1"
1782060095,2026-06-21T17:41:35+01:00,3140666,3140664,Rl,2,96.4,3.3,3330348,25761468,"python -m gpuwrf run --input-dir <DATA_ROOT>/wrf_downscale/canary_all7/run --namelist <DATA_ROOT>/wrf_downscale/canary_all7/run/namelist.input --output-dir proofs/v020/s4/fp64_d01d03_1h_thomas_20260621T164055Z/output --proof-dir proofs/v020/s4/fp64_d01d03_1h_thomas_20260621T164055Z/proofs --scratch-dir proofs/v020/s4/fp64_d01d03_1h_thomas_20260621T164055Z/scratch --max-dom 3 --hours 1"
1782060098,2026-06-21T17:41:38+01:00,3140664,3140601,S,0,0.0,0.0,1736,2784,"/usr/bin/time -f wall_s=%e\nmaxrss_kib=%M -o proofs/v020/s4/fp64_d01d03_1h_thomas_20260621T164055Z/time.txt taskset -c 0-3 python -m gpuwrf run --input-dir <DATA_ROOT>/wrf_downscale/canary_all7/run --namelist <DATA_ROOT>/wrf_downscale/canary_all7/run/namelist.input --output-dir proofs/v020/s4/fp64_d01d03_1h_thomas_20260621T164055Z/output --proof-dir proofs/v020/s4/fp64_d01d03_1h_thomas_20260621T164055Z/proofs --scratch-dir proofs/v020/s4/fp64_d01d03_1h_thomas_20260621T164055Z/scratch --max-dom 3 --hours 1"
1782060098,2026-06-21T17:41:38+01:00,3140666,3140664,Rl,3,95.9,3.5,3512160,25942640,"python -m gpuwrf run --input-dir <DATA_ROOT>/wrf_downscale/canary_all7/run --namelist <DATA_ROOT>/wrf_downscale/canary_all7/run/namelist.input --output-dir proofs/v020/s4/fp64_d01d03_1h_thomas_20260621T164055Z/output --proof-dir proofs/v020/s4/fp64_d01d03_1h_thomas_20260621T164055Z/proofs --scratch-dir proofs/v020/s4/fp64_d01d03_1h_thomas_20260621T164055Z/scratch --max-dom 3 --hours 1"
1782060100,2026-06-21T17:41:40+01:00,3140664,3140601,S,0,0.0,0.0,1736,2784,"/usr/bin/time -f wall_s=%e\nmaxrss_kib=%M -o proofs/v020/s4/fp64_d01d03_1h_thomas_20260621T164055Z/time.txt taskset -c 0-3 python -m gpuwrf run --input-dir <DATA_ROOT>/wrf_downscale/canary_all7/run --namelist <DATA_ROOT>/wrf_downscale/canary_all7/run/namelist.input --output-dir proofs/v020/s4/fp64_d01d03_1h_thomas_20260621T164055Z/output --proof-dir proofs/v020/s4/fp64_d01d03_1h_thomas_20260621T164055Z/proofs --scratch-dir proofs/v020/s4/fp64_d01d03_1h_thomas_20260621T164055Z/scratch --max-dom 3 --hours 1"
1782060100,2026-06-21T17:41:40+01:00,3140666,3140664,Rl,3,96.1,3.5,3537816,25970412,"python -m gpuwrf run --input-dir <DATA_ROOT>/wrf_downscale/canary_all7/run --namelist <DATA_ROOT>/wrf_downscale/canary_all7/run/namelist.input --output-dir proofs/v020/s4/fp64_d01d03_1h_thomas_20260621T164055Z/output --proof-dir proofs/v020/s4/fp64_d01d03_1h_thomas_20260621T164055Z/proofs --scratch-dir proofs/v020/s4/fp64_d01d03_1h_thomas_20260621T164055Z/scratch --max-dom 3 --hours 1"
1782060102,2026-06-21T17:41:42+01:00,3140664,3140601,S,0,0.0,0.0,1736,2784,"/usr/bin/time -f wall_s=%e\nmaxrss_kib=%M -o proofs/v020/s4/fp64_d01d03_1h_thomas_20260621T164055Z/time.txt taskset -c 0-3 python -m gpuwrf run --input-dir <DATA_ROOT>/wrf_downscale/canary_all7/run --namelist <DATA_ROOT>/wrf_downscale/canary_all7/run/namelist.input --output-dir proofs/v020/s4/fp64_d01d03_1h_thomas_20260621T164055Z/output --proof-dir proofs/v020/s4/fp64_d01d03_1h_thomas_20260621T164055Z/proofs --scratch-dir proofs/v020/s4/fp64_d01d03_1h_thomas_20260621T164055Z/scratch --max-dom 3 --hours 1"
1782060102,2026-06-21T17:41:42+01:00,3140666,3140664,Rl,3,96.3,3.6,3596232,26029160,"python -m gpuwrf run --input-dir <DATA_ROOT>/wrf_downscale/canary_all7/run --namelist <DATA_ROOT>/wrf_downscale/canary_all7/run/namelist.input --output-dir proofs/v020/s4/fp64_d01d03_1h_thomas_20260621T164055Z/output --proof-dir proofs/v020/s4/fp64_d01d03_1h_thomas_20260621T164055Z/proofs --scratch-dir proofs/v020/s4/fp64_d01d03_1h_thomas_20260621T164055Z/scratch --max-dom 3 --hours 1"
1782060104,2026-06-21T17:41:44+01:00,3140664,3140601,S,0,0.0,0.0,1736,2784,"/usr/bin/time -f wall_s=%e\nmaxrss_kib=%M -o proofs/v020/s4/fp64_d01d03_1h_thomas_20260621T164055Z/time.txt taskset -c 0-3 python -m gpuwrf run --input-dir <DATA_ROOT>/wrf_downscale/canary_all7/run --namelist <DATA_ROOT>/wrf_downscale/canary_all7/run/namelist.input --output-dir proofs/v020/s4/fp64_d01d03_1h_thomas_20260621T164055Z/output --proof-dir proofs/v020/s4/fp64_d01d03_1h_thomas_20260621T164055Z/proofs --scratch-dir proofs/v020/s4/fp64_d01d03_1h_thomas_20260621T164055Z/scratch --max-dom 3 --hours 1"
1782060104,2026-06-21T17:41:44+01:00,3140666,3140664,Rl,0,95.8,3.6,3596292,26029160,"python -m gpuwrf run --input-dir <DATA_ROOT>/wrf_downscale/canary_all7/run --namelist <DATA_ROOT>/wrf_downscale/canary_all7/run/namelist.input --output-dir proofs/v020/s4/fp64_d01d03_1h_thomas_20260621T164055Z/output --proof-dir proofs/v020/s4/fp64_d01d03_1h_thomas_20260621T164055Z/proofs --scratch-dir proofs/v020/s4/fp64_d01d03_1h_thomas_20260621T164055Z/scratch --max-dom 3 --hours 1"
1782060106,2026-06-21T17:41:46+01:00,3140664,3140601,S,0,0.0,0.0,1736,2784,"/usr/bin/time -f wall_s=%e\nmaxrss_kib=%M -o proofs/v020/s4/fp64_d01d03_1h_thomas_20260621T164055Z/time.txt taskset -c 0-3 python -m gpuwrf run --input-dir <DATA_ROOT>/wrf_downscale/canary_all7/run --namelist <DATA_ROOT>/wrf_downscale/canary_all7/run/namelist.input --output-dir proofs/v020/s4/fp64_d01d03_1h_thomas_20260621T164055Z/output --proof-dir proofs/v020/s4/fp64_d01d03_1h_thomas_20260621T164055Z/proofs --scratch-dir proofs/v020/s4/fp64_d01d03_1h_thomas_20260621T164055Z/scratch --max-dom 3 --hours 1"
1782060106,2026-06-21T17:41:46+01:00,3140666,3140664,Rl,1,95.9,3.6,3599468,26029672,"python -m gpuwrf run --input-dir <DATA_ROOT>/wrf_downscale/canary_all7/run --namelist <DATA_ROOT>/wrf_downscale/canary_all7/run/namelist.input --output-dir proofs/v020/s4/fp64_d01d03_1h_thomas_20260621T164055Z/output --proof-dir proofs/v020/s4/fp64_d01d03_1h_thomas_20260621T164055Z/proofs --scratch-dir proofs/v020/s4/fp64_d01d03_1h_thomas_20260621T164055Z/scratch --max-dom 3 --hours 1"
1782060108,2026-06-21T17:41:48+01:00,3140664,3140601,S,0,0.0,0.0,1736,2784,"/usr/bin/time -f wall_s=%e\nmaxrss_kib=%M -o proofs/v020/s4/fp64_d01d03_1h_thomas_20260621T164055Z/time.txt taskset -c 0-3 python -m gpuwrf run --input-dir <DATA_ROOT>/wrf_downscale/canary_all7/run --namelist <DATA_ROOT>/wrf_downscale/canary_all7/run/namelist.input --output-dir proofs/v020/s4/fp64_d01d03_1h_thomas_20260621T164055Z/output --proof-dir proofs/v020/s4/fp64_d01d03_1h_thomas_20260621T164055Z/proofs --scratch-dir proofs/v020/s4/fp64_d01d03_1h_thomas_20260621T164055Z/scratch --max-dom 3 --hours 1"
1782060108,2026-06-21T17:41:48+01:00,3140666,3140664,Rl,1,95.8,3.7,3644108,26075164,"python -m gpuwrf run --input-dir <DATA_ROOT>/wrf_downscale/canary_all7/run --namelist <DATA_ROOT>/wrf_downscale/canary_all7/run/namelist.input --output-dir proofs/v020/s4/fp64_d01d03_1h_thomas_20260621T164055Z/output --proof-dir proofs/v020/s4/fp64_d01d03_1h_thomas_20260621T164055Z/proofs --scratch-dir proofs/v020/s4/fp64_d01d03_1h_thomas_20260621T164055Z/scratch --max-dom 3 --hours 1"
1782060111,2026-06-21T17:41:51+01:00,3140664,3140601,S,0,0.0,0.0,1736,2784,"/usr/bin/time -f wall_s=%e\nmaxrss_kib=%M -o proofs/v020/s4/fp64_d01d03_1h_thomas_20260621T164055Z/time.txt taskset -c 0-3 python -m gpuwrf run --input-dir <DATA_ROOT>/wrf_downscale/canary_all7/run --namelist <DATA_ROOT>/wrf_downscale/canary_all7/run/namelist.input --output-dir proofs/v020/s4/fp64_d01d03_1h_thomas_20260621T164055Z/output --proof-dir proofs/v020/s4/fp64_d01d03_1h_thomas_20260621T164055Z/proofs --scratch-dir proofs/v020/s4/fp64_d01d03_1h_thomas_20260621T164055Z/scratch --max-dom 3 --hours 1"
1782060111,2026-06-21T17:41:51+01:00,3140666,3140664,Sl,2,95.9,3.9,3910924,26346528,"python -m gpuwrf run --input-dir <DATA_ROOT>/wrf_downscale/canary_all7/run --namelist <DATA_ROOT>/wrf_downscale/canary_all7/run/namelist.input --output-dir proofs/v020/s4/fp64_d01d03_1h_thomas_20260621T164055Z/output --proof-dir proofs/v020/s4/fp64_d01d03_1h_thomas_20260621T164055Z/proofs --scratch-dir proofs/v020/s4/fp64_d01d03_1h_thomas_20260621T164055Z/scratch --max-dom 3 --hours 1"
1782060113,2026-06-21T17:41:53+01:00,3140664,3140601,S,0,0.0,0.0,1736,2784,"/usr/bin/time -f wall_s=%e\nmaxrss_kib=%M -o proofs/v020/s4/fp64_d01d03_1h_thomas_20260621T164055Z/time.txt taskset -c 0-3 python -m gpuwrf run --input-dir <DATA_ROOT>/wrf_downscale/canary_all7/run --namelist <DATA_ROOT>/wrf_downscale/canary_all7/run/namelist.input --output-dir proofs/v020/s4/fp64_d01d03_1h_thomas_20260621T164055Z/output --proof-dir proofs/v020/s4/fp64_d01d03_1h_thomas_20260621T164055Z/proofs --scratch-dir proofs/v020/s4/fp64_d01d03_1h_thomas_20260621T164055Z/scratch --max-dom 3 --hours 1"
1782060113,2026-06-21T17:41:53+01:00,3140666,3140664,Rl,2,96.1,4.0,3964944,26400852,"python -m gpuwrf run --input-dir <DATA_ROOT>/wrf_downscale/canary_all7/run --namelist <DATA_ROOT>/wrf_downscale/canary_all7/run/namelist.input --output-dir proofs/v020/s4/fp64_d01d03_1h_thomas_20260621T164055Z/output --proof-dir proofs/v020/s4/fp64_d01d03_1h_thomas_20260621T164055Z/proofs --scratch-dir proofs/v020/s4/fp64_d01d03_1h_thomas_20260621T164055Z/scratch --max-dom 3 --hours 1"
1782060115,2026-06-21T17:41:55+01:00,3140664,3140601,S,0,0.0,0.0,1736,2784,"/usr/bin/time -f wall_s=%e\nmaxrss_kib=%M -o proofs/v020/s4/fp64_d01d03_1h_thomas_20260621T164055Z/time.txt taskset -c 0-3 python -m gpuwrf run --input-dir <DATA_ROOT>/wrf_downscale/canary_all7/run --namelist <DATA_ROOT>/wrf_downscale/canary_all7/run/namelist.input --output-dir proofs/v020/s4/fp64_d01d03_1h_thomas_20260621T164055Z/output --proof-dir proofs/v020/s4/fp64_d01d03_1h_thomas_20260621T164055Z/proofs --scratch-dir proofs/v020/s4/fp64_d01d03_1h_thomas_20260621T164055Z/scratch --max-dom 3 --hours 1"
1782060115,2026-06-21T17:41:55+01:00,3140666,3140664,Rl,2,96.8,4.0,3966648,26402436,"python -m gpuwrf run --input-dir <DATA_ROOT>/wrf_downscale/canary_all7/run --namelist <DATA_ROOT>/wrf_downscale/canary_all7/run/namelist.input --output-dir proofs/v020/s4/fp64_d01d03_1h_thomas_20260621T164055Z/output --proof-dir proofs/v020/s4/fp64_d01d03_1h_thomas_20260621T164055Z/proofs --scratch-dir proofs/v020/s4/fp64_d01d03_1h_thomas_20260621T164055Z/scratch --max-dom 3 --hours 1"
1782060117,2026-06-21T17:41:57+01:00,3140664,3140601,S,0,0.0,0.0,1736,2784,"/usr/bin/time -f wall_s=%e\nmaxrss_kib=%M -o proofs/v020/s4/fp64_d01d03_1h_thomas_20260621T164055Z/time.txt taskset -c 0-3 python -m gpuwrf run --input-dir <DATA_ROOT>/wrf_downscale/canary_all7/run --namelist <DATA_ROOT>/wrf_downscale/canary_all7/run/namelist.input --output-dir proofs/v020/s4/fp64_d01d03_1h_thomas_20260621T164055Z/output --proof-dir proofs/v020/s4/fp64_d01d03_1h_thomas_20260621T164055Z/proofs --scratch-dir proofs/v020/s4/fp64_d01d03_1h_thomas_20260621T164055Z/scratch --max-dom 3 --hours 1"
1782060117,2026-06-21T17:41:57+01:00,3140666,3140664,Rl,3,97.3,4.0,3996092,26432268,"python -m gpuwrf run --input-dir <DATA_ROOT>/wrf_downscale/canary_all7/run --namelist <DATA_ROOT>/wrf_downscale/canary_all7/run/namelist.input --output-dir proofs/v020/s4/fp64_d01d03_1h_thomas_20260621T164055Z/output --proof-dir proofs/v020/s4/fp64_d01d03_1h_thomas_20260621T164055Z/proofs --scratch-dir proofs/v020/s4/fp64_d01d03_1h_thomas_20260621T164055Z/scratch --max-dom 3 --hours 1"
1782060119,2026-06-21T17:41:59+01:00,3140664,3140601,S,0,0.0,0.0,1736,2784,"/usr/bin/time -f wall_s=%e\nmaxrss_kib=%M -o proofs/v020/s4/fp64_d01d03_1h_thomas_20260621T164055Z/time.txt taskset -c 0-3 python -m gpuwrf run --input-dir <DATA_ROOT>/wrf_downscale/canary_all7/run --namelist <DATA_ROOT>/wrf_downscale/canary_all7/run/namelist.input --output-dir proofs/v020/s4/fp64_d01d03_1h_thomas_20260621T164055Z/output --proof-dir proofs/v020/s4/fp64_d01d03_1h_thomas_20260621T164055Z/proofs --scratch-dir proofs/v020/s4/fp64_d01d03_1h_thomas_20260621T164055Z/scratch --max-dom 3 --hours 1"
1782060119,2026-06-21T17:41:59+01:00,3140666,3140664,Rl,3,97.4,4.1,4057248,26493224,"python -m gpuwrf run --input-dir <DATA_ROOT>/wrf_downscale/canary_all7/run --namelist <DATA_ROOT>/wrf_downscale/canary_all7/run/namelist.input --output-dir proofs/v020/s4/fp64_d01d03_1h_thomas_20260621T164055Z/output --proof-dir proofs/v020/s4/fp64_d01d03_1h_thomas_20260621T164055Z/proofs --scratch-dir proofs/v020/s4/fp64_d01d03_1h_thomas_20260621T164055Z/scratch --max-dom 3 --hours 1"
1782060121,2026-06-21T17:42:01+01:00,3140664,3140601,S,0,0.0,0.0,1736,2784,"/usr/bin/time -f wall_s=%e\nmaxrss_kib=%M -o proofs/v020/s4/fp64_d01d03_1h_thomas_20260621T164055Z/time.txt taskset -c 0-3 python -m gpuwrf run --input-dir <DATA_ROOT>/wrf_downscale/canary_all7/run --namelist <DATA_ROOT>/wrf_downscale/canary_all7/run/namelist.input --output-dir proofs/v020/s4/fp64_d01d03_1h_thomas_20260621T164055Z/output --proof-dir proofs/v020/s4/fp64_d01d03_1h_thomas_20260621T164055Z/proofs --scratch-dir proofs/v020/s4/fp64_d01d03_1h_thomas_20260621T164055Z/scratch --max-dom 3 --hours 1"
1782060121,2026-06-21T17:42:01+01:00,3140666,3140664,Rl,0,97.1,4.3,4263544,26700316,"python -m gpuwrf run --input-dir <DATA_ROOT>/wrf_downscale/canary_all7/run --namelist <DATA_ROOT>/wrf_downscale/canary_all7/run/namelist.input --output-dir proofs/v020/s4/fp64_d01d03_1h_thomas_20260621T164055Z/output --proof-dir proofs/v020/s4/fp64_d01d03_1h_thomas_20260621T164055Z/proofs --scratch-dir proofs/v020/s4/fp64_d01d03_1h_thomas_20260621T164055Z/scratch --max-dom 3 --hours 1"
1782060123,2026-06-21T17:42:03+01:00,3140664,3140601,S,0,0.0,0.0,1736,2784,"/usr/bin/time -f wall_s=%e\nmaxrss_kib=%M -o proofs/v020/s4/fp64_d01d03_1h_thomas_20260621T164055Z/time.txt taskset -c 0-3 python -m gpuwrf run --input-dir <DATA_ROOT>/wrf_downscale/canary_all7/run --namelist <DATA_ROOT>/wrf_downscale/canary_all7/run/namelist.input --output-dir proofs/v020/s4/fp64_d01d03_1h_thomas_20260621T164055Z/output --proof-dir proofs/v020/s4/fp64_d01d03_1h_thomas_20260621T164055Z/proofs --scratch-dir proofs/v020/s4/fp64_d01d03_1h_thomas_20260621T164055Z/scratch --max-dom 3 --hours 1"
1782060123,2026-06-21T17:42:03+01:00,3140666,3140664,Rl,1,97.2,4.4,4330008,26768360,"python -m gpuwrf run --input-dir <DATA_ROOT>/wrf_downscale/canary_all7/run --namelist <DATA_ROOT>/wrf_downscale/canary_all7/run/namelist.input --output-dir proofs/v020/s4/fp64_d01d03_1h_thomas_20260621T164055Z/output --proof-dir proofs/v020/s4/fp64_d01d03_1h_thomas_20260621T164055Z/proofs --scratch-dir proofs/v020/s4/fp64_d01d03_1h_thomas_20260621T164055Z/scratch --max-dom 3 --hours 1"
1782060126,2026-06-21T17:42:06+01:00,3140664,3140601,S,0,0.0,0.0,1736,2784,"/usr/bin/time -f wall_s=%e\nmaxrss_kib=%M -o proofs/v020/s4/fp64_d01d03_1h_thomas_20260621T164055Z/time.txt taskset -c 0-3 python -m gpuwrf run --input-dir <DATA_ROOT>/wrf_downscale/canary_all7/run --namelist <DATA_ROOT>/wrf_downscale/canary_all7/run/namelist.input --output-dir proofs/v020/s4/fp64_d01d03_1h_thomas_20260621T164055Z/output --proof-dir proofs/v020/s4/fp64_d01d03_1h_thomas_20260621T164055Z/proofs --scratch-dir proofs/v020/s4/fp64_d01d03_1h_thomas_20260621T164055Z/scratch --max-dom 3 --hours 1"
1782060126,2026-06-21T17:42:06+01:00,3140666,3140664,Rl,0,97.3,4.4,4388360,26825644,"python -m gpuwrf run --input-dir <DATA_ROOT>/wrf_downscale/canary_all7/run --namelist <DATA_ROOT>/wrf_downscale/canary_all7/run/namelist.input --output-dir proofs/v020/s4/fp64_d01d03_1h_thomas_20260621T164055Z/output --proof-dir proofs/v020/s4/fp64_d01d03_1h_thomas_20260621T164055Z/proofs --scratch-dir proofs/v020/s4/fp64_d01d03_1h_thomas_20260621T164055Z/scratch --max-dom 3 --hours 1"
1782060128,2026-06-21T17:42:08+01:00,3140664,3140601,S,0,0.0,0.0,1736,2784,"/usr/bin/time -f wall_s=%e\nmaxrss_kib=%M -o proofs/v020/s4/fp64_d01d03_1h_thomas_20260621T164055Z/time.txt taskset -c 0-3 python -m gpuwrf run --input-dir <DATA_ROOT>/wrf_downscale/canary_all7/run --namelist <DATA_ROOT>/wrf_downscale/canary_all7/run/namelist.input --output-dir proofs/v020/s4/fp64_d01d03_1h_thomas_20260621T164055Z/output --proof-dir proofs/v020/s4/fp64_d01d03_1h_thomas_20260621T164055Z/proofs --scratch-dir proofs/v020/s4/fp64_d01d03_1h_thomas_20260621T164055Z/scratch --max-dom 3 --hours 1"
1782060128,2026-06-21T17:42:08+01:00,3140666,3140664,Dl,0,95.5,4.5,4442716,27006236,"python -m gpuwrf run --input-dir <DATA_ROOT>/wrf_downscale/canary_all7/run --namelist <DATA_ROOT>/wrf_downscale/canary_all7/run/namelist.input --output-dir proofs/v020/s4/fp64_d01d03_1h_thomas_20260621T164055Z/output --proof-dir proofs/v020/s4/fp64_d01d03_1h_thomas_20260621T164055Z/proofs --scratch-dir proofs/v020/s4/fp64_d01d03_1h_thomas_20260621T164055Z/scratch --max-dom 3 --hours 1"
1782060130,2026-06-21T17:42:10+01:00,3140664,3140601,S,0,0.0,0.0,1736,2784,"/usr/bin/time -f wall_s=%e\nmaxrss_kib=%M -o proofs/v020/s4/fp64_d01d03_1h_thomas_20260621T164055Z/time.txt taskset -c 0-3 python -m gpuwrf run --input-dir <DATA_ROOT>/wrf_downscale/canary_all7/run --namelist <DATA_ROOT>/wrf_downscale/canary_all7/run/namelist.input --output-dir proofs/v020/s4/fp64_d01d03_1h_thomas_20260621T164055Z/output --proof-dir proofs/v020/s4/fp64_d01d03_1h_thomas_20260621T164055Z/proofs --scratch-dir proofs/v020/s4/fp64_d01d03_1h_thomas_20260621T164055Z/scratch --max-dom 3 --hours 1"
1782060130,2026-06-21T17:42:10+01:00,3140666,3140664,Rl,0,95.1,4.5,4467184,27030812,"python -m gpuwrf run --input-dir <DATA_ROOT>/wrf_downscale/canary_all7/run --namelist <DATA_ROOT>/wrf_downscale/canary_all7/run/namelist.input --output-dir proofs/v020/s4/fp64_d01d03_1h_thomas_20260621T164055Z/output --proof-dir proofs/v020/s4/fp64_d01d03_1h_thomas_20260621T164055Z/proofs --scratch-dir proofs/v020/s4/fp64_d01d03_1h_thomas_20260621T164055Z/scratch --max-dom 3 --hours 1"
1782060132,2026-06-21T17:42:12+01:00,3140664,3140601,S,0,0.0,0.0,1736,2784,"/usr/bin/time -f wall_s=%e\nmaxrss_kib=%M -o proofs/v020/s4/fp64_d01d03_1h_thomas_20260621T164055Z/time.txt taskset -c 0-3 python -m gpuwrf run --input-dir <DATA_ROOT>/wrf_downscale/canary_all7/run --namelist <DATA_ROOT>/wrf_downscale/canary_all7/run/namelist.input --output-dir proofs/v020/s4/fp64_d01d03_1h_thomas_20260621T164055Z/output --proof-dir proofs/v020/s4/fp64_d01d03_1h_thomas_20260621T164055Z/proofs --scratch-dir proofs/v020/s4/fp64_d01d03_1h_thomas_20260621T164055Z/scratch --max-dom 3 --hours 1"
1782060132,2026-06-21T17:42:12+01:00,3140666,3140664,Rl,0,95.2,4.5,4519232,27082012,"python -m gpuwrf run --input-dir <DATA_ROOT>/wrf_downscale/canary_all7/run --namelist <DATA_ROOT>/wrf_downscale/canary_all7/run/namelist.input --output-dir proofs/v020/s4/fp64_d01d03_1h_thomas_20260621T164055Z/output --proof-dir proofs/v020/s4/fp64_d01d03_1h_thomas_20260621T164055Z/proofs --scratch-dir proofs/v020/s4/fp64_d01d03_1h_thomas_20260621T164055Z/scratch --max-dom 3 --hours 1"
1782060134,2026-06-21T17:42:14+01:00,3140664,3140601,S,0,0.0,0.0,1736,2784,"/usr/bin/time -f wall_s=%e\nmaxrss_kib=%M -o proofs/v020/s4/fp64_d01d03_1h_thomas_20260621T164055Z/time.txt taskset -c 0-3 python -m gpuwrf run --input-dir <DATA_ROOT>/wrf_downscale/canary_all7/run --namelist <DATA_ROOT>/wrf_downscale/canary_all7/run/namelist.input --output-dir proofs/v020/s4/fp64_d01d03_1h_thomas_20260621T164055Z/output --proof-dir proofs/v020/s4/fp64_d01d03_1h_thomas_20260621T164055Z/proofs --scratch-dir proofs/v020/s4/fp64_d01d03_1h_thomas_20260621T164055Z/scratch --max-dom 3 --hours 1"
1782060134,2026-06-21T17:42:14+01:00,3140666,3140664,Rl,1,95.4,4.6,4536896,27099436,"python -m gpuwrf run --input-dir <DATA_ROOT>/wrf_downscale/canary_all7/run --namelist <DATA_ROOT>/wrf_downscale/canary_all7/run/namelist.input --output-dir proofs/v020/s4/fp64_d01d03_1h_thomas_20260621T164055Z/output --proof-dir proofs/v020/s4/fp64_d01d03_1h_thomas_20260621T164055Z/proofs --scratch-dir proofs/v020/s4/fp64_d01d03_1h_thomas_20260621T164055Z/scratch --max-dom 3 --hours 1"
1782060136,2026-06-21T17:42:16+01:00,3140664,3140601,S,0,0.0,0.0,1736,2784,"/usr/bin/time -f wall_s=%e\nmaxrss_kib=%M -o proofs/v020/s4/fp64_d01d03_1h_thomas_20260621T164055Z/time.txt taskset -c 0-3 python -m gpuwrf run --input-dir <DATA_ROOT>/wrf_downscale/canary_all7/run --namelist <DATA_ROOT>/wrf_downscale/canary_all7/run/namelist.input --output-dir proofs/v020/s4/fp64_d01d03_1h_thomas_20260621T164055Z/output --proof-dir proofs/v020/s4/fp64_d01d03_1h_thomas_20260621T164055Z/proofs --scratch-dir proofs/v020/s4/fp64_d01d03_1h_thomas_20260621T164055Z/scratch --max-dom 3 --hours 1"
1782060136,2026-06-21T17:42:16+01:00,3140666,3140664,Rl,1,95.5,4.6,4560500,27124012,"python -m gpuwrf run --input-dir <DATA_ROOT>/wrf_downscale/canary_all7/run --namelist <DATA_ROOT>/wrf_downscale/canary_all7/run/namelist.input --output-dir proofs/v020/s4/fp64_d01d03_1h_thomas_20260621T164055Z/output --proof-dir proofs/v020/s4/fp64_d01d03_1h_thomas_20260621T164055Z/proofs --scratch-dir proofs/v020/s4/fp64_d01d03_1h_thomas_20260621T164055Z/scratch --max-dom 3 --hours 1"
1782060138,2026-06-21T17:42:18+01:00,3140664,3140601,S,0,0.0,0.0,1736,2784,"/usr/bin/time -f wall_s=%e\nmaxrss_kib=%M -o proofs/v020/s4/fp64_d01d03_1h_thomas_20260621T164055Z/time.txt taskset -c 0-3 python -m gpuwrf run --input-dir <DATA_ROOT>/wrf_downscale/canary_all7/run --namelist <DATA_ROOT>/wrf_downscale/canary_all7/run/namelist.input --output-dir proofs/v020/s4/fp64_d01d03_1h_thomas_20260621T164055Z/output --proof-dir proofs/v020/s4/fp64_d01d03_1h_thomas_20260621T164055Z/proofs --scratch-dir proofs/v020/s4/fp64_d01d03_1h_thomas_20260621T164055Z/scratch --max-dom 3 --hours 1"
1782060138,2026-06-21T17:42:18+01:00,3140666,3140664,Rl,1,95.6,4.6,4602100,27164956,"python -m gpuwrf run --input-dir <DATA_ROOT>/wrf_downscale/canary_all7/run --namelist <DATA_ROOT>/wrf_downscale/canary_all7/run/namelist.input --output-dir proofs/v020/s4/fp64_d01d03_1h_thomas_20260621T164055Z/output --proof-dir proofs/v020/s4/fp64_d01d03_1h_thomas_20260621T164055Z/proofs --scratch-dir proofs/v020/s4/fp64_d01d03_1h_thomas_20260621T164055Z/scratch --max-dom 3 --hours 1"
1782060140,2026-06-21T17:42:20+01:00,3140664,3140601,S,0,0.0,0.0,1736,2784,"/usr/bin/time -f wall_s=%e\nmaxrss_kib=%M -o proofs/v020/s4/fp64_d01d03_1h_thomas_20260621T164055Z/time.txt taskset -c 0-3 python -m gpuwrf run --input-dir <DATA_ROOT>/wrf_downscale/canary_all7/run --namelist <DATA_ROOT>/wrf_downscale/canary_all7/run/namelist.input --output-dir proofs/v020/s4/fp64_d01d03_1h_thomas_20260621T164055Z/output --proof-dir proofs/v020/s4/fp64_d01d03_1h_thomas_20260621T164055Z/proofs --scratch-dir proofs/v020/s4/fp64_d01d03_1h_thomas_20260621T164055Z/scratch --max-dom 3 --hours 1"
1782060140,2026-06-21T17:42:20+01:00,3140666,3140664,Rl,1,95.7,4.8,4754504,27315360,"python -m gpuwrf run --input-dir <DATA_ROOT>/wrf_downscale/canary_all7/run --namelist <DATA_ROOT>/wrf_downscale/canary_all7/run/namelist.input --output-dir proofs/v020/s4/fp64_d01d03_1h_thomas_20260621T164055Z/output --proof-dir proofs/v020/s4/fp64_d01d03_1h_thomas_20260621T164055Z/proofs --scratch-dir proofs/v020/s4/fp64_d01d03_1h_thomas_20260621T164055Z/scratch --max-dom 3 --hours 1"
1782060142,2026-06-21T17:42:22+01:00,3140664,3140601,S,0,0.0,0.0,1736,2784,"/usr/bin/time -f wall_s=%e\nmaxrss_kib=%M -o proofs/v020/s4/fp64_d01d03_1h_thomas_20260621T164055Z/time.txt taskset -c 0-3 python -m gpuwrf run --input-dir <DATA_ROOT>/wrf_downscale/canary_all7/run --namelist <DATA_ROOT>/wrf_downscale/canary_all7/run/namelist.input --output-dir proofs/v020/s4/fp64_d01d03_1h_thomas_20260621T164055Z/output --proof-dir proofs/v020/s4/fp64_d01d03_1h_thomas_20260621T164055Z/proofs --scratch-dir proofs/v020/s4/fp64_d01d03_1h_thomas_20260621T164055Z/scratch --max-dom 3 --hours 1"
1782060142,2026-06-21T17:42:22+01:00,3140666,3140664,Rl,1,95.8,4.8,4787816,27348596,"python -m gpuwrf run --input-dir <DATA_ROOT>/wrf_downscale/canary_all7/run --namelist <DATA_ROOT>/wrf_downscale/canary_all7/run/namelist.input --output-dir proofs/v020/s4/fp64_d01d03_1h_thomas_20260621T164055Z/output --proof-dir proofs/v020/s4/fp64_d01d03_1h_thomas_20260621T164055Z/proofs --scratch-dir proofs/v020/s4/fp64_d01d03_1h_thomas_20260621T164055Z/scratch --max-dom 3 --hours 1"
1782060144,2026-06-21T17:42:24+01:00,3140664,3140601,S,0,0.0,0.0,1736,2784,"/usr/bin/time -f wall_s=%e\nmaxrss_kib=%M -o proofs/v020/s4/fp64_d01d03_1h_thomas_20260621T164055Z/time.txt taskset -c 0-3 python -m gpuwrf run --input-dir <DATA_ROOT>/wrf_downscale/canary_all7/run --namelist <DATA_ROOT>/wrf_downscale/canary_all7/run/namelist.input --output-dir proofs/v020/s4/fp64_d01d03_1h_thomas_20260621T164055Z/output --proof-dir proofs/v020/s4/fp64_d01d03_1h_thomas_20260621T164055Z/proofs --scratch-dir proofs/v020/s4/fp64_d01d03_1h_thomas_20260621T164055Z/scratch --max-dom 3 --hours 1"
1782060144,2026-06-21T17:42:24+01:00,3140666,3140664,Rl,0,96.2,4.9,4851620,27409556,"python -m gpuwrf run --input-dir <DATA_ROOT>/wrf_downscale/canary_all7/run --namelist <DATA_ROOT>/wrf_downscale/canary_all7/run/namelist.input --output-dir proofs/v020/s4/fp64_d01d03_1h_thomas_20260621T164055Z/output --proof-dir proofs/v020/s4/fp64_d01d03_1h_thomas_20260621T164055Z/proofs --scratch-dir proofs/v020/s4/fp64_d01d03_1h_thomas_20260621T164055Z/scratch --max-dom 3 --hours 1"
1782060147,2026-06-21T17:42:27+01:00,3140664,3140601,S,0,0.0,0.0,1736,2784,"/usr/bin/time -f wall_s=%e\nmaxrss_kib=%M -o proofs/v020/s4/fp64_d01d03_1h_thomas_20260621T164055Z/time.txt taskset -c 0-3 python -m gpuwrf run --input-dir <DATA_ROOT>/wrf_downscale/canary_all7/run --namelist <DATA_ROOT>/wrf_downscale/canary_all7/run/namelist.input --output-dir proofs/v020/s4/fp64_d01d03_1h_thomas_20260621T164055Z/output --proof-dir proofs/v020/s4/fp64_d01d03_1h_thomas_20260621T164055Z/proofs --scratch-dir proofs/v020/s4/fp64_d01d03_1h_thomas_20260621T164055Z/scratch --max-dom 3 --hours 1"
1782060147,2026-06-21T17:42:27+01:00,3140666,3140664,Rl,0,96.8,5.1,5073568,27621304,"python -m gpuwrf run --input-dir <DATA_ROOT>/wrf_downscale/canary_all7/run --namelist <DATA_ROOT>/wrf_downscale/canary_all7/run/namelist.input --output-dir proofs/v020/s4/fp64_d01d03_1h_thomas_20260621T164055Z/output --proof-dir proofs/v020/s4/fp64_d01d03_1h_thomas_20260621T164055Z/proofs --scratch-dir proofs/v020/s4/fp64_d01d03_1h_thomas_20260621T164055Z/scratch --max-dom 3 --hours 1"
1782060149,2026-06-21T17:42:29+01:00,3140664,3140601,S,0,0.0,0.0,1736,2784,"/usr/bin/time -f wall_s=%e\nmaxrss_kib=%M -o proofs/v020/s4/fp64_d01d03_1h_thomas_20260621T164055Z/time.txt taskset -c 0-3 python -m gpuwrf run --input-dir <DATA_ROOT>/wrf_downscale/canary_all7/run --namelist <DATA_ROOT>/wrf_downscale/canary_all7/run/namelist.input --output-dir proofs/v020/s4/fp64_d01d03_1h_thomas_20260621T164055Z/output --proof-dir proofs/v020/s4/fp64_d01d03_1h_thomas_20260621T164055Z/proofs --scratch-dir proofs/v020/s4/fp64_d01d03_1h_thomas_20260621T164055Z/scratch --max-dom 3 --hours 1"
1782060149,2026-06-21T17:42:29+01:00,3140666,3140664,Sl,0,97.0,5.4,5326144,28167240,"python -m gpuwrf run --input-dir <DATA_ROOT>/wrf_downscale/canary_all7/run --namelist <DATA_ROOT>/wrf_downscale/canary_all7/run/namelist.input --output-dir proofs/v020/s4/fp64_d01d03_1h_thomas_20260621T164055Z/output --proof-dir proofs/v020/s4/fp64_d01d03_1h_thomas_20260621T164055Z/proofs --scratch-dir proofs/v020/s4/fp64_d01d03_1h_thomas_20260621T164055Z/scratch --max-dom 3 --hours 1"
1782060151,2026-06-21T17:42:31+01:00,3140664,3140601,S,0,0.0,0.0,1736,2784,"/usr/bin/time -f wall_s=%e\nmaxrss_kib=%M -o proofs/v020/s4/fp64_d01d03_1h_thomas_20260621T164055Z/time.txt taskset -c 0-3 python -m gpuwrf run --input-dir <DATA_ROOT>/wrf_downscale/canary_all7/run --namelist <DATA_ROOT>/wrf_downscale/canary_all7/run/namelist.input --output-dir proofs/v020/s4/fp64_d01d03_1h_thomas_20260621T164055Z/output --proof-dir proofs/v020/s4/fp64_d01d03_1h_thomas_20260621T164055Z/proofs --scratch-dir proofs/v020/s4/fp64_d01d03_1h_thomas_20260621T164055Z/scratch --max-dom 3 --hours 1"
1782060151,2026-06-21T17:42:31+01:00,3140666,3140664,Rl,0,97.9,5.5,5436848,28232776,"python -m gpuwrf run --input-dir <DATA_ROOT>/wrf_downscale/canary_all7/run --namelist <DATA_ROOT>/wrf_downscale/canary_all7/run/namelist.input --output-dir proofs/v020/s4/fp64_d01d03_1h_thomas_20260621T164055Z/output --proof-dir proofs/v020/s4/fp64_d01d03_1h_thomas_20260621T164055Z/proofs --scratch-dir proofs/v020/s4/fp64_d01d03_1h_thomas_20260621T164055Z/scratch --max-dom 3 --hours 1"
1782060153,2026-06-21T17:42:33+01:00,3140664,3140601,S,0,0.0,0.0,1736,2784,"/usr/bin/time -f wall_s=%e\nmaxrss_kib=%M -o proofs/v020/s4/fp64_d01d03_1h_thomas_20260621T164055Z/time.txt taskset -c 0-3 python -m gpuwrf run --input-dir <DATA_ROOT>/wrf_downscale/canary_all7/run --namelist <DATA_ROOT>/wrf_downscale/canary_all7/run/namelist.input --output-dir proofs/v020/s4/fp64_d01d03_1h_thomas_20260621T164055Z/output --proof-dir proofs/v020/s4/fp64_d01d03_1h_thomas_20260621T164055Z/proofs --scratch-dir proofs/v020/s4/fp64_d01d03_1h_thomas_20260621T164055Z/scratch --max-dom 3 --hours 1"
1782060153,2026-06-21T17:42:33+01:00,3140666,3140664,Rl,0,98.0,6.1,6077528,28874856,"python -m gpuwrf run --input-dir <DATA_ROOT>/wrf_downscale/canary_all7/run --namelist <DATA_ROOT>/wrf_downscale/canary_all7/run/namelist.input --output-dir proofs/v020/s4/fp64_d01d03_1h_thomas_20260621T164055Z/output --proof-dir proofs/v020/s4/fp64_d01d03_1h_thomas_20260621T164055Z/proofs --scratch-dir proofs/v020/s4/fp64_d01d03_1h_thomas_20260621T164055Z/scratch --max-dom 3 --hours 1"
1782060155,2026-06-21T17:42:35+01:00,3140664,3140601,S,0,0.0,0.0,1736,2784,"/usr/bin/time -f wall_s=%e\nmaxrss_kib=%M -o proofs/v020/s4/fp64_d01d03_1h_thomas_20260621T164055Z/time.txt taskset -c 0-3 python -m gpuwrf run --input-dir <DATA_ROOT>/wrf_downscale/canary_all7/run --namelist <DATA_ROOT>/wrf_downscale/canary_all7/run/namelist.input --output-dir proofs/v020/s4/fp64_d01d03_1h_thomas_20260621T164055Z/output --proof-dir proofs/v020/s4/fp64_d01d03_1h_thomas_20260621T164055Z/proofs --scratch-dir proofs/v020/s4/fp64_d01d03_1h_thomas_20260621T164055Z/scratch --max-dom 3 --hours 1"
1782060155,2026-06-21T17:42:35+01:00,3140666,3140664,Rl,1,98.0,6.1,6060852,28876800,"python -m gpuwrf run --input-dir <DATA_ROOT>/wrf_downscale/canary_all7/run --namelist <DATA_ROOT>/wrf_downscale/canary_all7/run/namelist.input --output-dir proofs/v020/s4/fp64_d01d03_1h_thomas_20260621T164055Z/output --proof-dir proofs/v020/s4/fp64_d01d03_1h_thomas_20260621T164055Z/proofs --scratch-dir proofs/v020/s4/fp64_d01d03_1h_thomas_20260621T164055Z/scratch --max-dom 3 --hours 1"
1782060157,2026-06-21T17:42:37+01:00,3140664,3140601,S,0,0.0,0.0,1736,2784,"/usr/bin/time -f wall_s=%e\nmaxrss_kib=%M -o proofs/v020/s4/fp64_d01d03_1h_thomas_20260621T164055Z/time.txt taskset -c 0-3 python -m gpuwrf run --input-dir <DATA_ROOT>/wrf_downscale/canary_all7/run --namelist <DATA_ROOT>/wrf_downscale/canary_all7/run/namelist.input --output-dir proofs/v020/s4/fp64_d01d03_1h_thomas_20260621T164055Z/output --proof-dir proofs/v020/s4/fp64_d01d03_1h_thomas_20260621T164055Z/proofs --scratch-dir proofs/v020/s4/fp64_d01d03_1h_thomas_20260621T164055Z/scratch --max-dom 3 --hours 1"
1782060157,2026-06-21T17:42:37+01:00,3140666,3140664,Rl,1,98.1,6.2,6121564,28938196,"python -m gpuwrf run --input-dir <DATA_ROOT>/wrf_downscale/canary_all7/run --namelist <DATA_ROOT>/wrf_downscale/canary_all7/run/namelist.input --output-dir proofs/v020/s4/fp64_d01d03_1h_thomas_20260621T164055Z/output --proof-dir proofs/v020/s4/fp64_d01d03_1h_thomas_20260621T164055Z/proofs --scratch-dir proofs/v020/s4/fp64_d01d03_1h_thomas_20260621T164055Z/scratch --max-dom 3 --hours 1"
1782060159,2026-06-21T17:42:39+01:00,3140664,3140601,S,0,0.0,0.0,1736,2784,"/usr/bin/time -f wall_s=%e\nmaxrss_kib=%M -o proofs/v020/s4/fp64_d01d03_1h_thomas_20260621T164055Z/time.txt taskset -c 0-3 python -m gpuwrf run --input-dir <DATA_ROOT>/wrf_downscale/canary_all7/run --namelist <DATA_ROOT>/wrf_downscale/canary_all7/run/namelist.input --output-dir proofs/v020/s4/fp64_d01d03_1h_thomas_20260621T164055Z/output --proof-dir proofs/v020/s4/fp64_d01d03_1h_thomas_20260621T164055Z/proofs --scratch-dir proofs/v020/s4/fp64_d01d03_1h_thomas_20260621T164055Z/scratch --max-dom 3 --hours 1"
1782060159,2026-06-21T17:42:39+01:00,3140666,3140664,Rl,1,98.1,6.2,6121584,28938196,"python -m gpuwrf run --input-dir <DATA_ROOT>/wrf_downscale/canary_all7/run --namelist <DATA_ROOT>/wrf_downscale/canary_all7/run/namelist.input --output-dir proofs/v020/s4/fp64_d01d03_1h_thomas_20260621T164055Z/output --proof-dir proofs/v020/s4/fp64_d01d03_1h_thomas_20260621T164055Z/proofs --scratch-dir proofs/v020/s4/fp64_d01d03_1h_thomas_20260621T164055Z/scratch --max-dom 3 --hours 1"
1782060161,2026-06-21T17:42:41+01:00,3140664,3140601,S,0,0.0,0.0,1736,2784,"/usr/bin/time -f wall_s=%e\nmaxrss_kib=%M -o proofs/v020/s4/fp64_d01d03_1h_thomas_20260621T164055Z/time.txt taskset -c 0-3 python -m gpuwrf run --input-dir <DATA_ROOT>/wrf_downscale/canary_all7/run --namelist <DATA_ROOT>/wrf_downscale/canary_all7/run/namelist.input --output-dir proofs/v020/s4/fp64_d01d03_1h_thomas_20260621T164055Z/output --proof-dir proofs/v020/s4/fp64_d01d03_1h_thomas_20260621T164055Z/proofs --scratch-dir proofs/v020/s4/fp64_d01d03_1h_thomas_20260621T164055Z/scratch --max-dom 3 --hours 1"
1782060161,2026-06-21T17:42:41+01:00,3140666,3140664,Rl,1,98.2,6.4,6307696,29124388,"python -m gpuwrf run --input-dir <DATA_ROOT>/wrf_downscale/canary_all7/run --namelist <DATA_ROOT>/wrf_downscale/canary_all7/run/namelist.input --output-dir proofs/v020/s4/fp64_d01d03_1h_thomas_20260621T164055Z/output --proof-dir proofs/v020/s4/fp64_d01d03_1h_thomas_20260621T164055Z/proofs --scratch-dir proofs/v020/s4/fp64_d01d03_1h_thomas_20260621T164055Z/scratch --max-dom 3 --hours 1"
1782060164,2026-06-21T17:42:44+01:00,3140664,3140601,S,0,0.0,0.0,1736,2784,"/usr/bin/time -f wall_s=%e\nmaxrss_kib=%M -o proofs/v020/s4/fp64_d01d03_1h_thomas_20260621T164055Z/time.txt taskset -c 0-3 python -m gpuwrf run --input-dir <DATA_ROOT>/wrf_downscale/canary_all7/run --namelist <DATA_ROOT>/wrf_downscale/canary_all7/run/namelist.input --output-dir proofs/v020/s4/fp64_d01d03_1h_thomas_20260621T164055Z/output --proof-dir proofs/v020/s4/fp64_d01d03_1h_thomas_20260621T164055Z/proofs --scratch-dir proofs/v020/s4/fp64_d01d03_1h_thomas_20260621T164055Z/scratch --max-dom 3 --hours 1"
1782060164,2026-06-21T17:42:44+01:00,3140666,3140664,Rl,2,98.3,6.4,6309432,29124388,"python -m gpuwrf run --input-dir <DATA_ROOT>/wrf_downscale/canary_all7/run --namelist <DATA_ROOT>/wrf_downscale/canary_all7/run/namelist.input --output-dir proofs/v020/s4/fp64_d01d03_1h_thomas_20260621T164055Z/output --proof-dir proofs/v020/s4/fp64_d01d03_1h_thomas_20260621T164055Z/proofs --scratch-dir proofs/v020/s4/fp64_d01d03_1h_thomas_20260621T164055Z/scratch --max-dom 3 --hours 1"
1782060166,2026-06-21T17:42:46+01:00,3140664,3140601,S,0,0.0,0.0,1736,2784,"/usr/bin/time -f wall_s=%e\nmaxrss_kib=%M -o proofs/v020/s4/fp64_d01d03_1h_thomas_20260621T164055Z/time.txt taskset -c 0-3 python -m gpuwrf run --input-dir <DATA_ROOT>/wrf_downscale/canary_all7/run --namelist <DATA_ROOT>/wrf_downscale/canary_all7/run/namelist.input --output-dir proofs/v020/s4/fp64_d01d03_1h_thomas_20260621T164055Z/output --proof-dir proofs/v020/s4/fp64_d01d03_1h_thomas_20260621T164055Z/proofs --scratch-dir proofs/v020/s4/fp64_d01d03_1h_thomas_20260621T164055Z/scratch --max-dom 3 --hours 1"
1782060166,2026-06-21T17:42:46+01:00,3140666,3140664,Rl,2,98.3,6.4,6309432,29124388,"python -m gpuwrf run --input-dir <DATA_ROOT>/wrf_downscale/canary_all7/run --namelist <DATA_ROOT>/wrf_downscale/canary_all7/run/namelist.input --output-dir proofs/v020/s4/fp64_d01d03_1h_thomas_20260621T164055Z/output --proof-dir proofs/v020/s4/fp64_d01d03_1h_thomas_20260621T164055Z/proofs --scratch-dir proofs/v020/s4/fp64_d01d03_1h_thomas_20260621T164055Z/scratch --max-dom 3 --hours 1"
1782060168,2026-06-21T17:42:48+01:00,3140664,3140601,S,0,0.0,0.0,1736,2784,"/usr/bin/time -f wall_s=%e\nmaxrss_kib=%M -o proofs/v020/s4/fp64_d01d03_1h_thomas_20260621T164055Z/time.txt taskset -c 0-3 python -m gpuwrf run --input-dir <DATA_ROOT>/wrf_downscale/canary_all7/run --namelist <DATA_ROOT>/wrf_downscale/canary_all7/run/namelist.input --output-dir proofs/v020/s4/fp64_d01d03_1h_thomas_20260621T164055Z/output --proof-dir proofs/v020/s4/fp64_d01d03_1h_thomas_20260621T164055Z/proofs --scratch-dir proofs/v020/s4/fp64_d01d03_1h_thomas_20260621T164055Z/scratch --max-dom 3 --hours 1"
1782060168,2026-06-21T17:42:48+01:00,3140666,3140664,Rl,2,98.3,6.4,6309432,29124388,"python -m gpuwrf run --input-dir <DATA_ROOT>/wrf_downscale/canary_all7/run --namelist <DATA_ROOT>/wrf_downscale/canary_all7/run/namelist.input --output-dir proofs/v020/s4/fp64_d01d03_1h_thomas_20260621T164055Z/output --proof-dir proofs/v020/s4/fp64_d01d03_1h_thomas_20260621T164055Z/proofs --scratch-dir proofs/v020/s4/fp64_d01d03_1h_thomas_20260621T164055Z/scratch --max-dom 3 --hours 1"
1782060170,2026-06-21T17:42:50+01:00,3140664,3140601,S,0,0.0,0.0,1736,2784,"/usr/bin/time -f wall_s=%e\nmaxrss_kib=%M -o proofs/v020/s4/fp64_d01d03_1h_thomas_20260621T164055Z/time.txt taskset -c 0-3 python -m gpuwrf run --input-dir <DATA_ROOT>/wrf_downscale/canary_all7/run --namelist <DATA_ROOT>/wrf_downscale/canary_all7/run/namelist.input --output-dir proofs/v020/s4/fp64_d01d03_1h_thomas_20260621T164055Z/output --proof-dir proofs/v020/s4/fp64_d01d03_1h_thomas_20260621T164055Z/proofs --scratch-dir proofs/v020/s4/fp64_d01d03_1h_thomas_20260621T164055Z/scratch --max-dom 3 --hours 1"
1782060170,2026-06-21T17:42:50+01:00,3140666,3140664,Rl,0,98.4,6.4,6309432,29124388,"python -m gpuwrf run --input-dir <DATA_ROOT>/wrf_downscale/canary_all7/run --namelist <DATA_ROOT>/wrf_downscale/canary_all7/run/namelist.input --output-dir proofs/v020/s4/fp64_d01d03_1h_thomas_20260621T164055Z/output --proof-dir proofs/v020/s4/fp64_d01d03_1h_thomas_20260621T164055Z/proofs --scratch-dir proofs/v020/s4/fp64_d01d03_1h_thomas_20260621T164055Z/scratch --max-dom 3 --hours 1"
1782060172,2026-06-21T17:42:52+01:00,3140664,3140601,S,0,0.0,0.0,1736,2784,"/usr/bin/time -f wall_s=%e\nmaxrss_kib=%M -o proofs/v020/s4/fp64_d01d03_1h_thomas_20260621T164055Z/time.txt taskset -c 0-3 python -m gpuwrf run --input-dir <DATA_ROOT>/wrf_downscale/canary_all7/run --namelist <DATA_ROOT>/wrf_downscale/canary_all7/run/namelist.input --output-dir proofs/v020/s4/fp64_d01d03_1h_thomas_20260621T164055Z/output --proof-dir proofs/v020/s4/fp64_d01d03_1h_thomas_20260621T164055Z/proofs --scratch-dir proofs/v020/s4/fp64_d01d03_1h_thomas_20260621T164055Z/scratch --max-dom 3 --hours 1"
1782060172,2026-06-21T17:42:52+01:00,3140666,3140664,Rl,0,98.4,6.4,6309432,29124388,"python -m gpuwrf run --input-dir <DATA_ROOT>/wrf_downscale/canary_all7/run --namelist <DATA_ROOT>/wrf_downscale/canary_all7/run/namelist.input --output-dir proofs/v020/s4/fp64_d01d03_1h_thomas_20260621T164055Z/output --proof-dir proofs/v020/s4/fp64_d01d03_1h_thomas_20260621T164055Z/proofs --scratch-dir proofs/v020/s4/fp64_d01d03_1h_thomas_20260621T164055Z/scratch --max-dom 3 --hours 1"
1782060174,2026-06-21T17:42:54+01:00,3140664,3140601,S,0,0.0,0.0,1736,2784,"/usr/bin/time -f wall_s=%e\nmaxrss_kib=%M -o proofs/v020/s4/fp64_d01d03_1h_thomas_20260621T164055Z/time.txt taskset -c 0-3 python -m gpuwrf run --input-dir <DATA_ROOT>/wrf_downscale/canary_all7/run --namelist <DATA_ROOT>/wrf_downscale/canary_all7/run/namelist.input --output-dir proofs/v020/s4/fp64_d01d03_1h_thomas_20260621T164055Z/output --proof-dir proofs/v020/s4/fp64_d01d03_1h_thomas_20260621T164055Z/proofs --scratch-dir proofs/v020/s4/fp64_d01d03_1h_thomas_20260621T164055Z/scratch --max-dom 3 --hours 1"
1782060174,2026-06-21T17:42:54+01:00,3140666,3140664,Rl,0,98.4,6.4,6309432,29124388,"python -m gpuwrf run --input-dir <DATA_ROOT>/wrf_downscale/canary_all7/run --namelist <DATA_ROOT>/wrf_downscale/canary_all7/run/namelist.input --output-dir proofs/v020/s4/fp64_d01d03_1h_thomas_20260621T164055Z/output --proof-dir proofs/v020/s4/fp64_d01d03_1h_thomas_20260621T164055Z/proofs --scratch-dir proofs/v020/s4/fp64_d01d03_1h_thomas_20260621T164055Z/scratch --max-dom 3 --hours 1"
1782060176,2026-06-21T17:42:56+01:00,3140664,3140601,S,0,0.0,0.0,1736,2784,"/usr/bin/time -f wall_s=%e\nmaxrss_kib=%M -o proofs/v020/s4/fp64_d01d03_1h_thomas_20260621T164055Z/time.txt taskset -c 0-3 python -m gpuwrf run --input-dir <DATA_ROOT>/wrf_downscale/canary_all7/run --namelist <DATA_ROOT>/wrf_downscale/canary_all7/run/namelist.input --output-dir proofs/v020/s4/fp64_d01d03_1h_thomas_20260621T164055Z/output --proof-dir proofs/v020/s4/fp64_d01d03_1h_thomas_20260621T164055Z/proofs --scratch-dir proofs/v020/s4/fp64_d01d03_1h_thomas_20260621T164055Z/scratch --max-dom 3 --hours 1"
1782060176,2026-06-21T17:42:56+01:00,3140666,3140664,Rl,0,98.5,6.4,6316772,29131728,"python -m gpuwrf run --input-dir <DATA_ROOT>/wrf_downscale/canary_all7/run --namelist <DATA_ROOT>/wrf_downscale/canary_all7/run/namelist.input --output-dir proofs/v020/s4/fp64_d01d03_1h_thomas_20260621T164055Z/output --proof-dir proofs/v020/s4/fp64_d01d03_1h_thomas_20260621T164055Z/proofs --scratch-dir proofs/v020/s4/fp64_d01d03_1h_thomas_20260621T164055Z/scratch --max-dom 3 --hours 1"
1782060178,2026-06-21T17:42:58+01:00,3140664,3140601,S,0,0.0,0.0,1736,2784,"/usr/bin/time -f wall_s=%e\nmaxrss_kib=%M -o proofs/v020/s4/fp64_d01d03_1h_thomas_20260621T164055Z/time.txt taskset -c 0-3 python -m gpuwrf run --input-dir <DATA_ROOT>/wrf_downscale/canary_all7/run --namelist <DATA_ROOT>/wrf_downscale/canary_all7/run/namelist.input --output-dir proofs/v020/s4/fp64_d01d03_1h_thomas_20260621T164055Z/output --proof-dir proofs/v020/s4/fp64_d01d03_1h_thomas_20260621T164055Z/proofs --scratch-dir proofs/v020/s4/fp64_d01d03_1h_thomas_20260621T164055Z/scratch --max-dom 3 --hours 1"
1782060178,2026-06-21T17:42:58+01:00,3140666,3140664,Rl,0,98.5,6.4,6316824,29131728,"python -m gpuwrf run --input-dir <DATA_ROOT>/wrf_downscale/canary_all7/run --namelist <DATA_ROOT>/wrf_downscale/canary_all7/run/namelist.input --output-dir proofs/v020/s4/fp64_d01d03_1h_thomas_20260621T164055Z/output --proof-dir proofs/v020/s4/fp64_d01d03_1h_thomas_20260621T164055Z/proofs --scratch-dir proofs/v020/s4/fp64_d01d03_1h_thomas_20260621T164055Z/scratch --max-dom 3 --hours 1"
1782060180,2026-06-21T17:43:00+01:00,3140664,3140601,S,0,0.0,0.0,1736,2784,"/usr/bin/time -f wall_s=%e\nmaxrss_kib=%M -o proofs/v020/s4/fp64_d01d03_1h_thomas_20260621T164055Z/time.txt taskset -c 0-3 python -m gpuwrf run --input-dir <DATA_ROOT>/wrf_downscale/canary_all7/run --namelist <DATA_ROOT>/wrf_downscale/canary_all7/run/namelist.input --output-dir proofs/v020/s4/fp64_d01d03_1h_thomas_20260621T164055Z/output --proof-dir proofs/v020/s4/fp64_d01d03_1h_thomas_20260621T164055Z/proofs --scratch-dir proofs/v020/s4/fp64_d01d03_1h_thomas_20260621T164055Z/scratch --max-dom 3 --hours 1"
1782060180,2026-06-21T17:43:00+01:00,3140666,3140664,Rl,0,98.5,6.4,6322204,29137108,"python -m gpuwrf run --input-dir <DATA_ROOT>/wrf_downscale/canary_all7/run --namelist <DATA_ROOT>/wrf_downscale/canary_all7/run/namelist.input --output-dir proofs/v020/s4/fp64_d01d03_1h_thomas_20260621T164055Z/output --proof-dir proofs/v020/s4/fp64_d01d03_1h_thomas_20260621T164055Z/proofs --scratch-dir proofs/v020/s4/fp64_d01d03_1h_thomas_20260621T164055Z/scratch --max-dom 3 --hours 1"
1782060183,2026-06-21T17:43:03+01:00,3140664,3140601,S,0,0.0,0.0,1736,2784,"/usr/bin/time -f wall_s=%e\nmaxrss_kib=%M -o proofs/v020/s4/fp64_d01d03_1h_thomas_20260621T164055Z/time.txt taskset -c 0-3 python -m gpuwrf run --input-dir <DATA_ROOT>/wrf_downscale/canary_all7/run --namelist <DATA_ROOT>/wrf_downscale/canary_all7/run/namelist.input --output-dir proofs/v020/s4/fp64_d01d03_1h_thomas_20260621T164055Z/output --proof-dir proofs/v020/s4/fp64_d01d03_1h_thomas_20260621T164055Z/proofs --scratch-dir proofs/v020/s4/fp64_d01d03_1h_thomas_20260621T164055Z/scratch --max-dom 3 --hours 1"
1782060183,2026-06-21T17:43:03+01:00,3140666,3140664,Rl,0,98.5,6.4,6322204,29137108,"python -m gpuwrf run --input-dir <DATA_ROOT>/wrf_downscale/canary_all7/run --namelist <DATA_ROOT>/wrf_downscale/canary_all7/run/namelist.input --output-dir proofs/v020/s4/fp64_d01d03_1h_thomas_20260621T164055Z/output --proof-dir proofs/v020/s4/fp64_d01d03_1h_thomas_20260621T164055Z/proofs --scratch-dir proofs/v020/s4/fp64_d01d03_1h_thomas_20260621T164055Z/scratch --max-dom 3 --hours 1"
1782060185,2026-06-21T17:43:05+01:00,3140664,3140601,S,0,0.0,0.0,1736,2784,"/usr/bin/time -f wall_s=%e\nmaxrss_kib=%M -o proofs/v020/s4/fp64_d01d03_1h_thomas_20260621T164055Z/time.txt taskset -c 0-3 python -m gpuwrf run --input-dir <DATA_ROOT>/wrf_downscale/canary_all7/run --namelist <DATA_ROOT>/wrf_downscale/canary_all7/run/namelist.input --output-dir proofs/v020/s4/fp64_d01d03_1h_thomas_20260621T164055Z/output --proof-dir proofs/v020/s4/fp64_d01d03_1h_thomas_20260621T164055Z/proofs --scratch-dir proofs/v020/s4/fp64_d01d03_1h_thomas_20260621T164055Z/scratch --max-dom 3 --hours 1"
1782060185,2026-06-21T17:43:05+01:00,3140666,3140664,Rl,0,98.6,6.4,6322188,29137108,"python -m gpuwrf run --input-dir <DATA_ROOT>/wrf_downscale/canary_all7/run --namelist <DATA_ROOT>/wrf_downscale/canary_all7/run/namelist.input --output-dir proofs/v020/s4/fp64_d01d03_1h_thomas_20260621T164055Z/output --proof-dir proofs/v020/s4/fp64_d01d03_1h_thomas_20260621T164055Z/proofs --scratch-dir proofs/v020/s4/fp64_d01d03_1h_thomas_20260621T164055Z/scratch --max-dom 3 --hours 1"
1782060187,2026-06-21T17:43:07+01:00,3140664,3140601,S,0,0.0,0.0,1736,2784,"/usr/bin/time -f wall_s=%e\nmaxrss_kib=%M -o proofs/v020/s4/fp64_d01d03_1h_thomas_20260621T164055Z/time.txt taskset -c 0-3 python -m gpuwrf run --input-dir <DATA_ROOT>/wrf_downscale/canary_all7/run --namelist <DATA_ROOT>/wrf_downscale/canary_all7/run/namelist.input --output-dir proofs/v020/s4/fp64_d01d03_1h_thomas_20260621T164055Z/output --proof-dir proofs/v020/s4/fp64_d01d03_1h_thomas_20260621T164055Z/proofs --scratch-dir proofs/v020/s4/fp64_d01d03_1h_thomas_20260621T164055Z/scratch --max-dom 3 --hours 1"
1782060187,2026-06-21T17:43:07+01:00,3140666,3140664,Rl,0,98.6,6.4,6322188,29137108,"python -m gpuwrf run --input-dir <DATA_ROOT>/wrf_downscale/canary_all7/run --namelist <DATA_ROOT>/wrf_downscale/canary_all7/run/namelist.input --output-dir proofs/v020/s4/fp64_d01d03_1h_thomas_20260621T164055Z/output --proof-dir proofs/v020/s4/fp64_d01d03_1h_thomas_20260621T164055Z/proofs --scratch-dir proofs/v020/s4/fp64_d01d03_1h_thomas_20260621T164055Z/scratch --max-dom 3 --hours 1"
1782060189,2026-06-21T17:43:09+01:00,3140664,3140601,S,0,0.0,0.0,1736,2784,"/usr/bin/time -f wall_s=%e\nmaxrss_kib=%M -o proofs/v020/s4/fp64_d01d03_1h_thomas_20260621T164055Z/time.txt taskset -c 0-3 python -m gpuwrf run --input-dir <DATA_ROOT>/wrf_downscale/canary_all7/run --namelist <DATA_ROOT>/wrf_downscale/canary_all7/run/namelist.input --output-dir proofs/v020/s4/fp64_d01d03_1h_thomas_20260621T164055Z/output --proof-dir proofs/v020/s4/fp64_d01d03_1h_thomas_20260621T164055Z/proofs --scratch-dir proofs/v020/s4/fp64_d01d03_1h_thomas_20260621T164055Z/scratch --max-dom 3 --hours 1"
1782060189,2026-06-21T17:43:09+01:00,3140666,3140664,Rl,0,98.6,6.4,6340872,29155792,"python -m gpuwrf run --input-dir <DATA_ROOT>/wrf_downscale/canary_all7/run --namelist <DATA_ROOT>/wrf_downscale/canary_all7/run/namelist.input --output-dir proofs/v020/s4/fp64_d01d03_1h_thomas_20260621T164055Z/output --proof-dir proofs/v020/s4/fp64_d01d03_1h_thomas_20260621T164055Z/proofs --scratch-dir proofs/v020/s4/fp64_d01d03_1h_thomas_20260621T164055Z/scratch --max-dom 3 --hours 1"
1782060191,2026-06-21T17:43:11+01:00,3140664,3140601,S,0,0.0,0.0,1736,2784,"/usr/bin/time -f wall_s=%e\nmaxrss_kib=%M -o proofs/v020/s4/fp64_d01d03_1h_thomas_20260621T164055Z/time.txt taskset -c 0-3 python -m gpuwrf run --input-dir <DATA_ROOT>/wrf_downscale/canary_all7/run --namelist <DATA_ROOT>/wrf_downscale/canary_all7/run/namelist.input --output-dir proofs/v020/s4/fp64_d01d03_1h_thomas_20260621T164055Z/output --proof-dir proofs/v020/s4/fp64_d01d03_1h_thomas_20260621T164055Z/proofs --scratch-dir proofs/v020/s4/fp64_d01d03_1h_thomas_20260621T164055Z/scratch --max-dom 3 --hours 1"
1782060191,2026-06-21T17:43:11+01:00,3140666,3140664,Rl,0,99.7,6.4,6346004,29155792,"python -m gpuwrf run --input-dir <DATA_ROOT>/wrf_downscale/canary_all7/run --namelist <DATA_ROOT>/wrf_downscale/canary_all7/run/namelist.input --output-dir proofs/v020/s4/fp64_d01d03_1h_thomas_20260621T164055Z/output --proof-dir proofs/v020/s4/fp64_d01d03_1h_thomas_20260621T164055Z/proofs --scratch-dir proofs/v020/s4/fp64_d01d03_1h_thomas_20260621T164055Z/scratch --max-dom 3 --hours 1"
1782060193,2026-06-21T17:43:13+01:00,3140664,3140601,S,0,0.0,0.0,1736,2784,"/usr/bin/time -f wall_s=%e\nmaxrss_kib=%M -o proofs/v020/s4/fp64_d01d03_1h_thomas_20260621T164055Z/time.txt taskset -c 0-3 python -m gpuwrf run --input-dir <DATA_ROOT>/wrf_downscale/canary_all7/run --namelist <DATA_ROOT>/wrf_downscale/canary_all7/run/namelist.input --output-dir proofs/v020/s4/fp64_d01d03_1h_thomas_20260621T164055Z/output --proof-dir proofs/v020/s4/fp64_d01d03_1h_thomas_20260621T164055Z/proofs --scratch-dir proofs/v020/s4/fp64_d01d03_1h_thomas_20260621T164055Z/scratch --max-dom 3 --hours 1"
1782060193,2026-06-21T17:43:13+01:00,3140666,3140664,Rl,1,100,6.4,6350700,29155792,"python -m gpuwrf run --input-dir <DATA_ROOT>/wrf_downscale/canary_all7/run --namelist <DATA_ROOT>/wrf_downscale/canary_all7/run/namelist.input --output-dir proofs/v020/s4/fp64_d01d03_1h_thomas_20260621T164055Z/output --proof-dir proofs/v020/s4/fp64_d01d03_1h_thomas_20260621T164055Z/proofs --scratch-dir proofs/v020/s4/fp64_d01d03_1h_thomas_20260621T164055Z/scratch --max-dom 3 --hours 1"
1782060195,2026-06-21T17:43:15+01:00,3140664,3140601,S,0,0.0,0.0,1736,2784,"/usr/bin/time -f wall_s=%e\nmaxrss_kib=%M -o proofs/v020/s4/fp64_d01d03_1h_thomas_20260621T164055Z/time.txt taskset -c 0-3 python -m gpuwrf run --input-dir <DATA_ROOT>/wrf_downscale/canary_all7/run --namelist <DATA_ROOT>/wrf_downscale/canary_all7/run/namelist.input --output-dir proofs/v020/s4/fp64_d01d03_1h_thomas_20260621T164055Z/output --proof-dir proofs/v020/s4/fp64_d01d03_1h_thomas_20260621T164055Z/proofs --scratch-dir proofs/v020/s4/fp64_d01d03_1h_thomas_20260621T164055Z/scratch --max-dom 3 --hours 1"
1782060195,2026-06-21T17:43:15+01:00,3140666,3140664,Sl,0,102,6.6,6540300,29341800,"python -m gpuwrf run --input-dir <DATA_ROOT>/wrf_downscale/canary_all7/run --namelist <DATA_ROOT>/wrf_downscale/canary_all7/run/namelist.input --output-dir proofs/v020/s4/fp64_d01d03_1h_thomas_20260621T164055Z/output --proof-dir proofs/v020/s4/fp64_d01d03_1h_thomas_20260621T164055Z/proofs --scratch-dir proofs/v020/s4/fp64_d01d03_1h_thomas_20260621T164055Z/scratch --max-dom 3 --hours 1"
1782060197,2026-06-21T17:43:17+01:00,3140664,3140601,S,0,0.0,0.0,1736,2784,"/usr/bin/time -f wall_s=%e\nmaxrss_kib=%M -o proofs/v020/s4/fp64_d01d03_1h_thomas_20260621T164055Z/time.txt taskset -c 0-3 python -m gpuwrf run --input-dir <DATA_ROOT>/wrf_downscale/canary_all7/run --namelist <DATA_ROOT>/wrf_downscale/canary_all7/run/namelist.input --output-dir proofs/v020/s4/fp64_d01d03_1h_thomas_20260621T164055Z/output --proof-dir proofs/v020/s4/fp64_d01d03_1h_thomas_20260621T164055Z/proofs --scratch-dir proofs/v020/s4/fp64_d01d03_1h_thomas_20260621T164055Z/scratch --max-dom 3 --hours 1"
1782060197,2026-06-21T17:43:17+01:00,3140666,3140664,Rl,0,102,6.9,6811284,29604736,"python -m gpuwrf run --input-dir <DATA_ROOT>/wrf_downscale/canary_all7/run --namelist <DATA_ROOT>/wrf_downscale/canary_all7/run/namelist.input --output-dir proofs/v020/s4/fp64_d01d03_1h_thomas_20260621T164055Z/output --proof-dir proofs/v020/s4/fp64_d01d03_1h_thomas_20260621T164055Z/proofs --scratch-dir proofs/v020/s4/fp64_d01d03_1h_thomas_20260621T164055Z/scratch --max-dom 3 --hours 1"
1782060200,2026-06-21T17:43:20+01:00,3140664,3140601,S,0,0.0,0.0,1736,2784,"/usr/bin/time -f wall_s=%e\nmaxrss_kib=%M -o proofs/v020/s4/fp64_d01d03_1h_thomas_20260621T164055Z/time.txt taskset -c 0-3 python -m gpuwrf run --input-dir <DATA_ROOT>/wrf_downscale/canary_all7/run --namelist <DATA_ROOT>/wrf_downscale/canary_all7/run/namelist.input --output-dir proofs/v020/s4/fp64_d01d03_1h_thomas_20260621T164055Z/output --proof-dir proofs/v020/s4/fp64_d01d03_1h_thomas_20260621T164055Z/proofs --scratch-dir proofs/v020/s4/fp64_d01d03_1h_thomas_20260621T164055Z/scratch --max-dom 3 --hours 1"
1782060200,2026-06-21T17:43:20+01:00,3140666,3140664,Rl,2,103,7.1,7025452,29819744,"python -m gpuwrf run --input-dir <DATA_ROOT>/wrf_downscale/canary_all7/run --namelist <DATA_ROOT>/wrf_downscale/canary_all7/run/namelist.input --output-dir proofs/v020/s4/fp64_d01d03_1h_thomas_20260621T164055Z/output --proof-dir proofs/v020/s4/fp64_d01d03_1h_thomas_20260621T164055Z/proofs --scratch-dir proofs/v020/s4/fp64_d01d03_1h_thomas_20260621T164055Z/scratch --max-dom 3 --hours 1"
1782060202,2026-06-21T17:43:22+01:00,3140664,3140601,S,0,0.0,0.0,1736,2784,"/usr/bin/time -f wall_s=%e\nmaxrss_kib=%M -o proofs/v020/s4/fp64_d01d03_1h_thomas_20260621T164055Z/time.txt taskset -c 0-3 python -m gpuwrf run --input-dir <DATA_ROOT>/wrf_downscale/canary_all7/run --namelist <DATA_ROOT>/wrf_downscale/canary_all7/run/namelist.input --output-dir proofs/v020/s4/fp64_d01d03_1h_thomas_20260621T164055Z/output --proof-dir proofs/v020/s4/fp64_d01d03_1h_thomas_20260621T164055Z/proofs --scratch-dir proofs/v020/s4/fp64_d01d03_1h_thomas_20260621T164055Z/scratch --max-dom 3 --hours 1"
1782060202,2026-06-21T17:43:22+01:00,3140666,3140664,Rl,1,103,7.2,7169444,29962312,"python -m gpuwrf run --input-dir <DATA_ROOT>/wrf_downscale/canary_all7/run --namelist <DATA_ROOT>/wrf_downscale/canary_all7/run/namelist.input --output-dir proofs/v020/s4/fp64_d01d03_1h_thomas_20260621T164055Z/output --proof-dir proofs/v020/s4/fp64_d01d03_1h_thomas_20260621T164055Z/proofs --scratch-dir proofs/v020/s4/fp64_d01d03_1h_thomas_20260621T164055Z/scratch --max-dom 3 --hours 1"
1782060204,2026-06-21T17:43:24+01:00,3140664,3140601,S,0,0.0,0.0,1736,2784,"/usr/bin/time -f wall_s=%e\nmaxrss_kib=%M -o proofs/v020/s4/fp64_d01d03_1h_thomas_20260621T164055Z/time.txt taskset -c 0-3 python -m gpuwrf run --input-dir <DATA_ROOT>/wrf_downscale/canary_all7/run --namelist <DATA_ROOT>/wrf_downscale/canary_all7/run/namelist.input --output-dir proofs/v020/s4/fp64_d01d03_1h_thomas_20260621T164055Z/output --proof-dir proofs/v020/s4/fp64_d01d03_1h_thomas_20260621T164055Z/proofs --scratch-dir proofs/v020/s4/fp64_d01d03_1h_thomas_20260621T164055Z/scratch --max-dom 3 --hours 1"
1782060204,2026-06-21T17:43:24+01:00,3140666,3140664,Rl,1,103,7.5,7439312,30214884,"python -m gpuwrf run --input-dir <DATA_ROOT>/wrf_downscale/canary_all7/run --namelist <DATA_ROOT>/wrf_downscale/canary_all7/run/namelist.input --output-dir proofs/v020/s4/fp64_d01d03_1h_thomas_20260621T164055Z/output --proof-dir proofs/v020/s4/fp64_d01d03_1h_thomas_20260621T164055Z/proofs --scratch-dir proofs/v020/s4/fp64_d01d03_1h_thomas_20260621T164055Z/scratch --max-dom 3 --hours 1"
1782060206,2026-06-21T17:43:26+01:00,3140664,3140601,S,0,0.0,0.0,1736,2784,"/usr/bin/time -f wall_s=%e\nmaxrss_kib=%M -o proofs/v020/s4/fp64_d01d03_1h_thomas_20260621T164055Z/time.txt taskset -c 0-3 python -m gpuwrf run --input-dir <DATA_ROOT>/wrf_downscale/canary_all7/run --namelist <DATA_ROOT>/wrf_downscale/canary_all7/run/namelist.input --output-dir proofs/v020/s4/fp64_d01d03_1h_thomas_20260621T164055Z/output --proof-dir proofs/v020/s4/fp64_d01d03_1h_thomas_20260621T164055Z/proofs --scratch-dir proofs/v020/s4/fp64_d01d03_1h_thomas_20260621T164055Z/scratch --max-dom 3 --hours 1"
1782060206,2026-06-21T17:43:26+01:00,3140666,3140664,Sl,1,104,7.7,7607592,30380460,"python -m gpuwrf run --input-dir <DATA_ROOT>/wrf_downscale/canary_all7/run --namelist <DATA_ROOT>/wrf_downscale/canary_all7/run/namelist.input --output-dir proofs/v020/s4/fp64_d01d03_1h_thomas_20260621T164055Z/output --proof-dir proofs/v020/s4/fp64_d01d03_1h_thomas_20260621T164055Z/proofs --scratch-dir proofs/v020/s4/fp64_d01d03_1h_thomas_20260621T164055Z/scratch --max-dom 3 --hours 1"
1782060208,2026-06-21T17:43:28+01:00,3140664,3140601,S,0,0.0,0.0,1736,2784,"/usr/bin/time -f wall_s=%e\nmaxrss_kib=%M -o proofs/v020/s4/fp64_d01d03_1h_thomas_20260621T164055Z/time.txt taskset -c 0-3 python -m gpuwrf run --input-dir <DATA_ROOT>/wrf_downscale/canary_all7/run --namelist <DATA_ROOT>/wrf_downscale/canary_all7/run/namelist.input --output-dir proofs/v020/s4/fp64_d01d03_1h_thomas_20260621T164055Z/output --proof-dir proofs/v020/s4/fp64_d01d03_1h_thomas_20260621T164055Z/proofs --scratch-dir proofs/v020/s4/fp64_d01d03_1h_thomas_20260621T164055Z/scratch --max-dom 3 --hours 1"
1782060208,2026-06-21T17:43:28+01:00,3140666,3140664,Rl,2,105,7.8,7706124,30478912,"python -m gpuwrf run --input-dir <DATA_ROOT>/wrf_downscale/canary_all7/run --namelist <DATA_ROOT>/wrf_downscale/canary_all7/run/namelist.input --output-dir proofs/v020/s4/fp64_d01d03_1h_thomas_20260621T164055Z/output --proof-dir proofs/v020/s4/fp64_d01d03_1h_thomas_20260621T164055Z/proofs --scratch-dir proofs/v020/s4/fp64_d01d03_1h_thomas_20260621T164055Z/scratch --max-dom 3 --hours 1"
1782060210,2026-06-21T17:43:30+01:00,3140664,3140601,S,0,0.0,0.0,1736,2784,"/usr/bin/time -f wall_s=%e\nmaxrss_kib=%M -o proofs/v020/s4/fp64_d01d03_1h_thomas_20260621T164055Z/time.txt taskset -c 0-3 python -m gpuwrf run --input-dir <DATA_ROOT>/wrf_downscale/canary_all7/run --namelist <DATA_ROOT>/wrf_downscale/canary_all7/run/namelist.input --output-dir proofs/v020/s4/fp64_d01d03_1h_thomas_20260621T164055Z/output --proof-dir proofs/v020/s4/fp64_d01d03_1h_thomas_20260621T164055Z/proofs --scratch-dir proofs/v020/s4/fp64_d01d03_1h_thomas_20260621T164055Z/scratch --max-dom 3 --hours 1"
1782060210,2026-06-21T17:43:30+01:00,3140666,3140664,Rl,0,106,7.8,7767380,30540536,"python -m gpuwrf run --input-dir <DATA_ROOT>/wrf_downscale/canary_all7/run --namelist <DATA_ROOT>/wrf_downscale/canary_all7/run/namelist.input --output-dir proofs/v020/s4/fp64_d01d03_1h_thomas_20260621T164055Z/output --proof-dir proofs/v020/s4/fp64_d01d03_1h_thomas_20260621T164055Z/proofs --scratch-dir proofs/v020/s4/fp64_d01d03_1h_thomas_20260621T164055Z/scratch --max-dom 3 --hours 1"
1782060212,2026-06-21T17:43:32+01:00,3140664,3140601,S,0,0.0,0.0,1736,2784,"/usr/bin/time -f wall_s=%e\nmaxrss_kib=%M -o proofs/v020/s4/fp64_d01d03_1h_thomas_20260621T164055Z/time.txt taskset -c 0-3 python -m gpuwrf run --input-dir <DATA_ROOT>/wrf_downscale/canary_all7/run --namelist <DATA_ROOT>/wrf_downscale/canary_all7/run/namelist.input --output-dir proofs/v020/s4/fp64_d01d03_1h_thomas_20260621T164055Z/output --proof-dir proofs/v020/s4/fp64_d01d03_1h_thomas_20260621T164055Z/proofs --scratch-dir proofs/v020/s4/fp64_d01d03_1h_thomas_20260621T164055Z/scratch --max-dom 3 --hours 1"
1782060212,2026-06-21T17:43:32+01:00,3140666,3140664,Sl,3,106,8.1,7996084,30766612,"python -m gpuwrf run --input-dir <DATA_ROOT>/wrf_downscale/canary_all7/run --namelist <DATA_ROOT>/wrf_downscale/canary_all7/run/namelist.input --output-dir proofs/v020/s4/fp64_d01d03_1h_thomas_20260621T164055Z/output --proof-dir proofs/v020/s4/fp64_d01d03_1h_thomas_20260621T164055Z/proofs --scratch-dir proofs/v020/s4/fp64_d01d03_1h_thomas_20260621T164055Z/scratch --max-dom 3 --hours 1"
1782060214,2026-06-21T17:43:34+01:00,3140664,3140601,S,0,0.0,0.0,1736,2784,"/usr/bin/time -f wall_s=%e\nmaxrss_kib=%M -o proofs/v020/s4/fp64_d01d03_1h_thomas_20260621T164055Z/time.txt taskset -c 0-3 python -m gpuwrf run --input-dir <DATA_ROOT>/wrf_downscale/canary_all7/run --namelist <DATA_ROOT>/wrf_downscale/canary_all7/run/namelist.input --output-dir proofs/v020/s4/fp64_d01d03_1h_thomas_20260621T164055Z/output --proof-dir proofs/v020/s4/fp64_d01d03_1h_thomas_20260621T164055Z/proofs --scratch-dir proofs/v020/s4/fp64_d01d03_1h_thomas_20260621T164055Z/scratch --max-dom 3 --hours 1"
1782060214,2026-06-21T17:43:34+01:00,3140666,3140664,Rl,3,107,8.3,8210068,30981428,"python -m gpuwrf run --input-dir <DATA_ROOT>/wrf_downscale/canary_all7/run --namelist <DATA_ROOT>/wrf_downscale/canary_all7/run/namelist.input --output-dir proofs/v020/s4/fp64_d01d03_1h_thomas_20260621T164055Z/output --proof-dir proofs/v020/s4/fp64_d01d03_1h_thomas_20260621T164055Z/proofs --scratch-dir proofs/v020/s4/fp64_d01d03_1h_thomas_20260621T164055Z/scratch --max-dom 3 --hours 1"
1782060217,2026-06-21T17:43:37+01:00,3140664,3140601,S,0,0.0,0.0,1736,2784,"/usr/bin/time -f wall_s=%e\nmaxrss_kib=%M -o proofs/v020/s4/fp64_d01d03_1h_thomas_20260621T164055Z/time.txt taskset -c 0-3 python -m gpuwrf run --input-dir <DATA_ROOT>/wrf_downscale/canary_all7/run --namelist <DATA_ROOT>/wrf_downscale/canary_all7/run/namelist.input --output-dir proofs/v020/s4/fp64_d01d03_1h_thomas_20260621T164055Z/output --proof-dir proofs/v020/s4/fp64_d01d03_1h_thomas_20260621T164055Z/proofs --scratch-dir proofs/v020/s4/fp64_d01d03_1h_thomas_20260621T164055Z/scratch --max-dom 3 --hours 1"
1782060217,2026-06-21T17:43:37+01:00,3140666,3140664,Sl,1,107,8.6,8552512,31275188,"python -m gpuwrf run --input-dir <DATA_ROOT>/wrf_downscale/canary_all7/run --namelist <DATA_ROOT>/wrf_downscale/canary_all7/run/namelist.input --output-dir proofs/v020/s4/fp64_d01d03_1h_thomas_20260621T164055Z/output --proof-dir proofs/v020/s4/fp64_d01d03_1h_thomas_20260621T164055Z/proofs --scratch-dir proofs/v020/s4/fp64_d01d03_1h_thomas_20260621T164055Z/scratch --max-dom 3 --hours 1"
1782060219,2026-06-21T17:43:39+01:00,3140664,3140601,S,0,0.0,0.0,1736,2784,"/usr/bin/time -f wall_s=%e\nmaxrss_kib=%M -o proofs/v020/s4/fp64_d01d03_1h_thomas_20260621T164055Z/time.txt taskset -c 0-3 python -m gpuwrf run --input-dir <DATA_ROOT>/wrf_downscale/canary_all7/run --namelist <DATA_ROOT>/wrf_downscale/canary_all7/run/namelist.input --output-dir proofs/v020/s4/fp64_d01d03_1h_thomas_20260621T164055Z/output --proof-dir proofs/v020/s4/fp64_d01d03_1h_thomas_20260621T164055Z/proofs --scratch-dir proofs/v020/s4/fp64_d01d03_1h_thomas_20260621T164055Z/scratch --max-dom 3 --hours 1"
1782060219,2026-06-21T17:43:39+01:00,3140666,3140664,Sl,1,108,8.8,8712780,31428604,"python -m gpuwrf run --input-dir <DATA_ROOT>/wrf_downscale/canary_all7/run --namelist <DATA_ROOT>/wrf_downscale/canary_all7/run/namelist.input --output-dir proofs/v020/s4/fp64_d01d03_1h_thomas_20260621T164055Z/output --proof-dir proofs/v020/s4/fp64_d01d03_1h_thomas_20260621T164055Z/proofs --scratch-dir proofs/v020/s4/fp64_d01d03_1h_thomas_20260621T164055Z/scratch --max-dom 3 --hours 1"
1782060221,2026-06-21T17:43:41+01:00,3140664,3140601,S,0,0.0,0.0,1736,2784,"/usr/bin/time -f wall_s=%e\nmaxrss_kib=%M -o proofs/v020/s4/fp64_d01d03_1h_thomas_20260621T164055Z/time.txt taskset -c 0-3 python -m gpuwrf run --input-dir <DATA_ROOT>/wrf_downscale/canary_all7/run --namelist <DATA_ROOT>/wrf_downscale/canary_all7/run/namelist.input --output-dir proofs/v020/s4/fp64_d01d03_1h_thomas_20260621T164055Z/output --proof-dir proofs/v020/s4/fp64_d01d03_1h_thomas_20260621T164055Z/proofs --scratch-dir proofs/v020/s4/fp64_d01d03_1h_thomas_20260621T164055Z/scratch --max-dom 3 --hours 1"
1782060221,2026-06-21T17:43:41+01:00,3140666,3140664,Rl,1,108,8.9,8798892,31509720,"python -m gpuwrf run --input-dir <DATA_ROOT>/wrf_downscale/canary_all7/run --namelist <DATA_ROOT>/wrf_downscale/canary_all7/run/namelist.input --output-dir proofs/v020/s4/fp64_d01d03_1h_thomas_20260621T164055Z/output --proof-dir proofs/v020/s4/fp64_d01d03_1h_thomas_20260621T164055Z/proofs --scratch-dir proofs/v020/s4/fp64_d01d03_1h_thomas_20260621T164055Z/scratch --max-dom 3 --hours 1"
1782060223,2026-06-21T17:43:43+01:00,3140664,3140601,S,0,0.0,0.0,1736,2784,"/usr/bin/time -f wall_s=%e\nmaxrss_kib=%M -o proofs/v020/s4/fp64_d01d03_1h_thomas_20260621T164055Z/time.txt taskset -c 0-3 python -m gpuwrf run --input-dir <DATA_ROOT>/wrf_downscale/canary_all7/run --namelist <DATA_ROOT>/wrf_downscale/canary_all7/run/namelist.input --output-dir proofs/v020/s4/fp64_d01d03_1h_thomas_20260621T164055Z/output --proof-dir proofs/v020/s4/fp64_d01d03_1h_thomas_20260621T164055Z/proofs --scratch-dir proofs/v020/s4/fp64_d01d03_1h_thomas_20260621T164055Z/scratch --max-dom 3 --hours 1"
1782060223,2026-06-21T17:43:43+01:00,3140666,3140664,Sl,1,109,9.0,8886256,31595792,"python -m gpuwrf run --input-dir <DATA_ROOT>/wrf_downscale/canary_all7/run --namelist <DATA_ROOT>/wrf_downscale/canary_all7/run/namelist.input --output-dir proofs/v020/s4/fp64_d01d03_1h_thomas_20260621T164055Z/output --proof-dir proofs/v020/s4/fp64_d01d03_1h_thomas_20260621T164055Z/proofs --scratch-dir proofs/v020/s4/fp64_d01d03_1h_thomas_20260621T164055Z/scratch --max-dom 3 --hours 1"
1782060225,2026-06-21T17:43:45+01:00,3140664,3140601,S,0,0.0,0.0,1736,2784,"/usr/bin/time -f wall_s=%e\nmaxrss_kib=%M -o proofs/v020/s4/fp64_d01d03_1h_thomas_20260621T164055Z/time.txt taskset -c 0-3 python -m gpuwrf run --input-dir <DATA_ROOT>/wrf_downscale/canary_all7/run --namelist <DATA_ROOT>/wrf_downscale/canary_all7/run/namelist.input --output-dir proofs/v020/s4/fp64_d01d03_1h_thomas_20260621T164055Z/output --proof-dir proofs/v020/s4/fp64_d01d03_1h_thomas_20260621T164055Z/proofs --scratch-dir proofs/v020/s4/fp64_d01d03_1h_thomas_20260621T164055Z/scratch --max-dom 3 --hours 1"
1782060225,2026-06-21T17:43:45+01:00,3140666,3140664,Rl,2,110,9.1,9019604,31726716,"python -m gpuwrf run --input-dir <DATA_ROOT>/wrf_downscale/canary_all7/run --namelist <DATA_ROOT>/wrf_downscale/canary_all7/run/namelist.input --output-dir proofs/v020/s4/fp64_d01d03_1h_thomas_20260621T164055Z/output --proof-dir proofs/v020/s4/fp64_d01d03_1h_thomas_20260621T164055Z/proofs --scratch-dir proofs/v020/s4/fp64_d01d03_1h_thomas_20260621T164055Z/scratch --max-dom 3 --hours 1"
1782060227,2026-06-21T17:43:47+01:00,3140664,3140601,S,0,0.0,0.0,1736,2784,"/usr/bin/time -f wall_s=%e\nmaxrss_kib=%M -o proofs/v020/s4/fp64_d01d03_1h_thomas_20260621T164055Z/time.txt taskset -c 0-3 python -m gpuwrf run --input-dir <DATA_ROOT>/wrf_downscale/canary_all7/run --namelist <DATA_ROOT>/wrf_downscale/canary_all7/run/namelist.input --output-dir proofs/v020/s4/fp64_d01d03_1h_thomas_20260621T164055Z/output --proof-dir proofs/v020/s4/fp64_d01d03_1h_thomas_20260621T164055Z/proofs --scratch-dir proofs/v020/s4/fp64_d01d03_1h_thomas_20260621T164055Z/scratch --max-dom 3 --hours 1"
1782060227,2026-06-21T17:43:47+01:00,3140666,3140664,Rl,2,111,9.2,9093892,31794380,"python -m gpuwrf run --input-dir <DATA_ROOT>/wrf_downscale/canary_all7/run --namelist <DATA_ROOT>/wrf_downscale/canary_all7/run/namelist.input --output-dir proofs/v020/s4/fp64_d01d03_1h_thomas_20260621T164055Z/output --proof-dir proofs/v020/s4/fp64_d01d03_1h_thomas_20260621T164055Z/proofs --scratch-dir proofs/v020/s4/fp64_d01d03_1h_thomas_20260621T164055Z/scratch --max-dom 3 --hours 1"
1782060229,2026-06-21T17:43:49+01:00,3140664,3140601,S,0,0.0,0.0,1736,2784,"/usr/bin/time -f wall_s=%e\nmaxrss_kib=%M -o proofs/v020/s4/fp64_d01d03_1h_thomas_20260621T164055Z/time.txt taskset -c 0-3 python -m gpuwrf run --input-dir <DATA_ROOT>/wrf_downscale/canary_all7/run --namelist <DATA_ROOT>/wrf_downscale/canary_all7/run/namelist.input --output-dir proofs/v020/s4/fp64_d01d03_1h_thomas_20260621T164055Z/output --proof-dir proofs/v020/s4/fp64_d01d03_1h_thomas_20260621T164055Z/proofs --scratch-dir proofs/v020/s4/fp64_d01d03_1h_thomas_20260621T164055Z/scratch --max-dom 3 --hours 1"
1782060229,2026-06-21T17:43:49+01:00,3140666,3140664,Sl,3,112,9.3,9183584,31880328,"python -m gpuwrf run --input-dir <DATA_ROOT>/wrf_downscale/canary_all7/run --namelist <DATA_ROOT>/wrf_downscale/canary_all7/run/namelist.input --output-dir proofs/v020/s4/fp64_d01d03_1h_thomas_20260621T164055Z/output --proof-dir proofs/v020/s4/fp64_d01d03_1h_thomas_20260621T164055Z/proofs --scratch-dir proofs/v020/s4/fp64_d01d03_1h_thomas_20260621T164055Z/scratch --max-dom 3 --hours 1"
1782060232,2026-06-21T17:43:52+01:00,3140664,3140601,S,0,0.0,0.0,1736,2784,"/usr/bin/time -f wall_s=%e\nmaxrss_kib=%M -o proofs/v020/s4/fp64_d01d03_1h_thomas_20260621T164055Z/time.txt taskset -c 0-3 python -m gpuwrf run --input-dir <DATA_ROOT>/wrf_downscale/canary_all7/run --namelist <DATA_ROOT>/wrf_downscale/canary_all7/run/namelist.input --output-dir proofs/v020/s4/fp64_d01d03_1h_thomas_20260621T164055Z/output --proof-dir proofs/v020/s4/fp64_d01d03_1h_thomas_20260621T164055Z/proofs --scratch-dir proofs/v020/s4/fp64_d01d03_1h_thomas_20260621T164055Z/scratch --max-dom 3 --hours 1"
1782060232,2026-06-21T17:43:52+01:00,3140666,3140664,Sl,3,112,9.4,9312572,32008044,"python -m gpuwrf run --input-dir <DATA_ROOT>/wrf_downscale/canary_all7/run --namelist <DATA_ROOT>/wrf_downscale/canary_all7/run/namelist.input --output-dir proofs/v020/s4/fp64_d01d03_1h_thomas_20260621T164055Z/output --proof-dir proofs/v020/s4/fp64_d01d03_1h_thomas_20260621T164055Z/proofs --scratch-dir proofs/v020/s4/fp64_d01d03_1h_thomas_20260621T164055Z/scratch --max-dom 3 --hours 1"
1782060234,2026-06-21T17:43:54+01:00,3140664,3140601,S,0,0.0,0.0,1736,2784,"/usr/bin/time -f wall_s=%e\nmaxrss_kib=%M -o proofs/v020/s4/fp64_d01d03_1h_thomas_20260621T164055Z/time.txt taskset -c 0-3 python -m gpuwrf run --input-dir <DATA_ROOT>/wrf_downscale/canary_all7/run --namelist <DATA_ROOT>/wrf_downscale/canary_all7/run/namelist.input --output-dir proofs/v020/s4/fp64_d01d03_1h_thomas_20260621T164055Z/output --proof-dir proofs/v020/s4/fp64_d01d03_1h_thomas_20260621T164055Z/proofs --scratch-dir proofs/v020/s4/fp64_d01d03_1h_thomas_20260621T164055Z/scratch --max-dom 3 --hours 1"
1782060234,2026-06-21T17:43:54+01:00,3140666,3140664,Rl,2,113,9.6,9531608,32227012,"python -m gpuwrf run --input-dir <DATA_ROOT>/wrf_downscale/canary_all7/run --namelist <DATA_ROOT>/wrf_downscale/canary_all7/run/namelist.input --output-dir proofs/v020/s4/fp64_d01d03_1h_thomas_20260621T164055Z/output --proof-dir proofs/v020/s4/fp64_d01d03_1h_thomas_20260621T164055Z/proofs --scratch-dir proofs/v020/s4/fp64_d01d03_1h_thomas_20260621T164055Z/scratch --max-dom 3 --hours 1"
1782060236,2026-06-21T17:43:56+01:00,3140664,3140601,S,0,0.0,0.0,1736,2784,"/usr/bin/time -f wall_s=%e\nmaxrss_kib=%M -o proofs/v020/s4/fp64_d01d03_1h_thomas_20260621T164055Z/time.txt taskset -c 0-3 python -m gpuwrf run --input-dir <DATA_ROOT>/wrf_downscale/canary_all7/run --namelist <DATA_ROOT>/wrf_downscale/canary_all7/run/namelist.input --output-dir proofs/v020/s4/fp64_d01d03_1h_thomas_20260621T164055Z/output --proof-dir proofs/v020/s4/fp64_d01d03_1h_thomas_20260621T164055Z/proofs --scratch-dir proofs/v020/s4/fp64_d01d03_1h_thomas_20260621T164055Z/scratch --max-dom 3 --hours 1"
1782060236,2026-06-21T17:43:56+01:00,3140666,3140664,Rl,2,113,9.8,9689304,32384656,"python -m gpuwrf run --input-dir <DATA_ROOT>/wrf_downscale/canary_all7/run --namelist <DATA_ROOT>/wrf_downscale/canary_all7/run/namelist.input --output-dir proofs/v020/s4/fp64_d01d03_1h_thomas_20260621T164055Z/output --proof-dir proofs/v020/s4/fp64_d01d03_1h_thomas_20260621T164055Z/proofs --scratch-dir proofs/v020/s4/fp64_d01d03_1h_thomas_20260621T164055Z/scratch --max-dom 3 --hours 1"
1782060238,2026-06-21T17:43:58+01:00,3140664,3140601,S,0,0.0,0.0,1736,2784,"/usr/bin/time -f wall_s=%e\nmaxrss_kib=%M -o proofs/v020/s4/fp64_d01d03_1h_thomas_20260621T164055Z/time.txt taskset -c 0-3 python -m gpuwrf run --input-dir <DATA_ROOT>/wrf_downscale/canary_all7/run --namelist <DATA_ROOT>/wrf_downscale/canary_all7/run/namelist.input --output-dir proofs/v020/s4/fp64_d01d03_1h_thomas_20260621T164055Z/output --proof-dir proofs/v020/s4/fp64_d01d03_1h_thomas_20260621T164055Z/proofs --scratch-dir proofs/v020/s4/fp64_d01d03_1h_thomas_20260621T164055Z/scratch --max-dom 3 --hours 1"
1782060238,2026-06-21T17:43:58+01:00,3140666,3140664,Rl,3,113,9.9,9755136,32450476,"python -m gpuwrf run --input-dir <DATA_ROOT>/wrf_downscale/canary_all7/run --namelist <DATA_ROOT>/wrf_downscale/canary_all7/run/namelist.input --output-dir proofs/v020/s4/fp64_d01d03_1h_thomas_20260621T164055Z/output --proof-dir proofs/v020/s4/fp64_d01d03_1h_thomas_20260621T164055Z/proofs --scratch-dir proofs/v020/s4/fp64_d01d03_1h_thomas_20260621T164055Z/scratch --max-dom 3 --hours 1"
1782060240,2026-06-21T17:44:00+01:00,3140664,3140601,S,0,0.0,0.0,1736,2784,"/usr/bin/time -f wall_s=%e\nmaxrss_kib=%M -o proofs/v020/s4/fp64_d01d03_1h_thomas_20260621T164055Z/time.txt taskset -c 0-3 python -m gpuwrf run --input-dir <DATA_ROOT>/wrf_downscale/canary_all7/run --namelist <DATA_ROOT>/wrf_downscale/canary_all7/run/namelist.input --output-dir proofs/v020/s4/fp64_d01d03_1h_thomas_20260621T164055Z/output --proof-dir proofs/v020/s4/fp64_d01d03_1h_thomas_20260621T164055Z/proofs --scratch-dir proofs/v020/s4/fp64_d01d03_1h_thomas_20260621T164055Z/scratch --max-dom 3 --hours 1"
1782060240,2026-06-21T17:44:00+01:00,3140666,3140664,Rl,0,114,10.0,9894384,32590356,"python -m gpuwrf run --input-dir <DATA_ROOT>/wrf_downscale/canary_all7/run --namelist <DATA_ROOT>/wrf_downscale/canary_all7/run/namelist.input --output-dir proofs/v020/s4/fp64_d01d03_1h_thomas_20260621T164055Z/output --proof-dir proofs/v020/s4/fp64_d01d03_1h_thomas_20260621T164055Z/proofs --scratch-dir proofs/v020/s4/fp64_d01d03_1h_thomas_20260621T164055Z/scratch --max-dom 3 --hours 1"
1782060242,2026-06-21T17:44:02+01:00,3140664,3140601,S,0,0.0,0.0,1736,2784,"/usr/bin/time -f wall_s=%e\nmaxrss_kib=%M -o proofs/v020/s4/fp64_d01d03_1h_thomas_20260621T164055Z/time.txt taskset -c 0-3 python -m gpuwrf run --input-dir <DATA_ROOT>/wrf_downscale/canary_all7/run --namelist <DATA_ROOT>/wrf_downscale/canary_all7/run/namelist.input --output-dir proofs/v020/s4/fp64_d01d03_1h_thomas_20260621T164055Z/output --proof-dir proofs/v020/s4/fp64_d01d03_1h_thomas_20260621T164055Z/proofs --scratch-dir proofs/v020/s4/fp64_d01d03_1h_thomas_20260621T164055Z/scratch --max-dom 3 --hours 1"
1782060242,2026-06-21T17:44:02+01:00,3140666,3140664,Sl,1,114,10.2,10056912,32753248,"python -m gpuwrf run --input-dir <DATA_ROOT>/wrf_downscale/canary_all7/run --namelist <DATA_ROOT>/wrf_downscale/canary_all7/run/namelist.input --output-dir proofs/v020/s4/fp64_d01d03_1h_thomas_20260621T164055Z/output --proof-dir proofs/v020/s4/fp64_d01d03_1h_thomas_20260621T164055Z/proofs --scratch-dir proofs/v020/s4/fp64_d01d03_1h_thomas_20260621T164055Z/scratch --max-dom 3 --hours 1"
1782060244,2026-06-21T17:44:04+01:00,3140664,3140601,S,0,0.0,0.0,1736,2784,"/usr/bin/time -f wall_s=%e\nmaxrss_kib=%M -o proofs/v020/s4/fp64_d01d03_1h_thomas_20260621T164055Z/time.txt taskset -c 0-3 python -m gpuwrf run --input-dir <DATA_ROOT>/wrf_downscale/canary_all7/run --namelist <DATA_ROOT>/wrf_downscale/canary_all7/run/namelist.input --output-dir proofs/v020/s4/fp64_d01d03_1h_thomas_20260621T164055Z/output --proof-dir proofs/v020/s4/fp64_d01d03_1h_thomas_20260621T164055Z/proofs --scratch-dir proofs/v020/s4/fp64_d01d03_1h_thomas_20260621T164055Z/scratch --max-dom 3 --hours 1"
1782060244,2026-06-21T17:44:04+01:00,3140666,3140664,Rl,2,114,10.3,10149896,32846572,"python -m gpuwrf run --input-dir <DATA_ROOT>/wrf_downscale/canary_all7/run --namelist <DATA_ROOT>/wrf_downscale/canary_all7/run/namelist.input --output-dir proofs/v020/s4/fp64_d01d03_1h_thomas_20260621T164055Z/output --proof-dir proofs/v020/s4/fp64_d01d03_1h_thomas_20260621T164055Z/proofs --scratch-dir proofs/v020/s4/fp64_d01d03_1h_thomas_20260621T164055Z/scratch --max-dom 3 --hours 1"
1782060246,2026-06-21T17:44:06+01:00,3140664,3140601,S,0,0.0,0.0,1736,2784,"/usr/bin/time -f wall_s=%e\nmaxrss_kib=%M -o proofs/v020/s4/fp64_d01d03_1h_thomas_20260621T164055Z/time.txt taskset -c 0-3 python -m gpuwrf run --input-dir <DATA_ROOT>/wrf_downscale/canary_all7/run --namelist <DATA_ROOT>/wrf_downscale/canary_all7/run/namelist.input --output-dir proofs/v020/s4/fp64_d01d03_1h_thomas_20260621T164055Z/output --proof-dir proofs/v020/s4/fp64_d01d03_1h_thomas_20260621T164055Z/proofs --scratch-dir proofs/v020/s4/fp64_d01d03_1h_thomas_20260621T164055Z/scratch --max-dom 3 --hours 1"
1782060246,2026-06-21T17:44:06+01:00,3140666,3140664,Rl,1,114,10.5,10335672,33032836,"python -m gpuwrf run --input-dir <DATA_ROOT>/wrf_downscale/canary_all7/run --namelist <DATA_ROOT>/wrf_downscale/canary_all7/run/namelist.input --output-dir proofs/v020/s4/fp64_d01d03_1h_thomas_20260621T164055Z/output --proof-dir proofs/v020/s4/fp64_d01d03_1h_thomas_20260621T164055Z/proofs --scratch-dir proofs/v020/s4/fp64_d01d03_1h_thomas_20260621T164055Z/scratch --max-dom 3 --hours 1"
1782060249,2026-06-21T17:44:09+01:00,3140664,3140601,S,0,0.0,0.0,1736,2784,"/usr/bin/time -f wall_s=%e\nmaxrss_kib=%M -o proofs/v020/s4/fp64_d01d03_1h_thomas_20260621T164055Z/time.txt taskset -c 0-3 python -m gpuwrf run --input-dir <DATA_ROOT>/wrf_downscale/canary_all7/run --namelist <DATA_ROOT>/wrf_downscale/canary_all7/run/namelist.input --output-dir proofs/v020/s4/fp64_d01d03_1h_thomas_20260621T164055Z/output --proof-dir proofs/v020/s4/fp64_d01d03_1h_thomas_20260621T164055Z/proofs --scratch-dir proofs/v020/s4/fp64_d01d03_1h_thomas_20260621T164055Z/scratch --max-dom 3 --hours 1"
1782060249,2026-06-21T17:44:09+01:00,3140666,3140664,Rl,0,114,10.5,10414220,33111500,"python -m gpuwrf run --input-dir <DATA_ROOT>/wrf_downscale/canary_all7/run --namelist <DATA_ROOT>/wrf_downscale/canary_all7/run/namelist.input --output-dir proofs/v020/s4/fp64_d01d03_1h_thomas_20260621T164055Z/output --proof-dir proofs/v020/s4/fp64_d01d03_1h_thomas_20260621T164055Z/proofs --scratch-dir proofs/v020/s4/fp64_d01d03_1h_thomas_20260621T164055Z/scratch --max-dom 3 --hours 1"
1782060251,2026-06-21T17:44:11+01:00,3140664,3140601,S,0,0.0,0.0,1736,2784,"/usr/bin/time -f wall_s=%e\nmaxrss_kib=%M -o proofs/v020/s4/fp64_d01d03_1h_thomas_20260621T164055Z/time.txt taskset -c 0-3 python -m gpuwrf run --input-dir <DATA_ROOT>/wrf_downscale/canary_all7/run --namelist <DATA_ROOT>/wrf_downscale/canary_all7/run/namelist.input --output-dir proofs/v020/s4/fp64_d01d03_1h_thomas_20260621T164055Z/output --proof-dir proofs/v020/s4/fp64_d01d03_1h_thomas_20260621T164055Z/proofs --scratch-dir proofs/v020/s4/fp64_d01d03_1h_thomas_20260621T164055Z/scratch --max-dom 3 --hours 1"
1782060251,2026-06-21T17:44:11+01:00,3140666,3140664,Rl,3,114,10.6,10507060,33204420,"python -m gpuwrf run --input-dir <DATA_ROOT>/wrf_downscale/canary_all7/run --namelist <DATA_ROOT>/wrf_downscale/canary_all7/run/namelist.input --output-dir proofs/v020/s4/fp64_d01d03_1h_thomas_20260621T164055Z/output --proof-dir proofs/v020/s4/fp64_d01d03_1h_thomas_20260621T164055Z/proofs --scratch-dir proofs/v020/s4/fp64_d01d03_1h_thomas_20260621T164055Z/scratch --max-dom 3 --hours 1"
1782060253,2026-06-21T17:44:13+01:00,3140664,3140601,S,0,0.0,0.0,1736,2784,"/usr/bin/time -f wall_s=%e\nmaxrss_kib=%M -o proofs/v020/s4/fp64_d01d03_1h_thomas_20260621T164055Z/time.txt taskset -c 0-3 python -m gpuwrf run --input-dir <DATA_ROOT>/wrf_downscale/canary_all7/run --namelist <DATA_ROOT>/wrf_downscale/canary_all7/run/namelist.input --output-dir proofs/v020/s4/fp64_d01d03_1h_thomas_20260621T164055Z/output --proof-dir proofs/v020/s4/fp64_d01d03_1h_thomas_20260621T164055Z/proofs --scratch-dir proofs/v020/s4/fp64_d01d03_1h_thomas_20260621T164055Z/scratch --max-dom 3 --hours 1"
1782060253,2026-06-21T17:44:13+01:00,3140666,3140664,Sl,2,115,10.7,10595956,33293088,"python -m gpuwrf run --input-dir <DATA_ROOT>/wrf_downscale/canary_all7/run --namelist <DATA_ROOT>/wrf_downscale/canary_all7/run/namelist.input --output-dir proofs/v020/s4/fp64_d01d03_1h_thomas_20260621T164055Z/output --proof-dir proofs/v020/s4/fp64_d01d03_1h_thomas_20260621T164055Z/proofs --scratch-dir proofs/v020/s4/fp64_d01d03_1h_thomas_20260621T164055Z/scratch --max-dom 3 --hours 1"
1782060255,2026-06-21T17:44:15+01:00,3140664,3140601,S,0,0.0,0.0,1736,2784,"/usr/bin/time -f wall_s=%e\nmaxrss_kib=%M -o proofs/v020/s4/fp64_d01d03_1h_thomas_20260621T164055Z/time.txt taskset -c 0-3 python -m gpuwrf run --input-dir <DATA_ROOT>/wrf_downscale/canary_all7/run --namelist <DATA_ROOT>/wrf_downscale/canary_all7/run/namelist.input --output-dir proofs/v020/s4/fp64_d01d03_1h_thomas_20260621T164055Z/output --proof-dir proofs/v020/s4/fp64_d01d03_1h_thomas_20260621T164055Z/proofs --scratch-dir proofs/v020/s4/fp64_d01d03_1h_thomas_20260621T164055Z/scratch --max-dom 3 --hours 1"
1782060255,2026-06-21T17:44:15+01:00,3140666,3140664,Sl,3,115,10.8,10643472,33343272,"python -m gpuwrf run --input-dir <DATA_ROOT>/wrf_downscale/canary_all7/run --namelist <DATA_ROOT>/wrf_downscale/canary_all7/run/namelist.input --output-dir proofs/v020/s4/fp64_d01d03_1h_thomas_20260621T164055Z/output --proof-dir proofs/v020/s4/fp64_d01d03_1h_thomas_20260621T164055Z/proofs --scratch-dir proofs/v020/s4/fp64_d01d03_1h_thomas_20260621T164055Z/scratch --max-dom 3 --hours 1"
1782060257,2026-06-21T17:44:17+01:00,3140664,3140601,S,0,0.0,0.0,1736,2784,"/usr/bin/time -f wall_s=%e\nmaxrss_kib=%M -o proofs/v020/s4/fp64_d01d03_1h_thomas_20260621T164055Z/time.txt taskset -c 0-3 python -m gpuwrf run --input-dir <DATA_ROOT>/wrf_downscale/canary_all7/run --namelist <DATA_ROOT>/wrf_downscale/canary_all7/run/namelist.input --output-dir proofs/v020/s4/fp64_d01d03_1h_thomas_20260621T164055Z/output --proof-dir proofs/v020/s4/fp64_d01d03_1h_thomas_20260621T164055Z/proofs --scratch-dir proofs/v020/s4/fp64_d01d03_1h_thomas_20260621T164055Z/scratch --max-dom 3 --hours 1"
1782060257,2026-06-21T17:44:17+01:00,3140666,3140664,Rl,2,115,10.8,10696992,33396524,"python -m gpuwrf run --input-dir <DATA_ROOT>/wrf_downscale/canary_all7/run --namelist <DATA_ROOT>/wrf_downscale/canary_all7/run/namelist.input --output-dir proofs/v020/s4/fp64_d01d03_1h_thomas_20260621T164055Z/output --proof-dir proofs/v020/s4/fp64_d01d03_1h_thomas_20260621T164055Z/proofs --scratch-dir proofs/v020/s4/fp64_d01d03_1h_thomas_20260621T164055Z/scratch --max-dom 3 --hours 1"
1782060259,2026-06-21T17:44:19+01:00,3140664,3140601,S,0,0.0,0.0,1736,2784,"/usr/bin/time -f wall_s=%e\nmaxrss_kib=%M -o proofs/v020/s4/fp64_d01d03_1h_thomas_20260621T164055Z/time.txt taskset -c 0-3 python -m gpuwrf run --input-dir <DATA_ROOT>/wrf_downscale/canary_all7/run --namelist <DATA_ROOT>/wrf_downscale/canary_all7/run/namelist.input --output-dir proofs/v020/s4/fp64_d01d03_1h_thomas_20260621T164055Z/output --proof-dir proofs/v020/s4/fp64_d01d03_1h_thomas_20260621T164055Z/proofs --scratch-dir proofs/v020/s4/fp64_d01d03_1h_thomas_20260621T164055Z/scratch --max-dom 3 --hours 1"
1782060259,2026-06-21T17:44:19+01:00,3140666,3140664,Rl,2,115,10.9,10746184,33446932,"python -m gpuwrf run --input-dir <DATA_ROOT>/wrf_downscale/canary_all7/run --namelist <DATA_ROOT>/wrf_downscale/canary_all7/run/namelist.input --output-dir proofs/v020/s4/fp64_d01d03_1h_thomas_20260621T164055Z/output --proof-dir proofs/v020/s4/fp64_d01d03_1h_thomas_20260621T164055Z/proofs --scratch-dir proofs/v020/s4/fp64_d01d03_1h_thomas_20260621T164055Z/scratch --max-dom 3 --hours 1"
1782060261,2026-06-21T17:44:21+01:00,3140664,3140601,S,0,0.0,0.0,1736,2784,"/usr/bin/time -f wall_s=%e\nmaxrss_kib=%M -o proofs/v020/s4/fp64_d01d03_1h_thomas_20260621T164055Z/time.txt taskset -c 0-3 python -m gpuwrf run --input-dir <DATA_ROOT>/wrf_downscale/canary_all7/run --namelist <DATA_ROOT>/wrf_downscale/canary_all7/run/namelist.input --output-dir proofs/v020/s4/fp64_d01d03_1h_thomas_20260621T164055Z/output --proof-dir proofs/v020/s4/fp64_d01d03_1h_thomas_20260621T164055Z/proofs --scratch-dir proofs/v020/s4/fp64_d01d03_1h_thomas_20260621T164055Z/scratch --max-dom 3 --hours 1"
1782060261,2026-06-21T17:44:21+01:00,3140666,3140664,Rl,3,115,11.0,10839416,33539956,"python -m gpuwrf run --input-dir <DATA_ROOT>/wrf_downscale/canary_all7/run --namelist <DATA_ROOT>/wrf_downscale/canary_all7/run/namelist.input --output-dir proofs/v020/s4/fp64_d01d03_1h_thomas_20260621T164055Z/output --proof-dir proofs/v020/s4/fp64_d01d03_1h_thomas_20260621T164055Z/proofs --scratch-dir proofs/v020/s4/fp64_d01d03_1h_thomas_20260621T164055Z/scratch --max-dom 3 --hours 1"
1782060263,2026-06-21T17:44:23+01:00,3140664,3140601,S,0,0.0,0.0,1736,2784,"/usr/bin/time -f wall_s=%e\nmaxrss_kib=%M -o proofs/v020/s4/fp64_d01d03_1h_thomas_20260621T164055Z/time.txt taskset -c 0-3 python -m gpuwrf run --input-dir <DATA_ROOT>/wrf_downscale/canary_all7/run --namelist <DATA_ROOT>/wrf_downscale/canary_all7/run/namelist.input --output-dir proofs/v020/s4/fp64_d01d03_1h_thomas_20260621T164055Z/output --proof-dir proofs/v020/s4/fp64_d01d03_1h_thomas_20260621T164055Z/proofs --scratch-dir proofs/v020/s4/fp64_d01d03_1h_thomas_20260621T164055Z/scratch --max-dom 3 --hours 1"
1782060263,2026-06-21T17:44:23+01:00,3140666,3140664,Rl,2,116,11.3,11145716,33847592,"python -m gpuwrf run --input-dir <DATA_ROOT>/wrf_downscale/canary_all7/run --namelist <DATA_ROOT>/wrf_downscale/canary_all7/run/namelist.input --output-dir proofs/v020/s4/fp64_d01d03_1h_thomas_20260621T164055Z/output --proof-dir proofs/v020/s4/fp64_d01d03_1h_thomas_20260621T164055Z/proofs --scratch-dir proofs/v020/s4/fp64_d01d03_1h_thomas_20260621T164055Z/scratch --max-dom 3 --hours 1"
1782060265,2026-06-21T17:44:25+01:00,3140664,3140601,S,0,0.0,0.0,1736,2784,"/usr/bin/time -f wall_s=%e\nmaxrss_kib=%M -o proofs/v020/s4/fp64_d01d03_1h_thomas_20260621T164055Z/time.txt taskset -c 0-3 python -m gpuwrf run --input-dir <DATA_ROOT>/wrf_downscale/canary_all7/run --namelist <DATA_ROOT>/wrf_downscale/canary_all7/run/namelist.input --output-dir proofs/v020/s4/fp64_d01d03_1h_thomas_20260621T164055Z/output --proof-dir proofs/v020/s4/fp64_d01d03_1h_thomas_20260621T164055Z/proofs --scratch-dir proofs/v020/s4/fp64_d01d03_1h_thomas_20260621T164055Z/scratch --max-dom 3 --hours 1"
1782060265,2026-06-21T17:44:25+01:00,3140666,3140664,Rl,3,116,11.3,11203716,33905112,"python -m gpuwrf run --input-dir <DATA_ROOT>/wrf_downscale/canary_all7/run --namelist <DATA_ROOT>/wrf_downscale/canary_all7/run/namelist.input --output-dir proofs/v020/s4/fp64_d01d03_1h_thomas_20260621T164055Z/output --proof-dir proofs/v020/s4/fp64_d01d03_1h_thomas_20260621T164055Z/proofs --scratch-dir proofs/v020/s4/fp64_d01d03_1h_thomas_20260621T164055Z/scratch --max-dom 3 --hours 1"
1782060268,2026-06-21T17:44:28+01:00,3140664,3140601,S,0,0.0,0.0,1736,2784,"/usr/bin/time -f wall_s=%e\nmaxrss_kib=%M -o proofs/v020/s4/fp64_d01d03_1h_thomas_20260621T164055Z/time.txt taskset -c 0-3 python -m gpuwrf run --input-dir <DATA_ROOT>/wrf_downscale/canary_all7/run --namelist <DATA_ROOT>/wrf_downscale/canary_all7/run/namelist.input --output-dir proofs/v020/s4/fp64_d01d03_1h_thomas_20260621T164055Z/output --proof-dir proofs/v020/s4/fp64_d01d03_1h_thomas_20260621T164055Z/proofs --scratch-dir proofs/v020/s4/fp64_d01d03_1h_thomas_20260621T164055Z/scratch --max-dom 3 --hours 1"
1782060268,2026-06-21T17:44:28+01:00,3140666,3140664,Rl,2,116,11.4,11242832,33944360,"python -m gpuwrf run --input-dir <DATA_ROOT>/wrf_downscale/canary_all7/run --namelist <DATA_ROOT>/wrf_downscale/canary_all7/run/namelist.input --output-dir proofs/v020/s4/fp64_d01d03_1h_thomas_20260621T164055Z/output --proof-dir proofs/v020/s4/fp64_d01d03_1h_thomas_20260621T164055Z/proofs --scratch-dir proofs/v020/s4/fp64_d01d03_1h_thomas_20260621T164055Z/scratch --max-dom 3 --hours 1"
1782060270,2026-06-21T17:44:30+01:00,3140664,3140601,S,0,0.0,0.0,1736,2784,"/usr/bin/time -f wall_s=%e\nmaxrss_kib=%M -o proofs/v020/s4/fp64_d01d03_1h_thomas_20260621T164055Z/time.txt taskset -c 0-3 python -m gpuwrf run --input-dir <DATA_ROOT>/wrf_downscale/canary_all7/run --namelist <DATA_ROOT>/wrf_downscale/canary_all7/run/namelist.input --output-dir proofs/v020/s4/fp64_d01d03_1h_thomas_20260621T164055Z/output --proof-dir proofs/v020/s4/fp64_d01d03_1h_thomas_20260621T164055Z/proofs --scratch-dir proofs/v020/s4/fp64_d01d03_1h_thomas_20260621T164055Z/scratch --max-dom 3 --hours 1"
1782060270,2026-06-21T17:44:30+01:00,3140666,3140664,Rl,0,116,11.6,11476520,34177900,"python -m gpuwrf run --input-dir <DATA_ROOT>/wrf_downscale/canary_all7/run --namelist <DATA_ROOT>/wrf_downscale/canary_all7/run/namelist.input --output-dir proofs/v020/s4/fp64_d01d03_1h_thomas_20260621T164055Z/output --proof-dir proofs/v020/s4/fp64_d01d03_1h_thomas_20260621T164055Z/proofs --scratch-dir proofs/v020/s4/fp64_d01d03_1h_thomas_20260621T164055Z/scratch --max-dom 3 --hours 1"
1782060272,2026-06-21T17:44:32+01:00,3140664,3140601,S,0,0.0,0.0,1736,2784,"/usr/bin/time -f wall_s=%e\nmaxrss_kib=%M -o proofs/v020/s4/fp64_d01d03_1h_thomas_20260621T164055Z/time.txt taskset -c 0-3 python -m gpuwrf run --input-dir <DATA_ROOT>/wrf_downscale/canary_all7/run --namelist <DATA_ROOT>/wrf_downscale/canary_all7/run/namelist.input --output-dir proofs/v020/s4/fp64_d01d03_1h_thomas_20260621T164055Z/output --proof-dir proofs/v020/s4/fp64_d01d03_1h_thomas_20260621T164055Z/proofs --scratch-dir proofs/v020/s4/fp64_d01d03_1h_thomas_20260621T164055Z/scratch --max-dom 3 --hours 1"
1782060272,2026-06-21T17:44:32+01:00,3140666,3140664,Rl,3,117,11.7,11579764,34281584,"python -m gpuwrf run --input-dir <DATA_ROOT>/wrf_downscale/canary_all7/run --namelist <DATA_ROOT>/wrf_downscale/canary_all7/run/namelist.input --output-dir proofs/v020/s4/fp64_d01d03_1h_thomas_20260621T164055Z/output --proof-dir proofs/v020/s4/fp64_d01d03_1h_thomas_20260621T164055Z/proofs --scratch-dir proofs/v020/s4/fp64_d01d03_1h_thomas_20260621T164055Z/scratch --max-dom 3 --hours 1"
1782060274,2026-06-21T17:44:34+01:00,3140664,3140601,S,0,0.0,0.0,1736,2784,"/usr/bin/time -f wall_s=%e\nmaxrss_kib=%M -o proofs/v020/s4/fp64_d01d03_1h_thomas_20260621T164055Z/time.txt taskset -c 0-3 python -m gpuwrf run --input-dir <DATA_ROOT>/wrf_downscale/canary_all7/run --namelist <DATA_ROOT>/wrf_downscale/canary_all7/run/namelist.input --output-dir proofs/v020/s4/fp64_d01d03_1h_thomas_20260621T164055Z/output --proof-dir proofs/v020/s4/fp64_d01d03_1h_thomas_20260621T164055Z/proofs --scratch-dir proofs/v020/s4/fp64_d01d03_1h_thomas_20260621T164055Z/scratch --max-dom 3 --hours 1"
1782060274,2026-06-21T17:44:34+01:00,3140666,3140664,Rl,3,116,11.8,11662880,34366652,"python -m gpuwrf run --input-dir <DATA_ROOT>/wrf_downscale/canary_all7/run --namelist <DATA_ROOT>/wrf_downscale/canary_all7/run/namelist.input --output-dir proofs/v020/s4/fp64_d01d03_1h_thomas_20260621T164055Z/output --proof-dir proofs/v020/s4/fp64_d01d03_1h_thomas_20260621T164055Z/proofs --scratch-dir proofs/v020/s4/fp64_d01d03_1h_thomas_20260621T164055Z/scratch --max-dom 3 --hours 1"
1782060276,2026-06-21T17:44:36+01:00,3140664,3140601,S,0,0.0,0.0,1736,2784,"/usr/bin/time -f wall_s=%e\nmaxrss_kib=%M -o proofs/v020/s4/fp64_d01d03_1h_thomas_20260621T164055Z/time.txt taskset -c 0-3 python -m gpuwrf run --input-dir <DATA_ROOT>/wrf_downscale/canary_all7/run --namelist <DATA_ROOT>/wrf_downscale/canary_all7/run/namelist.input --output-dir proofs/v020/s4/fp64_d01d03_1h_thomas_20260621T164055Z/output --proof-dir proofs/v020/s4/fp64_d01d03_1h_thomas_20260621T164055Z/proofs --scratch-dir proofs/v020/s4/fp64_d01d03_1h_thomas_20260621T164055Z/scratch --max-dom 3 --hours 1"
1782060276,2026-06-21T17:44:36+01:00,3140666,3140664,Rl,3,116,11.7,11518048,34221692,"python -m gpuwrf run --input-dir <DATA_ROOT>/wrf_downscale/canary_all7/run --namelist <DATA_ROOT>/wrf_downscale/canary_all7/run/namelist.input --output-dir proofs/v020/s4/fp64_d01d03_1h_thomas_20260621T164055Z/output --proof-dir proofs/v020/s4/fp64_d01d03_1h_thomas_20260621T164055Z/proofs --scratch-dir proofs/v020/s4/fp64_d01d03_1h_thomas_20260621T164055Z/scratch --max-dom 3 --hours 1"
1782060278,2026-06-21T17:44:38+01:00,3140664,3140601,S,0,0.0,0.0,1736,2784,"/usr/bin/time -f wall_s=%e\nmaxrss_kib=%M -o proofs/v020/s4/fp64_d01d03_1h_thomas_20260621T164055Z/time.txt taskset -c 0-3 python -m gpuwrf run --input-dir <DATA_ROOT>/wrf_downscale/canary_all7/run --namelist <DATA_ROOT>/wrf_downscale/canary_all7/run/namelist.input --output-dir proofs/v020/s4/fp64_d01d03_1h_thomas_20260621T164055Z/output --proof-dir proofs/v020/s4/fp64_d01d03_1h_thomas_20260621T164055Z/proofs --scratch-dir proofs/v020/s4/fp64_d01d03_1h_thomas_20260621T164055Z/scratch --max-dom 3 --hours 1"
1782060278,2026-06-21T17:44:38+01:00,3140666,3140664,Rl,3,116,11.7,11518176,34221692,"python -m gpuwrf run --input-dir <DATA_ROOT>/wrf_downscale/canary_all7/run --namelist <DATA_ROOT>/wrf_downscale/canary_all7/run/namelist.input --output-dir proofs/v020/s4/fp64_d01d03_1h_thomas_20260621T164055Z/output --proof-dir proofs/v020/s4/fp64_d01d03_1h_thomas_20260621T164055Z/proofs --scratch-dir proofs/v020/s4/fp64_d01d03_1h_thomas_20260621T164055Z/scratch --max-dom 3 --hours 1"
1782060280,2026-06-21T17:44:40+01:00,3140664,3140601,S,0,0.0,0.0,1736,2784,"/usr/bin/time -f wall_s=%e\nmaxrss_kib=%M -o proofs/v020/s4/fp64_d01d03_1h_thomas_20260621T164055Z/time.txt taskset -c 0-3 python -m gpuwrf run --input-dir <DATA_ROOT>/wrf_downscale/canary_all7/run --namelist <DATA_ROOT>/wrf_downscale/canary_all7/run/namelist.input --output-dir proofs/v020/s4/fp64_d01d03_1h_thomas_20260621T164055Z/output --proof-dir proofs/v020/s4/fp64_d01d03_1h_thomas_20260621T164055Z/proofs --scratch-dir proofs/v020/s4/fp64_d01d03_1h_thomas_20260621T164055Z/scratch --max-dom 3 --hours 1"
1782060280,2026-06-21T17:44:40+01:00,3140666,3140664,Rl,3,116,11.7,11518308,34221692,"python -m gpuwrf run --input-dir <DATA_ROOT>/wrf_downscale/canary_all7/run --namelist <DATA_ROOT>/wrf_downscale/canary_all7/run/namelist.input --output-dir proofs/v020/s4/fp64_d01d03_1h_thomas_20260621T164055Z/output --proof-dir proofs/v020/s4/fp64_d01d03_1h_thomas_20260621T164055Z/proofs --scratch-dir proofs/v020/s4/fp64_d01d03_1h_thomas_20260621T164055Z/scratch --max-dom 3 --hours 1"
1782060282,2026-06-21T17:44:42+01:00,3140664,3140601,S,0,0.0,0.0,1736,2784,"/usr/bin/time -f wall_s=%e\nmaxrss_kib=%M -o proofs/v020/s4/fp64_d01d03_1h_thomas_20260621T164055Z/time.txt taskset -c 0-3 python -m gpuwrf run --input-dir <DATA_ROOT>/wrf_downscale/canary_all7/run --namelist <DATA_ROOT>/wrf_downscale/canary_all7/run/namelist.input --output-dir proofs/v020/s4/fp64_d01d03_1h_thomas_20260621T164055Z/output --proof-dir proofs/v020/s4/fp64_d01d03_1h_thomas_20260621T164055Z/proofs --scratch-dir proofs/v020/s4/fp64_d01d03_1h_thomas_20260621T164055Z/scratch --max-dom 3 --hours 1"
1782060282,2026-06-21T17:44:42+01:00,3140666,3140664,Rl,3,116,11.7,11518412,34221692,"python -m gpuwrf run --input-dir <DATA_ROOT>/wrf_downscale/canary_all7/run --namelist <DATA_ROOT>/wrf_downscale/canary_all7/run/namelist.input --output-dir proofs/v020/s4/fp64_d01d03_1h_thomas_20260621T164055Z/output --proof-dir proofs/v020/s4/fp64_d01d03_1h_thomas_20260621T164055Z/proofs --scratch-dir proofs/v020/s4/fp64_d01d03_1h_thomas_20260621T164055Z/scratch --max-dom 3 --hours 1"
1782060284,2026-06-21T17:44:44+01:00,3140664,3140601,S,0,0.0,0.0,1736,2784,"/usr/bin/time -f wall_s=%e\nmaxrss_kib=%M -o proofs/v020/s4/fp64_d01d03_1h_thomas_20260621T164055Z/time.txt taskset -c 0-3 python -m gpuwrf run --input-dir <DATA_ROOT>/wrf_downscale/canary_all7/run --namelist <DATA_ROOT>/wrf_downscale/canary_all7/run/namelist.input --output-dir proofs/v020/s4/fp64_d01d03_1h_thomas_20260621T164055Z/output --proof-dir proofs/v020/s4/fp64_d01d03_1h_thomas_20260621T164055Z/proofs --scratch-dir proofs/v020/s4/fp64_d01d03_1h_thomas_20260621T164055Z/scratch --max-dom 3 --hours 1"
1782060284,2026-06-21T17:44:44+01:00,3140666,3140664,Rl,3,116,11.7,11529736,34233084,"python -m gpuwrf run --input-dir <DATA_ROOT>/wrf_downscale/canary_all7/run --namelist <DATA_ROOT>/wrf_downscale/canary_all7/run/namelist.input --output-dir proofs/v020/s4/fp64_d01d03_1h_thomas_20260621T164055Z/output --proof-dir proofs/v020/s4/fp64_d01d03_1h_thomas_20260621T164055Z/proofs --scratch-dir proofs/v020/s4/fp64_d01d03_1h_thomas_20260621T164055Z/scratch --max-dom 3 --hours 1"
1782060287,2026-06-21T17:44:47+01:00,3140664,3140601,S,0,0.0,0.0,1736,2784,"/usr/bin/time -f wall_s=%e\nmaxrss_kib=%M -o proofs/v020/s4/fp64_d01d03_1h_thomas_20260621T164055Z/time.txt taskset -c 0-3 python -m gpuwrf run --input-dir <DATA_ROOT>/wrf_downscale/canary_all7/run --namelist <DATA_ROOT>/wrf_downscale/canary_all7/run/namelist.input --output-dir proofs/v020/s4/fp64_d01d03_1h_thomas_20260621T164055Z/output --proof-dir proofs/v020/s4/fp64_d01d03_1h_thomas_20260621T164055Z/proofs --scratch-dir proofs/v020/s4/fp64_d01d03_1h_thomas_20260621T164055Z/scratch --max-dom 3 --hours 1"
1782060287,2026-06-21T17:44:47+01:00,3140666,3140664,Rl,3,115,11.8,11624140,34327420,"python -m gpuwrf run --input-dir <DATA_ROOT>/wrf_downscale/canary_all7/run --namelist <DATA_ROOT>/wrf_downscale/canary_all7/run/namelist.input --output-dir proofs/v020/s4/fp64_d01d03_1h_thomas_20260621T164055Z/output --proof-dir proofs/v020/s4/fp64_d01d03_1h_thomas_20260621T164055Z/proofs --scratch-dir proofs/v020/s4/fp64_d01d03_1h_thomas_20260621T164055Z/scratch --max-dom 3 --hours 1"
1782060289,2026-06-21T17:44:49+01:00,3140664,3140601,S,0,0.0,0.0,1736,2784,"/usr/bin/time -f wall_s=%e\nmaxrss_kib=%M -o proofs/v020/s4/fp64_d01d03_1h_thomas_20260621T164055Z/time.txt taskset -c 0-3 python -m gpuwrf run --input-dir <DATA_ROOT>/wrf_downscale/canary_all7/run --namelist <DATA_ROOT>/wrf_downscale/canary_all7/run/namelist.input --output-dir proofs/v020/s4/fp64_d01d03_1h_thomas_20260621T164055Z/output --proof-dir proofs/v020/s4/fp64_d01d03_1h_thomas_20260621T164055Z/proofs --scratch-dir proofs/v020/s4/fp64_d01d03_1h_thomas_20260621T164055Z/scratch --max-dom 3 --hours 1"
1782060289,2026-06-21T17:44:49+01:00,3140666,3140664,Rl,1,115,11.8,11669812,34372988,"python -m gpuwrf run --input-dir <DATA_ROOT>/wrf_downscale/canary_all7/run --namelist <DATA_ROOT>/wrf_downscale/canary_all7/run/namelist.input --output-dir proofs/v020/s4/fp64_d01d03_1h_thomas_20260621T164055Z/output --proof-dir proofs/v020/s4/fp64_d01d03_1h_thomas_20260621T164055Z/proofs --scratch-dir proofs/v020/s4/fp64_d01d03_1h_thomas_20260621T164055Z/scratch --max-dom 3 --hours 1"
1782060291,2026-06-21T17:44:51+01:00,3140664,3140601,S,0,0.0,0.0,1736,2784,"/usr/bin/time -f wall_s=%e\nmaxrss_kib=%M -o proofs/v020/s4/fp64_d01d03_1h_thomas_20260621T164055Z/time.txt taskset -c 0-3 python -m gpuwrf run --input-dir <DATA_ROOT>/wrf_downscale/canary_all7/run --namelist <DATA_ROOT>/wrf_downscale/canary_all7/run/namelist.input --output-dir proofs/v020/s4/fp64_d01d03_1h_thomas_20260621T164055Z/output --proof-dir proofs/v020/s4/fp64_d01d03_1h_thomas_20260621T164055Z/proofs --scratch-dir proofs/v020/s4/fp64_d01d03_1h_thomas_20260621T164055Z/scratch --max-dom 3 --hours 1"
1782060291,2026-06-21T17:44:51+01:00,3140666,3140664,Rl,1,115,11.8,11669880,34372988,"python -m gpuwrf run --input-dir <DATA_ROOT>/wrf_downscale/canary_all7/run --namelist <DATA_ROOT>/wrf_downscale/canary_all7/run/namelist.input --output-dir proofs/v020/s4/fp64_d01d03_1h_thomas_20260621T164055Z/output --proof-dir proofs/v020/s4/fp64_d01d03_1h_thomas_20260621T164055Z/proofs --scratch-dir proofs/v020/s4/fp64_d01d03_1h_thomas_20260621T164055Z/scratch --max-dom 3 --hours 1"
1782060293,2026-06-21T17:44:53+01:00,3140664,3140601,S,0,0.0,0.0,1736,2784,"/usr/bin/time -f wall_s=%e\nmaxrss_kib=%M -o proofs/v020/s4/fp64_d01d03_1h_thomas_20260621T164055Z/time.txt taskset -c 0-3 python -m gpuwrf run --input-dir <DATA_ROOT>/wrf_downscale/canary_all7/run --namelist <DATA_ROOT>/wrf_downscale/canary_all7/run/namelist.input --output-dir proofs/v020/s4/fp64_d01d03_1h_thomas_20260621T164055Z/output --proof-dir proofs/v020/s4/fp64_d01d03_1h_thomas_20260621T164055Z/proofs --scratch-dir proofs/v020/s4/fp64_d01d03_1h_thomas_20260621T164055Z/scratch --max-dom 3 --hours 1"
1782060293,2026-06-21T17:44:53+01:00,3140666,3140664,Rl,1,115,11.8,11669996,34372988,"python -m gpuwrf run --input-dir <DATA_ROOT>/wrf_downscale/canary_all7/run --namelist <DATA_ROOT>/wrf_downscale/canary_all7/run/namelist.input --output-dir proofs/v020/s4/fp64_d01d03_1h_thomas_20260621T164055Z/output --proof-dir proofs/v020/s4/fp64_d01d03_1h_thomas_20260621T164055Z/proofs --scratch-dir proofs/v020/s4/fp64_d01d03_1h_thomas_20260621T164055Z/scratch --max-dom 3 --hours 1"
1782060295,2026-06-21T17:44:55+01:00,3140664,3140601,S,0,0.0,0.0,1736,2784,"/usr/bin/time -f wall_s=%e\nmaxrss_kib=%M -o proofs/v020/s4/fp64_d01d03_1h_thomas_20260621T164055Z/time.txt taskset -c 0-3 python -m gpuwrf run --input-dir <DATA_ROOT>/wrf_downscale/canary_all7/run --namelist <DATA_ROOT>/wrf_downscale/canary_all7/run/namelist.input --output-dir proofs/v020/s4/fp64_d01d03_1h_thomas_20260621T164055Z/output --proof-dir proofs/v020/s4/fp64_d01d03_1h_thomas_20260621T164055Z/proofs --scratch-dir proofs/v020/s4/fp64_d01d03_1h_thomas_20260621T164055Z/scratch --max-dom 3 --hours 1"
1782060295,2026-06-21T17:44:55+01:00,3140666,3140664,Rl,1,115,11.8,11670324,34372988,"python -m gpuwrf run --input-dir <DATA_ROOT>/wrf_downscale/canary_all7/run --namelist <DATA_ROOT>/wrf_downscale/canary_all7/run/namelist.input --output-dir proofs/v020/s4/fp64_d01d03_1h_thomas_20260621T164055Z/output --proof-dir proofs/v020/s4/fp64_d01d03_1h_thomas_20260621T164055Z/proofs --scratch-dir proofs/v020/s4/fp64_d01d03_1h_thomas_20260621T164055Z/scratch --max-dom 3 --hours 1"
1782060297,2026-06-21T17:44:57+01:00,3140664,3140601,S,0,0.0,0.0,1736,2784,"/usr/bin/time -f wall_s=%e\nmaxrss_kib=%M -o proofs/v020/s4/fp64_d01d03_1h_thomas_20260621T164055Z/time.txt taskset -c 0-3 python -m gpuwrf run --input-dir <DATA_ROOT>/wrf_downscale/canary_all7/run --namelist <DATA_ROOT>/wrf_downscale/canary_all7/run/namelist.input --output-dir proofs/v020/s4/fp64_d01d03_1h_thomas_20260621T164055Z/output --proof-dir proofs/v020/s4/fp64_d01d03_1h_thomas_20260621T164055Z/proofs --scratch-dir proofs/v020/s4/fp64_d01d03_1h_thomas_20260621T164055Z/scratch --max-dom 3 --hours 1"
1782060297,2026-06-21T17:44:57+01:00,3140666,3140664,Rl,1,115,11.8,11670372,34372988,"python -m gpuwrf run --input-dir <DATA_ROOT>/wrf_downscale/canary_all7/run --namelist <DATA_ROOT>/wrf_downscale/canary_all7/run/namelist.input --output-dir proofs/v020/s4/fp64_d01d03_1h_thomas_20260621T164055Z/output --proof-dir proofs/v020/s4/fp64_d01d03_1h_thomas_20260621T164055Z/proofs --scratch-dir proofs/v020/s4/fp64_d01d03_1h_thomas_20260621T164055Z/scratch --max-dom 3 --hours 1"
1782060299,2026-06-21T17:44:59+01:00,3140664,3140601,S,0,0.0,0.0,1736,2784,"/usr/bin/time -f wall_s=%e\nmaxrss_kib=%M -o proofs/v020/s4/fp64_d01d03_1h_thomas_20260621T164055Z/time.txt taskset -c 0-3 python -m gpuwrf run --input-dir <DATA_ROOT>/wrf_downscale/canary_all7/run --namelist <DATA_ROOT>/wrf_downscale/canary_all7/run/namelist.input --output-dir proofs/v020/s4/fp64_d01d03_1h_thomas_20260621T164055Z/output --proof-dir proofs/v020/s4/fp64_d01d03_1h_thomas_20260621T164055Z/proofs --scratch-dir proofs/v020/s4/fp64_d01d03_1h_thomas_20260621T164055Z/scratch --max-dom 3 --hours 1"
1782060299,2026-06-21T17:44:59+01:00,3140666,3140664,Rl,1,115,11.8,11670376,34372988,"python -m gpuwrf run --input-dir <DATA_ROOT>/wrf_downscale/canary_all7/run --namelist <DATA_ROOT>/wrf_downscale/canary_all7/run/namelist.input --output-dir proofs/v020/s4/fp64_d01d03_1h_thomas_20260621T164055Z/output --proof-dir proofs/v020/s4/fp64_d01d03_1h_thomas_20260621T164055Z/proofs --scratch-dir proofs/v020/s4/fp64_d01d03_1h_thomas_20260621T164055Z/scratch --max-dom 3 --hours 1"
1782060301,2026-06-21T17:45:01+01:00,3140664,3140601,S,0,0.0,0.0,1736,2784,"/usr/bin/time -f wall_s=%e\nmaxrss_kib=%M -o proofs/v020/s4/fp64_d01d03_1h_thomas_20260621T164055Z/time.txt taskset -c 0-3 python -m gpuwrf run --input-dir <DATA_ROOT>/wrf_downscale/canary_all7/run --namelist <DATA_ROOT>/wrf_downscale/canary_all7/run/namelist.input --output-dir proofs/v020/s4/fp64_d01d03_1h_thomas_20260621T164055Z/output --proof-dir proofs/v020/s4/fp64_d01d03_1h_thomas_20260621T164055Z/proofs --scratch-dir proofs/v020/s4/fp64_d01d03_1h_thomas_20260621T164055Z/scratch --max-dom 3 --hours 1"
1782060301,2026-06-21T17:45:01+01:00,3140666,3140664,Rl,1,114,11.8,11670384,34372988,"python -m gpuwrf run --input-dir <DATA_ROOT>/wrf_downscale/canary_all7/run --namelist <DATA_ROOT>/wrf_downscale/canary_all7/run/namelist.input --output-dir proofs/v020/s4/fp64_d01d03_1h_thomas_20260621T164055Z/output --proof-dir proofs/v020/s4/fp64_d01d03_1h_thomas_20260621T164055Z/proofs --scratch-dir proofs/v020/s4/fp64_d01d03_1h_thomas_20260621T164055Z/scratch --max-dom 3 --hours 1"
1782060304,2026-06-21T17:45:04+01:00,3140664,3140601,S,0,0.0,0.0,1736,2784,"/usr/bin/time -f wall_s=%e\nmaxrss_kib=%M -o proofs/v020/s4/fp64_d01d03_1h_thomas_20260621T164055Z/time.txt taskset -c 0-3 python -m gpuwrf run --input-dir <DATA_ROOT>/wrf_downscale/canary_all7/run --namelist <DATA_ROOT>/wrf_downscale/canary_all7/run/namelist.input --output-dir proofs/v020/s4/fp64_d01d03_1h_thomas_20260621T164055Z/output --proof-dir proofs/v020/s4/fp64_d01d03_1h_thomas_20260621T164055Z/proofs --scratch-dir proofs/v020/s4/fp64_d01d03_1h_thomas_20260621T164055Z/scratch --max-dom 3 --hours 1"
1782060304,2026-06-21T17:45:04+01:00,3140666,3140664,Rl,1,114,11.8,11670388,34372988,"python -m gpuwrf run --input-dir <DATA_ROOT>/wrf_downscale/canary_all7/run --namelist <DATA_ROOT>/wrf_downscale/canary_all7/run/namelist.input --output-dir proofs/v020/s4/fp64_d01d03_1h_thomas_20260621T164055Z/output --proof-dir proofs/v020/s4/fp64_d01d03_1h_thomas_20260621T164055Z/proofs --scratch-dir proofs/v020/s4/fp64_d01d03_1h_thomas_20260621T164055Z/scratch --max-dom 3 --hours 1"
1782060306,2026-06-21T17:45:06+01:00,3140664,3140601,S,0,0.0,0.0,1736,2784,"/usr/bin/time -f wall_s=%e\nmaxrss_kib=%M -o proofs/v020/s4/fp64_d01d03_1h_thomas_20260621T164055Z/time.txt taskset -c 0-3 python -m gpuwrf run --input-dir <DATA_ROOT>/wrf_downscale/canary_all7/run --namelist <DATA_ROOT>/wrf_downscale/canary_all7/run/namelist.input --output-dir proofs/v020/s4/fp64_d01d03_1h_thomas_20260621T164055Z/output --proof-dir proofs/v020/s4/fp64_d01d03_1h_thomas_20260621T164055Z/proofs --scratch-dir proofs/v020/s4/fp64_d01d03_1h_thomas_20260621T164055Z/scratch --max-dom 3 --hours 1"
1782060306,2026-06-21T17:45:06+01:00,3140666,3140664,Rl,1,114,11.9,11712372,34414976,"python -m gpuwrf run --input-dir <DATA_ROOT>/wrf_downscale/canary_all7/run --namelist <DATA_ROOT>/wrf_downscale/canary_all7/run/namelist.input --output-dir proofs/v020/s4/fp64_d01d03_1h_thomas_20260621T164055Z/output --proof-dir proofs/v020/s4/fp64_d01d03_1h_thomas_20260621T164055Z/proofs --scratch-dir proofs/v020/s4/fp64_d01d03_1h_thomas_20260621T164055Z/scratch --max-dom 3 --hours 1"
1782060308,2026-06-21T17:45:08+01:00,3140664,3140601,S,0,0.0,0.0,1736,2784,"/usr/bin/time -f wall_s=%e\nmaxrss_kib=%M -o proofs/v020/s4/fp64_d01d03_1h_thomas_20260621T164055Z/time.txt taskset -c 0-3 python -m gpuwrf run --input-dir <DATA_ROOT>/wrf_downscale/canary_all7/run --namelist <DATA_ROOT>/wrf_downscale/canary_all7/run/namelist.input --output-dir proofs/v020/s4/fp64_d01d03_1h_thomas_20260621T164055Z/output --proof-dir proofs/v020/s4/fp64_d01d03_1h_thomas_20260621T164055Z/proofs --scratch-dir proofs/v020/s4/fp64_d01d03_1h_thomas_20260621T164055Z/scratch --max-dom 3 --hours 1"
1782060308,2026-06-21T17:45:08+01:00,3140666,3140664,Rl,0,114,11.9,11712388,34414976,"python -m gpuwrf run --input-dir <DATA_ROOT>/wrf_downscale/canary_all7/run --namelist <DATA_ROOT>/wrf_downscale/canary_all7/run/namelist.input --output-dir proofs/v020/s4/fp64_d01d03_1h_thomas_20260621T164055Z/output --proof-dir proofs/v020/s4/fp64_d01d03_1h_thomas_20260621T164055Z/proofs --scratch-dir proofs/v020/s4/fp64_d01d03_1h_thomas_20260621T164055Z/scratch --max-dom 3 --hours 1"
1782060310,2026-06-21T17:45:10+01:00,3140664,3140601,S,0,0.0,0.0,1736,2784,"/usr/bin/time -f wall_s=%e\nmaxrss_kib=%M -o proofs/v020/s4/fp64_d01d03_1h_thomas_20260621T164055Z/time.txt taskset -c 0-3 python -m gpuwrf run --input-dir <DATA_ROOT>/wrf_downscale/canary_all7/run --namelist <DATA_ROOT>/wrf_downscale/canary_all7/run/namelist.input --output-dir proofs/v020/s4/fp64_d01d03_1h_thomas_20260621T164055Z/output --proof-dir proofs/v020/s4/fp64_d01d03_1h_thomas_20260621T164055Z/proofs --scratch-dir proofs/v020/s4/fp64_d01d03_1h_thomas_20260621T164055Z/scratch --max-dom 3 --hours 1"
1782060310,2026-06-21T17:45:10+01:00,3140666,3140664,Rl,2,114,11.8,11624848,34327420,"python -m gpuwrf run --input-dir <DATA_ROOT>/wrf_downscale/canary_all7/run --namelist <DATA_ROOT>/wrf_downscale/canary_all7/run/namelist.input --output-dir proofs/v020/s4/fp64_d01d03_1h_thomas_20260621T164055Z/output --proof-dir proofs/v020/s4/fp64_d01d03_1h_thomas_20260621T164055Z/proofs --scratch-dir proofs/v020/s4/fp64_d01d03_1h_thomas_20260621T164055Z/scratch --max-dom 3 --hours 1"
1782060312,2026-06-21T17:45:12+01:00,3140664,3140601,S,0,0.0,0.0,1736,2784,"/usr/bin/time -f wall_s=%e\nmaxrss_kib=%M -o proofs/v020/s4/fp64_d01d03_1h_thomas_20260621T164055Z/time.txt taskset -c 0-3 python -m gpuwrf run --input-dir <DATA_ROOT>/wrf_downscale/canary_all7/run --namelist <DATA_ROOT>/wrf_downscale/canary_all7/run/namelist.input --output-dir proofs/v020/s4/fp64_d01d03_1h_thomas_20260621T164055Z/output --proof-dir proofs/v020/s4/fp64_d01d03_1h_thomas_20260621T164055Z/proofs --scratch-dir proofs/v020/s4/fp64_d01d03_1h_thomas_20260621T164055Z/scratch --max-dom 3 --hours 1"
1782060312,2026-06-21T17:45:12+01:00,3140666,3140664,Rl,1,114,11.7,11556624,34259068,"python -m gpuwrf run --input-dir <DATA_ROOT>/wrf_downscale/canary_all7/run --namelist <DATA_ROOT>/wrf_downscale/canary_all7/run/namelist.input --output-dir proofs/v020/s4/fp64_d01d03_1h_thomas_20260621T164055Z/output --proof-dir proofs/v020/s4/fp64_d01d03_1h_thomas_20260621T164055Z/proofs --scratch-dir proofs/v020/s4/fp64_d01d03_1h_thomas_20260621T164055Z/scratch --max-dom 3 --hours 1"
1782060314,2026-06-21T17:45:14+01:00,3140664,3140601,S,0,0.0,0.0,1736,2784,"/usr/bin/time -f wall_s=%e\nmaxrss_kib=%M -o proofs/v020/s4/fp64_d01d03_1h_thomas_20260621T164055Z/time.txt taskset -c 0-3 python -m gpuwrf run --input-dir <DATA_ROOT>/wrf_downscale/canary_all7/run --namelist <DATA_ROOT>/wrf_downscale/canary_all7/run/namelist.input --output-dir proofs/v020/s4/fp64_d01d03_1h_thomas_20260621T164055Z/output --proof-dir proofs/v020/s4/fp64_d01d03_1h_thomas_20260621T164055Z/proofs --scratch-dir proofs/v020/s4/fp64_d01d03_1h_thomas_20260621T164055Z/scratch --max-dom 3 --hours 1"
1782060314,2026-06-21T17:45:14+01:00,3140666,3140664,Dl,2,115,11.7,11572908,34259068,"python -m gpuwrf run --input-dir <DATA_ROOT>/wrf_downscale/canary_all7/run --namelist <DATA_ROOT>/wrf_downscale/canary_all7/run/namelist.input --output-dir proofs/v020/s4/fp64_d01d03_1h_thomas_20260621T164055Z/output --proof-dir proofs/v020/s4/fp64_d01d03_1h_thomas_20260621T164055Z/proofs --scratch-dir proofs/v020/s4/fp64_d01d03_1h_thomas_20260621T164055Z/scratch --max-dom 3 --hours 1"
1782060316,2026-06-21T17:45:16+01:00,3140664,3140601,S,0,0.0,0.0,1736,2784,"/usr/bin/time -f wall_s=%e\nmaxrss_kib=%M -o proofs/v020/s4/fp64_d01d03_1h_thomas_20260621T164055Z/time.txt taskset -c 0-3 python -m gpuwrf run --input-dir <DATA_ROOT>/wrf_downscale/canary_all7/run --namelist <DATA_ROOT>/wrf_downscale/canary_all7/run/namelist.input --output-dir proofs/v020/s4/fp64_d01d03_1h_thomas_20260621T164055Z/output --proof-dir proofs/v020/s4/fp64_d01d03_1h_thomas_20260621T164055Z/proofs --scratch-dir proofs/v020/s4/fp64_d01d03_1h_thomas_20260621T164055Z/scratch --max-dom 3 --hours 1"
1782060316,2026-06-21T17:45:16+01:00,3140666,3140664,Sl,0,116,11.7,11575232,34259068,"python -m gpuwrf run --input-dir <DATA_ROOT>/wrf_downscale/canary_all7/run --namelist <DATA_ROOT>/wrf_downscale/canary_all7/run/namelist.input --output-dir proofs/v020/s4/fp64_d01d03_1h_thomas_20260621T164055Z/output --proof-dir proofs/v020/s4/fp64_d01d03_1h_thomas_20260621T164055Z/proofs --scratch-dir proofs/v020/s4/fp64_d01d03_1h_thomas_20260621T164055Z/scratch --max-dom 3 --hours 1"
1782060318,2026-06-21T17:45:18+01:00,3140664,3140601,S,0,0.0,0.0,1736,2784,"/usr/bin/time -f wall_s=%e\nmaxrss_kib=%M -o proofs/v020/s4/fp64_d01d03_1h_thomas_20260621T164055Z/time.txt taskset -c 0-3 python -m gpuwrf run --input-dir <DATA_ROOT>/wrf_downscale/canary_all7/run --namelist <DATA_ROOT>/wrf_downscale/canary_all7/run/namelist.input --output-dir proofs/v020/s4/fp64_d01d03_1h_thomas_20260621T164055Z/output --proof-dir proofs/v020/s4/fp64_d01d03_1h_thomas_20260621T164055Z/proofs --scratch-dir proofs/v020/s4/fp64_d01d03_1h_thomas_20260621T164055Z/scratch --max-dom 3 --hours 1"
1782060318,2026-06-21T17:45:18+01:00,3140666,3140664,Sl,3,117,11.7,11575352,34259068,"python -m gpuwrf run --input-dir <DATA_ROOT>/wrf_downscale/canary_all7/run --namelist <DATA_ROOT>/wrf_downscale/canary_all7/run/namelist.input --output-dir proofs/v020/s4/fp64_d01d03_1h_thomas_20260621T164055Z/output --proof-dir proofs/v020/s4/fp64_d01d03_1h_thomas_20260621T164055Z/proofs --scratch-dir proofs/v020/s4/fp64_d01d03_1h_thomas_20260621T164055Z/scratch --max-dom 3 --hours 1"
1782060321,2026-06-21T17:45:21+01:00,3140664,3140601,S,0,0.0,0.0,1736,2784,"/usr/bin/time -f wall_s=%e\nmaxrss_kib=%M -o proofs/v020/s4/fp64_d01d03_1h_thomas_20260621T164055Z/time.txt taskset -c 0-3 python -m gpuwrf run --input-dir <DATA_ROOT>/wrf_downscale/canary_all7/run --namelist <DATA_ROOT>/wrf_downscale/canary_all7/run/namelist.input --output-dir proofs/v020/s4/fp64_d01d03_1h_thomas_20260621T164055Z/output --proof-dir proofs/v020/s4/fp64_d01d03_1h_thomas_20260621T164055Z/proofs --scratch-dir proofs/v020/s4/fp64_d01d03_1h_thomas_20260621T164055Z/scratch --max-dom 3 --hours 1"
1782060321,2026-06-21T17:45:21+01:00,3140666,3140664,Sl,3,118,11.7,11575516,34259068,"python -m gpuwrf run --input-dir <DATA_ROOT>/wrf_downscale/canary_all7/run --namelist <DATA_ROOT>/wrf_downscale/canary_all7/run/namelist.input --output-dir proofs/v020/s4/fp64_d01d03_1h_thomas_20260621T164055Z/output --proof-dir proofs/v020/s4/fp64_d01d03_1h_thomas_20260621T164055Z/proofs --scratch-dir proofs/v020/s4/fp64_d01d03_1h_thomas_20260621T164055Z/scratch --max-dom 3 --hours 1"
1782060323,2026-06-21T17:45:23+01:00,3140664,3140601,S,0,0.0,0.0,1736,2784,"/usr/bin/time -f wall_s=%e\nmaxrss_kib=%M -o proofs/v020/s4/fp64_d01d03_1h_thomas_20260621T164055Z/time.txt taskset -c 0-3 python -m gpuwrf run --input-dir <DATA_ROOT>/wrf_downscale/canary_all7/run --namelist <DATA_ROOT>/wrf_downscale/canary_all7/run/namelist.input --output-dir proofs/v020/s4/fp64_d01d03_1h_thomas_20260621T164055Z/output --proof-dir proofs/v020/s4/fp64_d01d03_1h_thomas_20260621T164055Z/proofs --scratch-dir proofs/v020/s4/fp64_d01d03_1h_thomas_20260621T164055Z/scratch --max-dom 3 --hours 1"
1782060323,2026-06-21T17:45:23+01:00,3140666,3140664,Sl,1,118,11.7,11575516,34259068,"python -m gpuwrf run --input-dir <DATA_ROOT>/wrf_downscale/canary_all7/run --namelist <DATA_ROOT>/wrf_downscale/canary_all7/run/namelist.input --output-dir proofs/v020/s4/fp64_d01d03_1h_thomas_20260621T164055Z/output --proof-dir proofs/v020/s4/fp64_d01d03_1h_thomas_20260621T164055Z/proofs --scratch-dir proofs/v020/s4/fp64_d01d03_1h_thomas_20260621T164055Z/scratch --max-dom 3 --hours 1"
1782060325,2026-06-21T17:45:25+01:00,3140664,3140601,S,0,0.0,0.0,1736,2784,"/usr/bin/time -f wall_s=%e\nmaxrss_kib=%M -o proofs/v020/s4/fp64_d01d03_1h_thomas_20260621T164055Z/time.txt taskset -c 0-3 python -m gpuwrf run --input-dir <DATA_ROOT>/wrf_downscale/canary_all7/run --namelist <DATA_ROOT>/wrf_downscale/canary_all7/run/namelist.input --output-dir proofs/v020/s4/fp64_d01d03_1h_thomas_20260621T164055Z/output --proof-dir proofs/v020/s4/fp64_d01d03_1h_thomas_20260621T164055Z/proofs --scratch-dir proofs/v020/s4/fp64_d01d03_1h_thomas_20260621T164055Z/scratch --max-dom 3 --hours 1"
1782060325,2026-06-21T17:45:25+01:00,3140666,3140664,Sl,1,119,11.7,11575516,34259068,"python -m gpuwrf run --input-dir <DATA_ROOT>/wrf_downscale/canary_all7/run --namelist <DATA_ROOT>/wrf_downscale/canary_all7/run/namelist.input --output-dir proofs/v020/s4/fp64_d01d03_1h_thomas_20260621T164055Z/output --proof-dir proofs/v020/s4/fp64_d01d03_1h_thomas_20260621T164055Z/proofs --scratch-dir proofs/v020/s4/fp64_d01d03_1h_thomas_20260621T164055Z/scratch --max-dom 3 --hours 1"
1782060325,2026-06-21T17:45:25+01:00,3149839,3140666,R,1,100,0.1,184668,217540,"<USER_HOME>/miniconda3/lib/python3.13/site-packages/nvidia/cu13/bin/ptxas /tmp/tempfile-user-battlestation-67ba479a8136bf75-3140666-654c640983bdb -o /tmp/tempfile-user-battlestation-67ba479a8136bf75-3140666-654c640983ccf -arch sm_120a --warn-on-spills"
1782060327,2026-06-21T17:45:27+01:00,3140664,3140601,S,0,0.0,0.0,1736,2784,"/usr/bin/time -f wall_s=%e\nmaxrss_kib=%M -o proofs/v020/s4/fp64_d01d03_1h_thomas_20260621T164055Z/time.txt taskset -c 0-3 python -m gpuwrf run --input-dir <DATA_ROOT>/wrf_downscale/canary_all7/run --namelist <DATA_ROOT>/wrf_downscale/canary_all7/run/namelist.input --output-dir proofs/v020/s4/fp64_d01d03_1h_thomas_20260621T164055Z/output --proof-dir proofs/v020/s4/fp64_d01d03_1h_thomas_20260621T164055Z/proofs --scratch-dir proofs/v020/s4/fp64_d01d03_1h_thomas_20260621T164055Z/scratch --max-dom 3 --hours 1"
1782060327,2026-06-21T17:45:27+01:00,3140666,3140664,Sl,1,120,11.7,11575660,34259068,"python -m gpuwrf run --input-dir <DATA_ROOT>/wrf_downscale/canary_all7/run --namelist <DATA_ROOT>/wrf_downscale/canary_all7/run/namelist.input --output-dir proofs/v020/s4/fp64_d01d03_1h_thomas_20260621T164055Z/output --proof-dir proofs/v020/s4/fp64_d01d03_1h_thomas_20260621T164055Z/proofs --scratch-dir proofs/v020/s4/fp64_d01d03_1h_thomas_20260621T164055Z/scratch --max-dom 3 --hours 1"
1782060327,2026-06-21T17:45:27+01:00,3149839,3140666,R,1,100,0.2,228400,261576,"<USER_HOME>/miniconda3/lib/python3.13/site-packages/nvidia/cu13/bin/ptxas /tmp/tempfile-user-battlestation-67ba479a8136bf75-3140666-654c640983bdb -o /tmp/tempfile-user-battlestation-67ba479a8136bf75-3140666-654c640983ccf -arch sm_120a --warn-on-spills"
1782060329,2026-06-21T17:45:29+01:00,3140664,3140601,S,0,0.0,0.0,1736,2784,"/usr/bin/time -f wall_s=%e\nmaxrss_kib=%M -o proofs/v020/s4/fp64_d01d03_1h_thomas_20260621T164055Z/time.txt taskset -c 0-3 python -m gpuwrf run --input-dir <DATA_ROOT>/wrf_downscale/canary_all7/run --namelist <DATA_ROOT>/wrf_downscale/canary_all7/run/namelist.input --output-dir proofs/v020/s4/fp64_d01d03_1h_thomas_20260621T164055Z/output --proof-dir proofs/v020/s4/fp64_d01d03_1h_thomas_20260621T164055Z/proofs --scratch-dir proofs/v020/s4/fp64_d01d03_1h_thomas_20260621T164055Z/scratch --max-dom 3 --hours 1"
1782060329,2026-06-21T17:45:29+01:00,3140666,3140664,Sl,1,120,11.7,11577340,34259068,"python -m gpuwrf run --input-dir <DATA_ROOT>/wrf_downscale/canary_all7/run --namelist <DATA_ROOT>/wrf_downscale/canary_all7/run/namelist.input --output-dir proofs/v020/s4/fp64_d01d03_1h_thomas_20260621T164055Z/output --proof-dir proofs/v020/s4/fp64_d01d03_1h_thomas_20260621T164055Z/proofs --scratch-dir proofs/v020/s4/fp64_d01d03_1h_thomas_20260621T164055Z/scratch --max-dom 3 --hours 1"
1782060329,2026-06-21T17:45:29+01:00,3149839,3140666,R,1,99.6,0.2,247700,273128,"<USER_HOME>/miniconda3/lib/python3.13/site-packages/nvidia/cu13/bin/ptxas /tmp/tempfile-user-battlestation-67ba479a8136bf75-3140666-654c640983bdb -o /tmp/tempfile-user-battlestation-67ba479a8136bf75-3140666-654c640983ccf -arch sm_120a --warn-on-spills"
1782060331,2026-06-21T17:45:31+01:00,3140664,3140601,S,0,0.0,0.0,1736,2784,"/usr/bin/time -f wall_s=%e\nmaxrss_kib=%M -o proofs/v020/s4/fp64_d01d03_1h_thomas_20260621T164055Z/time.txt taskset -c 0-3 python -m gpuwrf run --input-dir <DATA_ROOT>/wrf_downscale/canary_all7/run --namelist <DATA_ROOT>/wrf_downscale/canary_all7/run/namelist.input --output-dir proofs/v020/s4/fp64_d01d03_1h_thomas_20260621T164055Z/output --proof-dir proofs/v020/s4/fp64_d01d03_1h_thomas_20260621T164055Z/proofs --scratch-dir proofs/v020/s4/fp64_d01d03_1h_thomas_20260621T164055Z/scratch --max-dom 3 --hours 1"
1782060331,2026-06-21T17:45:31+01:00,3140666,3140664,Sl,1,121,11.7,11581720,34259068,"python -m gpuwrf run --input-dir <DATA_ROOT>/wrf_downscale/canary_all7/run --namelist <DATA_ROOT>/wrf_downscale/canary_all7/run/namelist.input --output-dir proofs/v020/s4/fp64_d01d03_1h_thomas_20260621T164055Z/output --proof-dir proofs/v020/s4/fp64_d01d03_1h_thomas_20260621T164055Z/proofs --scratch-dir proofs/v020/s4/fp64_d01d03_1h_thomas_20260621T164055Z/scratch --max-dom 3 --hours 1"
1782060334,2026-06-21T17:45:34+01:00,3140664,3140601,S,0,0.0,0.0,1736,2784,"/usr/bin/time -f wall_s=%e\nmaxrss_kib=%M -o proofs/v020/s4/fp64_d01d03_1h_thomas_20260621T164055Z/time.txt taskset -c 0-3 python -m gpuwrf run --input-dir <DATA_ROOT>/wrf_downscale/canary_all7/run --namelist <DATA_ROOT>/wrf_downscale/canary_all7/run/namelist.input --output-dir proofs/v020/s4/fp64_d01d03_1h_thomas_20260621T164055Z/output --proof-dir proofs/v020/s4/fp64_d01d03_1h_thomas_20260621T164055Z/proofs --scratch-dir proofs/v020/s4/fp64_d01d03_1h_thomas_20260621T164055Z/scratch --max-dom 3 --hours 1"
1782060334,2026-06-21T17:45:34+01:00,3140666,3140664,Sl,1,122,11.7,11581788,34259068,"python -m gpuwrf run --input-dir <DATA_ROOT>/wrf_downscale/canary_all7/run --namelist <DATA_ROOT>/wrf_downscale/canary_all7/run/namelist.input --output-dir proofs/v020/s4/fp64_d01d03_1h_thomas_20260621T164055Z/output --proof-dir proofs/v020/s4/fp64_d01d03_1h_thomas_20260621T164055Z/proofs --scratch-dir proofs/v020/s4/fp64_d01d03_1h_thomas_20260621T164055Z/scratch --max-dom 3 --hours 1"
1782060336,2026-06-21T17:45:36+01:00,3140664,3140601,S,0,0.0,0.0,1736,2784,"/usr/bin/time -f wall_s=%e\nmaxrss_kib=%M -o proofs/v020/s4/fp64_d01d03_1h_thomas_20260621T164055Z/time.txt taskset -c 0-3 python -m gpuwrf run --input-dir <DATA_ROOT>/wrf_downscale/canary_all7/run --namelist <DATA_ROOT>/wrf_downscale/canary_all7/run/namelist.input --output-dir proofs/v020/s4/fp64_d01d03_1h_thomas_20260621T164055Z/output --proof-dir proofs/v020/s4/fp64_d01d03_1h_thomas_20260621T164055Z/proofs --scratch-dir proofs/v020/s4/fp64_d01d03_1h_thomas_20260621T164055Z/scratch --max-dom 3 --hours 1"
1782060336,2026-06-21T17:45:36+01:00,3140666,3140664,Sl,2,123,11.7,11582660,34259068,"python -m gpuwrf run --input-dir <DATA_ROOT>/wrf_downscale/canary_all7/run --namelist <DATA_ROOT>/wrf_downscale/canary_all7/run/namelist.input --output-dir proofs/v020/s4/fp64_d01d03_1h_thomas_20260621T164055Z/output --proof-dir proofs/v020/s4/fp64_d01d03_1h_thomas_20260621T164055Z/proofs --scratch-dir proofs/v020/s4/fp64_d01d03_1h_thomas_20260621T164055Z/scratch --max-dom 3 --hours 1"
1782060338,2026-06-21T17:45:38+01:00,3140664,3140601,S,0,0.0,0.0,1736,2784,"/usr/bin/time -f wall_s=%e\nmaxrss_kib=%M -o proofs/v020/s4/fp64_d01d03_1h_thomas_20260621T164055Z/time.txt taskset -c 0-3 python -m gpuwrf run --input-dir <DATA_ROOT>/wrf_downscale/canary_all7/run --namelist <DATA_ROOT>/wrf_downscale/canary_all7/run/namelist.input --output-dir proofs/v020/s4/fp64_d01d03_1h_thomas_20260621T164055Z/output --proof-dir proofs/v020/s4/fp64_d01d03_1h_thomas_20260621T164055Z/proofs --scratch-dir proofs/v020/s4/fp64_d01d03_1h_thomas_20260621T164055Z/scratch --max-dom 3 --hours 1"
1782060338,2026-06-21T17:45:38+01:00,3140666,3140664,Sl,0,124,11.7,11598124,34259068,"python -m gpuwrf run --input-dir <DATA_ROOT>/wrf_downscale/canary_all7/run --namelist <DATA_ROOT>/wrf_downscale/canary_all7/run/namelist.input --output-dir proofs/v020/s4/fp64_d01d03_1h_thomas_20260621T164055Z/output --proof-dir proofs/v020/s4/fp64_d01d03_1h_thomas_20260621T164055Z/proofs --scratch-dir proofs/v020/s4/fp64_d01d03_1h_thomas_20260621T164055Z/scratch --max-dom 3 --hours 1"
1782060340,2026-06-21T17:45:40+01:00,3140664,3140601,S,0,0.0,0.0,1736,2784,"/usr/bin/time -f wall_s=%e\nmaxrss_kib=%M -o proofs/v020/s4/fp64_d01d03_1h_thomas_20260621T164055Z/time.txt taskset -c 0-3 python -m gpuwrf run --input-dir <DATA_ROOT>/wrf_downscale/canary_all7/run --namelist <DATA_ROOT>/wrf_downscale/canary_all7/run/namelist.input --output-dir proofs/v020/s4/fp64_d01d03_1h_thomas_20260621T164055Z/output --proof-dir proofs/v020/s4/fp64_d01d03_1h_thomas_20260621T164055Z/proofs --scratch-dir proofs/v020/s4/fp64_d01d03_1h_thomas_20260621T164055Z/scratch --max-dom 3 --hours 1"
1782060340,2026-06-21T17:45:40+01:00,3140666,3140664,Dl,3,124,11.8,11616576,34284536,"python -m gpuwrf run --input-dir <DATA_ROOT>/wrf_downscale/canary_all7/run --namelist <DATA_ROOT>/wrf_downscale/canary_all7/run/namelist.input --output-dir proofs/v020/s4/fp64_d01d03_1h_thomas_20260621T164055Z/output --proof-dir proofs/v020/s4/fp64_d01d03_1h_thomas_20260621T164055Z/proofs --scratch-dir proofs/v020/s4/fp64_d01d03_1h_thomas_20260621T164055Z/scratch --max-dom 3 --hours 1"
1782060342,2026-06-21T17:45:42+01:00,3140664,3140601,S,0,0.0,0.0,1736,2784,"/usr/bin/time -f wall_s=%e\nmaxrss_kib=%M -o proofs/v020/s4/fp64_d01d03_1h_thomas_20260621T164055Z/time.txt taskset -c 0-3 python -m gpuwrf run --input-dir <DATA_ROOT>/wrf_downscale/canary_all7/run --namelist <DATA_ROOT>/wrf_downscale/canary_all7/run/namelist.input --output-dir proofs/v020/s4/fp64_d01d03_1h_thomas_20260621T164055Z/output --proof-dir proofs/v020/s4/fp64_d01d03_1h_thomas_20260621T164055Z/proofs --scratch-dir proofs/v020/s4/fp64_d01d03_1h_thomas_20260621T164055Z/scratch --max-dom 3 --hours 1"
1782060342,2026-06-21T17:45:42+01:00,3140666,3140664,Rl,3,124,11.8,11624384,34284536,"python -m gpuwrf run --input-dir <DATA_ROOT>/wrf_downscale/canary_all7/run --namelist <DATA_ROOT>/wrf_downscale/canary_all7/run/namelist.input --output-dir proofs/v020/s4/fp64_d01d03_1h_thomas_20260621T164055Z/output --proof-dir proofs/v020/s4/fp64_d01d03_1h_thomas_20260621T164055Z/proofs --scratch-dir proofs/v020/s4/fp64_d01d03_1h_thomas_20260621T164055Z/scratch --max-dom 3 --hours 1"
1782060344,2026-06-21T17:45:44+01:00,3140664,3140601,S,0,0.0,0.0,1736,2784,"/usr/bin/time -f wall_s=%e\nmaxrss_kib=%M -o proofs/v020/s4/fp64_d01d03_1h_thomas_20260621T164055Z/time.txt taskset -c 0-3 python -m gpuwrf run --input-dir <DATA_ROOT>/wrf_downscale/canary_all7/run --namelist <DATA_ROOT>/wrf_downscale/canary_all7/run/namelist.input --output-dir proofs/v020/s4/fp64_d01d03_1h_thomas_20260621T164055Z/output --proof-dir proofs/v020/s4/fp64_d01d03_1h_thomas_20260621T164055Z/proofs --scratch-dir proofs/v020/s4/fp64_d01d03_1h_thomas_20260621T164055Z/scratch --max-dom 3 --hours 1"
1782060344,2026-06-21T17:45:44+01:00,3140666,3140664,Rl,3,124,11.8,11624500,34284536,"python -m gpuwrf run --input-dir <DATA_ROOT>/wrf_downscale/canary_all7/run --namelist <DATA_ROOT>/wrf_downscale/canary_all7/run/namelist.input --output-dir proofs/v020/s4/fp64_d01d03_1h_thomas_20260621T164055Z/output --proof-dir proofs/v020/s4/fp64_d01d03_1h_thomas_20260621T164055Z/proofs --scratch-dir proofs/v020/s4/fp64_d01d03_1h_thomas_20260621T164055Z/scratch --max-dom 3 --hours 1"
1782060346,2026-06-21T17:45:46+01:00,3140664,3140601,S,0,0.0,0.0,1736,2784,"/usr/bin/time -f wall_s=%e\nmaxrss_kib=%M -o proofs/v020/s4/fp64_d01d03_1h_thomas_20260621T164055Z/time.txt taskset -c 0-3 python -m gpuwrf run --input-dir <DATA_ROOT>/wrf_downscale/canary_all7/run --namelist <DATA_ROOT>/wrf_downscale/canary_all7/run/namelist.input --output-dir proofs/v020/s4/fp64_d01d03_1h_thomas_20260621T164055Z/output --proof-dir proofs/v020/s4/fp64_d01d03_1h_thomas_20260621T164055Z/proofs --scratch-dir proofs/v020/s4/fp64_d01d03_1h_thomas_20260621T164055Z/scratch --max-dom 3 --hours 1"
1782060346,2026-06-21T17:45:46+01:00,3140666,3140664,Rl,3,124,11.8,11639588,34299724,"python -m gpuwrf run --input-dir <DATA_ROOT>/wrf_downscale/canary_all7/run --namelist <DATA_ROOT>/wrf_downscale/canary_all7/run/namelist.input --output-dir proofs/v020/s4/fp64_d01d03_1h_thomas_20260621T164055Z/output --proof-dir proofs/v020/s4/fp64_d01d03_1h_thomas_20260621T164055Z/proofs --scratch-dir proofs/v020/s4/fp64_d01d03_1h_thomas_20260621T164055Z/scratch --max-dom 3 --hours 1"
1782060348,2026-06-21T17:45:48+01:00,3140664,3140601,S,0,0.0,0.0,1736,2784,"/usr/bin/time -f wall_s=%e\nmaxrss_kib=%M -o proofs/v020/s4/fp64_d01d03_1h_thomas_20260621T164055Z/time.txt taskset -c 0-3 python -m gpuwrf run --input-dir <DATA_ROOT>/wrf_downscale/canary_all7/run --namelist <DATA_ROOT>/wrf_downscale/canary_all7/run/namelist.input --output-dir proofs/v020/s4/fp64_d01d03_1h_thomas_20260621T164055Z/output --proof-dir proofs/v020/s4/fp64_d01d03_1h_thomas_20260621T164055Z/proofs --scratch-dir proofs/v020/s4/fp64_d01d03_1h_thomas_20260621T164055Z/scratch --max-dom 3 --hours 1"
1782060348,2026-06-21T17:45:48+01:00,3140666,3140664,Rl,3,124,11.8,11691228,34351340,"python -m gpuwrf run --input-dir <DATA_ROOT>/wrf_downscale/canary_all7/run --namelist <DATA_ROOT>/wrf_downscale/canary_all7/run/namelist.input --output-dir proofs/v020/s4/fp64_d01d03_1h_thomas_20260621T164055Z/output --proof-dir proofs/v020/s4/fp64_d01d03_1h_thomas_20260621T164055Z/proofs --scratch-dir proofs/v020/s4/fp64_d01d03_1h_thomas_20260621T164055Z/scratch --max-dom 3 --hours 1"
1782060350,2026-06-21T17:45:50+01:00,3140664,3140601,S,0,0.0,0.0,1736,2784,"/usr/bin/time -f wall_s=%e\nmaxrss_kib=%M -o proofs/v020/s4/fp64_d01d03_1h_thomas_20260621T164055Z/time.txt taskset -c 0-3 python -m gpuwrf run --input-dir <DATA_ROOT>/wrf_downscale/canary_all7/run --namelist <DATA_ROOT>/wrf_downscale/canary_all7/run/namelist.input --output-dir proofs/v020/s4/fp64_d01d03_1h_thomas_20260621T164055Z/output --proof-dir proofs/v020/s4/fp64_d01d03_1h_thomas_20260621T164055Z/proofs --scratch-dir proofs/v020/s4/fp64_d01d03_1h_thomas_20260621T164055Z/scratch --max-dom 3 --hours 1"
1782060350,2026-06-21T17:45:50+01:00,3140666,3140664,Rl,3,123,11.8,11637348,34297460,"python -m gpuwrf run --input-dir <DATA_ROOT>/wrf_downscale/canary_all7/run --namelist <DATA_ROOT>/wrf_downscale/canary_all7/run/namelist.input --output-dir proofs/v020/s4/fp64_d01d03_1h_thomas_20260621T164055Z/output --proof-dir proofs/v020/s4/fp64_d01d03_1h_thomas_20260621T164055Z/proofs --scratch-dir proofs/v020/s4/fp64_d01d03_1h_thomas_20260621T164055Z/scratch --max-dom 3 --hours 1"
1782060353,2026-06-21T17:45:53+01:00,3140664,3140601,S,0,0.0,0.0,1736,2784,"/usr/bin/time -f wall_s=%e\nmaxrss_kib=%M -o proofs/v020/s4/fp64_d01d03_1h_thomas_20260621T164055Z/time.txt taskset -c 0-3 python -m gpuwrf run --input-dir <DATA_ROOT>/wrf_downscale/canary_all7/run --namelist <DATA_ROOT>/wrf_downscale/canary_all7/run/namelist.input --output-dir proofs/v020/s4/fp64_d01d03_1h_thomas_20260621T164055Z/output --proof-dir proofs/v020/s4/fp64_d01d03_1h_thomas_20260621T164055Z/proofs --scratch-dir proofs/v020/s4/fp64_d01d03_1h_thomas_20260621T164055Z/scratch --max-dom 3 --hours 1"
1782060353,2026-06-21T17:45:53+01:00,3140666,3140664,Rl,3,123,11.8,11637348,34297460,"python -m gpuwrf run --input-dir <DATA_ROOT>/wrf_downscale/canary_all7/run --namelist <DATA_ROOT>/wrf_downscale/canary_all7/run/namelist.input --output-dir proofs/v020/s4/fp64_d01d03_1h_thomas_20260621T164055Z/output --proof-dir proofs/v020/s4/fp64_d01d03_1h_thomas_20260621T164055Z/proofs --scratch-dir proofs/v020/s4/fp64_d01d03_1h_thomas_20260621T164055Z/scratch --max-dom 3 --hours 1"
1782060355,2026-06-21T17:45:55+01:00,3140664,3140601,S,0,0.0,0.0,1736,2784,"/usr/bin/time -f wall_s=%e\nmaxrss_kib=%M -o proofs/v020/s4/fp64_d01d03_1h_thomas_20260621T164055Z/time.txt taskset -c 0-3 python -m gpuwrf run --input-dir <DATA_ROOT>/wrf_downscale/canary_all7/run --namelist <DATA_ROOT>/wrf_downscale/canary_all7/run/namelist.input --output-dir proofs/v020/s4/fp64_d01d03_1h_thomas_20260621T164055Z/output --proof-dir proofs/v020/s4/fp64_d01d03_1h_thomas_20260621T164055Z/proofs --scratch-dir proofs/v020/s4/fp64_d01d03_1h_thomas_20260621T164055Z/scratch --max-dom 3 --hours 1"
1782060355,2026-06-21T17:45:55+01:00,3140666,3140664,Rl,3,123,11.9,11733840,34393868,"python -m gpuwrf run --input-dir <DATA_ROOT>/wrf_downscale/canary_all7/run --namelist <DATA_ROOT>/wrf_downscale/canary_all7/run/namelist.input --output-dir proofs/v020/s4/fp64_d01d03_1h_thomas_20260621T164055Z/output --proof-dir proofs/v020/s4/fp64_d01d03_1h_thomas_20260621T164055Z/proofs --scratch-dir proofs/v020/s4/fp64_d01d03_1h_thomas_20260621T164055Z/scratch --max-dom 3 --hours 1"
1782060357,2026-06-21T17:45:57+01:00,3140664,3140601,S,0,0.0,0.0,1736,2784,"/usr/bin/time -f wall_s=%e\nmaxrss_kib=%M -o proofs/v020/s4/fp64_d01d03_1h_thomas_20260621T164055Z/time.txt taskset -c 0-3 python -m gpuwrf run --input-dir <DATA_ROOT>/wrf_downscale/canary_all7/run --namelist <DATA_ROOT>/wrf_downscale/canary_all7/run/namelist.input --output-dir proofs/v020/s4/fp64_d01d03_1h_thomas_20260621T164055Z/output --proof-dir proofs/v020/s4/fp64_d01d03_1h_thomas_20260621T164055Z/proofs --scratch-dir proofs/v020/s4/fp64_d01d03_1h_thomas_20260621T164055Z/scratch --max-dom 3 --hours 1"
1782060357,2026-06-21T17:45:57+01:00,3140666,3140664,Rl,3,123,11.8,11628856,34288756,"python -m gpuwrf run --input-dir <DATA_ROOT>/wrf_downscale/canary_all7/run --namelist <DATA_ROOT>/wrf_downscale/canary_all7/run/namelist.input --output-dir proofs/v020/s4/fp64_d01d03_1h_thomas_20260621T164055Z/output --proof-dir proofs/v020/s4/fp64_d01d03_1h_thomas_20260621T164055Z/proofs --scratch-dir proofs/v020/s4/fp64_d01d03_1h_thomas_20260621T164055Z/scratch --max-dom 3 --hours 1"
1782060359,2026-06-21T17:45:59+01:00,3140664,3140601,S,0,0.0,0.0,1736,2784,"/usr/bin/time -f wall_s=%e\nmaxrss_kib=%M -o proofs/v020/s4/fp64_d01d03_1h_thomas_20260621T164055Z/time.txt taskset -c 0-3 python -m gpuwrf run --input-dir <DATA_ROOT>/wrf_downscale/canary_all7/run --namelist <DATA_ROOT>/wrf_downscale/canary_all7/run/namelist.input --output-dir proofs/v020/s4/fp64_d01d03_1h_thomas_20260621T164055Z/output --proof-dir proofs/v020/s4/fp64_d01d03_1h_thomas_20260621T164055Z/proofs --scratch-dir proofs/v020/s4/fp64_d01d03_1h_thomas_20260621T164055Z/scratch --max-dom 3 --hours 1"
1782060359,2026-06-21T17:45:59+01:00,3140666,3140664,Rl,3,123,11.8,11629060,34288756,"python -m gpuwrf run --input-dir <DATA_ROOT>/wrf_downscale/canary_all7/run --namelist <DATA_ROOT>/wrf_downscale/canary_all7/run/namelist.input --output-dir proofs/v020/s4/fp64_d01d03_1h_thomas_20260621T164055Z/output --proof-dir proofs/v020/s4/fp64_d01d03_1h_thomas_20260621T164055Z/proofs --scratch-dir proofs/v020/s4/fp64_d01d03_1h_thomas_20260621T164055Z/scratch --max-dom 3 --hours 1"
1782060361,2026-06-21T17:46:01+01:00,3140664,3140601,S,0,0.0,0.0,1736,2784,"/usr/bin/time -f wall_s=%e\nmaxrss_kib=%M -o proofs/v020/s4/fp64_d01d03_1h_thomas_20260621T164055Z/time.txt taskset -c 0-3 python -m gpuwrf run --input-dir <DATA_ROOT>/wrf_downscale/canary_all7/run --namelist <DATA_ROOT>/wrf_downscale/canary_all7/run/namelist.input --output-dir proofs/v020/s4/fp64_d01d03_1h_thomas_20260621T164055Z/output --proof-dir proofs/v020/s4/fp64_d01d03_1h_thomas_20260621T164055Z/proofs --scratch-dir proofs/v020/s4/fp64_d01d03_1h_thomas_20260621T164055Z/scratch --max-dom 3 --hours 1"
1782060361,2026-06-21T17:46:01+01:00,3140666,3140664,Rl,3,123,11.8,11629192,34288756,"python -m gpuwrf run --input-dir <DATA_ROOT>/wrf_downscale/canary_all7/run --namelist <DATA_ROOT>/wrf_downscale/canary_all7/run/namelist.input --output-dir proofs/v020/s4/fp64_d01d03_1h_thomas_20260621T164055Z/output --proof-dir proofs/v020/s4/fp64_d01d03_1h_thomas_20260621T164055Z/proofs --scratch-dir proofs/v020/s4/fp64_d01d03_1h_thomas_20260621T164055Z/scratch --max-dom 3 --hours 1"
1782060363,2026-06-21T17:46:03+01:00,3140664,3140601,S,0,0.0,0.0,1736,2784,"/usr/bin/time -f wall_s=%e\nmaxrss_kib=%M -o proofs/v020/s4/fp64_d01d03_1h_thomas_20260621T164055Z/time.txt taskset -c 0-3 python -m gpuwrf run --input-dir <DATA_ROOT>/wrf_downscale/canary_all7/run --namelist <DATA_ROOT>/wrf_downscale/canary_all7/run/namelist.input --output-dir proofs/v020/s4/fp64_d01d03_1h_thomas_20260621T164055Z/output --proof-dir proofs/v020/s4/fp64_d01d03_1h_thomas_20260621T164055Z/proofs --scratch-dir proofs/v020/s4/fp64_d01d03_1h_thomas_20260621T164055Z/scratch --max-dom 3 --hours 1"
1782060363,2026-06-21T17:46:03+01:00,3140666,3140664,Rl,3,122,11.8,11629192,34288756,"python -m gpuwrf run --input-dir <DATA_ROOT>/wrf_downscale/canary_all7/run --namelist <DATA_ROOT>/wrf_downscale/canary_all7/run/namelist.input --output-dir proofs/v020/s4/fp64_d01d03_1h_thomas_20260621T164055Z/output --proof-dir proofs/v020/s4/fp64_d01d03_1h_thomas_20260621T164055Z/proofs --scratch-dir proofs/v020/s4/fp64_d01d03_1h_thomas_20260621T164055Z/scratch --max-dom 3 --hours 1"
1782060365,2026-06-21T17:46:05+01:00,3140664,3140601,S,0,0.0,0.0,1736,2784,"/usr/bin/time -f wall_s=%e\nmaxrss_kib=%M -o proofs/v020/s4/fp64_d01d03_1h_thomas_20260621T164055Z/time.txt taskset -c 0-3 python -m gpuwrf run --input-dir <DATA_ROOT>/wrf_downscale/canary_all7/run --namelist <DATA_ROOT>/wrf_downscale/canary_all7/run/namelist.input --output-dir proofs/v020/s4/fp64_d01d03_1h_thomas_20260621T164055Z/output --proof-dir proofs/v020/s4/fp64_d01d03_1h_thomas_20260621T164055Z/proofs --scratch-dir proofs/v020/s4/fp64_d01d03_1h_thomas_20260621T164055Z/scratch --max-dom 3 --hours 1"
1782060365,2026-06-21T17:46:05+01:00,3140666,3140664,Rl,3,122,11.8,11629216,34288756,"python -m gpuwrf run --input-dir <DATA_ROOT>/wrf_downscale/canary_all7/run --namelist <DATA_ROOT>/wrf_downscale/canary_all7/run/namelist.input --output-dir proofs/v020/s4/fp64_d01d03_1h_thomas_20260621T164055Z/output --proof-dir proofs/v020/s4/fp64_d01d03_1h_thomas_20260621T164055Z/proofs --scratch-dir proofs/v020/s4/fp64_d01d03_1h_thomas_20260621T164055Z/scratch --max-dom 3 --hours 1"
1782060367,2026-06-21T17:46:07+01:00,3140664,3140601,S,0,0.0,0.0,1736,2784,"/usr/bin/time -f wall_s=%e\nmaxrss_kib=%M -o proofs/v020/s4/fp64_d01d03_1h_thomas_20260621T164055Z/time.txt taskset -c 0-3 python -m gpuwrf run --input-dir <DATA_ROOT>/wrf_downscale/canary_all7/run --namelist <DATA_ROOT>/wrf_downscale/canary_all7/run/namelist.input --output-dir proofs/v020/s4/fp64_d01d03_1h_thomas_20260621T164055Z/output --proof-dir proofs/v020/s4/fp64_d01d03_1h_thomas_20260621T164055Z/proofs --scratch-dir proofs/v020/s4/fp64_d01d03_1h_thomas_20260621T164055Z/scratch --max-dom 3 --hours 1"
1782060367,2026-06-21T17:46:07+01:00,3140666,3140664,Rl,3,122,11.8,11629236,34288756,"python -m gpuwrf run --input-dir <DATA_ROOT>/wrf_downscale/canary_all7/run --namelist <DATA_ROOT>/wrf_downscale/canary_all7/run/namelist.input --output-dir proofs/v020/s4/fp64_d01d03_1h_thomas_20260621T164055Z/output --proof-dir proofs/v020/s4/fp64_d01d03_1h_thomas_20260621T164055Z/proofs --scratch-dir proofs/v020/s4/fp64_d01d03_1h_thomas_20260621T164055Z/scratch --max-dom 3 --hours 1"
1782060369,2026-06-21T17:46:09+01:00,3140664,3140601,S,0,0.0,0.0,1736,2784,"/usr/bin/time -f wall_s=%e\nmaxrss_kib=%M -o proofs/v020/s4/fp64_d01d03_1h_thomas_20260621T164055Z/time.txt taskset -c 0-3 python -m gpuwrf run --input-dir <DATA_ROOT>/wrf_downscale/canary_all7/run --namelist <DATA_ROOT>/wrf_downscale/canary_all7/run/namelist.input --output-dir proofs/v020/s4/fp64_d01d03_1h_thomas_20260621T164055Z/output --proof-dir proofs/v020/s4/fp64_d01d03_1h_thomas_20260621T164055Z/proofs --scratch-dir proofs/v020/s4/fp64_d01d03_1h_thomas_20260621T164055Z/scratch --max-dom 3 --hours 1"
1782060369,2026-06-21T17:46:09+01:00,3140666,3140664,Rl,3,122,11.8,11629272,34288756,"python -m gpuwrf run --input-dir <DATA_ROOT>/wrf_downscale/canary_all7/run --namelist <DATA_ROOT>/wrf_downscale/canary_all7/run/namelist.input --output-dir proofs/v020/s4/fp64_d01d03_1h_thomas_20260621T164055Z/output --proof-dir proofs/v020/s4/fp64_d01d03_1h_thomas_20260621T164055Z/proofs --scratch-dir proofs/v020/s4/fp64_d01d03_1h_thomas_20260621T164055Z/scratch --max-dom 3 --hours 1"
1782060372,2026-06-21T17:46:12+01:00,3140664,3140601,S,0,0.0,0.0,1736,2784,"/usr/bin/time -f wall_s=%e\nmaxrss_kib=%M -o proofs/v020/s4/fp64_d01d03_1h_thomas_20260621T164055Z/time.txt taskset -c 0-3 python -m gpuwrf run --input-dir <DATA_ROOT>/wrf_downscale/canary_all7/run --namelist <DATA_ROOT>/wrf_downscale/canary_all7/run/namelist.input --output-dir proofs/v020/s4/fp64_d01d03_1h_thomas_20260621T164055Z/output --proof-dir proofs/v020/s4/fp64_d01d03_1h_thomas_20260621T164055Z/proofs --scratch-dir proofs/v020/s4/fp64_d01d03_1h_thomas_20260621T164055Z/scratch --max-dom 3 --hours 1"
1782060372,2026-06-21T17:46:12+01:00,3140666,3140664,Rl,3,122,11.8,11629312,34288756,"python -m gpuwrf run --input-dir <DATA_ROOT>/wrf_downscale/canary_all7/run --namelist <DATA_ROOT>/wrf_downscale/canary_all7/run/namelist.input --output-dir proofs/v020/s4/fp64_d01d03_1h_thomas_20260621T164055Z/output --proof-dir proofs/v020/s4/fp64_d01d03_1h_thomas_20260621T164055Z/proofs --scratch-dir proofs/v020/s4/fp64_d01d03_1h_thomas_20260621T164055Z/scratch --max-dom 3 --hours 1"
1782060374,2026-06-21T17:46:14+01:00,3140664,3140601,S,0,0.0,0.0,1736,2784,"/usr/bin/time -f wall_s=%e\nmaxrss_kib=%M -o proofs/v020/s4/fp64_d01d03_1h_thomas_20260621T164055Z/time.txt taskset -c 0-3 python -m gpuwrf run --input-dir <DATA_ROOT>/wrf_downscale/canary_all7/run --namelist <DATA_ROOT>/wrf_downscale/canary_all7/run/namelist.input --output-dir proofs/v020/s4/fp64_d01d03_1h_thomas_20260621T164055Z/output --proof-dir proofs/v020/s4/fp64_d01d03_1h_thomas_20260621T164055Z/proofs --scratch-dir proofs/v020/s4/fp64_d01d03_1h_thomas_20260621T164055Z/scratch --max-dom 3 --hours 1"
1782060374,2026-06-21T17:46:14+01:00,3140666,3140664,Rl,3,122,11.8,11629496,34288848,"python -m gpuwrf run --input-dir <DATA_ROOT>/wrf_downscale/canary_all7/run --namelist <DATA_ROOT>/wrf_downscale/canary_all7/run/namelist.input --output-dir proofs/v020/s4/fp64_d01d03_1h_thomas_20260621T164055Z/output --proof-dir proofs/v020/s4/fp64_d01d03_1h_thomas_20260621T164055Z/proofs --scratch-dir proofs/v020/s4/fp64_d01d03_1h_thomas_20260621T164055Z/scratch --max-dom 3 --hours 1"
1782060376,2026-06-21T17:46:16+01:00,3140664,3140601,S,0,0.0,0.0,1736,2784,"/usr/bin/time -f wall_s=%e\nmaxrss_kib=%M -o proofs/v020/s4/fp64_d01d03_1h_thomas_20260621T164055Z/time.txt taskset -c 0-3 python -m gpuwrf run --input-dir <DATA_ROOT>/wrf_downscale/canary_all7/run --namelist <DATA_ROOT>/wrf_downscale/canary_all7/run/namelist.input --output-dir proofs/v020/s4/fp64_d01d03_1h_thomas_20260621T164055Z/output --proof-dir proofs/v020/s4/fp64_d01d03_1h_thomas_20260621T164055Z/proofs --scratch-dir proofs/v020/s4/fp64_d01d03_1h_thomas_20260621T164055Z/scratch --max-dom 3 --hours 1"
1782060376,2026-06-21T17:46:16+01:00,3140666,3140664,Rl,3,121,11.8,11629500,34288848,"python -m gpuwrf run --input-dir <DATA_ROOT>/wrf_downscale/canary_all7/run --namelist <DATA_ROOT>/wrf_downscale/canary_all7/run/namelist.input --output-dir proofs/v020/s4/fp64_d01d03_1h_thomas_20260621T164055Z/output --proof-dir proofs/v020/s4/fp64_d01d03_1h_thomas_20260621T164055Z/proofs --scratch-dir proofs/v020/s4/fp64_d01d03_1h_thomas_20260621T164055Z/scratch --max-dom 3 --hours 1"
1782060378,2026-06-21T17:46:18+01:00,3140664,3140601,S,0,0.0,0.0,1736,2784,"/usr/bin/time -f wall_s=%e\nmaxrss_kib=%M -o proofs/v020/s4/fp64_d01d03_1h_thomas_20260621T164055Z/time.txt taskset -c 0-3 python -m gpuwrf run --input-dir <DATA_ROOT>/wrf_downscale/canary_all7/run --namelist <DATA_ROOT>/wrf_downscale/canary_all7/run/namelist.input --output-dir proofs/v020/s4/fp64_d01d03_1h_thomas_20260621T164055Z/output --proof-dir proofs/v020/s4/fp64_d01d03_1h_thomas_20260621T164055Z/proofs --scratch-dir proofs/v020/s4/fp64_d01d03_1h_thomas_20260621T164055Z/scratch --max-dom 3 --hours 1"
1782060378,2026-06-21T17:46:18+01:00,3140666,3140664,Rl,3,121,11.8,11629524,34288848,"python -m gpuwrf run --input-dir <DATA_ROOT>/wrf_downscale/canary_all7/run --namelist <DATA_ROOT>/wrf_downscale/canary_all7/run/namelist.input --output-dir proofs/v020/s4/fp64_d01d03_1h_thomas_20260621T164055Z/output --proof-dir proofs/v020/s4/fp64_d01d03_1h_thomas_20260621T164055Z/proofs --scratch-dir proofs/v020/s4/fp64_d01d03_1h_thomas_20260621T164055Z/scratch --max-dom 3 --hours 1"
1782060380,2026-06-21T17:46:20+01:00,3140664,3140601,S,0,0.0,0.0,1736,2784,"/usr/bin/time -f wall_s=%e\nmaxrss_kib=%M -o proofs/v020/s4/fp64_d01d03_1h_thomas_20260621T164055Z/time.txt taskset -c 0-3 python -m gpuwrf run --input-dir <DATA_ROOT>/wrf_downscale/canary_all7/run --namelist <DATA_ROOT>/wrf_downscale/canary_all7/run/namelist.input --output-dir proofs/v020/s4/fp64_d01d03_1h_thomas_20260621T164055Z/output --proof-dir proofs/v020/s4/fp64_d01d03_1h_thomas_20260621T164055Z/proofs --scratch-dir proofs/v020/s4/fp64_d01d03_1h_thomas_20260621T164055Z/scratch --max-dom 3 --hours 1"
1782060380,2026-06-21T17:46:20+01:00,3140666,3140664,Rl,3,121,11.8,11629552,34288848,"python -m gpuwrf run --input-dir <DATA_ROOT>/wrf_downscale/canary_all7/run --namelist <DATA_ROOT>/wrf_downscale/canary_all7/run/namelist.input --output-dir proofs/v020/s4/fp64_d01d03_1h_thomas_20260621T164055Z/output --proof-dir proofs/v020/s4/fp64_d01d03_1h_thomas_20260621T164055Z/proofs --scratch-dir proofs/v020/s4/fp64_d01d03_1h_thomas_20260621T164055Z/scratch --max-dom 3 --hours 1"
1782060382,2026-06-21T17:46:22+01:00,3140664,3140601,S,0,0.0,0.0,1736,2784,"/usr/bin/time -f wall_s=%e\nmaxrss_kib=%M -o proofs/v020/s4/fp64_d01d03_1h_thomas_20260621T164055Z/time.txt taskset -c 0-3 python -m gpuwrf run --input-dir <DATA_ROOT>/wrf_downscale/canary_all7/run --namelist <DATA_ROOT>/wrf_downscale/canary_all7/run/namelist.input --output-dir proofs/v020/s4/fp64_d01d03_1h_thomas_20260621T164055Z/output --proof-dir proofs/v020/s4/fp64_d01d03_1h_thomas_20260621T164055Z/proofs --scratch-dir proofs/v020/s4/fp64_d01d03_1h_thomas_20260621T164055Z/scratch --max-dom 3 --hours 1"
1782060382,2026-06-21T17:46:22+01:00,3140666,3140664,Rl,3,121,11.8,11629756,34288848,"python -m gpuwrf run --input-dir <DATA_ROOT>/wrf_downscale/canary_all7/run --namelist <DATA_ROOT>/wrf_downscale/canary_all7/run/namelist.input --output-dir proofs/v020/s4/fp64_d01d03_1h_thomas_20260621T164055Z/output --proof-dir proofs/v020/s4/fp64_d01d03_1h_thomas_20260621T164055Z/proofs --scratch-dir proofs/v020/s4/fp64_d01d03_1h_thomas_20260621T164055Z/scratch --max-dom 3 --hours 1"
1782060385,2026-06-21T17:46:25+01:00,3140664,3140601,S,0,0.0,0.0,1736,2784,"/usr/bin/time -f wall_s=%e\nmaxrss_kib=%M -o proofs/v020/s4/fp64_d01d03_1h_thomas_20260621T164055Z/time.txt taskset -c 0-3 python -m gpuwrf run --input-dir <DATA_ROOT>/wrf_downscale/canary_all7/run --namelist <DATA_ROOT>/wrf_downscale/canary_all7/run/namelist.input --output-dir proofs/v020/s4/fp64_d01d03_1h_thomas_20260621T164055Z/output --proof-dir proofs/v020/s4/fp64_d01d03_1h_thomas_20260621T164055Z/proofs --scratch-dir proofs/v020/s4/fp64_d01d03_1h_thomas_20260621T164055Z/scratch --max-dom 3 --hours 1"
1782060385,2026-06-21T17:46:25+01:00,3140666,3140664,Rl,3,121,11.8,11629776,34288848,"python -m gpuwrf run --input-dir <DATA_ROOT>/wrf_downscale/canary_all7/run --namelist <DATA_ROOT>/wrf_downscale/canary_all7/run/namelist.input --output-dir proofs/v020/s4/fp64_d01d03_1h_thomas_20260621T164055Z/output --proof-dir proofs/v020/s4/fp64_d01d03_1h_thomas_20260621T164055Z/proofs --scratch-dir proofs/v020/s4/fp64_d01d03_1h_thomas_20260621T164055Z/scratch --max-dom 3 --hours 1"
1782060387,2026-06-21T17:46:27+01:00,3140664,3140601,S,0,0.0,0.0,1736,2784,"/usr/bin/time -f wall_s=%e\nmaxrss_kib=%M -o proofs/v020/s4/fp64_d01d03_1h_thomas_20260621T164055Z/time.txt taskset -c 0-3 python -m gpuwrf run --input-dir <DATA_ROOT>/wrf_downscale/canary_all7/run --namelist <DATA_ROOT>/wrf_downscale/canary_all7/run/namelist.input --output-dir proofs/v020/s4/fp64_d01d03_1h_thomas_20260621T164055Z/output --proof-dir proofs/v020/s4/fp64_d01d03_1h_thomas_20260621T164055Z/proofs --scratch-dir proofs/v020/s4/fp64_d01d03_1h_thomas_20260621T164055Z/scratch --max-dom 3 --hours 1"
1782060387,2026-06-21T17:46:27+01:00,3140666,3140664,Rl,3,121,11.8,11629792,34288848,"python -m gpuwrf run --input-dir <DATA_ROOT>/wrf_downscale/canary_all7/run --namelist <DATA_ROOT>/wrf_downscale/canary_all7/run/namelist.input --output-dir proofs/v020/s4/fp64_d01d03_1h_thomas_20260621T164055Z/output --proof-dir proofs/v020/s4/fp64_d01d03_1h_thomas_20260621T164055Z/proofs --scratch-dir proofs/v020/s4/fp64_d01d03_1h_thomas_20260621T164055Z/scratch --max-dom 3 --hours 1"
1782060389,2026-06-21T17:46:29+01:00,3140664,3140601,S,0,0.0,0.0,1736,2784,"/usr/bin/time -f wall_s=%e\nmaxrss_kib=%M -o proofs/v020/s4/fp64_d01d03_1h_thomas_20260621T164055Z/time.txt taskset -c 0-3 python -m gpuwrf run --input-dir <DATA_ROOT>/wrf_downscale/canary_all7/run --namelist <DATA_ROOT>/wrf_downscale/canary_all7/run/namelist.input --output-dir proofs/v020/s4/fp64_d01d03_1h_thomas_20260621T164055Z/output --proof-dir proofs/v020/s4/fp64_d01d03_1h_thomas_20260621T164055Z/proofs --scratch-dir proofs/v020/s4/fp64_d01d03_1h_thomas_20260621T164055Z/scratch --max-dom 3 --hours 1"
1782060389,2026-06-21T17:46:29+01:00,3140666,3140664,Rl,3,121,11.8,11629800,34288848,"python -m gpuwrf run --input-dir <DATA_ROOT>/wrf_downscale/canary_all7/run --namelist <DATA_ROOT>/wrf_downscale/canary_all7/run/namelist.input --output-dir proofs/v020/s4/fp64_d01d03_1h_thomas_20260621T164055Z/output --proof-dir proofs/v020/s4/fp64_d01d03_1h_thomas_20260621T164055Z/proofs --scratch-dir proofs/v020/s4/fp64_d01d03_1h_thomas_20260621T164055Z/scratch --max-dom 3 --hours 1"
1782060391,2026-06-21T17:46:31+01:00,3140664,3140601,S,0,0.0,0.0,1736,2784,"/usr/bin/time -f wall_s=%e\nmaxrss_kib=%M -o proofs/v020/s4/fp64_d01d03_1h_thomas_20260621T164055Z/time.txt taskset -c 0-3 python -m gpuwrf run --input-dir <DATA_ROOT>/wrf_downscale/canary_all7/run --namelist <DATA_ROOT>/wrf_downscale/canary_all7/run/namelist.input --output-dir proofs/v020/s4/fp64_d01d03_1h_thomas_20260621T164055Z/output --proof-dir proofs/v020/s4/fp64_d01d03_1h_thomas_20260621T164055Z/proofs --scratch-dir proofs/v020/s4/fp64_d01d03_1h_thomas_20260621T164055Z/scratch --max-dom 3 --hours 1"
1782060391,2026-06-21T17:46:31+01:00,3140666,3140664,Rl,3,120,11.8,11629884,34288848,"python -m gpuwrf run --input-dir <DATA_ROOT>/wrf_downscale/canary_all7/run --namelist <DATA_ROOT>/wrf_downscale/canary_all7/run/namelist.input --output-dir proofs/v020/s4/fp64_d01d03_1h_thomas_20260621T164055Z/output --proof-dir proofs/v020/s4/fp64_d01d03_1h_thomas_20260621T164055Z/proofs --scratch-dir proofs/v020/s4/fp64_d01d03_1h_thomas_20260621T164055Z/scratch --max-dom 3 --hours 1"
1782060393,2026-06-21T17:46:33+01:00,3140664,3140601,S,0,0.0,0.0,1736,2784,"/usr/bin/time -f wall_s=%e\nmaxrss_kib=%M -o proofs/v020/s4/fp64_d01d03_1h_thomas_20260621T164055Z/time.txt taskset -c 0-3 python -m gpuwrf run --input-dir <DATA_ROOT>/wrf_downscale/canary_all7/run --namelist <DATA_ROOT>/wrf_downscale/canary_all7/run/namelist.input --output-dir proofs/v020/s4/fp64_d01d03_1h_thomas_20260621T164055Z/output --proof-dir proofs/v020/s4/fp64_d01d03_1h_thomas_20260621T164055Z/proofs --scratch-dir proofs/v020/s4/fp64_d01d03_1h_thomas_20260621T164055Z/scratch --max-dom 3 --hours 1"
1782060393,2026-06-21T17:46:33+01:00,3140666,3140664,Rl,3,120,11.8,11629932,34288848,"python -m gpuwrf run --input-dir <DATA_ROOT>/wrf_downscale/canary_all7/run --namelist <DATA_ROOT>/wrf_downscale/canary_all7/run/namelist.input --output-dir proofs/v020/s4/fp64_d01d03_1h_thomas_20260621T164055Z/output --proof-dir proofs/v020/s4/fp64_d01d03_1h_thomas_20260621T164055Z/proofs --scratch-dir proofs/v020/s4/fp64_d01d03_1h_thomas_20260621T164055Z/scratch --max-dom 3 --hours 1"
1782060396,2026-06-21T17:46:36+01:00,3140664,3140601,S,0,0.0,0.0,1736,2784,"/usr/bin/time -f wall_s=%e\nmaxrss_kib=%M -o proofs/v020/s4/fp64_d01d03_1h_thomas_20260621T164055Z/time.txt taskset -c 0-3 python -m gpuwrf run --input-dir <DATA_ROOT>/wrf_downscale/canary_all7/run --namelist <DATA_ROOT>/wrf_downscale/canary_all7/run/namelist.input --output-dir proofs/v020/s4/fp64_d01d03_1h_thomas_20260621T164055Z/output --proof-dir proofs/v020/s4/fp64_d01d03_1h_thomas_20260621T164055Z/proofs --scratch-dir proofs/v020/s4/fp64_d01d03_1h_thomas_20260621T164055Z/scratch --max-dom 3 --hours 1"
1782060396,2026-06-21T17:46:36+01:00,3140666,3140664,Rl,3,120,11.8,11629936,34288848,"python -m gpuwrf run --input-dir <DATA_ROOT>/wrf_downscale/canary_all7/run --namelist <DATA_ROOT>/wrf_downscale/canary_all7/run/namelist.input --output-dir proofs/v020/s4/fp64_d01d03_1h_thomas_20260621T164055Z/output --proof-dir proofs/v020/s4/fp64_d01d03_1h_thomas_20260621T164055Z/proofs --scratch-dir proofs/v020/s4/fp64_d01d03_1h_thomas_20260621T164055Z/scratch --max-dom 3 --hours 1"
1782060398,2026-06-21T17:46:38+01:00,3140664,3140601,S,0,0.0,0.0,1736,2784,"/usr/bin/time -f wall_s=%e\nmaxrss_kib=%M -o proofs/v020/s4/fp64_d01d03_1h_thomas_20260621T164055Z/time.txt taskset -c 0-3 python -m gpuwrf run --input-dir <DATA_ROOT>/wrf_downscale/canary_all7/run --namelist <DATA_ROOT>/wrf_downscale/canary_all7/run/namelist.input --output-dir proofs/v020/s4/fp64_d01d03_1h_thomas_20260621T164055Z/output --proof-dir proofs/v020/s4/fp64_d01d03_1h_thomas_20260621T164055Z/proofs --scratch-dir proofs/v020/s4/fp64_d01d03_1h_thomas_20260621T164055Z/scratch --max-dom 3 --hours 1"
1782060398,2026-06-21T17:46:38+01:00,3140666,3140664,Rl,3,120,11.8,11629936,34288848,"python -m gpuwrf run --input-dir <DATA_ROOT>/wrf_downscale/canary_all7/run --namelist <DATA_ROOT>/wrf_downscale/canary_all7/run/namelist.input --output-dir proofs/v020/s4/fp64_d01d03_1h_thomas_20260621T164055Z/output --proof-dir proofs/v020/s4/fp64_d01d03_1h_thomas_20260621T164055Z/proofs --scratch-dir proofs/v020/s4/fp64_d01d03_1h_thomas_20260621T164055Z/scratch --max-dom 3 --hours 1"
1782060400,2026-06-21T17:46:40+01:00,3140664,3140601,S,0,0.0,0.0,1736,2784,"/usr/bin/time -f wall_s=%e\nmaxrss_kib=%M -o proofs/v020/s4/fp64_d01d03_1h_thomas_20260621T164055Z/time.txt taskset -c 0-3 python -m gpuwrf run --input-dir <DATA_ROOT>/wrf_downscale/canary_all7/run --namelist <DATA_ROOT>/wrf_downscale/canary_all7/run/namelist.input --output-dir proofs/v020/s4/fp64_d01d03_1h_thomas_20260621T164055Z/output --proof-dir proofs/v020/s4/fp64_d01d03_1h_thomas_20260621T164055Z/proofs --scratch-dir proofs/v020/s4/fp64_d01d03_1h_thomas_20260621T164055Z/scratch --max-dom 3 --hours 1"
1782060400,2026-06-21T17:46:40+01:00,3140666,3140664,Rl,3,120,11.8,11629944,34288848,"python -m gpuwrf run --input-dir <DATA_ROOT>/wrf_downscale/canary_all7/run --namelist <DATA_ROOT>/wrf_downscale/canary_all7/run/namelist.input --output-dir proofs/v020/s4/fp64_d01d03_1h_thomas_20260621T164055Z/output --proof-dir proofs/v020/s4/fp64_d01d03_1h_thomas_20260621T164055Z/proofs --scratch-dir proofs/v020/s4/fp64_d01d03_1h_thomas_20260621T164055Z/scratch --max-dom 3 --hours 1"
1782060402,2026-06-21T17:46:42+01:00,3140664,3140601,S,0,0.0,0.0,1736,2784,"/usr/bin/time -f wall_s=%e\nmaxrss_kib=%M -o proofs/v020/s4/fp64_d01d03_1h_thomas_20260621T164055Z/time.txt taskset -c 0-3 python -m gpuwrf run --input-dir <DATA_ROOT>/wrf_downscale/canary_all7/run --namelist <DATA_ROOT>/wrf_downscale/canary_all7/run/namelist.input --output-dir proofs/v020/s4/fp64_d01d03_1h_thomas_20260621T164055Z/output --proof-dir proofs/v020/s4/fp64_d01d03_1h_thomas_20260621T164055Z/proofs --scratch-dir proofs/v020/s4/fp64_d01d03_1h_thomas_20260621T164055Z/scratch --max-dom 3 --hours 1"
1782060402,2026-06-21T17:46:42+01:00,3140666,3140664,Rl,3,120,11.8,11629948,34288848,"python -m gpuwrf run --input-dir <DATA_ROOT>/wrf_downscale/canary_all7/run --namelist <DATA_ROOT>/wrf_downscale/canary_all7/run/namelist.input --output-dir proofs/v020/s4/fp64_d01d03_1h_thomas_20260621T164055Z/output --proof-dir proofs/v020/s4/fp64_d01d03_1h_thomas_20260621T164055Z/proofs --scratch-dir proofs/v020/s4/fp64_d01d03_1h_thomas_20260621T164055Z/scratch --max-dom 3 --hours 1"
1782060404,2026-06-21T17:46:44+01:00,3140664,3140601,S,0,0.0,0.0,1736,2784,"/usr/bin/time -f wall_s=%e\nmaxrss_kib=%M -o proofs/v020/s4/fp64_d01d03_1h_thomas_20260621T164055Z/time.txt taskset -c 0-3 python -m gpuwrf run --input-dir <DATA_ROOT>/wrf_downscale/canary_all7/run --namelist <DATA_ROOT>/wrf_downscale/canary_all7/run/namelist.input --output-dir proofs/v020/s4/fp64_d01d03_1h_thomas_20260621T164055Z/output --proof-dir proofs/v020/s4/fp64_d01d03_1h_thomas_20260621T164055Z/proofs --scratch-dir proofs/v020/s4/fp64_d01d03_1h_thomas_20260621T164055Z/scratch --max-dom 3 --hours 1"
1782060404,2026-06-21T17:46:44+01:00,3140666,3140664,Rl,3,120,11.8,11630064,34288848,"python -m gpuwrf run --input-dir <DATA_ROOT>/wrf_downscale/canary_all7/run --namelist <DATA_ROOT>/wrf_downscale/canary_all7/run/namelist.input --output-dir proofs/v020/s4/fp64_d01d03_1h_thomas_20260621T164055Z/output --proof-dir proofs/v020/s4/fp64_d01d03_1h_thomas_20260621T164055Z/proofs --scratch-dir proofs/v020/s4/fp64_d01d03_1h_thomas_20260621T164055Z/scratch --max-dom 3 --hours 1"
1782060406,2026-06-21T17:46:46+01:00,3140664,3140601,S,0,0.0,0.0,1736,2784,"/usr/bin/time -f wall_s=%e\nmaxrss_kib=%M -o proofs/v020/s4/fp64_d01d03_1h_thomas_20260621T164055Z/time.txt taskset -c 0-3 python -m gpuwrf run --input-dir <DATA_ROOT>/wrf_downscale/canary_all7/run --namelist <DATA_ROOT>/wrf_downscale/canary_all7/run/namelist.input --output-dir proofs/v020/s4/fp64_d01d03_1h_thomas_20260621T164055Z/output --proof-dir proofs/v020/s4/fp64_d01d03_1h_thomas_20260621T164055Z/proofs --scratch-dir proofs/v020/s4/fp64_d01d03_1h_thomas_20260621T164055Z/scratch --max-dom 3 --hours 1"
1782060406,2026-06-21T17:46:46+01:00,3140666,3140664,Rl,3,120,11.8,11630116,34288848,"python -m gpuwrf run --input-dir <DATA_ROOT>/wrf_downscale/canary_all7/run --namelist <DATA_ROOT>/wrf_downscale/canary_all7/run/namelist.input --output-dir proofs/v020/s4/fp64_d01d03_1h_thomas_20260621T164055Z/output --proof-dir proofs/v020/s4/fp64_d01d03_1h_thomas_20260621T164055Z/proofs --scratch-dir proofs/v020/s4/fp64_d01d03_1h_thomas_20260621T164055Z/scratch --max-dom 3 --hours 1"
1782060409,2026-06-21T17:46:49+01:00,3140664,3140601,S,0,0.0,0.0,1736,2784,"/usr/bin/time -f wall_s=%e\nmaxrss_kib=%M -o proofs/v020/s4/fp64_d01d03_1h_thomas_20260621T164055Z/time.txt taskset -c 0-3 python -m gpuwrf run --input-dir <DATA_ROOT>/wrf_downscale/canary_all7/run --namelist <DATA_ROOT>/wrf_downscale/canary_all7/run/namelist.input --output-dir proofs/v020/s4/fp64_d01d03_1h_thomas_20260621T164055Z/output --proof-dir proofs/v020/s4/fp64_d01d03_1h_thomas_20260621T164055Z/proofs --scratch-dir proofs/v020/s4/fp64_d01d03_1h_thomas_20260621T164055Z/scratch --max-dom 3 --hours 1"
1782060409,2026-06-21T17:46:49+01:00,3140666,3140664,Rl,3,119,11.8,11630232,34288848,"python -m gpuwrf run --input-dir <DATA_ROOT>/wrf_downscale/canary_all7/run --namelist <DATA_ROOT>/wrf_downscale/canary_all7/run/namelist.input --output-dir proofs/v020/s4/fp64_d01d03_1h_thomas_20260621T164055Z/output --proof-dir proofs/v020/s4/fp64_d01d03_1h_thomas_20260621T164055Z/proofs --scratch-dir proofs/v020/s4/fp64_d01d03_1h_thomas_20260621T164055Z/scratch --max-dom 3 --hours 1"
1782060411,2026-06-21T17:46:51+01:00,3140664,3140601,S,0,0.0,0.0,1736,2784,"/usr/bin/time -f wall_s=%e\nmaxrss_kib=%M -o proofs/v020/s4/fp64_d01d03_1h_thomas_20260621T164055Z/time.txt taskset -c 0-3 python -m gpuwrf run --input-dir <DATA_ROOT>/wrf_downscale/canary_all7/run --namelist <DATA_ROOT>/wrf_downscale/canary_all7/run/namelist.input --output-dir proofs/v020/s4/fp64_d01d03_1h_thomas_20260621T164055Z/output --proof-dir proofs/v020/s4/fp64_d01d03_1h_thomas_20260621T164055Z/proofs --scratch-dir proofs/v020/s4/fp64_d01d03_1h_thomas_20260621T164055Z/scratch --max-dom 3 --hours 1"
1782060411,2026-06-21T17:46:51+01:00,3140666,3140664,Rl,3,119,11.8,11630256,34288872,"python -m gpuwrf run --input-dir <DATA_ROOT>/wrf_downscale/canary_all7/run --namelist <DATA_ROOT>/wrf_downscale/canary_all7/run/namelist.input --output-dir proofs/v020/s4/fp64_d01d03_1h_thomas_20260621T164055Z/output --proof-dir proofs/v020/s4/fp64_d01d03_1h_thomas_20260621T164055Z/proofs --scratch-dir proofs/v020/s4/fp64_d01d03_1h_thomas_20260621T164055Z/scratch --max-dom 3 --hours 1"
1782060413,2026-06-21T17:46:53+01:00,3140664,3140601,S,0,0.0,0.0,1736,2784,"/usr/bin/time -f wall_s=%e\nmaxrss_kib=%M -o proofs/v020/s4/fp64_d01d03_1h_thomas_20260621T164055Z/time.txt taskset -c 0-3 python -m gpuwrf run --input-dir <DATA_ROOT>/wrf_downscale/canary_all7/run --namelist <DATA_ROOT>/wrf_downscale/canary_all7/run/namelist.input --output-dir proofs/v020/s4/fp64_d01d03_1h_thomas_20260621T164055Z/output --proof-dir proofs/v020/s4/fp64_d01d03_1h_thomas_20260621T164055Z/proofs --scratch-dir proofs/v020/s4/fp64_d01d03_1h_thomas_20260621T164055Z/scratch --max-dom 3 --hours 1"
1782060413,2026-06-21T17:46:53+01:00,3140666,3140664,Rl,3,119,11.8,11630288,34288900,"python -m gpuwrf run --input-dir <DATA_ROOT>/wrf_downscale/canary_all7/run --namelist <DATA_ROOT>/wrf_downscale/canary_all7/run/namelist.input --output-dir proofs/v020/s4/fp64_d01d03_1h_thomas_20260621T164055Z/output --proof-dir proofs/v020/s4/fp64_d01d03_1h_thomas_20260621T164055Z/proofs --scratch-dir proofs/v020/s4/fp64_d01d03_1h_thomas_20260621T164055Z/scratch --max-dom 3 --hours 1"
1782060415,2026-06-21T17:46:55+01:00,3140664,3140601,S,0,0.0,0.0,1736,2784,"/usr/bin/time -f wall_s=%e\nmaxrss_kib=%M -o proofs/v020/s4/fp64_d01d03_1h_thomas_20260621T164055Z/time.txt taskset -c 0-3 python -m gpuwrf run --input-dir <DATA_ROOT>/wrf_downscale/canary_all7/run --namelist <DATA_ROOT>/wrf_downscale/canary_all7/run/namelist.input --output-dir proofs/v020/s4/fp64_d01d03_1h_thomas_20260621T164055Z/output --proof-dir proofs/v020/s4/fp64_d01d03_1h_thomas_20260621T164055Z/proofs --scratch-dir proofs/v020/s4/fp64_d01d03_1h_thomas_20260621T164055Z/scratch --max-dom 3 --hours 1"
1782060415,2026-06-21T17:46:55+01:00,3140666,3140664,Rl,3,119,11.8,11630292,34288900,"python -m gpuwrf run --input-dir <DATA_ROOT>/wrf_downscale/canary_all7/run --namelist <DATA_ROOT>/wrf_downscale/canary_all7/run/namelist.input --output-dir proofs/v020/s4/fp64_d01d03_1h_thomas_20260621T164055Z/output --proof-dir proofs/v020/s4/fp64_d01d03_1h_thomas_20260621T164055Z/proofs --scratch-dir proofs/v020/s4/fp64_d01d03_1h_thomas_20260621T164055Z/scratch --max-dom 3 --hours 1"
1782060417,2026-06-21T17:46:57+01:00,3140664,3140601,S,0,0.0,0.0,1736,2784,"/usr/bin/time -f wall_s=%e\nmaxrss_kib=%M -o proofs/v020/s4/fp64_d01d03_1h_thomas_20260621T164055Z/time.txt taskset -c 0-3 python -m gpuwrf run --input-dir <DATA_ROOT>/wrf_downscale/canary_all7/run --namelist <DATA_ROOT>/wrf_downscale/canary_all7/run/namelist.input --output-dir proofs/v020/s4/fp64_d01d03_1h_thomas_20260621T164055Z/output --proof-dir proofs/v020/s4/fp64_d01d03_1h_thomas_20260621T164055Z/proofs --scratch-dir proofs/v020/s4/fp64_d01d03_1h_thomas_20260621T164055Z/scratch --max-dom 3 --hours 1"
1782060417,2026-06-21T17:46:57+01:00,3140666,3140664,Rl,3,119,11.8,11630292,34288900,"python -m gpuwrf run --input-dir <DATA_ROOT>/wrf_downscale/canary_all7/run --namelist <DATA_ROOT>/wrf_downscale/canary_all7/run/namelist.input --output-dir proofs/v020/s4/fp64_d01d03_1h_thomas_20260621T164055Z/output --proof-dir proofs/v020/s4/fp64_d01d03_1h_thomas_20260621T164055Z/proofs --scratch-dir proofs/v020/s4/fp64_d01d03_1h_thomas_20260621T164055Z/scratch --max-dom 3 --hours 1"
1782060419,2026-06-21T17:46:59+01:00,3140664,3140601,S,0,0.0,0.0,1736,2784,"/usr/bin/time -f wall_s=%e\nmaxrss_kib=%M -o proofs/v020/s4/fp64_d01d03_1h_thomas_20260621T164055Z/time.txt taskset -c 0-3 python -m gpuwrf run --input-dir <DATA_ROOT>/wrf_downscale/canary_all7/run --namelist <DATA_ROOT>/wrf_downscale/canary_all7/run/namelist.input --output-dir proofs/v020/s4/fp64_d01d03_1h_thomas_20260621T164055Z/output --proof-dir proofs/v020/s4/fp64_d01d03_1h_thomas_20260621T164055Z/proofs --scratch-dir proofs/v020/s4/fp64_d01d03_1h_thomas_20260621T164055Z/scratch --max-dom 3 --hours 1"
1782060419,2026-06-21T17:46:59+01:00,3140666,3140664,Rl,3,119,11.9,11712068,34370724,"python -m gpuwrf run --input-dir <DATA_ROOT>/wrf_downscale/canary_all7/run --namelist <DATA_ROOT>/wrf_downscale/canary_all7/run/namelist.input --output-dir proofs/v020/s4/fp64_d01d03_1h_thomas_20260621T164055Z/output --proof-dir proofs/v020/s4/fp64_d01d03_1h_thomas_20260621T164055Z/proofs --scratch-dir proofs/v020/s4/fp64_d01d03_1h_thomas_20260621T164055Z/scratch --max-dom 3 --hours 1"
1782060421,2026-06-21T17:47:01+01:00,3140664,3140601,S,0,0.0,0.0,1736,2784,"/usr/bin/time -f wall_s=%e\nmaxrss_kib=%M -o proofs/v020/s4/fp64_d01d03_1h_thomas_20260621T164055Z/time.txt taskset -c 0-3 python -m gpuwrf run --input-dir <DATA_ROOT>/wrf_downscale/canary_all7/run --namelist <DATA_ROOT>/wrf_downscale/canary_all7/run/namelist.input --output-dir proofs/v020/s4/fp64_d01d03_1h_thomas_20260621T164055Z/output --proof-dir proofs/v020/s4/fp64_d01d03_1h_thomas_20260621T164055Z/proofs --scratch-dir proofs/v020/s4/fp64_d01d03_1h_thomas_20260621T164055Z/scratch --max-dom 3 --hours 1"
1782060421,2026-06-21T17:47:01+01:00,3140666,3140664,Rl,3,119,11.8,11662976,34321568,"python -m gpuwrf run --input-dir <DATA_ROOT>/wrf_downscale/canary_all7/run --namelist <DATA_ROOT>/wrf_downscale/canary_all7/run/namelist.input --output-dir proofs/v020/s4/fp64_d01d03_1h_thomas_20260621T164055Z/output --proof-dir proofs/v020/s4/fp64_d01d03_1h_thomas_20260621T164055Z/proofs --scratch-dir proofs/v020/s4/fp64_d01d03_1h_thomas_20260621T164055Z/scratch --max-dom 3 --hours 1"
1782060423,2026-06-21T17:47:03+01:00,3140664,3140601,S,0,0.0,0.0,1736,2784,"/usr/bin/time -f wall_s=%e\nmaxrss_kib=%M -o proofs/v020/s4/fp64_d01d03_1h_thomas_20260621T164055Z/time.txt taskset -c 0-3 python -m gpuwrf run --input-dir <DATA_ROOT>/wrf_downscale/canary_all7/run --namelist <DATA_ROOT>/wrf_downscale/canary_all7/run/namelist.input --output-dir proofs/v020/s4/fp64_d01d03_1h_thomas_20260621T164055Z/output --proof-dir proofs/v020/s4/fp64_d01d03_1h_thomas_20260621T164055Z/proofs --scratch-dir proofs/v020/s4/fp64_d01d03_1h_thomas_20260621T164055Z/scratch --max-dom 3 --hours 1"
1782060423,2026-06-21T17:47:03+01:00,3140666,3140664,Rl,3,119,11.8,11662976,34321568,"python -m gpuwrf run --input-dir <DATA_ROOT>/wrf_downscale/canary_all7/run --namelist <DATA_ROOT>/wrf_downscale/canary_all7/run/namelist.input --output-dir proofs/v020/s4/fp64_d01d03_1h_thomas_20260621T164055Z/output --proof-dir proofs/v020/s4/fp64_d01d03_1h_thomas_20260621T164055Z/proofs --scratch-dir proofs/v020/s4/fp64_d01d03_1h_thomas_20260621T164055Z/scratch --max-dom 3 --hours 1"
1782060425,2026-06-21T17:47:05+01:00,3140664,3140601,S,0,0.0,0.0,1736,2784,"/usr/bin/time -f wall_s=%e\nmaxrss_kib=%M -o proofs/v020/s4/fp64_d01d03_1h_thomas_20260621T164055Z/time.txt taskset -c 0-3 python -m gpuwrf run --input-dir <DATA_ROOT>/wrf_downscale/canary_all7/run --namelist <DATA_ROOT>/wrf_downscale/canary_all7/run/namelist.input --output-dir proofs/v020/s4/fp64_d01d03_1h_thomas_20260621T164055Z/output --proof-dir proofs/v020/s4/fp64_d01d03_1h_thomas_20260621T164055Z/proofs --scratch-dir proofs/v020/s4/fp64_d01d03_1h_thomas_20260621T164055Z/scratch --max-dom 3 --hours 1"
1782060425,2026-06-21T17:47:05+01:00,3140666,3140664,Rl,3,119,11.8,11662980,34321568,"python -m gpuwrf run --input-dir <DATA_ROOT>/wrf_downscale/canary_all7/run --namelist <DATA_ROOT>/wrf_downscale/canary_all7/run/namelist.input --output-dir proofs/v020/s4/fp64_d01d03_1h_thomas_20260621T164055Z/output --proof-dir proofs/v020/s4/fp64_d01d03_1h_thomas_20260621T164055Z/proofs --scratch-dir proofs/v020/s4/fp64_d01d03_1h_thomas_20260621T164055Z/scratch --max-dom 3 --hours 1"
1782060427,2026-06-21T17:47:07+01:00,3140664,3140601,S,0,0.0,0.0,1736,2784,"/usr/bin/time -f wall_s=%e\nmaxrss_kib=%M -o proofs/v020/s4/fp64_d01d03_1h_thomas_20260621T164055Z/time.txt taskset -c 0-3 python -m gpuwrf run --input-dir <DATA_ROOT>/wrf_downscale/canary_all7/run --namelist <DATA_ROOT>/wrf_downscale/canary_all7/run/namelist.input --output-dir proofs/v020/s4/fp64_d01d03_1h_thomas_20260621T164055Z/output --proof-dir proofs/v020/s4/fp64_d01d03_1h_thomas_20260621T164055Z/proofs --scratch-dir proofs/v020/s4/fp64_d01d03_1h_thomas_20260621T164055Z/scratch --max-dom 3 --hours 1"
1782060427,2026-06-21T17:47:07+01:00,3140666,3140664,Rl,3,118,11.8,11662980,34321568,"python -m gpuwrf run --input-dir <DATA_ROOT>/wrf_downscale/canary_all7/run --namelist <DATA_ROOT>/wrf_downscale/canary_all7/run/namelist.input --output-dir proofs/v020/s4/fp64_d01d03_1h_thomas_20260621T164055Z/output --proof-dir proofs/v020/s4/fp64_d01d03_1h_thomas_20260621T164055Z/proofs --scratch-dir proofs/v020/s4/fp64_d01d03_1h_thomas_20260621T164055Z/scratch --max-dom 3 --hours 1"
1782060430,2026-06-21T17:47:10+01:00,3140664,3140601,S,0,0.0,0.0,1736,2784,"/usr/bin/time -f wall_s=%e\nmaxrss_kib=%M -o proofs/v020/s4/fp64_d01d03_1h_thomas_20260621T164055Z/time.txt taskset -c 0-3 python -m gpuwrf run --input-dir <DATA_ROOT>/wrf_downscale/canary_all7/run --namelist <DATA_ROOT>/wrf_downscale/canary_all7/run/namelist.input --output-dir proofs/v020/s4/fp64_d01d03_1h_thomas_20260621T164055Z/output --proof-dir proofs/v020/s4/fp64_d01d03_1h_thomas_20260621T164055Z/proofs --scratch-dir proofs/v020/s4/fp64_d01d03_1h_thomas_20260621T164055Z/scratch --max-dom 3 --hours 1"
1782060430,2026-06-21T17:47:10+01:00,3140666,3140664,Rl,3,118,11.8,11662980,34321568,"python -m gpuwrf run --input-dir <DATA_ROOT>/wrf_downscale/canary_all7/run --namelist <DATA_ROOT>/wrf_downscale/canary_all7/run/namelist.input --output-dir proofs/v020/s4/fp64_d01d03_1h_thomas_20260621T164055Z/output --proof-dir proofs/v020/s4/fp64_d01d03_1h_thomas_20260621T164055Z/proofs --scratch-dir proofs/v020/s4/fp64_d01d03_1h_thomas_20260621T164055Z/scratch --max-dom 3 --hours 1"
1782060432,2026-06-21T17:47:12+01:00,3140664,3140601,S,0,0.0,0.0,1736,2784,"/usr/bin/time -f wall_s=%e\nmaxrss_kib=%M -o proofs/v020/s4/fp64_d01d03_1h_thomas_20260621T164055Z/time.txt taskset -c 0-3 python -m gpuwrf run --input-dir <DATA_ROOT>/wrf_downscale/canary_all7/run --namelist <DATA_ROOT>/wrf_downscale/canary_all7/run/namelist.input --output-dir proofs/v020/s4/fp64_d01d03_1h_thomas_20260621T164055Z/output --proof-dir proofs/v020/s4/fp64_d01d03_1h_thomas_20260621T164055Z/proofs --scratch-dir proofs/v020/s4/fp64_d01d03_1h_thomas_20260621T164055Z/scratch --max-dom 3 --hours 1"
1782060432,2026-06-21T17:47:12+01:00,3140666,3140664,Rl,3,118,11.8,11663000,34321568,"python -m gpuwrf run --input-dir <DATA_ROOT>/wrf_downscale/canary_all7/run --namelist <DATA_ROOT>/wrf_downscale/canary_all7/run/namelist.input --output-dir proofs/v020/s4/fp64_d01d03_1h_thomas_20260621T164055Z/output --proof-dir proofs/v020/s4/fp64_d01d03_1h_thomas_20260621T164055Z/proofs --scratch-dir proofs/v020/s4/fp64_d01d03_1h_thomas_20260621T164055Z/scratch --max-dom 3 --hours 1"
1782060434,2026-06-21T17:47:14+01:00,3140664,3140601,S,0,0.0,0.0,1736,2784,"/usr/bin/time -f wall_s=%e\nmaxrss_kib=%M -o proofs/v020/s4/fp64_d01d03_1h_thomas_20260621T164055Z/time.txt taskset -c 0-3 python -m gpuwrf run --input-dir <DATA_ROOT>/wrf_downscale/canary_all7/run --namelist <DATA_ROOT>/wrf_downscale/canary_all7/run/namelist.input --output-dir proofs/v020/s4/fp64_d01d03_1h_thomas_20260621T164055Z/output --proof-dir proofs/v020/s4/fp64_d01d03_1h_thomas_20260621T164055Z/proofs --scratch-dir proofs/v020/s4/fp64_d01d03_1h_thomas_20260621T164055Z/scratch --max-dom 3 --hours 1"
1782060434,2026-06-21T17:47:14+01:00,3140666,3140664,Rl,3,118,11.8,11663056,34321568,"python -m gpuwrf run --input-dir <DATA_ROOT>/wrf_downscale/canary_all7/run --namelist <DATA_ROOT>/wrf_downscale/canary_all7/run/namelist.input --output-dir proofs/v020/s4/fp64_d01d03_1h_thomas_20260621T164055Z/output --proof-dir proofs/v020/s4/fp64_d01d03_1h_thomas_20260621T164055Z/proofs --scratch-dir proofs/v020/s4/fp64_d01d03_1h_thomas_20260621T164055Z/scratch --max-dom 3 --hours 1"
1782060436,2026-06-21T17:47:16+01:00,3140664,3140601,S,0,0.0,0.0,1736,2784,"/usr/bin/time -f wall_s=%e\nmaxrss_kib=%M -o proofs/v020/s4/fp64_d01d03_1h_thomas_20260621T164055Z/time.txt taskset -c 0-3 python -m gpuwrf run --input-dir <DATA_ROOT>/wrf_downscale/canary_all7/run --namelist <DATA_ROOT>/wrf_downscale/canary_all7/run/namelist.input --output-dir proofs/v020/s4/fp64_d01d03_1h_thomas_20260621T164055Z/output --proof-dir proofs/v020/s4/fp64_d01d03_1h_thomas_20260621T164055Z/proofs --scratch-dir proofs/v020/s4/fp64_d01d03_1h_thomas_20260621T164055Z/scratch --max-dom 3 --hours 1"
1782060436,2026-06-21T17:47:16+01:00,3140666,3140664,Rl,3,118,11.8,11663056,34321568,"python -m gpuwrf run --input-dir <DATA_ROOT>/wrf_downscale/canary_all7/run --namelist <DATA_ROOT>/wrf_downscale/canary_all7/run/namelist.input --output-dir proofs/v020/s4/fp64_d01d03_1h_thomas_20260621T164055Z/output --proof-dir proofs/v020/s4/fp64_d01d03_1h_thomas_20260621T164055Z/proofs --scratch-dir proofs/v020/s4/fp64_d01d03_1h_thomas_20260621T164055Z/scratch --max-dom 3 --hours 1"
1782060438,2026-06-21T17:47:18+01:00,3140664,3140601,S,0,0.0,0.0,1736,2784,"/usr/bin/time -f wall_s=%e\nmaxrss_kib=%M -o proofs/v020/s4/fp64_d01d03_1h_thomas_20260621T164055Z/time.txt taskset -c 0-3 python -m gpuwrf run --input-dir <DATA_ROOT>/wrf_downscale/canary_all7/run --namelist <DATA_ROOT>/wrf_downscale/canary_all7/run/namelist.input --output-dir proofs/v020/s4/fp64_d01d03_1h_thomas_20260621T164055Z/output --proof-dir proofs/v020/s4/fp64_d01d03_1h_thomas_20260621T164055Z/proofs --scratch-dir proofs/v020/s4/fp64_d01d03_1h_thomas_20260621T164055Z/scratch --max-dom 3 --hours 1"
1782060438,2026-06-21T17:47:18+01:00,3140666,3140664,Rl,3,118,11.8,11663056,34321568,"python -m gpuwrf run --input-dir <DATA_ROOT>/wrf_downscale/canary_all7/run --namelist <DATA_ROOT>/wrf_downscale/canary_all7/run/namelist.input --output-dir proofs/v020/s4/fp64_d01d03_1h_thomas_20260621T164055Z/output --proof-dir proofs/v020/s4/fp64_d01d03_1h_thomas_20260621T164055Z/proofs --scratch-dir proofs/v020/s4/fp64_d01d03_1h_thomas_20260621T164055Z/scratch --max-dom 3 --hours 1"
1782060440,2026-06-21T17:47:20+01:00,3140664,3140601,S,0,0.0,0.0,1736,2784,"/usr/bin/time -f wall_s=%e\nmaxrss_kib=%M -o proofs/v020/s4/fp64_d01d03_1h_thomas_20260621T164055Z/time.txt taskset -c 0-3 python -m gpuwrf run --input-dir <DATA_ROOT>/wrf_downscale/canary_all7/run --namelist <DATA_ROOT>/wrf_downscale/canary_all7/run/namelist.input --output-dir proofs/v020/s4/fp64_d01d03_1h_thomas_20260621T164055Z/output --proof-dir proofs/v020/s4/fp64_d01d03_1h_thomas_20260621T164055Z/proofs --scratch-dir proofs/v020/s4/fp64_d01d03_1h_thomas_20260621T164055Z/scratch --max-dom 3 --hours 1"
1782060440,2026-06-21T17:47:20+01:00,3140666,3140664,Rl,3,118,11.8,11663080,34321568,"python -m gpuwrf run --input-dir <DATA_ROOT>/wrf_downscale/canary_all7/run --namelist <DATA_ROOT>/wrf_downscale/canary_all7/run/namelist.input --output-dir proofs/v020/s4/fp64_d01d03_1h_thomas_20260621T164055Z/output --proof-dir proofs/v020/s4/fp64_d01d03_1h_thomas_20260621T164055Z/proofs --scratch-dir proofs/v020/s4/fp64_d01d03_1h_thomas_20260621T164055Z/scratch --max-dom 3 --hours 1"
1782060442,2026-06-21T17:47:22+01:00,3140664,3140601,S,0,0.0,0.0,1736,2784,"/usr/bin/time -f wall_s=%e\nmaxrss_kib=%M -o proofs/v020/s4/fp64_d01d03_1h_thomas_20260621T164055Z/time.txt taskset -c 0-3 python -m gpuwrf run --input-dir <DATA_ROOT>/wrf_downscale/canary_all7/run --namelist <DATA_ROOT>/wrf_downscale/canary_all7/run/namelist.input --output-dir proofs/v020/s4/fp64_d01d03_1h_thomas_20260621T164055Z/output --proof-dir proofs/v020/s4/fp64_d01d03_1h_thomas_20260621T164055Z/proofs --scratch-dir proofs/v020/s4/fp64_d01d03_1h_thomas_20260621T164055Z/scratch --max-dom 3 --hours 1"
1782060442,2026-06-21T17:47:22+01:00,3140666,3140664,Rl,3,118,11.8,11663096,34321568,"python -m gpuwrf run --input-dir <DATA_ROOT>/wrf_downscale/canary_all7/run --namelist <DATA_ROOT>/wrf_downscale/canary_all7/run/namelist.input --output-dir proofs/v020/s4/fp64_d01d03_1h_thomas_20260621T164055Z/output --proof-dir proofs/v020/s4/fp64_d01d03_1h_thomas_20260621T164055Z/proofs --scratch-dir proofs/v020/s4/fp64_d01d03_1h_thomas_20260621T164055Z/scratch --max-dom 3 --hours 1"
1782060444,2026-06-21T17:47:24+01:00,3140664,3140601,S,0,0.0,0.0,1736,2784,"/usr/bin/time -f wall_s=%e\nmaxrss_kib=%M -o proofs/v020/s4/fp64_d01d03_1h_thomas_20260621T164055Z/time.txt taskset -c 0-3 python -m gpuwrf run --input-dir <DATA_ROOT>/wrf_downscale/canary_all7/run --namelist <DATA_ROOT>/wrf_downscale/canary_all7/run/namelist.input --output-dir proofs/v020/s4/fp64_d01d03_1h_thomas_20260621T164055Z/output --proof-dir proofs/v020/s4/fp64_d01d03_1h_thomas_20260621T164055Z/proofs --scratch-dir proofs/v020/s4/fp64_d01d03_1h_thomas_20260621T164055Z/scratch --max-dom 3 --hours 1"
1782060444,2026-06-21T17:47:24+01:00,3140666,3140664,Rl,3,118,11.8,11663096,34321568,"python -m gpuwrf run --input-dir <DATA_ROOT>/wrf_downscale/canary_all7/run --namelist <DATA_ROOT>/wrf_downscale/canary_all7/run/namelist.input --output-dir proofs/v020/s4/fp64_d01d03_1h_thomas_20260621T164055Z/output --proof-dir proofs/v020/s4/fp64_d01d03_1h_thomas_20260621T164055Z/proofs --scratch-dir proofs/v020/s4/fp64_d01d03_1h_thomas_20260621T164055Z/scratch --max-dom 3 --hours 1"
1782060446,2026-06-21T17:47:26+01:00,3140664,3140601,S,0,0.0,0.0,1736,2784,"/usr/bin/time -f wall_s=%e\nmaxrss_kib=%M -o proofs/v020/s4/fp64_d01d03_1h_thomas_20260621T164055Z/time.txt taskset -c 0-3 python -m gpuwrf run --input-dir <DATA_ROOT>/wrf_downscale/canary_all7/run --namelist <DATA_ROOT>/wrf_downscale/canary_all7/run/namelist.input --output-dir proofs/v020/s4/fp64_d01d03_1h_thomas_20260621T164055Z/output --proof-dir proofs/v020/s4/fp64_d01d03_1h_thomas_20260621T164055Z/proofs --scratch-dir proofs/v020/s4/fp64_d01d03_1h_thomas_20260621T164055Z/scratch --max-dom 3 --hours 1"
1782060446,2026-06-21T17:47:26+01:00,3140666,3140664,Rl,3,118,11.8,11663096,34321568,"python -m gpuwrf run --input-dir <DATA_ROOT>/wrf_downscale/canary_all7/run --namelist <DATA_ROOT>/wrf_downscale/canary_all7/run/namelist.input --output-dir proofs/v020/s4/fp64_d01d03_1h_thomas_20260621T164055Z/output --proof-dir proofs/v020/s4/fp64_d01d03_1h_thomas_20260621T164055Z/proofs --scratch-dir proofs/v020/s4/fp64_d01d03_1h_thomas_20260621T164055Z/scratch --max-dom 3 --hours 1"
1782060449,2026-06-21T17:47:29+01:00,3140664,3140601,S,0,0.0,0.0,1736,2784,"/usr/bin/time -f wall_s=%e\nmaxrss_kib=%M -o proofs/v020/s4/fp64_d01d03_1h_thomas_20260621T164055Z/time.txt taskset -c 0-3 python -m gpuwrf run --input-dir <DATA_ROOT>/wrf_downscale/canary_all7/run --namelist <DATA_ROOT>/wrf_downscale/canary_all7/run/namelist.input --output-dir proofs/v020/s4/fp64_d01d03_1h_thomas_20260621T164055Z/output --proof-dir proofs/v020/s4/fp64_d01d03_1h_thomas_20260621T164055Z/proofs --scratch-dir proofs/v020/s4/fp64_d01d03_1h_thomas_20260621T164055Z/scratch --max-dom 3 --hours 1"
1782060449,2026-06-21T17:47:29+01:00,3140666,3140664,Rl,3,117,11.8,11687256,34365464,"python -m gpuwrf run --input-dir <DATA_ROOT>/wrf_downscale/canary_all7/run --namelist <DATA_ROOT>/wrf_downscale/canary_all7/run/namelist.input --output-dir proofs/v020/s4/fp64_d01d03_1h_thomas_20260621T164055Z/output --proof-dir proofs/v020/s4/fp64_d01d03_1h_thomas_20260621T164055Z/proofs --scratch-dir proofs/v020/s4/fp64_d01d03_1h_thomas_20260621T164055Z/scratch --max-dom 3 --hours 1"
1782060451,2026-06-21T17:47:31+01:00,3140664,3140601,S,0,0.0,0.0,1736,2784,"/usr/bin/time -f wall_s=%e\nmaxrss_kib=%M -o proofs/v020/s4/fp64_d01d03_1h_thomas_20260621T164055Z/time.txt taskset -c 0-3 python -m gpuwrf run --input-dir <DATA_ROOT>/wrf_downscale/canary_all7/run --namelist <DATA_ROOT>/wrf_downscale/canary_all7/run/namelist.input --output-dir proofs/v020/s4/fp64_d01d03_1h_thomas_20260621T164055Z/output --proof-dir proofs/v020/s4/fp64_d01d03_1h_thomas_20260621T164055Z/proofs --scratch-dir proofs/v020/s4/fp64_d01d03_1h_thomas_20260621T164055Z/scratch --max-dom 3 --hours 1"
1782060451,2026-06-21T17:47:31+01:00,3140666,3140664,Sl,3,117,11.8,11663100,34321568,"python -m gpuwrf run --input-dir <DATA_ROOT>/wrf_downscale/canary_all7/run --namelist <DATA_ROOT>/wrf_downscale/canary_all7/run/namelist.input --output-dir proofs/v020/s4/fp64_d01d03_1h_thomas_20260621T164055Z/output --proof-dir proofs/v020/s4/fp64_d01d03_1h_thomas_20260621T164055Z/proofs --scratch-dir proofs/v020/s4/fp64_d01d03_1h_thomas_20260621T164055Z/scratch --max-dom 3 --hours 1"
1782060451,2026-06-21T17:47:31+01:00,3154452,3140666,R,0,101,0.6,641364,694860,"<USER_HOME>/miniconda3/lib/python3.13/site-packages/nvidia/cu13/bin/ptxas /tmp/tempfile-user-battlestation-f1546bc0ef990486-3140666-654c64811fdcd -o /tmp/tempfile-user-battlestation-f1546bc0ef990486-3140666-654c6481214e0 -arch sm_120a --warn-on-spills"
1782060453,2026-06-21T17:47:33+01:00,3140664,3140601,S,0,0.0,0.0,1736,2784,"/usr/bin/time -f wall_s=%e\nmaxrss_kib=%M -o proofs/v020/s4/fp64_d01d03_1h_thomas_20260621T164055Z/time.txt taskset -c 0-3 python -m gpuwrf run --input-dir <DATA_ROOT>/wrf_downscale/canary_all7/run --namelist <DATA_ROOT>/wrf_downscale/canary_all7/run/namelist.input --output-dir proofs/v020/s4/fp64_d01d03_1h_thomas_20260621T164055Z/output --proof-dir proofs/v020/s4/fp64_d01d03_1h_thomas_20260621T164055Z/proofs --scratch-dir proofs/v020/s4/fp64_d01d03_1h_thomas_20260621T164055Z/scratch --max-dom 3 --hours 1"
1782060453,2026-06-21T17:47:33+01:00,3140666,3140664,Sl,2,116,11.8,11663100,34321568,"python -m gpuwrf run --input-dir <DATA_ROOT>/wrf_downscale/canary_all7/run --namelist <DATA_ROOT>/wrf_downscale/canary_all7/run/namelist.input --output-dir proofs/v020/s4/fp64_d01d03_1h_thomas_20260621T164055Z/output --proof-dir proofs/v020/s4/fp64_d01d03_1h_thomas_20260621T164055Z/proofs --scratch-dir proofs/v020/s4/fp64_d01d03_1h_thomas_20260621T164055Z/scratch --max-dom 3 --hours 1"
1782060453,2026-06-21T17:47:33+01:00,3154452,3140666,R,0,100,0.7,692948,724976,"<USER_HOME>/miniconda3/lib/python3.13/site-packages/nvidia/cu13/bin/ptxas /tmp/tempfile-user-battlestation-f1546bc0ef990486-3140666-654c64811fdcd -o /tmp/tempfile-user-battlestation-f1546bc0ef990486-3140666-654c6481214e0 -arch sm_120a --warn-on-spills"
1782060455,2026-06-21T17:47:35+01:00,3140664,3140601,S,0,0.0,0.0,1736,2784,"/usr/bin/time -f wall_s=%e\nmaxrss_kib=%M -o proofs/v020/s4/fp64_d01d03_1h_thomas_20260621T164055Z/time.txt taskset -c 0-3 python -m gpuwrf run --input-dir <DATA_ROOT>/wrf_downscale/canary_all7/run --namelist <DATA_ROOT>/wrf_downscale/canary_all7/run/namelist.input --output-dir proofs/v020/s4/fp64_d01d03_1h_thomas_20260621T164055Z/output --proof-dir proofs/v020/s4/fp64_d01d03_1h_thomas_20260621T164055Z/proofs --scratch-dir proofs/v020/s4/fp64_d01d03_1h_thomas_20260621T164055Z/scratch --max-dom 3 --hours 1"
1782060455,2026-06-21T17:47:35+01:00,3140666,3140664,Sl,2,116,11.8,11663100,34321568,"python -m gpuwrf run --input-dir <DATA_ROOT>/wrf_downscale/canary_all7/run --namelist <DATA_ROOT>/wrf_downscale/canary_all7/run/namelist.input --output-dir proofs/v020/s4/fp64_d01d03_1h_thomas_20260621T164055Z/output --proof-dir proofs/v020/s4/fp64_d01d03_1h_thomas_20260621T164055Z/proofs --scratch-dir proofs/v020/s4/fp64_d01d03_1h_thomas_20260621T164055Z/scratch --max-dom 3 --hours 1"
1782060455,2026-06-21T17:47:35+01:00,3154452,3140666,R,0,99.8,0.7,720196,752404,"<USER_HOME>/miniconda3/lib/python3.13/site-packages/nvidia/cu13/bin/ptxas /tmp/tempfile-user-battlestation-f1546bc0ef990486-3140666-654c64811fdcd -o /tmp/tempfile-user-battlestation-f1546bc0ef990486-3140666-654c6481214e0 -arch sm_120a --warn-on-spills"
1782060457,2026-06-21T17:47:37+01:00,3140664,3140601,S,0,0.0,0.0,1736,2784,"/usr/bin/time -f wall_s=%e\nmaxrss_kib=%M -o proofs/v020/s4/fp64_d01d03_1h_thomas_20260621T164055Z/time.txt taskset -c 0-3 python -m gpuwrf run --input-dir <DATA_ROOT>/wrf_downscale/canary_all7/run --namelist <DATA_ROOT>/wrf_downscale/canary_all7/run/namelist.input --output-dir proofs/v020/s4/fp64_d01d03_1h_thomas_20260621T164055Z/output --proof-dir proofs/v020/s4/fp64_d01d03_1h_thomas_20260621T164055Z/proofs --scratch-dir proofs/v020/s4/fp64_d01d03_1h_thomas_20260621T164055Z/scratch --max-dom 3 --hours 1"
1782060457,2026-06-21T17:47:37+01:00,3140666,3140664,Sl,2,115,11.8,11663100,34321568,"python -m gpuwrf run --input-dir <DATA_ROOT>/wrf_downscale/canary_all7/run --namelist <DATA_ROOT>/wrf_downscale/canary_all7/run/namelist.input --output-dir proofs/v020/s4/fp64_d01d03_1h_thomas_20260621T164055Z/output --proof-dir proofs/v020/s4/fp64_d01d03_1h_thomas_20260621T164055Z/proofs --scratch-dir proofs/v020/s4/fp64_d01d03_1h_thomas_20260621T164055Z/scratch --max-dom 3 --hours 1"
1782060457,2026-06-21T17:47:37+01:00,3154452,3140666,R,0,100,0.7,753016,785304,"<USER_HOME>/miniconda3/lib/python3.13/site-packages/nvidia/cu13/bin/ptxas /tmp/tempfile-user-battlestation-f1546bc0ef990486-3140666-654c64811fdcd -o /tmp/tempfile-user-battlestation-f1546bc0ef990486-3140666-654c6481214e0 -arch sm_120a --warn-on-spills"
1782060459,2026-06-21T17:47:39+01:00,3140664,3140601,S,0,0.0,0.0,1736,2784,"/usr/bin/time -f wall_s=%e\nmaxrss_kib=%M -o proofs/v020/s4/fp64_d01d03_1h_thomas_20260621T164055Z/time.txt taskset -c 0-3 python -m gpuwrf run --input-dir <DATA_ROOT>/wrf_downscale/canary_all7/run --namelist <DATA_ROOT>/wrf_downscale/canary_all7/run/namelist.input --output-dir proofs/v020/s4/fp64_d01d03_1h_thomas_20260621T164055Z/output --proof-dir proofs/v020/s4/fp64_d01d03_1h_thomas_20260621T164055Z/proofs --scratch-dir proofs/v020/s4/fp64_d01d03_1h_thomas_20260621T164055Z/scratch --max-dom 3 --hours 1"
1782060459,2026-06-21T17:47:39+01:00,3140666,3140664,Sl,1,114,11.8,11663100,34321568,"python -m gpuwrf run --input-dir <DATA_ROOT>/wrf_downscale/canary_all7/run --namelist <DATA_ROOT>/wrf_downscale/canary_all7/run/namelist.input --output-dir proofs/v020/s4/fp64_d01d03_1h_thomas_20260621T164055Z/output --proof-dir proofs/v020/s4/fp64_d01d03_1h_thomas_20260621T164055Z/proofs --scratch-dir proofs/v020/s4/fp64_d01d03_1h_thomas_20260621T164055Z/scratch --max-dom 3 --hours 1"
1782060459,2026-06-21T17:47:39+01:00,3154452,3140666,R,0,100,0.7,758504,790840,"<USER_HOME>/miniconda3/lib/python3.13/site-packages/nvidia/cu13/bin/ptxas /tmp/tempfile-user-battlestation-f1546bc0ef990486-3140666-654c64811fdcd -o /tmp/tempfile-user-battlestation-f1546bc0ef990486-3140666-654c6481214e0 -arch sm_120a --warn-on-spills"
1782060461,2026-06-21T17:47:41+01:00,3140664,3140601,S,0,0.0,0.0,1736,2784,"/usr/bin/time -f wall_s=%e\nmaxrss_kib=%M -o proofs/v020/s4/fp64_d01d03_1h_thomas_20260621T164055Z/time.txt taskset -c 0-3 python -m gpuwrf run --input-dir <DATA_ROOT>/wrf_downscale/canary_all7/run --namelist <DATA_ROOT>/wrf_downscale/canary_all7/run/namelist.input --output-dir proofs/v020/s4/fp64_d01d03_1h_thomas_20260621T164055Z/output --proof-dir proofs/v020/s4/fp64_d01d03_1h_thomas_20260621T164055Z/proofs --scratch-dir proofs/v020/s4/fp64_d01d03_1h_thomas_20260621T164055Z/scratch --max-dom 3 --hours 1"
1782060461,2026-06-21T17:47:41+01:00,3140666,3140664,Sl,1,114,11.8,11663100,34321568,"python -m gpuwrf run --input-dir <DATA_ROOT>/wrf_downscale/canary_all7/run --namelist <DATA_ROOT>/wrf_downscale/canary_all7/run/namelist.input --output-dir proofs/v020/s4/fp64_d01d03_1h_thomas_20260621T164055Z/output --proof-dir proofs/v020/s4/fp64_d01d03_1h_thomas_20260621T164055Z/proofs --scratch-dir proofs/v020/s4/fp64_d01d03_1h_thomas_20260621T164055Z/scratch --max-dom 3 --hours 1"
1782060461,2026-06-21T17:47:41+01:00,3154452,3140666,R,0,99.9,0.7,785092,817600,"<USER_HOME>/miniconda3/lib/python3.13/site-packages/nvidia/cu13/bin/ptxas /tmp/tempfile-user-battlestation-f1546bc0ef990486-3140666-654c64811fdcd -o /tmp/tempfile-user-battlestation-f1546bc0ef990486-3140666-654c6481214e0 -arch sm_120a --warn-on-spills"
1782060464,2026-06-21T17:47:44+01:00,3140664,3140601,S,0,0.0,0.0,1736,2784,"/usr/bin/time -f wall_s=%e\nmaxrss_kib=%M -o proofs/v020/s4/fp64_d01d03_1h_thomas_20260621T164055Z/time.txt taskset -c 0-3 python -m gpuwrf run --input-dir <DATA_ROOT>/wrf_downscale/canary_all7/run --namelist <DATA_ROOT>/wrf_downscale/canary_all7/run/namelist.input --output-dir proofs/v020/s4/fp64_d01d03_1h_thomas_20260621T164055Z/output --proof-dir proofs/v020/s4/fp64_d01d03_1h_thomas_20260621T164055Z/proofs --scratch-dir proofs/v020/s4/fp64_d01d03_1h_thomas_20260621T164055Z/scratch --max-dom 3 --hours 1"
1782060464,2026-06-21T17:47:44+01:00,3140666,3140664,Sl,1,113,11.8,11663100,34321568,"python -m gpuwrf run --input-dir <DATA_ROOT>/wrf_downscale/canary_all7/run --namelist <DATA_ROOT>/wrf_downscale/canary_all7/run/namelist.input --output-dir proofs/v020/s4/fp64_d01d03_1h_thomas_20260621T164055Z/output --proof-dir proofs/v020/s4/fp64_d01d03_1h_thomas_20260621T164055Z/proofs --scratch-dir proofs/v020/s4/fp64_d01d03_1h_thomas_20260621T164055Z/scratch --max-dom 3 --hours 1"
1782060464,2026-06-21T17:47:44+01:00,3154452,3140666,R,0,99.7,0.9,949116,981132,"<USER_HOME>/miniconda3/lib/python3.13/site-packages/nvidia/cu13/bin/ptxas /tmp/tempfile-user-battlestation-f1546bc0ef990486-3140666-654c64811fdcd -o /tmp/tempfile-user-battlestation-f1546bc0ef990486-3140666-654c6481214e0 -arch sm_120a --warn-on-spills"
1782060466,2026-06-21T17:47:46+01:00,3140664,3140601,S,0,0.0,0.0,1736,2784,"/usr/bin/time -f wall_s=%e\nmaxrss_kib=%M -o proofs/v020/s4/fp64_d01d03_1h_thomas_20260621T164055Z/time.txt taskset -c 0-3 python -m gpuwrf run --input-dir <DATA_ROOT>/wrf_downscale/canary_all7/run --namelist <DATA_ROOT>/wrf_downscale/canary_all7/run/namelist.input --output-dir proofs/v020/s4/fp64_d01d03_1h_thomas_20260621T164055Z/output --proof-dir proofs/v020/s4/fp64_d01d03_1h_thomas_20260621T164055Z/proofs --scratch-dir proofs/v020/s4/fp64_d01d03_1h_thomas_20260621T164055Z/scratch --max-dom 3 --hours 1"
1782060466,2026-06-21T17:47:46+01:00,3140666,3140664,Sl,1,113,11.8,11663112,34321568,"python -m gpuwrf run --input-dir <DATA_ROOT>/wrf_downscale/canary_all7/run --namelist <DATA_ROOT>/wrf_downscale/canary_all7/run/namelist.input --output-dir proofs/v020/s4/fp64_d01d03_1h_thomas_20260621T164055Z/output --proof-dir proofs/v020/s4/fp64_d01d03_1h_thomas_20260621T164055Z/proofs --scratch-dir proofs/v020/s4/fp64_d01d03_1h_thomas_20260621T164055Z/scratch --max-dom 3 --hours 1"
1782060466,2026-06-21T17:47:46+01:00,3154452,3140666,R,1,99.6,0.9,950448,985236,"<USER_HOME>/miniconda3/lib/python3.13/site-packages/nvidia/cu13/bin/ptxas /tmp/tempfile-user-battlestation-f1546bc0ef990486-3140666-654c64811fdcd -o /tmp/tempfile-user-battlestation-f1546bc0ef990486-3140666-654c6481214e0 -arch sm_120a --warn-on-spills"
1782060468,2026-06-21T17:47:48+01:00,3140664,3140601,S,0,0.0,0.0,1736,2784,"/usr/bin/time -f wall_s=%e\nmaxrss_kib=%M -o proofs/v020/s4/fp64_d01d03_1h_thomas_20260621T164055Z/time.txt taskset -c 0-3 python -m gpuwrf run --input-dir <DATA_ROOT>/wrf_downscale/canary_all7/run --namelist <DATA_ROOT>/wrf_downscale/canary_all7/run/namelist.input --output-dir proofs/v020/s4/fp64_d01d03_1h_thomas_20260621T164055Z/output --proof-dir proofs/v020/s4/fp64_d01d03_1h_thomas_20260621T164055Z/proofs --scratch-dir proofs/v020/s4/fp64_d01d03_1h_thomas_20260621T164055Z/scratch --max-dom 3 --hours 1"
1782060468,2026-06-21T17:47:48+01:00,3140666,3140664,Sl,1,112,11.8,11663112,34321568,"python -m gpuwrf run --input-dir <DATA_ROOT>/wrf_downscale/canary_all7/run --namelist <DATA_ROOT>/wrf_downscale/canary_all7/run/namelist.input --output-dir proofs/v020/s4/fp64_d01d03_1h_thomas_20260621T164055Z/output --proof-dir proofs/v020/s4/fp64_d01d03_1h_thomas_20260621T164055Z/proofs --scratch-dir proofs/v020/s4/fp64_d01d03_1h_thomas_20260621T164055Z/scratch --max-dom 3 --hours 1"
1782060468,2026-06-21T17:47:48+01:00,3154452,3140666,R,1,99.7,0.8,843092,874448,"<USER_HOME>/miniconda3/lib/python3.13/site-packages/nvidia/cu13/bin/ptxas /tmp/tempfile-user-battlestation-f1546bc0ef990486-3140666-654c64811fdcd -o /tmp/tempfile-user-battlestation-f1546bc0ef990486-3140666-654c6481214e0 -arch sm_120a --warn-on-spills"
1782060470,2026-06-21T17:47:50+01:00,3140664,3140601,S,0,0.0,0.0,1736,2784,"/usr/bin/time -f wall_s=%e\nmaxrss_kib=%M -o proofs/v020/s4/fp64_d01d03_1h_thomas_20260621T164055Z/time.txt taskset -c 0-3 python -m gpuwrf run --input-dir <DATA_ROOT>/wrf_downscale/canary_all7/run --namelist <DATA_ROOT>/wrf_downscale/canary_all7/run/namelist.input --output-dir proofs/v020/s4/fp64_d01d03_1h_thomas_20260621T164055Z/output --proof-dir proofs/v020/s4/fp64_d01d03_1h_thomas_20260621T164055Z/proofs --scratch-dir proofs/v020/s4/fp64_d01d03_1h_thomas_20260621T164055Z/scratch --max-dom 3 --hours 1"
1782060470,2026-06-21T17:47:50+01:00,3140666,3140664,Sl,1,111,11.8,11663112,34321568,"python -m gpuwrf run --input-dir <DATA_ROOT>/wrf_downscale/canary_all7/run --namelist <DATA_ROOT>/wrf_downscale/canary_all7/run/namelist.input --output-dir proofs/v020/s4/fp64_d01d03_1h_thomas_20260621T164055Z/output --proof-dir proofs/v020/s4/fp64_d01d03_1h_thomas_20260621T164055Z/proofs --scratch-dir proofs/v020/s4/fp64_d01d03_1h_thomas_20260621T164055Z/scratch --max-dom 3 --hours 1"
1782060470,2026-06-21T17:47:50+01:00,3154452,3140666,R,1,99.8,0.8,843100,874448,"<USER_HOME>/miniconda3/lib/python3.13/site-packages/nvidia/cu13/bin/ptxas /tmp/tempfile-user-battlestation-f1546bc0ef990486-3140666-654c64811fdcd -o /tmp/tempfile-user-battlestation-f1546bc0ef990486-3140666-654c6481214e0 -arch sm_120a --warn-on-spills"
1782060472,2026-06-21T17:47:52+01:00,3140664,3140601,S,0,0.0,0.0,1736,2784,"/usr/bin/time -f wall_s=%e\nmaxrss_kib=%M -o proofs/v020/s4/fp64_d01d03_1h_thomas_20260621T164055Z/time.txt taskset -c 0-3 python -m gpuwrf run --input-dir <DATA_ROOT>/wrf_downscale/canary_all7/run --namelist <DATA_ROOT>/wrf_downscale/canary_all7/run/namelist.input --output-dir proofs/v020/s4/fp64_d01d03_1h_thomas_20260621T164055Z/output --proof-dir proofs/v020/s4/fp64_d01d03_1h_thomas_20260621T164055Z/proofs --scratch-dir proofs/v020/s4/fp64_d01d03_1h_thomas_20260621T164055Z/scratch --max-dom 3 --hours 1"
1782060472,2026-06-21T17:47:52+01:00,3140666,3140664,Sl,2,111,11.8,11663112,34321568,"python -m gpuwrf run --input-dir <DATA_ROOT>/wrf_downscale/canary_all7/run --namelist <DATA_ROOT>/wrf_downscale/canary_all7/run/namelist.input --output-dir proofs/v020/s4/fp64_d01d03_1h_thomas_20260621T164055Z/output --proof-dir proofs/v020/s4/fp64_d01d03_1h_thomas_20260621T164055Z/proofs --scratch-dir proofs/v020/s4/fp64_d01d03_1h_thomas_20260621T164055Z/scratch --max-dom 3 --hours 1"
1782060472,2026-06-21T17:47:52+01:00,3154452,3140666,R,1,99.8,0.8,846360,878416,"<USER_HOME>/miniconda3/lib/python3.13/site-packages/nvidia/cu13/bin/ptxas /tmp/tempfile-user-battlestation-f1546bc0ef990486-3140666-654c64811fdcd -o /tmp/tempfile-user-battlestation-f1546bc0ef990486-3140666-654c6481214e0 -arch sm_120a --warn-on-spills"
1782060474,2026-06-21T17:47:54+01:00,3140664,3140601,S,0,0.0,0.0,1736,2784,"/usr/bin/time -f wall_s=%e\nmaxrss_kib=%M -o proofs/v020/s4/fp64_d01d03_1h_thomas_20260621T164055Z/time.txt taskset -c 0-3 python -m gpuwrf run --input-dir <DATA_ROOT>/wrf_downscale/canary_all7/run --namelist <DATA_ROOT>/wrf_downscale/canary_all7/run/namelist.input --output-dir proofs/v020/s4/fp64_d01d03_1h_thomas_20260621T164055Z/output --proof-dir proofs/v020/s4/fp64_d01d03_1h_thomas_20260621T164055Z/proofs --scratch-dir proofs/v020/s4/fp64_d01d03_1h_thomas_20260621T164055Z/scratch --max-dom 3 --hours 1"
1782060474,2026-06-21T17:47:54+01:00,3140666,3140664,Sl,2,110,11.8,11663112,34321568,"python -m gpuwrf run --input-dir <DATA_ROOT>/wrf_downscale/canary_all7/run --namelist <DATA_ROOT>/wrf_downscale/canary_all7/run/namelist.input --output-dir proofs/v020/s4/fp64_d01d03_1h_thomas_20260621T164055Z/output --proof-dir proofs/v020/s4/fp64_d01d03_1h_thomas_20260621T164055Z/proofs --scratch-dir proofs/v020/s4/fp64_d01d03_1h_thomas_20260621T164055Z/scratch --max-dom 3 --hours 1"
1782060474,2026-06-21T17:47:54+01:00,3154452,3140666,R,1,99.8,0.8,881040,912632,"<USER_HOME>/miniconda3/lib/python3.13/site-packages/nvidia/cu13/bin/ptxas /tmp/tempfile-user-battlestation-f1546bc0ef990486-3140666-654c64811fdcd -o /tmp/tempfile-user-battlestation-f1546bc0ef990486-3140666-654c6481214e0 -arch sm_120a --warn-on-spills"
1782060476,2026-06-21T17:47:56+01:00,3140664,3140601,S,0,0.0,0.0,1736,2784,"/usr/bin/time -f wall_s=%e\nmaxrss_kib=%M -o proofs/v020/s4/fp64_d01d03_1h_thomas_20260621T164055Z/time.txt taskset -c 0-3 python -m gpuwrf run --input-dir <DATA_ROOT>/wrf_downscale/canary_all7/run --namelist <DATA_ROOT>/wrf_downscale/canary_all7/run/namelist.input --output-dir proofs/v020/s4/fp64_d01d03_1h_thomas_20260621T164055Z/output --proof-dir proofs/v020/s4/fp64_d01d03_1h_thomas_20260621T164055Z/proofs --scratch-dir proofs/v020/s4/fp64_d01d03_1h_thomas_20260621T164055Z/scratch --max-dom 3 --hours 1"
1782060476,2026-06-21T17:47:56+01:00,3140666,3140664,Sl,2,110,11.8,11663112,34321568,"python -m gpuwrf run --input-dir <DATA_ROOT>/wrf_downscale/canary_all7/run --namelist <DATA_ROOT>/wrf_downscale/canary_all7/run/namelist.input --output-dir proofs/v020/s4/fp64_d01d03_1h_thomas_20260621T164055Z/output --proof-dir proofs/v020/s4/fp64_d01d03_1h_thomas_20260621T164055Z/proofs --scratch-dir proofs/v020/s4/fp64_d01d03_1h_thomas_20260621T164055Z/scratch --max-dom 3 --hours 1"
1782060476,2026-06-21T17:47:56+01:00,3154452,3140666,R,1,99.8,0.9,891320,923348,"<USER_HOME>/miniconda3/lib/python3.13/site-packages/nvidia/cu13/bin/ptxas /tmp/tempfile-user-battlestation-f1546bc0ef990486-3140666-654c64811fdcd -o /tmp/tempfile-user-battlestation-f1546bc0ef990486-3140666-654c6481214e0 -arch sm_120a --warn-on-spills"
1782060478,2026-06-21T17:47:58+01:00,3140664,3140601,S,0,0.0,0.0,1736,2784,"/usr/bin/time -f wall_s=%e\nmaxrss_kib=%M -o proofs/v020/s4/fp64_d01d03_1h_thomas_20260621T164055Z/time.txt taskset -c 0-3 python -m gpuwrf run --input-dir <DATA_ROOT>/wrf_downscale/canary_all7/run --namelist <DATA_ROOT>/wrf_downscale/canary_all7/run/namelist.input --output-dir proofs/v020/s4/fp64_d01d03_1h_thomas_20260621T164055Z/output --proof-dir proofs/v020/s4/fp64_d01d03_1h_thomas_20260621T164055Z/proofs --scratch-dir proofs/v020/s4/fp64_d01d03_1h_thomas_20260621T164055Z/scratch --max-dom 3 --hours 1"
1782060478,2026-06-21T17:47:58+01:00,3140666,3140664,Sl,2,109,11.8,11663112,34321568,"python -m gpuwrf run --input-dir <DATA_ROOT>/wrf_downscale/canary_all7/run --namelist <DATA_ROOT>/wrf_downscale/canary_all7/run/namelist.input --output-dir proofs/v020/s4/fp64_d01d03_1h_thomas_20260621T164055Z/output --proof-dir proofs/v020/s4/fp64_d01d03_1h_thomas_20260621T164055Z/proofs --scratch-dir proofs/v020/s4/fp64_d01d03_1h_thomas_20260621T164055Z/scratch --max-dom 3 --hours 1"
1782060478,2026-06-21T17:47:58+01:00,3154452,3140666,R,1,99.8,0.9,910148,942616,"<USER_HOME>/miniconda3/lib/python3.13/site-packages/nvidia/cu13/bin/ptxas /tmp/tempfile-user-battlestation-f1546bc0ef990486-3140666-654c64811fdcd -o /tmp/tempfile-user-battlestation-f1546bc0ef990486-3140666-654c6481214e0 -arch sm_120a --warn-on-spills"
1782060481,2026-06-21T17:48:01+01:00,3140664,3140601,S,0,0.0,0.0,1736,2784,"/usr/bin/time -f wall_s=%e\nmaxrss_kib=%M -o proofs/v020/s4/fp64_d01d03_1h_thomas_20260621T164055Z/time.txt taskset -c 0-3 python -m gpuwrf run --input-dir <DATA_ROOT>/wrf_downscale/canary_all7/run --namelist <DATA_ROOT>/wrf_downscale/canary_all7/run/namelist.input --output-dir proofs/v020/s4/fp64_d01d03_1h_thomas_20260621T164055Z/output --proof-dir proofs/v020/s4/fp64_d01d03_1h_thomas_20260621T164055Z/proofs --scratch-dir proofs/v020/s4/fp64_d01d03_1h_thomas_20260621T164055Z/scratch --max-dom 3 --hours 1"
1782060481,2026-06-21T17:48:01+01:00,3140666,3140664,Sl,2,109,11.8,11663112,34321568,"python -m gpuwrf run --input-dir <DATA_ROOT>/wrf_downscale/canary_all7/run --namelist <DATA_ROOT>/wrf_downscale/canary_all7/run/namelist.input --output-dir proofs/v020/s4/fp64_d01d03_1h_thomas_20260621T164055Z/output --proof-dir proofs/v020/s4/fp64_d01d03_1h_thomas_20260621T164055Z/proofs --scratch-dir proofs/v020/s4/fp64_d01d03_1h_thomas_20260621T164055Z/scratch --max-dom 3 --hours 1"
1782060481,2026-06-21T17:48:01+01:00,3154452,3140666,R,1,99.8,0.9,931592,963608,"<USER_HOME>/miniconda3/lib/python3.13/site-packages/nvidia/cu13/bin/ptxas /tmp/tempfile-user-battlestation-f1546bc0ef990486-3140666-654c64811fdcd -o /tmp/tempfile-user-battlestation-f1546bc0ef990486-3140666-654c6481214e0 -arch sm_120a --warn-on-spills"
1782060483,2026-06-21T17:48:03+01:00,3140664,3140601,S,0,0.0,0.0,1736,2784,"/usr/bin/time -f wall_s=%e\nmaxrss_kib=%M -o proofs/v020/s4/fp64_d01d03_1h_thomas_20260621T164055Z/time.txt taskset -c 0-3 python -m gpuwrf run --input-dir <DATA_ROOT>/wrf_downscale/canary_all7/run --namelist <DATA_ROOT>/wrf_downscale/canary_all7/run/namelist.input --output-dir proofs/v020/s4/fp64_d01d03_1h_thomas_20260621T164055Z/output --proof-dir proofs/v020/s4/fp64_d01d03_1h_thomas_20260621T164055Z/proofs --scratch-dir proofs/v020/s4/fp64_d01d03_1h_thomas_20260621T164055Z/scratch --max-dom 3 --hours 1"
1782060483,2026-06-21T17:48:03+01:00,3140666,3140664,Sl,2,108,11.8,11663112,34321568,"python -m gpuwrf run --input-dir <DATA_ROOT>/wrf_downscale/canary_all7/run --namelist <DATA_ROOT>/wrf_downscale/canary_all7/run/namelist.input --output-dir proofs/v020/s4/fp64_d01d03_1h_thomas_20260621T164055Z/output --proof-dir proofs/v020/s4/fp64_d01d03_1h_thomas_20260621T164055Z/proofs --scratch-dir proofs/v020/s4/fp64_d01d03_1h_thomas_20260621T164055Z/scratch --max-dom 3 --hours 1"
1782060483,2026-06-21T17:48:03+01:00,3154452,3140666,R,1,99.8,1.0,1054088,1085240,"<USER_HOME>/miniconda3/lib/python3.13/site-packages/nvidia/cu13/bin/ptxas /tmp/tempfile-user-battlestation-f1546bc0ef990486-3140666-654c64811fdcd -o /tmp/tempfile-user-battlestation-f1546bc0ef990486-3140666-654c6481214e0 -arch sm_120a --warn-on-spills"
1782060485,2026-06-21T17:48:05+01:00,3140664,3140601,S,0,0.0,0.0,1736,2784,"/usr/bin/time -f wall_s=%e\nmaxrss_kib=%M -o proofs/v020/s4/fp64_d01d03_1h_thomas_20260621T164055Z/time.txt taskset -c 0-3 python -m gpuwrf run --input-dir <DATA_ROOT>/wrf_downscale/canary_all7/run --namelist <DATA_ROOT>/wrf_downscale/canary_all7/run/namelist.input --output-dir proofs/v020/s4/fp64_d01d03_1h_thomas_20260621T164055Z/output --proof-dir proofs/v020/s4/fp64_d01d03_1h_thomas_20260621T164055Z/proofs --scratch-dir proofs/v020/s4/fp64_d01d03_1h_thomas_20260621T164055Z/scratch --max-dom 3 --hours 1"
1782060485,2026-06-21T17:48:05+01:00,3140666,3140664,Sl,2,108,11.8,11663112,34321568,"python -m gpuwrf run --input-dir <DATA_ROOT>/wrf_downscale/canary_all7/run --namelist <DATA_ROOT>/wrf_downscale/canary_all7/run/namelist.input --output-dir proofs/v020/s4/fp64_d01d03_1h_thomas_20260621T164055Z/output --proof-dir proofs/v020/s4/fp64_d01d03_1h_thomas_20260621T164055Z/proofs --scratch-dir proofs/v020/s4/fp64_d01d03_1h_thomas_20260621T164055Z/scratch --max-dom 3 --hours 1"
1782060485,2026-06-21T17:48:05+01:00,3154452,3140666,R,3,99.8,1.1,1150304,1178048,"<USER_HOME>/miniconda3/lib/python3.13/site-packages/nvidia/cu13/bin/ptxas /tmp/tempfile-user-battlestation-f1546bc0ef990486-3140666-654c64811fdcd -o /tmp/tempfile-user-battlestation-f1546bc0ef990486-3140666-654c6481214e0 -arch sm_120a --warn-on-spills"
1782060487,2026-06-21T17:48:07+01:00,3140664,3140601,S,0,0.0,0.0,1736,2784,"/usr/bin/time -f wall_s=%e\nmaxrss_kib=%M -o proofs/v020/s4/fp64_d01d03_1h_thomas_20260621T164055Z/time.txt taskset -c 0-3 python -m gpuwrf run --input-dir <DATA_ROOT>/wrf_downscale/canary_all7/run --namelist <DATA_ROOT>/wrf_downscale/canary_all7/run/namelist.input --output-dir proofs/v020/s4/fp64_d01d03_1h_thomas_20260621T164055Z/output --proof-dir proofs/v020/s4/fp64_d01d03_1h_thomas_20260621T164055Z/proofs --scratch-dir proofs/v020/s4/fp64_d01d03_1h_thomas_20260621T164055Z/scratch --max-dom 3 --hours 1"
1782060487,2026-06-21T17:48:07+01:00,3140666,3140664,Rl,2,107,11.9,11712236,34370688,"python -m gpuwrf run --input-dir <DATA_ROOT>/wrf_downscale/canary_all7/run --namelist <DATA_ROOT>/wrf_downscale/canary_all7/run/namelist.input --output-dir proofs/v020/s4/fp64_d01d03_1h_thomas_20260621T164055Z/output --proof-dir proofs/v020/s4/fp64_d01d03_1h_thomas_20260621T164055Z/proofs --scratch-dir proofs/v020/s4/fp64_d01d03_1h_thomas_20260621T164055Z/scratch --max-dom 3 --hours 1"
1782060489,2026-06-21T17:48:09+01:00,3140664,3140601,S,0,0.0,0.0,1736,2784,"/usr/bin/time -f wall_s=%e\nmaxrss_kib=%M -o proofs/v020/s4/fp64_d01d03_1h_thomas_20260621T164055Z/time.txt taskset -c 0-3 python -m gpuwrf run --input-dir <DATA_ROOT>/wrf_downscale/canary_all7/run --namelist <DATA_ROOT>/wrf_downscale/canary_all7/run/namelist.input --output-dir proofs/v020/s4/fp64_d01d03_1h_thomas_20260621T164055Z/output --proof-dir proofs/v020/s4/fp64_d01d03_1h_thomas_20260621T164055Z/proofs --scratch-dir proofs/v020/s4/fp64_d01d03_1h_thomas_20260621T164055Z/scratch --max-dom 3 --hours 1"
1782060489,2026-06-21T17:48:09+01:00,3140666,3140664,Rl,2,107,11.9,11712240,34370688,"python -m gpuwrf run --input-dir <DATA_ROOT>/wrf_downscale/canary_all7/run --namelist <DATA_ROOT>/wrf_downscale/canary_all7/run/namelist.input --output-dir proofs/v020/s4/fp64_d01d03_1h_thomas_20260621T164055Z/output --proof-dir proofs/v020/s4/fp64_d01d03_1h_thomas_20260621T164055Z/proofs --scratch-dir proofs/v020/s4/fp64_d01d03_1h_thomas_20260621T164055Z/scratch --max-dom 3 --hours 1"
1782060491,2026-06-21T17:48:11+01:00,3140664,3140601,S,0,0.0,0.0,1736,2784,"/usr/bin/time -f wall_s=%e\nmaxrss_kib=%M -o proofs/v020/s4/fp64_d01d03_1h_thomas_20260621T164055Z/time.txt taskset -c 0-3 python -m gpuwrf run --input-dir <DATA_ROOT>/wrf_downscale/canary_all7/run --namelist <DATA_ROOT>/wrf_downscale/canary_all7/run/namelist.input --output-dir proofs/v020/s4/fp64_d01d03_1h_thomas_20260621T164055Z/output --proof-dir proofs/v020/s4/fp64_d01d03_1h_thomas_20260621T164055Z/proofs --scratch-dir proofs/v020/s4/fp64_d01d03_1h_thomas_20260621T164055Z/scratch --max-dom 3 --hours 1"
1782060491,2026-06-21T17:48:11+01:00,3140666,3140664,Rl,3,107,11.9,11712240,34370688,"python -m gpuwrf run --input-dir <DATA_ROOT>/wrf_downscale/canary_all7/run --namelist <DATA_ROOT>/wrf_downscale/canary_all7/run/namelist.input --output-dir proofs/v020/s4/fp64_d01d03_1h_thomas_20260621T164055Z/output --proof-dir proofs/v020/s4/fp64_d01d03_1h_thomas_20260621T164055Z/proofs --scratch-dir proofs/v020/s4/fp64_d01d03_1h_thomas_20260621T164055Z/scratch --max-dom 3 --hours 1"
1782060493,2026-06-21T17:48:13+01:00,3140664,3140601,S,0,0.0,0.0,1736,2784,"/usr/bin/time -f wall_s=%e\nmaxrss_kib=%M -o proofs/v020/s4/fp64_d01d03_1h_thomas_20260621T164055Z/time.txt taskset -c 0-3 python -m gpuwrf run --input-dir <DATA_ROOT>/wrf_downscale/canary_all7/run --namelist <DATA_ROOT>/wrf_downscale/canary_all7/run/namelist.input --output-dir proofs/v020/s4/fp64_d01d03_1h_thomas_20260621T164055Z/output --proof-dir proofs/v020/s4/fp64_d01d03_1h_thomas_20260621T164055Z/proofs --scratch-dir proofs/v020/s4/fp64_d01d03_1h_thomas_20260621T164055Z/scratch --max-dom 3 --hours 1"
1782060493,2026-06-21T17:48:13+01:00,3140666,3140664,Rl,3,107,11.9,11721952,34387072,"python -m gpuwrf run --input-dir <DATA_ROOT>/wrf_downscale/canary_all7/run --namelist <DATA_ROOT>/wrf_downscale/canary_all7/run/namelist.input --output-dir proofs/v020/s4/fp64_d01d03_1h_thomas_20260621T164055Z/output --proof-dir proofs/v020/s4/fp64_d01d03_1h_thomas_20260621T164055Z/proofs --scratch-dir proofs/v020/s4/fp64_d01d03_1h_thomas_20260621T164055Z/scratch --max-dom 3 --hours 1"
1782060495,2026-06-21T17:48:15+01:00,3140664,3140601,S,0,0.0,0.0,1736,2784,"/usr/bin/time -f wall_s=%e\nmaxrss_kib=%M -o proofs/v020/s4/fp64_d01d03_1h_thomas_20260621T164055Z/time.txt taskset -c 0-3 python -m gpuwrf run --input-dir <DATA_ROOT>/wrf_downscale/canary_all7/run --namelist <DATA_ROOT>/wrf_downscale/canary_all7/run/namelist.input --output-dir proofs/v020/s4/fp64_d01d03_1h_thomas_20260621T164055Z/output --proof-dir proofs/v020/s4/fp64_d01d03_1h_thomas_20260621T164055Z/proofs --scratch-dir proofs/v020/s4/fp64_d01d03_1h_thomas_20260621T164055Z/scratch --max-dom 3 --hours 1"
1782060495,2026-06-21T17:48:15+01:00,3140666,3140664,Rl,3,107,11.9,11721952,34387072,"python -m gpuwrf run --input-dir <DATA_ROOT>/wrf_downscale/canary_all7/run --namelist <DATA_ROOT>/wrf_downscale/canary_all7/run/namelist.input --output-dir proofs/v020/s4/fp64_d01d03_1h_thomas_20260621T164055Z/output --proof-dir proofs/v020/s4/fp64_d01d03_1h_thomas_20260621T164055Z/proofs --scratch-dir proofs/v020/s4/fp64_d01d03_1h_thomas_20260621T164055Z/scratch --max-dom 3 --hours 1"
1782060498,2026-06-21T17:48:18+01:00,3140664,3140601,S,0,0.0,0.0,1736,2784,"/usr/bin/time -f wall_s=%e\nmaxrss_kib=%M -o proofs/v020/s4/fp64_d01d03_1h_thomas_20260621T164055Z/time.txt taskset -c 0-3 python -m gpuwrf run --input-dir <DATA_ROOT>/wrf_downscale/canary_all7/run --namelist <DATA_ROOT>/wrf_downscale/canary_all7/run/namelist.input --output-dir proofs/v020/s4/fp64_d01d03_1h_thomas_20260621T164055Z/output --proof-dir proofs/v020/s4/fp64_d01d03_1h_thomas_20260621T164055Z/proofs --scratch-dir proofs/v020/s4/fp64_d01d03_1h_thomas_20260621T164055Z/scratch --max-dom 3 --hours 1"
1782060498,2026-06-21T17:48:18+01:00,3140666,3140664,Rl,3,107,11.9,11721952,34387072,"python -m gpuwrf run --input-dir <DATA_ROOT>/wrf_downscale/canary_all7/run --namelist <DATA_ROOT>/wrf_downscale/canary_all7/run/namelist.input --output-dir proofs/v020/s4/fp64_d01d03_1h_thomas_20260621T164055Z/output --proof-dir proofs/v020/s4/fp64_d01d03_1h_thomas_20260621T164055Z/proofs --scratch-dir proofs/v020/s4/fp64_d01d03_1h_thomas_20260621T164055Z/scratch --max-dom 3 --hours 1"
1782060500,2026-06-21T17:48:20+01:00,3140664,3140601,S,0,0.0,0.0,1736,2784,"/usr/bin/time -f wall_s=%e\nmaxrss_kib=%M -o proofs/v020/s4/fp64_d01d03_1h_thomas_20260621T164055Z/time.txt taskset -c 0-3 python -m gpuwrf run --input-dir <DATA_ROOT>/wrf_downscale/canary_all7/run --namelist <DATA_ROOT>/wrf_downscale/canary_all7/run/namelist.input --output-dir proofs/v020/s4/fp64_d01d03_1h_thomas_20260621T164055Z/output --proof-dir proofs/v020/s4/fp64_d01d03_1h_thomas_20260621T164055Z/proofs --scratch-dir proofs/v020/s4/fp64_d01d03_1h_thomas_20260621T164055Z/scratch --max-dom 3 --hours 1"
1782060500,2026-06-21T17:48:20+01:00,3140666,3140664,Rl,3,107,11.9,11732976,34391424,"python -m gpuwrf run --input-dir <DATA_ROOT>/wrf_downscale/canary_all7/run --namelist <DATA_ROOT>/wrf_downscale/canary_all7/run/namelist.input --output-dir proofs/v020/s4/fp64_d01d03_1h_thomas_20260621T164055Z/output --proof-dir proofs/v020/s4/fp64_d01d03_1h_thomas_20260621T164055Z/proofs --scratch-dir proofs/v020/s4/fp64_d01d03_1h_thomas_20260621T164055Z/scratch --max-dom 3 --hours 1"
1782060502,2026-06-21T17:48:22+01:00,3140664,3140601,S,0,0.0,0.0,1736,2784,"/usr/bin/time -f wall_s=%e\nmaxrss_kib=%M -o proofs/v020/s4/fp64_d01d03_1h_thomas_20260621T164055Z/time.txt taskset -c 0-3 python -m gpuwrf run --input-dir <DATA_ROOT>/wrf_downscale/canary_all7/run --namelist <DATA_ROOT>/wrf_downscale/canary_all7/run/namelist.input --output-dir proofs/v020/s4/fp64_d01d03_1h_thomas_20260621T164055Z/output --proof-dir proofs/v020/s4/fp64_d01d03_1h_thomas_20260621T164055Z/proofs --scratch-dir proofs/v020/s4/fp64_d01d03_1h_thomas_20260621T164055Z/scratch --max-dom 3 --hours 1"
1782060502,2026-06-21T17:48:22+01:00,3140666,3140664,Rl,3,107,11.9,11774448,34432896,"python -m gpuwrf run --input-dir <DATA_ROOT>/wrf_downscale/canary_all7/run --namelist <DATA_ROOT>/wrf_downscale/canary_all7/run/namelist.input --output-dir proofs/v020/s4/fp64_d01d03_1h_thomas_20260621T164055Z/output --proof-dir proofs/v020/s4/fp64_d01d03_1h_thomas_20260621T164055Z/proofs --scratch-dir proofs/v020/s4/fp64_d01d03_1h_thomas_20260621T164055Z/scratch --max-dom 3 --hours 1"
1782060504,2026-06-21T17:48:24+01:00,3140664,3140601,S,0,0.0,0.0,1736,2784,"/usr/bin/time -f wall_s=%e\nmaxrss_kib=%M -o proofs/v020/s4/fp64_d01d03_1h_thomas_20260621T164055Z/time.txt taskset -c 0-3 python -m gpuwrf run --input-dir <DATA_ROOT>/wrf_downscale/canary_all7/run --namelist <DATA_ROOT>/wrf_downscale/canary_all7/run/namelist.input --output-dir proofs/v020/s4/fp64_d01d03_1h_thomas_20260621T164055Z/output --proof-dir proofs/v020/s4/fp64_d01d03_1h_thomas_20260621T164055Z/proofs --scratch-dir proofs/v020/s4/fp64_d01d03_1h_thomas_20260621T164055Z/scratch --max-dom 3 --hours 1"
1782060504,2026-06-21T17:48:24+01:00,3140666,3140664,Rl,3,107,12.0,11846612,34617224,"python -m gpuwrf run --input-dir <DATA_ROOT>/wrf_downscale/canary_all7/run --namelist <DATA_ROOT>/wrf_downscale/canary_all7/run/namelist.input --output-dir proofs/v020/s4/fp64_d01d03_1h_thomas_20260621T164055Z/output --proof-dir proofs/v020/s4/fp64_d01d03_1h_thomas_20260621T164055Z/proofs --scratch-dir proofs/v020/s4/fp64_d01d03_1h_thomas_20260621T164055Z/scratch --max-dom 3 --hours 1"
1782060507,2026-06-21T17:48:27+01:00,3140664,3140601,S,0,0.0,0.0,1736,2784,"/usr/bin/time -f wall_s=%e\nmaxrss_kib=%M -o proofs/v020/s4/fp64_d01d03_1h_thomas_20260621T164055Z/time.txt taskset -c 0-3 python -m gpuwrf run --input-dir <DATA_ROOT>/wrf_downscale/canary_all7/run --namelist <DATA_ROOT>/wrf_downscale/canary_all7/run/namelist.input --output-dir proofs/v020/s4/fp64_d01d03_1h_thomas_20260621T164055Z/output --proof-dir proofs/v020/s4/fp64_d01d03_1h_thomas_20260621T164055Z/proofs --scratch-dir proofs/v020/s4/fp64_d01d03_1h_thomas_20260621T164055Z/scratch --max-dom 3 --hours 1"
1782060507,2026-06-21T17:48:27+01:00,3140666,3140664,Rl,3,107,11.9,11712420,34370664,"python -m gpuwrf run --input-dir <DATA_ROOT>/wrf_downscale/canary_all7/run --namelist <DATA_ROOT>/wrf_downscale/canary_all7/run/namelist.input --output-dir proofs/v020/s4/fp64_d01d03_1h_thomas_20260621T164055Z/output --proof-dir proofs/v020/s4/fp64_d01d03_1h_thomas_20260621T164055Z/proofs --scratch-dir proofs/v020/s4/fp64_d01d03_1h_thomas_20260621T164055Z/scratch --max-dom 3 --hours 1"
1782060509,2026-06-21T17:48:29+01:00,3140664,3140601,S,0,0.0,0.0,1736,2784,"/usr/bin/time -f wall_s=%e\nmaxrss_kib=%M -o proofs/v020/s4/fp64_d01d03_1h_thomas_20260621T164055Z/time.txt taskset -c 0-3 python -m gpuwrf run --input-dir <DATA_ROOT>/wrf_downscale/canary_all7/run --namelist <DATA_ROOT>/wrf_downscale/canary_all7/run/namelist.input --output-dir proofs/v020/s4/fp64_d01d03_1h_thomas_20260621T164055Z/output --proof-dir proofs/v020/s4/fp64_d01d03_1h_thomas_20260621T164055Z/proofs --scratch-dir proofs/v020/s4/fp64_d01d03_1h_thomas_20260621T164055Z/scratch --max-dom 3 --hours 1"
1782060509,2026-06-21T17:48:29+01:00,3140666,3140664,Rl,3,107,12.3,12147000,35018924,"python -m gpuwrf run --input-dir <DATA_ROOT>/wrf_downscale/canary_all7/run --namelist <DATA_ROOT>/wrf_downscale/canary_all7/run/namelist.input --output-dir proofs/v020/s4/fp64_d01d03_1h_thomas_20260621T164055Z/output --proof-dir proofs/v020/s4/fp64_d01d03_1h_thomas_20260621T164055Z/proofs --scratch-dir proofs/v020/s4/fp64_d01d03_1h_thomas_20260621T164055Z/scratch --max-dom 3 --hours 1"
1782060511,2026-06-21T17:48:31+01:00,3140664,3140601,S,0,0.0,0.0,1736,2784,"/usr/bin/time -f wall_s=%e\nmaxrss_kib=%M -o proofs/v020/s4/fp64_d01d03_1h_thomas_20260621T164055Z/time.txt taskset -c 0-3 python -m gpuwrf run --input-dir <DATA_ROOT>/wrf_downscale/canary_all7/run --namelist <DATA_ROOT>/wrf_downscale/canary_all7/run/namelist.input --output-dir proofs/v020/s4/fp64_d01d03_1h_thomas_20260621T164055Z/output --proof-dir proofs/v020/s4/fp64_d01d03_1h_thomas_20260621T164055Z/proofs --scratch-dir proofs/v020/s4/fp64_d01d03_1h_thomas_20260621T164055Z/scratch --max-dom 3 --hours 1"
1782060511,2026-06-21T17:48:31+01:00,3140666,3140664,Rl,3,107,11.9,11717348,39320452,"python -m gpuwrf run --input-dir <DATA_ROOT>/wrf_downscale/canary_all7/run --namelist <DATA_ROOT>/wrf_downscale/canary_all7/run/namelist.input --output-dir proofs/v020/s4/fp64_d01d03_1h_thomas_20260621T164055Z/output --proof-dir proofs/v020/s4/fp64_d01d03_1h_thomas_20260621T164055Z/proofs --scratch-dir proofs/v020/s4/fp64_d01d03_1h_thomas_20260621T164055Z/scratch --max-dom 3 --hours 1"
1782060513,2026-06-21T17:48:33+01:00,3140664,3140601,S,0,0.0,0.0,1736,2784,"/usr/bin/time -f wall_s=%e\nmaxrss_kib=%M -o proofs/v020/s4/fp64_d01d03_1h_thomas_20260621T164055Z/time.txt taskset -c 0-3 python -m gpuwrf run --input-dir <DATA_ROOT>/wrf_downscale/canary_all7/run --namelist <DATA_ROOT>/wrf_downscale/canary_all7/run/namelist.input --output-dir proofs/v020/s4/fp64_d01d03_1h_thomas_20260621T164055Z/output --proof-dir proofs/v020/s4/fp64_d01d03_1h_thomas_20260621T164055Z/proofs --scratch-dir proofs/v020/s4/fp64_d01d03_1h_thomas_20260621T164055Z/scratch --max-dom 3 --hours 1"
1782060513,2026-06-21T17:48:33+01:00,3140666,3140664,Rl,3,107,11.9,11717348,39320468,"python -m gpuwrf run --input-dir <DATA_ROOT>/wrf_downscale/canary_all7/run --namelist <DATA_ROOT>/wrf_downscale/canary_all7/run/namelist.input --output-dir proofs/v020/s4/fp64_d01d03_1h_thomas_20260621T164055Z/output --proof-dir proofs/v020/s4/fp64_d01d03_1h_thomas_20260621T164055Z/proofs --scratch-dir proofs/v020/s4/fp64_d01d03_1h_thomas_20260621T164055Z/scratch --max-dom 3 --hours 1"
1782060515,2026-06-21T17:48:35+01:00,3140664,3140601,S,0,0.0,0.0,1736,2784,"/usr/bin/time -f wall_s=%e\nmaxrss_kib=%M -o proofs/v020/s4/fp64_d01d03_1h_thomas_20260621T164055Z/time.txt taskset -c 0-3 python -m gpuwrf run --input-dir <DATA_ROOT>/wrf_downscale/canary_all7/run --namelist <DATA_ROOT>/wrf_downscale/canary_all7/run/namelist.input --output-dir proofs/v020/s4/fp64_d01d03_1h_thomas_20260621T164055Z/output --proof-dir proofs/v020/s4/fp64_d01d03_1h_thomas_20260621T164055Z/proofs --scratch-dir proofs/v020/s4/fp64_d01d03_1h_thomas_20260621T164055Z/scratch --max-dom 3 --hours 1"
1782060515,2026-06-21T17:48:35+01:00,3140666,3140664,Rl,3,107,11.9,11753216,39356308,"python -m gpuwrf run --input-dir <DATA_ROOT>/wrf_downscale/canary_all7/run --namelist <DATA_ROOT>/wrf_downscale/canary_all7/run/namelist.input --output-dir proofs/v020/s4/fp64_d01d03_1h_thomas_20260621T164055Z/output --proof-dir proofs/v020/s4/fp64_d01d03_1h_thomas_20260621T164055Z/proofs --scratch-dir proofs/v020/s4/fp64_d01d03_1h_thomas_20260621T164055Z/scratch --max-dom 3 --hours 1"
1782060517,2026-06-21T17:48:37+01:00,3140664,3140601,S,0,0.0,0.0,1736,2784,"/usr/bin/time -f wall_s=%e\nmaxrss_kib=%M -o proofs/v020/s4/fp64_d01d03_1h_thomas_20260621T164055Z/time.txt taskset -c 0-3 python -m gpuwrf run --input-dir <DATA_ROOT>/wrf_downscale/canary_all7/run --namelist <DATA_ROOT>/wrf_downscale/canary_all7/run/namelist.input --output-dir proofs/v020/s4/fp64_d01d03_1h_thomas_20260621T164055Z/output --proof-dir proofs/v020/s4/fp64_d01d03_1h_thomas_20260621T164055Z/proofs --scratch-dir proofs/v020/s4/fp64_d01d03_1h_thomas_20260621T164055Z/scratch --max-dom 3 --hours 1"
1782060517,2026-06-21T17:48:37+01:00,3140666,3140664,Rl,3,107,11.9,11783576,39387028,"python -m gpuwrf run --input-dir <DATA_ROOT>/wrf_downscale/canary_all7/run --namelist <DATA_ROOT>/wrf_downscale/canary_all7/run/namelist.input --output-dir proofs/v020/s4/fp64_d01d03_1h_thomas_20260621T164055Z/output --proof-dir proofs/v020/s4/fp64_d01d03_1h_thomas_20260621T164055Z/proofs --scratch-dir proofs/v020/s4/fp64_d01d03_1h_thomas_20260621T164055Z/scratch --max-dom 3 --hours 1"
1782060519,2026-06-21T17:48:39+01:00,3140664,3140601,S,0,0.0,0.0,1736,2784,"/usr/bin/time -f wall_s=%e\nmaxrss_kib=%M -o proofs/v020/s4/fp64_d01d03_1h_thomas_20260621T164055Z/time.txt taskset -c 0-3 python -m gpuwrf run --input-dir <DATA_ROOT>/wrf_downscale/canary_all7/run --namelist <DATA_ROOT>/wrf_downscale/canary_all7/run/namelist.input --output-dir proofs/v020/s4/fp64_d01d03_1h_thomas_20260621T164055Z/output --proof-dir proofs/v020/s4/fp64_d01d03_1h_thomas_20260621T164055Z/proofs --scratch-dir proofs/v020/s4/fp64_d01d03_1h_thomas_20260621T164055Z/scratch --max-dom 3 --hours 1"
1782060519,2026-06-21T17:48:39+01:00,3140666,3140664,Rl,3,107,12.0,11808696,39412612,"python -m gpuwrf run --input-dir <DATA_ROOT>/wrf_downscale/canary_all7/run --namelist <DATA_ROOT>/wrf_downscale/canary_all7/run/namelist.input --output-dir proofs/v020/s4/fp64_d01d03_1h_thomas_20260621T164055Z/output --proof-dir proofs/v020/s4/fp64_d01d03_1h_thomas_20260621T164055Z/proofs --scratch-dir proofs/v020/s4/fp64_d01d03_1h_thomas_20260621T164055Z/scratch --max-dom 3 --hours 1"
1782060521,2026-06-21T17:48:41+01:00,3140664,3140601,S,0,0.0,0.0,1736,2784,"/usr/bin/time -f wall_s=%e\nmaxrss_kib=%M -o proofs/v020/s4/fp64_d01d03_1h_thomas_20260621T164055Z/time.txt taskset -c 0-3 python -m gpuwrf run --input-dir <DATA_ROOT>/wrf_downscale/canary_all7/run --namelist <DATA_ROOT>/wrf_downscale/canary_all7/run/namelist.input --output-dir proofs/v020/s4/fp64_d01d03_1h_thomas_20260621T164055Z/output --proof-dir proofs/v020/s4/fp64_d01d03_1h_thomas_20260621T164055Z/proofs --scratch-dir proofs/v020/s4/fp64_d01d03_1h_thomas_20260621T164055Z/scratch --max-dom 3 --hours 1"
1782060521,2026-06-21T17:48:41+01:00,3140666,3140664,Rl,3,107,12.0,11860128,39463812,"python -m gpuwrf run --input-dir <DATA_ROOT>/wrf_downscale/canary_all7/run --namelist <DATA_ROOT>/wrf_downscale/canary_all7/run/namelist.input --output-dir proofs/v020/s4/fp64_d01d03_1h_thomas_20260621T164055Z/output --proof-dir proofs/v020/s4/fp64_d01d03_1h_thomas_20260621T164055Z/proofs --scratch-dir proofs/v020/s4/fp64_d01d03_1h_thomas_20260621T164055Z/scratch --max-dom 3 --hours 1"
1782060523,2026-06-21T17:48:43+01:00,3140664,3140601,S,0,0.0,0.0,1736,2784,"/usr/bin/time -f wall_s=%e\nmaxrss_kib=%M -o proofs/v020/s4/fp64_d01d03_1h_thomas_20260621T164055Z/time.txt taskset -c 0-3 python -m gpuwrf run --input-dir <DATA_ROOT>/wrf_downscale/canary_all7/run --namelist <DATA_ROOT>/wrf_downscale/canary_all7/run/namelist.input --output-dir proofs/v020/s4/fp64_d01d03_1h_thomas_20260621T164055Z/output --proof-dir proofs/v020/s4/fp64_d01d03_1h_thomas_20260621T164055Z/proofs --scratch-dir proofs/v020/s4/fp64_d01d03_1h_thomas_20260621T164055Z/scratch --max-dom 3 --hours 1"
1782060523,2026-06-21T17:48:43+01:00,3140666,3140664,Rl,3,107,12.0,11876512,39480196,"python -m gpuwrf run --input-dir <DATA_ROOT>/wrf_downscale/canary_all7/run --namelist <DATA_ROOT>/wrf_downscale/canary_all7/run/namelist.input --output-dir proofs/v020/s4/fp64_d01d03_1h_thomas_20260621T164055Z/output --proof-dir proofs/v020/s4/fp64_d01d03_1h_thomas_20260621T164055Z/proofs --scratch-dir proofs/v020/s4/fp64_d01d03_1h_thomas_20260621T164055Z/scratch --max-dom 3 --hours 1"
1782060525,2026-06-21T17:48:45+01:00,3140664,3140601,S,0,0.0,0.0,1736,2784,"/usr/bin/time -f wall_s=%e\nmaxrss_kib=%M -o proofs/v020/s4/fp64_d01d03_1h_thomas_20260621T164055Z/time.txt taskset -c 0-3 python -m gpuwrf run --input-dir <DATA_ROOT>/wrf_downscale/canary_all7/run --namelist <DATA_ROOT>/wrf_downscale/canary_all7/run/namelist.input --output-dir proofs/v020/s4/fp64_d01d03_1h_thomas_20260621T164055Z/output --proof-dir proofs/v020/s4/fp64_d01d03_1h_thomas_20260621T164055Z/proofs --scratch-dir proofs/v020/s4/fp64_d01d03_1h_thomas_20260621T164055Z/scratch --max-dom 3 --hours 1"
1782060525,2026-06-21T17:48:45+01:00,3140666,3140664,Rl,3,107,12.1,11917716,39522180,"python -m gpuwrf run --input-dir <DATA_ROOT>/wrf_downscale/canary_all7/run --namelist <DATA_ROOT>/wrf_downscale/canary_all7/run/namelist.input --output-dir proofs/v020/s4/fp64_d01d03_1h_thomas_20260621T164055Z/output --proof-dir proofs/v020/s4/fp64_d01d03_1h_thomas_20260621T164055Z/proofs --scratch-dir proofs/v020/s4/fp64_d01d03_1h_thomas_20260621T164055Z/scratch --max-dom 3 --hours 1"
1782060527,2026-06-21T17:48:47+01:00,3140664,3140601,S,0,0.0,0.0,1736,2784,"/usr/bin/time -f wall_s=%e\nmaxrss_kib=%M -o proofs/v020/s4/fp64_d01d03_1h_thomas_20260621T164055Z/time.txt taskset -c 0-3 python -m gpuwrf run --input-dir <DATA_ROOT>/wrf_downscale/canary_all7/run --namelist <DATA_ROOT>/wrf_downscale/canary_all7/run/namelist.input --output-dir proofs/v020/s4/fp64_d01d03_1h_thomas_20260621T164055Z/output --proof-dir proofs/v020/s4/fp64_d01d03_1h_thomas_20260621T164055Z/proofs --scratch-dir proofs/v020/s4/fp64_d01d03_1h_thomas_20260621T164055Z/scratch --max-dom 3 --hours 1"
1782060527,2026-06-21T17:48:47+01:00,3140666,3140664,Rl,3,107,12.1,11935632,39539588,"python -m gpuwrf run --input-dir <DATA_ROOT>/wrf_downscale/canary_all7/run --namelist <DATA_ROOT>/wrf_downscale/canary_all7/run/namelist.input --output-dir proofs/v020/s4/fp64_d01d03_1h_thomas_20260621T164055Z/output --proof-dir proofs/v020/s4/fp64_d01d03_1h_thomas_20260621T164055Z/proofs --scratch-dir proofs/v020/s4/fp64_d01d03_1h_thomas_20260621T164055Z/scratch --max-dom 3 --hours 1"
1782060530,2026-06-21T17:48:50+01:00,3140664,3140601,S,0,0.0,0.0,1736,2784,"/usr/bin/time -f wall_s=%e\nmaxrss_kib=%M -o proofs/v020/s4/fp64_d01d03_1h_thomas_20260621T164055Z/time.txt taskset -c 0-3 python -m gpuwrf run --input-dir <DATA_ROOT>/wrf_downscale/canary_all7/run --namelist <DATA_ROOT>/wrf_downscale/canary_all7/run/namelist.input --output-dir proofs/v020/s4/fp64_d01d03_1h_thomas_20260621T164055Z/output --proof-dir proofs/v020/s4/fp64_d01d03_1h_thomas_20260621T164055Z/proofs --scratch-dir proofs/v020/s4/fp64_d01d03_1h_thomas_20260621T164055Z/scratch --max-dom 3 --hours 1"
1782060530,2026-06-21T17:48:50+01:00,3140666,3140664,Rl,2,107,12.1,11971904,39576452,"python -m gpuwrf run --input-dir <DATA_ROOT>/wrf_downscale/canary_all7/run --namelist <DATA_ROOT>/wrf_downscale/canary_all7/run/namelist.input --output-dir proofs/v020/s4/fp64_d01d03_1h_thomas_20260621T164055Z/output --proof-dir proofs/v020/s4/fp64_d01d03_1h_thomas_20260621T164055Z/proofs --scratch-dir proofs/v020/s4/fp64_d01d03_1h_thomas_20260621T164055Z/scratch --max-dom 3 --hours 1"
1782060532,2026-06-21T17:48:52+01:00,3140664,3140601,S,0,0.0,0.0,1736,2784,"/usr/bin/time -f wall_s=%e\nmaxrss_kib=%M -o proofs/v020/s4/fp64_d01d03_1h_thomas_20260621T164055Z/time.txt taskset -c 0-3 python -m gpuwrf run --input-dir <DATA_ROOT>/wrf_downscale/canary_all7/run --namelist <DATA_ROOT>/wrf_downscale/canary_all7/run/namelist.input --output-dir proofs/v020/s4/fp64_d01d03_1h_thomas_20260621T164055Z/output --proof-dir proofs/v020/s4/fp64_d01d03_1h_thomas_20260621T164055Z/proofs --scratch-dir proofs/v020/s4/fp64_d01d03_1h_thomas_20260621T164055Z/scratch --max-dom 3 --hours 1"
1782060532,2026-06-21T17:48:52+01:00,3140666,3140664,Rl,0,107,12.1,11998672,39603076,"python -m gpuwrf run --input-dir <DATA_ROOT>/wrf_downscale/canary_all7/run --namelist <DATA_ROOT>/wrf_downscale/canary_all7/run/namelist.input --output-dir proofs/v020/s4/fp64_d01d03_1h_thomas_20260621T164055Z/output --proof-dir proofs/v020/s4/fp64_d01d03_1h_thomas_20260621T164055Z/proofs --scratch-dir proofs/v020/s4/fp64_d01d03_1h_thomas_20260621T164055Z/scratch --max-dom 3 --hours 1"
1782060534,2026-06-21T17:48:54+01:00,3140664,3140601,S,0,0.0,0.0,1736,2784,"/usr/bin/time -f wall_s=%e\nmaxrss_kib=%M -o proofs/v020/s4/fp64_d01d03_1h_thomas_20260621T164055Z/time.txt taskset -c 0-3 python -m gpuwrf run --input-dir <DATA_ROOT>/wrf_downscale/canary_all7/run --namelist <DATA_ROOT>/wrf_downscale/canary_all7/run/namelist.input --output-dir proofs/v020/s4/fp64_d01d03_1h_thomas_20260621T164055Z/output --proof-dir proofs/v020/s4/fp64_d01d03_1h_thomas_20260621T164055Z/proofs --scratch-dir proofs/v020/s4/fp64_d01d03_1h_thomas_20260621T164055Z/scratch --max-dom 3 --hours 1"
1782060534,2026-06-21T17:48:54+01:00,3140666,3140664,Rl,1,107,12.1,11998924,39676824,"python -m gpuwrf run --input-dir <DATA_ROOT>/wrf_downscale/canary_all7/run --namelist <DATA_ROOT>/wrf_downscale/canary_all7/run/namelist.input --output-dir proofs/v020/s4/fp64_d01d03_1h_thomas_20260621T164055Z/output --proof-dir proofs/v020/s4/fp64_d01d03_1h_thomas_20260621T164055Z/proofs --scratch-dir proofs/v020/s4/fp64_d01d03_1h_thomas_20260621T164055Z/scratch --max-dom 3 --hours 1"
1782060536,2026-06-21T17:48:56+01:00,3140664,3140601,S,0,0.0,0.0,1736,2784,"/usr/bin/time -f wall_s=%e\nmaxrss_kib=%M -o proofs/v020/s4/fp64_d01d03_1h_thomas_20260621T164055Z/time.txt taskset -c 0-3 python -m gpuwrf run --input-dir <DATA_ROOT>/wrf_downscale/canary_all7/run --namelist <DATA_ROOT>/wrf_downscale/canary_all7/run/namelist.input --output-dir proofs/v020/s4/fp64_d01d03_1h_thomas_20260621T164055Z/output --proof-dir proofs/v020/s4/fp64_d01d03_1h_thomas_20260621T164055Z/proofs --scratch-dir proofs/v020/s4/fp64_d01d03_1h_thomas_20260621T164055Z/scratch --max-dom 3 --hours 1"
1782060536,2026-06-21T17:48:56+01:00,3140666,3140664,Rl,1,107,12.1,12003708,39680920,"python -m gpuwrf run --input-dir <DATA_ROOT>/wrf_downscale/canary_all7/run --namelist <DATA_ROOT>/wrf_downscale/canary_all7/run/namelist.input --output-dir proofs/v020/s4/fp64_d01d03_1h_thomas_20260621T164055Z/output --proof-dir proofs/v020/s4/fp64_d01d03_1h_thomas_20260621T164055Z/proofs --scratch-dir proofs/v020/s4/fp64_d01d03_1h_thomas_20260621T164055Z/scratch --max-dom 3 --hours 1"
1782060538,2026-06-21T17:48:58+01:00,3140664,3140601,S,0,0.0,0.0,1736,2784,"/usr/bin/time -f wall_s=%e\nmaxrss_kib=%M -o proofs/v020/s4/fp64_d01d03_1h_thomas_20260621T164055Z/time.txt taskset -c 0-3 python -m gpuwrf run --input-dir <DATA_ROOT>/wrf_downscale/canary_all7/run --namelist <DATA_ROOT>/wrf_downscale/canary_all7/run/namelist.input --output-dir proofs/v020/s4/fp64_d01d03_1h_thomas_20260621T164055Z/output --proof-dir proofs/v020/s4/fp64_d01d03_1h_thomas_20260621T164055Z/proofs --scratch-dir proofs/v020/s4/fp64_d01d03_1h_thomas_20260621T164055Z/scratch --max-dom 3 --hours 1"
1782060538,2026-06-21T17:48:58+01:00,3140666,3140664,Rl,0,107,12.2,12005244,39756700,"python -m gpuwrf run --input-dir <DATA_ROOT>/wrf_downscale/canary_all7/run --namelist <DATA_ROOT>/wrf_downscale/canary_all7/run/namelist.input --output-dir proofs/v020/s4/fp64_d01d03_1h_thomas_20260621T164055Z/output --proof-dir proofs/v020/s4/fp64_d01d03_1h_thomas_20260621T164055Z/proofs --scratch-dir proofs/v020/s4/fp64_d01d03_1h_thomas_20260621T164055Z/scratch --max-dom 3 --hours 1"
1782060540,2026-06-21T17:49:00+01:00,3140664,3140601,S,0,0.0,0.0,1736,2784,"/usr/bin/time -f wall_s=%e\nmaxrss_kib=%M -o proofs/v020/s4/fp64_d01d03_1h_thomas_20260621T164055Z/time.txt taskset -c 0-3 python -m gpuwrf run --input-dir <DATA_ROOT>/wrf_downscale/canary_all7/run --namelist <DATA_ROOT>/wrf_downscale/canary_all7/run/namelist.input --output-dir proofs/v020/s4/fp64_d01d03_1h_thomas_20260621T164055Z/output --proof-dir proofs/v020/s4/fp64_d01d03_1h_thomas_20260621T164055Z/proofs --scratch-dir proofs/v020/s4/fp64_d01d03_1h_thomas_20260621T164055Z/scratch --max-dom 3 --hours 1"
1782060540,2026-06-21T17:49:00+01:00,3140666,3140664,Rl,0,107,12.2,12007196,39758732,"python -m gpuwrf run --input-dir <DATA_ROOT>/wrf_downscale/canary_all7/run --namelist <DATA_ROOT>/wrf_downscale/canary_all7/run/namelist.input --output-dir proofs/v020/s4/fp64_d01d03_1h_thomas_20260621T164055Z/output --proof-dir proofs/v020/s4/fp64_d01d03_1h_thomas_20260621T164055Z/proofs --scratch-dir proofs/v020/s4/fp64_d01d03_1h_thomas_20260621T164055Z/scratch --max-dom 3 --hours 1"
1782060542,2026-06-21T17:49:02+01:00,3140664,3140601,S,0,0.0,0.0,1736,2784,"/usr/bin/time -f wall_s=%e\nmaxrss_kib=%M -o proofs/v020/s4/fp64_d01d03_1h_thomas_20260621T164055Z/time.txt taskset -c 0-3 python -m gpuwrf run --input-dir <DATA_ROOT>/wrf_downscale/canary_all7/run --namelist <DATA_ROOT>/wrf_downscale/canary_all7/run/namelist.input --output-dir proofs/v020/s4/fp64_d01d03_1h_thomas_20260621T164055Z/output --proof-dir proofs/v020/s4/fp64_d01d03_1h_thomas_20260621T164055Z/proofs --scratch-dir proofs/v020/s4/fp64_d01d03_1h_thomas_20260621T164055Z/scratch --max-dom 3 --hours 1"
1782060542,2026-06-21T17:49:02+01:00,3140666,3140664,Rl,1,107,12.2,12008296,39758732,"python -m gpuwrf run --input-dir <DATA_ROOT>/wrf_downscale/canary_all7/run --namelist <DATA_ROOT>/wrf_downscale/canary_all7/run/namelist.input --output-dir proofs/v020/s4/fp64_d01d03_1h_thomas_20260621T164055Z/output --proof-dir proofs/v020/s4/fp64_d01d03_1h_thomas_20260621T164055Z/proofs --scratch-dir proofs/v020/s4/fp64_d01d03_1h_thomas_20260621T164055Z/scratch --max-dom 3 --hours 1"
1782060544,2026-06-21T17:49:04+01:00,3140664,3140601,S,0,0.0,0.0,1736,2784,"/usr/bin/time -f wall_s=%e\nmaxrss_kib=%M -o proofs/v020/s4/fp64_d01d03_1h_thomas_20260621T164055Z/time.txt taskset -c 0-3 python -m gpuwrf run --input-dir <DATA_ROOT>/wrf_downscale/canary_all7/run --namelist <DATA_ROOT>/wrf_downscale/canary_all7/run/namelist.input --output-dir proofs/v020/s4/fp64_d01d03_1h_thomas_20260621T164055Z/output --proof-dir proofs/v020/s4/fp64_d01d03_1h_thomas_20260621T164055Z/proofs --scratch-dir proofs/v020/s4/fp64_d01d03_1h_thomas_20260621T164055Z/scratch --max-dom 3 --hours 1"
1782060544,2026-06-21T17:49:04+01:00,3140666,3140664,Rl,1,107,12.2,12045904,39784932,"python -m gpuwrf run --input-dir <DATA_ROOT>/wrf_downscale/canary_all7/run --namelist <DATA_ROOT>/wrf_downscale/canary_all7/run/namelist.input --output-dir proofs/v020/s4/fp64_d01d03_1h_thomas_20260621T164055Z/output --proof-dir proofs/v020/s4/fp64_d01d03_1h_thomas_20260621T164055Z/proofs --scratch-dir proofs/v020/s4/fp64_d01d03_1h_thomas_20260621T164055Z/scratch --max-dom 3 --hours 1"
1782060547,2026-06-21T17:49:07+01:00,3140664,3140601,S,0,0.0,0.0,1736,2784,"/usr/bin/time -f wall_s=%e\nmaxrss_kib=%M -o proofs/v020/s4/fp64_d01d03_1h_thomas_20260621T164055Z/time.txt taskset -c 0-3 python -m gpuwrf run --input-dir <DATA_ROOT>/wrf_downscale/canary_all7/run --namelist <DATA_ROOT>/wrf_downscale/canary_all7/run/namelist.input --output-dir proofs/v020/s4/fp64_d01d03_1h_thomas_20260621T164055Z/output --proof-dir proofs/v020/s4/fp64_d01d03_1h_thomas_20260621T164055Z/proofs --scratch-dir proofs/v020/s4/fp64_d01d03_1h_thomas_20260621T164055Z/scratch --max-dom 3 --hours 1"
1782060547,2026-06-21T17:49:07+01:00,3140666,3140664,Rl,0,107,12.2,12062884,39798304,"python -m gpuwrf run --input-dir <DATA_ROOT>/wrf_downscale/canary_all7/run --namelist <DATA_ROOT>/wrf_downscale/canary_all7/run/namelist.input --output-dir proofs/v020/s4/fp64_d01d03_1h_thomas_20260621T164055Z/output --proof-dir proofs/v020/s4/fp64_d01d03_1h_thomas_20260621T164055Z/proofs --scratch-dir proofs/v020/s4/fp64_d01d03_1h_thomas_20260621T164055Z/scratch --max-dom 3 --hours 1"
1782060549,2026-06-21T17:49:09+01:00,3140664,3140601,S,0,0.0,0.0,1736,2784,"/usr/bin/time -f wall_s=%e\nmaxrss_kib=%M -o proofs/v020/s4/fp64_d01d03_1h_thomas_20260621T164055Z/time.txt taskset -c 0-3 python -m gpuwrf run --input-dir <DATA_ROOT>/wrf_downscale/canary_all7/run --namelist <DATA_ROOT>/wrf_downscale/canary_all7/run/namelist.input --output-dir proofs/v020/s4/fp64_d01d03_1h_thomas_20260621T164055Z/output --proof-dir proofs/v020/s4/fp64_d01d03_1h_thomas_20260621T164055Z/proofs --scratch-dir proofs/v020/s4/fp64_d01d03_1h_thomas_20260621T164055Z/scratch --max-dom 3 --hours 1"
1782060549,2026-06-21T17:49:09+01:00,3140666,3140664,Rl,3,107,12.2,12062892,39798304,"python -m gpuwrf run --input-dir <DATA_ROOT>/wrf_downscale/canary_all7/run --namelist <DATA_ROOT>/wrf_downscale/canary_all7/run/namelist.input --output-dir proofs/v020/s4/fp64_d01d03_1h_thomas_20260621T164055Z/output --proof-dir proofs/v020/s4/fp64_d01d03_1h_thomas_20260621T164055Z/proofs --scratch-dir proofs/v020/s4/fp64_d01d03_1h_thomas_20260621T164055Z/scratch --max-dom 3 --hours 1"
1782060551,2026-06-21T17:49:11+01:00,3140664,3140601,S,0,0.0,0.0,1736,2784,"/usr/bin/time -f wall_s=%e\nmaxrss_kib=%M -o proofs/v020/s4/fp64_d01d03_1h_thomas_20260621T164055Z/time.txt taskset -c 0-3 python -m gpuwrf run --input-dir <DATA_ROOT>/wrf_downscale/canary_all7/run --namelist <DATA_ROOT>/wrf_downscale/canary_all7/run/namelist.input --output-dir proofs/v020/s4/fp64_d01d03_1h_thomas_20260621T164055Z/output --proof-dir proofs/v020/s4/fp64_d01d03_1h_thomas_20260621T164055Z/proofs --scratch-dir proofs/v020/s4/fp64_d01d03_1h_thomas_20260621T164055Z/scratch --max-dom 3 --hours 1"
1782060551,2026-06-21T17:49:11+01:00,3140666,3140664,Rl,3,107,12.4,12247100,39982448,"python -m gpuwrf run --input-dir <DATA_ROOT>/wrf_downscale/canary_all7/run --namelist <DATA_ROOT>/wrf_downscale/canary_all7/run/namelist.input --output-dir proofs/v020/s4/fp64_d01d03_1h_thomas_20260621T164055Z/output --proof-dir proofs/v020/s4/fp64_d01d03_1h_thomas_20260621T164055Z/proofs --scratch-dir proofs/v020/s4/fp64_d01d03_1h_thomas_20260621T164055Z/scratch --max-dom 3 --hours 1"
1782060553,2026-06-21T17:49:13+01:00,3140664,3140601,S,0,0.0,0.0,1736,2784,"/usr/bin/time -f wall_s=%e\nmaxrss_kib=%M -o proofs/v020/s4/fp64_d01d03_1h_thomas_20260621T164055Z/time.txt taskset -c 0-3 python -m gpuwrf run --input-dir <DATA_ROOT>/wrf_downscale/canary_all7/run --namelist <DATA_ROOT>/wrf_downscale/canary_all7/run/namelist.input --output-dir proofs/v020/s4/fp64_d01d03_1h_thomas_20260621T164055Z/output --proof-dir proofs/v020/s4/fp64_d01d03_1h_thomas_20260621T164055Z/proofs --scratch-dir proofs/v020/s4/fp64_d01d03_1h_thomas_20260621T164055Z/scratch --max-dom 3 --hours 1"
1782060553,2026-06-21T17:49:13+01:00,3140666,3140664,Sl,3,107,12.5,12315260,40343112,"python -m gpuwrf run --input-dir <DATA_ROOT>/wrf_downscale/canary_all7/run --namelist <DATA_ROOT>/wrf_downscale/canary_all7/run/namelist.input --output-dir proofs/v020/s4/fp64_d01d03_1h_thomas_20260621T164055Z/output --proof-dir proofs/v020/s4/fp64_d01d03_1h_thomas_20260621T164055Z/proofs --scratch-dir proofs/v020/s4/fp64_d01d03_1h_thomas_20260621T164055Z/scratch --max-dom 3 --hours 1"
1782060555,2026-06-21T17:49:15+01:00,3140664,3140601,S,0,0.0,0.0,1736,2784,"/usr/bin/time -f wall_s=%e\nmaxrss_kib=%M -o proofs/v020/s4/fp64_d01d03_1h_thomas_20260621T164055Z/time.txt taskset -c 0-3 python -m gpuwrf run --input-dir <DATA_ROOT>/wrf_downscale/canary_all7/run --namelist <DATA_ROOT>/wrf_downscale/canary_all7/run/namelist.input --output-dir proofs/v020/s4/fp64_d01d03_1h_thomas_20260621T164055Z/output --proof-dir proofs/v020/s4/fp64_d01d03_1h_thomas_20260621T164055Z/proofs --scratch-dir proofs/v020/s4/fp64_d01d03_1h_thomas_20260621T164055Z/scratch --max-dom 3 --hours 1"
1782060555,2026-06-21T17:49:15+01:00,3140666,3140664,Sl,0,108,12.5,12316972,40343112,"python -m gpuwrf run --input-dir <DATA_ROOT>/wrf_downscale/canary_all7/run --namelist <DATA_ROOT>/wrf_downscale/canary_all7/run/namelist.input --output-dir proofs/v020/s4/fp64_d01d03_1h_thomas_20260621T164055Z/output --proof-dir proofs/v020/s4/fp64_d01d03_1h_thomas_20260621T164055Z/proofs --scratch-dir proofs/v020/s4/fp64_d01d03_1h_thomas_20260621T164055Z/scratch --max-dom 3 --hours 1"
1782060557,2026-06-21T17:49:17+01:00,3140664,3140601,S,0,0.0,0.0,1736,2784,"/usr/bin/time -f wall_s=%e\nmaxrss_kib=%M -o proofs/v020/s4/fp64_d01d03_1h_thomas_20260621T164055Z/time.txt taskset -c 0-3 python -m gpuwrf run --input-dir <DATA_ROOT>/wrf_downscale/canary_all7/run --namelist <DATA_ROOT>/wrf_downscale/canary_all7/run/namelist.input --output-dir proofs/v020/s4/fp64_d01d03_1h_thomas_20260621T164055Z/output --proof-dir proofs/v020/s4/fp64_d01d03_1h_thomas_20260621T164055Z/proofs --scratch-dir proofs/v020/s4/fp64_d01d03_1h_thomas_20260621T164055Z/scratch --max-dom 3 --hours 1"
1782060557,2026-06-21T17:49:17+01:00,3140666,3140664,Rl,0,108,12.6,12434224,40408648,"python -m gpuwrf run --input-dir <DATA_ROOT>/wrf_downscale/canary_all7/run --namelist <DATA_ROOT>/wrf_downscale/canary_all7/run/namelist.input --output-dir proofs/v020/s4/fp64_d01d03_1h_thomas_20260621T164055Z/output --proof-dir proofs/v020/s4/fp64_d01d03_1h_thomas_20260621T164055Z/proofs --scratch-dir proofs/v020/s4/fp64_d01d03_1h_thomas_20260621T164055Z/scratch --max-dom 3 --hours 1"
1782060559,2026-06-21T17:49:19+01:00,3140664,3140601,S,0,0.0,0.0,1736,2784,"/usr/bin/time -f wall_s=%e\nmaxrss_kib=%M -o proofs/v020/s4/fp64_d01d03_1h_thomas_20260621T164055Z/time.txt taskset -c 0-3 python -m gpuwrf run --input-dir <DATA_ROOT>/wrf_downscale/canary_all7/run --namelist <DATA_ROOT>/wrf_downscale/canary_all7/run/namelist.input --output-dir proofs/v020/s4/fp64_d01d03_1h_thomas_20260621T164055Z/output --proof-dir proofs/v020/s4/fp64_d01d03_1h_thomas_20260621T164055Z/proofs --scratch-dir proofs/v020/s4/fp64_d01d03_1h_thomas_20260621T164055Z/scratch --max-dom 3 --hours 1"
1782060559,2026-06-21T17:49:19+01:00,3140666,3140664,Rl,3,108,12.6,12483908,40458304,"python -m gpuwrf run --input-dir <DATA_ROOT>/wrf_downscale/canary_all7/run --namelist <DATA_ROOT>/wrf_downscale/canary_all7/run/namelist.input --output-dir proofs/v020/s4/fp64_d01d03_1h_thomas_20260621T164055Z/output --proof-dir proofs/v020/s4/fp64_d01d03_1h_thomas_20260621T164055Z/proofs --scratch-dir proofs/v020/s4/fp64_d01d03_1h_thomas_20260621T164055Z/scratch --max-dom 3 --hours 1"
1782060561,2026-06-21T17:49:21+01:00,3140664,3140601,S,0,0.0,0.0,1736,2784,"/usr/bin/time -f wall_s=%e\nmaxrss_kib=%M -o proofs/v020/s4/fp64_d01d03_1h_thomas_20260621T164055Z/time.txt taskset -c 0-3 python -m gpuwrf run --input-dir <DATA_ROOT>/wrf_downscale/canary_all7/run --namelist <DATA_ROOT>/wrf_downscale/canary_all7/run/namelist.input --output-dir proofs/v020/s4/fp64_d01d03_1h_thomas_20260621T164055Z/output --proof-dir proofs/v020/s4/fp64_d01d03_1h_thomas_20260621T164055Z/proofs --scratch-dir proofs/v020/s4/fp64_d01d03_1h_thomas_20260621T164055Z/scratch --max-dom 3 --hours 1"
1782060561,2026-06-21T17:49:21+01:00,3140666,3140664,Rl,3,108,12.9,12727656,40702764,"python -m gpuwrf run --input-dir <DATA_ROOT>/wrf_downscale/canary_all7/run --namelist <DATA_ROOT>/wrf_downscale/canary_all7/run/namelist.input --output-dir proofs/v020/s4/fp64_d01d03_1h_thomas_20260621T164055Z/output --proof-dir proofs/v020/s4/fp64_d01d03_1h_thomas_20260621T164055Z/proofs --scratch-dir proofs/v020/s4/fp64_d01d03_1h_thomas_20260621T164055Z/scratch --max-dom 3 --hours 1"
1782060563,2026-06-21T17:49:23+01:00,3140664,3140601,S,0,0.0,0.0,1736,2784,"/usr/bin/time -f wall_s=%e\nmaxrss_kib=%M -o proofs/v020/s4/fp64_d01d03_1h_thomas_20260621T164055Z/time.txt taskset -c 0-3 python -m gpuwrf run --input-dir <DATA_ROOT>/wrf_downscale/canary_all7/run --namelist <DATA_ROOT>/wrf_downscale/canary_all7/run/namelist.input --output-dir proofs/v020/s4/fp64_d01d03_1h_thomas_20260621T164055Z/output --proof-dir proofs/v020/s4/fp64_d01d03_1h_thomas_20260621T164055Z/proofs --scratch-dir proofs/v020/s4/fp64_d01d03_1h_thomas_20260621T164055Z/scratch --max-dom 3 --hours 1"
1782060563,2026-06-21T17:49:23+01:00,3140666,3140664,Rl,3,108,12.8,12659640,40656432,"python -m gpuwrf run --input-dir <DATA_ROOT>/wrf_downscale/canary_all7/run --namelist <DATA_ROOT>/wrf_downscale/canary_all7/run/namelist.input --output-dir proofs/v020/s4/fp64_d01d03_1h_thomas_20260621T164055Z/output --proof-dir proofs/v020/s4/fp64_d01d03_1h_thomas_20260621T164055Z/proofs --scratch-dir proofs/v020/s4/fp64_d01d03_1h_thomas_20260621T164055Z/scratch --max-dom 3 --hours 1"
1782060566,2026-06-21T17:49:26+01:00,3140664,3140601,S,0,0.0,0.0,1736,2784,"/usr/bin/time -f wall_s=%e\nmaxrss_kib=%M -o proofs/v020/s4/fp64_d01d03_1h_thomas_20260621T164055Z/time.txt taskset -c 0-3 python -m gpuwrf run --input-dir <DATA_ROOT>/wrf_downscale/canary_all7/run --namelist <DATA_ROOT>/wrf_downscale/canary_all7/run/namelist.input --output-dir proofs/v020/s4/fp64_d01d03_1h_thomas_20260621T164055Z/output --proof-dir proofs/v020/s4/fp64_d01d03_1h_thomas_20260621T164055Z/proofs --scratch-dir proofs/v020/s4/fp64_d01d03_1h_thomas_20260621T164055Z/scratch --max-dom 3 --hours 1"
1782060566,2026-06-21T17:49:26+01:00,3140666,3140664,Rl,3,108,12.8,12659644,40656432,"python -m gpuwrf run --input-dir <DATA_ROOT>/wrf_downscale/canary_all7/run --namelist <DATA_ROOT>/wrf_downscale/canary_all7/run/namelist.input --output-dir proofs/v020/s4/fp64_d01d03_1h_thomas_20260621T164055Z/output --proof-dir proofs/v020/s4/fp64_d01d03_1h_thomas_20260621T164055Z/proofs --scratch-dir proofs/v020/s4/fp64_d01d03_1h_thomas_20260621T164055Z/scratch --max-dom 3 --hours 1"
1782060568,2026-06-21T17:49:28+01:00,3140664,3140601,S,0,0.0,0.0,1736,2784,"/usr/bin/time -f wall_s=%e\nmaxrss_kib=%M -o proofs/v020/s4/fp64_d01d03_1h_thomas_20260621T164055Z/time.txt taskset -c 0-3 python -m gpuwrf run --input-dir <DATA_ROOT>/wrf_downscale/canary_all7/run --namelist <DATA_ROOT>/wrf_downscale/canary_all7/run/namelist.input --output-dir proofs/v020/s4/fp64_d01d03_1h_thomas_20260621T164055Z/output --proof-dir proofs/v020/s4/fp64_d01d03_1h_thomas_20260621T164055Z/proofs --scratch-dir proofs/v020/s4/fp64_d01d03_1h_thomas_20260621T164055Z/scratch --max-dom 3 --hours 1"
1782060568,2026-06-21T17:49:28+01:00,3140666,3140664,Rl,3,108,12.8,12659676,40656432,"python -m gpuwrf run --input-dir <DATA_ROOT>/wrf_downscale/canary_all7/run --namelist <DATA_ROOT>/wrf_downscale/canary_all7/run/namelist.input --output-dir proofs/v020/s4/fp64_d01d03_1h_thomas_20260621T164055Z/output --proof-dir proofs/v020/s4/fp64_d01d03_1h_thomas_20260621T164055Z/proofs --scratch-dir proofs/v020/s4/fp64_d01d03_1h_thomas_20260621T164055Z/scratch --max-dom 3 --hours 1"
1782060572,2026-06-21T17:49:32+01:00,3140664,3140601,S,0,0.0,0.0,1736,2784,"/usr/bin/time -f wall_s=%e\nmaxrss_kib=%M -o proofs/v020/s4/fp64_d01d03_1h_thomas_20260621T164055Z/time.txt taskset -c 0-3 python -m gpuwrf run --input-dir <DATA_ROOT>/wrf_downscale/canary_all7/run --namelist <DATA_ROOT>/wrf_downscale/canary_all7/run/namelist.input --output-dir proofs/v020/s4/fp64_d01d03_1h_thomas_20260621T164055Z/output --proof-dir proofs/v020/s4/fp64_d01d03_1h_thomas_20260621T164055Z/proofs --scratch-dir proofs/v020/s4/fp64_d01d03_1h_thomas_20260621T164055Z/scratch --max-dom 3 --hours 1"
1782060572,2026-06-21T17:49:32+01:00,3140666,3140664,Rl,3,108,12.8,12660508,40656432,"python -m gpuwrf run --input-dir <DATA_ROOT>/wrf_downscale/canary_all7/run --namelist <DATA_ROOT>/wrf_downscale/canary_all7/run/namelist.input --output-dir proofs/v020/s4/fp64_d01d03_1h_thomas_20260621T164055Z/output --proof-dir proofs/v020/s4/fp64_d01d03_1h_thomas_20260621T164055Z/proofs --scratch-dir proofs/v020/s4/fp64_d01d03_1h_thomas_20260621T164055Z/scratch --max-dom 3 --hours 1"
1782060574,2026-06-21T17:49:34+01:00,3140664,3140601,S,0,0.0,0.0,1736,2784,"/usr/bin/time -f wall_s=%e\nmaxrss_kib=%M -o proofs/v020/s4/fp64_d01d03_1h_thomas_20260621T164055Z/time.txt taskset -c 0-3 python -m gpuwrf run --input-dir <DATA_ROOT>/wrf_downscale/canary_all7/run --namelist <DATA_ROOT>/wrf_downscale/canary_all7/run/namelist.input --output-dir proofs/v020/s4/fp64_d01d03_1h_thomas_20260621T164055Z/output --proof-dir proofs/v020/s4/fp64_d01d03_1h_thomas_20260621T164055Z/proofs --scratch-dir proofs/v020/s4/fp64_d01d03_1h_thomas_20260621T164055Z/scratch --max-dom 3 --hours 1"
1782060574,2026-06-21T17:49:34+01:00,3140666,3140664,Rl,3,108,12.8,12660516,40656432,"python -m gpuwrf run --input-dir <DATA_ROOT>/wrf_downscale/canary_all7/run --namelist <DATA_ROOT>/wrf_downscale/canary_all7/run/namelist.input --output-dir proofs/v020/s4/fp64_d01d03_1h_thomas_20260621T164055Z/output --proof-dir proofs/v020/s4/fp64_d01d03_1h_thomas_20260621T164055Z/proofs --scratch-dir proofs/v020/s4/fp64_d01d03_1h_thomas_20260621T164055Z/scratch --max-dom 3 --hours 1"
1782060576,2026-06-21T17:49:36+01:00,3140664,3140601,S,0,0.0,0.0,1736,2784,"/usr/bin/time -f wall_s=%e\nmaxrss_kib=%M -o proofs/v020/s4/fp64_d01d03_1h_thomas_20260621T164055Z/time.txt taskset -c 0-3 python -m gpuwrf run --input-dir <DATA_ROOT>/wrf_downscale/canary_all7/run --namelist <DATA_ROOT>/wrf_downscale/canary_all7/run/namelist.input --output-dir proofs/v020/s4/fp64_d01d03_1h_thomas_20260621T164055Z/output --proof-dir proofs/v020/s4/fp64_d01d03_1h_thomas_20260621T164055Z/proofs --scratch-dir proofs/v020/s4/fp64_d01d03_1h_thomas_20260621T164055Z/scratch --max-dom 3 --hours 1"
1782060576,2026-06-21T17:49:36+01:00,3140666,3140664,Rl,3,108,12.8,12660524,40656432,"python -m gpuwrf run --input-dir <DATA_ROOT>/wrf_downscale/canary_all7/run --namelist <DATA_ROOT>/wrf_downscale/canary_all7/run/namelist.input --output-dir proofs/v020/s4/fp64_d01d03_1h_thomas_20260621T164055Z/output --proof-dir proofs/v020/s4/fp64_d01d03_1h_thomas_20260621T164055Z/proofs --scratch-dir proofs/v020/s4/fp64_d01d03_1h_thomas_20260621T164055Z/scratch --max-dom 3 --hours 1"
1782060578,2026-06-21T17:49:38+01:00,3140664,3140601,S,0,0.0,0.0,1736,2784,"/usr/bin/time -f wall_s=%e\nmaxrss_kib=%M -o proofs/v020/s4/fp64_d01d03_1h_thomas_20260621T164055Z/time.txt taskset -c 0-3 python -m gpuwrf run --input-dir <DATA_ROOT>/wrf_downscale/canary_all7/run --namelist <DATA_ROOT>/wrf_downscale/canary_all7/run/namelist.input --output-dir proofs/v020/s4/fp64_d01d03_1h_thomas_20260621T164055Z/output --proof-dir proofs/v020/s4/fp64_d01d03_1h_thomas_20260621T164055Z/proofs --scratch-dir proofs/v020/s4/fp64_d01d03_1h_thomas_20260621T164055Z/scratch --max-dom 3 --hours 1"
1782060578,2026-06-21T17:49:38+01:00,3140666,3140664,Rl,3,108,12.8,12660540,40656432,"python -m gpuwrf run --input-dir <DATA_ROOT>/wrf_downscale/canary_all7/run --namelist <DATA_ROOT>/wrf_downscale/canary_all7/run/namelist.input --output-dir proofs/v020/s4/fp64_d01d03_1h_thomas_20260621T164055Z/output --proof-dir proofs/v020/s4/fp64_d01d03_1h_thomas_20260621T164055Z/proofs --scratch-dir proofs/v020/s4/fp64_d01d03_1h_thomas_20260621T164055Z/scratch --max-dom 3 --hours 1"
1782060580,2026-06-21T17:49:40+01:00,3140664,3140601,S,0,0.0,0.0,1736,2784,"/usr/bin/time -f wall_s=%e\nmaxrss_kib=%M -o proofs/v020/s4/fp64_d01d03_1h_thomas_20260621T164055Z/time.txt taskset -c 0-3 python -m gpuwrf run --input-dir <DATA_ROOT>/wrf_downscale/canary_all7/run --namelist <DATA_ROOT>/wrf_downscale/canary_all7/run/namelist.input --output-dir proofs/v020/s4/fp64_d01d03_1h_thomas_20260621T164055Z/output --proof-dir proofs/v020/s4/fp64_d01d03_1h_thomas_20260621T164055Z/proofs --scratch-dir proofs/v020/s4/fp64_d01d03_1h_thomas_20260621T164055Z/scratch --max-dom 3 --hours 1"
1782060580,2026-06-21T17:49:40+01:00,3140666,3140664,Rl,3,108,12.8,12660540,40656432,"python -m gpuwrf run --input-dir <DATA_ROOT>/wrf_downscale/canary_all7/run --namelist <DATA_ROOT>/wrf_downscale/canary_all7/run/namelist.input --output-dir proofs/v020/s4/fp64_d01d03_1h_thomas_20260621T164055Z/output --proof-dir proofs/v020/s4/fp64_d01d03_1h_thomas_20260621T164055Z/proofs --scratch-dir proofs/v020/s4/fp64_d01d03_1h_thomas_20260621T164055Z/scratch --max-dom 3 --hours 1"
1782060582,2026-06-21T17:49:42+01:00,3140664,3140601,S,0,0.0,0.0,1736,2784,"/usr/bin/time -f wall_s=%e\nmaxrss_kib=%M -o proofs/v020/s4/fp64_d01d03_1h_thomas_20260621T164055Z/time.txt taskset -c 0-3 python -m gpuwrf run --input-dir <DATA_ROOT>/wrf_downscale/canary_all7/run --namelist <DATA_ROOT>/wrf_downscale/canary_all7/run/namelist.input --output-dir proofs/v020/s4/fp64_d01d03_1h_thomas_20260621T164055Z/output --proof-dir proofs/v020/s4/fp64_d01d03_1h_thomas_20260621T164055Z/proofs --scratch-dir proofs/v020/s4/fp64_d01d03_1h_thomas_20260621T164055Z/scratch --max-dom 3 --hours 1"
1782060582,2026-06-21T17:49:42+01:00,3140666,3140664,Rl,0,108,12.8,12661036,40656432,"python -m gpuwrf run --input-dir <DATA_ROOT>/wrf_downscale/canary_all7/run --namelist <DATA_ROOT>/wrf_downscale/canary_all7/run/namelist.input --output-dir proofs/v020/s4/fp64_d01d03_1h_thomas_20260621T164055Z/output --proof-dir proofs/v020/s4/fp64_d01d03_1h_thomas_20260621T164055Z/proofs --scratch-dir proofs/v020/s4/fp64_d01d03_1h_thomas_20260621T164055Z/scratch --max-dom 3 --hours 1"
1782060585,2026-06-21T17:49:45+01:00,3140664,3140601,S,0,0.0,0.0,1736,2784,"/usr/bin/time -f wall_s=%e\nmaxrss_kib=%M -o proofs/v020/s4/fp64_d01d03_1h_thomas_20260621T164055Z/time.txt taskset -c 0-3 python -m gpuwrf run --input-dir <DATA_ROOT>/wrf_downscale/canary_all7/run --namelist <DATA_ROOT>/wrf_downscale/canary_all7/run/namelist.input --output-dir proofs/v020/s4/fp64_d01d03_1h_thomas_20260621T164055Z/output --proof-dir proofs/v020/s4/fp64_d01d03_1h_thomas_20260621T164055Z/proofs --scratch-dir proofs/v020/s4/fp64_d01d03_1h_thomas_20260621T164055Z/scratch --max-dom 3 --hours 1"
1782060585,2026-06-21T17:49:45+01:00,3140666,3140664,Rl,0,108,12.8,12661044,40656432,"python -m gpuwrf run --input-dir <DATA_ROOT>/wrf_downscale/canary_all7/run --namelist <DATA_ROOT>/wrf_downscale/canary_all7/run/namelist.input --output-dir proofs/v020/s4/fp64_d01d03_1h_thomas_20260621T164055Z/output --proof-dir proofs/v020/s4/fp64_d01d03_1h_thomas_20260621T164055Z/proofs --scratch-dir proofs/v020/s4/fp64_d01d03_1h_thomas_20260621T164055Z/scratch --max-dom 3 --hours 1"
1782060587,2026-06-21T17:49:47+01:00,3140664,3140601,S,0,0.0,0.0,1736,2784,"/usr/bin/time -f wall_s=%e\nmaxrss_kib=%M -o proofs/v020/s4/fp64_d01d03_1h_thomas_20260621T164055Z/time.txt taskset -c 0-3 python -m gpuwrf run --input-dir <DATA_ROOT>/wrf_downscale/canary_all7/run --namelist <DATA_ROOT>/wrf_downscale/canary_all7/run/namelist.input --output-dir proofs/v020/s4/fp64_d01d03_1h_thomas_20260621T164055Z/output --proof-dir proofs/v020/s4/fp64_d01d03_1h_thomas_20260621T164055Z/proofs --scratch-dir proofs/v020/s4/fp64_d01d03_1h_thomas_20260621T164055Z/scratch --max-dom 3 --hours 1"
1782060587,2026-06-21T17:49:47+01:00,3140666,3140664,Rl,0,108,12.8,12661056,40656432,"python -m gpuwrf run --input-dir <DATA_ROOT>/wrf_downscale/canary_all7/run --namelist <DATA_ROOT>/wrf_downscale/canary_all7/run/namelist.input --output-dir proofs/v020/s4/fp64_d01d03_1h_thomas_20260621T164055Z/output --proof-dir proofs/v020/s4/fp64_d01d03_1h_thomas_20260621T164055Z/proofs --scratch-dir proofs/v020/s4/fp64_d01d03_1h_thomas_20260621T164055Z/scratch --max-dom 3 --hours 1"
1782060589,2026-06-21T17:49:49+01:00,3140664,3140601,S,0,0.0,0.0,1736,2784,"/usr/bin/time -f wall_s=%e\nmaxrss_kib=%M -o proofs/v020/s4/fp64_d01d03_1h_thomas_20260621T164055Z/time.txt taskset -c 0-3 python -m gpuwrf run --input-dir <DATA_ROOT>/wrf_downscale/canary_all7/run --namelist <DATA_ROOT>/wrf_downscale/canary_all7/run/namelist.input --output-dir proofs/v020/s4/fp64_d01d03_1h_thomas_20260621T164055Z/output --proof-dir proofs/v020/s4/fp64_d01d03_1h_thomas_20260621T164055Z/proofs --scratch-dir proofs/v020/s4/fp64_d01d03_1h_thomas_20260621T164055Z/scratch --max-dom 3 --hours 1"
1782060589,2026-06-21T17:49:49+01:00,3140666,3140664,Rl,0,108,12.8,12661064,40656432,"python -m gpuwrf run --input-dir <DATA_ROOT>/wrf_downscale/canary_all7/run --namelist <DATA_ROOT>/wrf_downscale/canary_all7/run/namelist.input --output-dir proofs/v020/s4/fp64_d01d03_1h_thomas_20260621T164055Z/output --proof-dir proofs/v020/s4/fp64_d01d03_1h_thomas_20260621T164055Z/proofs --scratch-dir proofs/v020/s4/fp64_d01d03_1h_thomas_20260621T164055Z/scratch --max-dom 3 --hours 1"
1782060591,2026-06-21T17:49:51+01:00,3140664,3140601,S,0,0.0,0.0,1736,2784,"/usr/bin/time -f wall_s=%e\nmaxrss_kib=%M -o proofs/v020/s4/fp64_d01d03_1h_thomas_20260621T164055Z/time.txt taskset -c 0-3 python -m gpuwrf run --input-dir <DATA_ROOT>/wrf_downscale/canary_all7/run --namelist <DATA_ROOT>/wrf_downscale/canary_all7/run/namelist.input --output-dir proofs/v020/s4/fp64_d01d03_1h_thomas_20260621T164055Z/output --proof-dir proofs/v020/s4/fp64_d01d03_1h_thomas_20260621T164055Z/proofs --scratch-dir proofs/v020/s4/fp64_d01d03_1h_thomas_20260621T164055Z/scratch --max-dom 3 --hours 1"
1782060591,2026-06-21T17:49:51+01:00,3140666,3140664,Rl,0,107,12.8,12661068,40656432,"python -m gpuwrf run --input-dir <DATA_ROOT>/wrf_downscale/canary_all7/run --namelist <DATA_ROOT>/wrf_downscale/canary_all7/run/namelist.input --output-dir proofs/v020/s4/fp64_d01d03_1h_thomas_20260621T164055Z/output --proof-dir proofs/v020/s4/fp64_d01d03_1h_thomas_20260621T164055Z/proofs --scratch-dir proofs/v020/s4/fp64_d01d03_1h_thomas_20260621T164055Z/scratch --max-dom 3 --hours 1"
1782060593,2026-06-21T17:49:53+01:00,3140664,3140601,S,0,0.0,0.0,1736,2784,"/usr/bin/time -f wall_s=%e\nmaxrss_kib=%M -o proofs/v020/s4/fp64_d01d03_1h_thomas_20260621T164055Z/time.txt taskset -c 0-3 python -m gpuwrf run --input-dir <DATA_ROOT>/wrf_downscale/canary_all7/run --namelist <DATA_ROOT>/wrf_downscale/canary_all7/run/namelist.input --output-dir proofs/v020/s4/fp64_d01d03_1h_thomas_20260621T164055Z/output --proof-dir proofs/v020/s4/fp64_d01d03_1h_thomas_20260621T164055Z/proofs --scratch-dir proofs/v020/s4/fp64_d01d03_1h_thomas_20260621T164055Z/scratch --max-dom 3 --hours 1"
1782060593,2026-06-21T17:49:53+01:00,3140666,3140664,Rl,0,107,12.8,12661100,40656432,"python -m gpuwrf run --input-dir <DATA_ROOT>/wrf_downscale/canary_all7/run --namelist <DATA_ROOT>/wrf_downscale/canary_all7/run/namelist.input --output-dir proofs/v020/s4/fp64_d01d03_1h_thomas_20260621T164055Z/output --proof-dir proofs/v020/s4/fp64_d01d03_1h_thomas_20260621T164055Z/proofs --scratch-dir proofs/v020/s4/fp64_d01d03_1h_thomas_20260621T164055Z/scratch --max-dom 3 --hours 1"
1782060595,2026-06-21T17:49:55+01:00,3140664,3140601,S,0,0.0,0.0,1736,2784,"/usr/bin/time -f wall_s=%e\nmaxrss_kib=%M -o proofs/v020/s4/fp64_d01d03_1h_thomas_20260621T164055Z/time.txt taskset -c 0-3 python -m gpuwrf run --input-dir <DATA_ROOT>/wrf_downscale/canary_all7/run --namelist <DATA_ROOT>/wrf_downscale/canary_all7/run/namelist.input --output-dir proofs/v020/s4/fp64_d01d03_1h_thomas_20260621T164055Z/output --proof-dir proofs/v020/s4/fp64_d01d03_1h_thomas_20260621T164055Z/proofs --scratch-dir proofs/v020/s4/fp64_d01d03_1h_thomas_20260621T164055Z/scratch --max-dom 3 --hours 1"
1782060595,2026-06-21T17:49:55+01:00,3140666,3140664,Rl,0,107,12.8,12661104,40656432,"python -m gpuwrf run --input-dir <DATA_ROOT>/wrf_downscale/canary_all7/run --namelist <DATA_ROOT>/wrf_downscale/canary_all7/run/namelist.input --output-dir proofs/v020/s4/fp64_d01d03_1h_thomas_20260621T164055Z/output --proof-dir proofs/v020/s4/fp64_d01d03_1h_thomas_20260621T164055Z/proofs --scratch-dir proofs/v020/s4/fp64_d01d03_1h_thomas_20260621T164055Z/scratch --max-dom 3 --hours 1"
1782060597,2026-06-21T17:49:57+01:00,3140664,3140601,S,0,0.0,0.0,1736,2784,"/usr/bin/time -f wall_s=%e\nmaxrss_kib=%M -o proofs/v020/s4/fp64_d01d03_1h_thomas_20260621T164055Z/time.txt taskset -c 0-3 python -m gpuwrf run --input-dir <DATA_ROOT>/wrf_downscale/canary_all7/run --namelist <DATA_ROOT>/wrf_downscale/canary_all7/run/namelist.input --output-dir proofs/v020/s4/fp64_d01d03_1h_thomas_20260621T164055Z/output --proof-dir proofs/v020/s4/fp64_d01d03_1h_thomas_20260621T164055Z/proofs --scratch-dir proofs/v020/s4/fp64_d01d03_1h_thomas_20260621T164055Z/scratch --max-dom 3 --hours 1"
1782060597,2026-06-21T17:49:57+01:00,3140666,3140664,Rl,0,107,12.8,12661104,40656432,"python -m gpuwrf run --input-dir <DATA_ROOT>/wrf_downscale/canary_all7/run --namelist <DATA_ROOT>/wrf_downscale/canary_all7/run/namelist.input --output-dir proofs/v020/s4/fp64_d01d03_1h_thomas_20260621T164055Z/output --proof-dir proofs/v020/s4/fp64_d01d03_1h_thomas_20260621T164055Z/proofs --scratch-dir proofs/v020/s4/fp64_d01d03_1h_thomas_20260621T164055Z/scratch --max-dom 3 --hours 1"
1782060599,2026-06-21T17:49:59+01:00,3140664,3140601,S,0,0.0,0.0,1736,2784,"/usr/bin/time -f wall_s=%e\nmaxrss_kib=%M -o proofs/v020/s4/fp64_d01d03_1h_thomas_20260621T164055Z/time.txt taskset -c 0-3 python -m gpuwrf run --input-dir <DATA_ROOT>/wrf_downscale/canary_all7/run --namelist <DATA_ROOT>/wrf_downscale/canary_all7/run/namelist.input --output-dir proofs/v020/s4/fp64_d01d03_1h_thomas_20260621T164055Z/output --proof-dir proofs/v020/s4/fp64_d01d03_1h_thomas_20260621T164055Z/proofs --scratch-dir proofs/v020/s4/fp64_d01d03_1h_thomas_20260621T164055Z/scratch --max-dom 3 --hours 1"
1782060599,2026-06-21T17:49:59+01:00,3140666,3140664,Rl,2,107,12.8,12661104,40656432,"python -m gpuwrf run --input-dir <DATA_ROOT>/wrf_downscale/canary_all7/run --namelist <DATA_ROOT>/wrf_downscale/canary_all7/run/namelist.input --output-dir proofs/v020/s4/fp64_d01d03_1h_thomas_20260621T164055Z/output --proof-dir proofs/v020/s4/fp64_d01d03_1h_thomas_20260621T164055Z/proofs --scratch-dir proofs/v020/s4/fp64_d01d03_1h_thomas_20260621T164055Z/scratch --max-dom 3 --hours 1"
1782060602,2026-06-21T17:50:02+01:00,3140664,3140601,S,0,0.0,0.0,1736,2784,"/usr/bin/time -f wall_s=%e\nmaxrss_kib=%M -o proofs/v020/s4/fp64_d01d03_1h_thomas_20260621T164055Z/time.txt taskset -c 0-3 python -m gpuwrf run --input-dir <DATA_ROOT>/wrf_downscale/canary_all7/run --namelist <DATA_ROOT>/wrf_downscale/canary_all7/run/namelist.input --output-dir proofs/v020/s4/fp64_d01d03_1h_thomas_20260621T164055Z/output --proof-dir proofs/v020/s4/fp64_d01d03_1h_thomas_20260621T164055Z/proofs --scratch-dir proofs/v020/s4/fp64_d01d03_1h_thomas_20260621T164055Z/scratch --max-dom 3 --hours 1"
1782060602,2026-06-21T17:50:02+01:00,3140666,3140664,Rl,0,107,12.8,12661104,40656432,"python -m gpuwrf run --input-dir <DATA_ROOT>/wrf_downscale/canary_all7/run --namelist <DATA_ROOT>/wrf_downscale/canary_all7/run/namelist.input --output-dir proofs/v020/s4/fp64_d01d03_1h_thomas_20260621T164055Z/output --proof-dir proofs/v020/s4/fp64_d01d03_1h_thomas_20260621T164055Z/proofs --scratch-dir proofs/v020/s4/fp64_d01d03_1h_thomas_20260621T164055Z/scratch --max-dom 3 --hours 1"
1782060604,2026-06-21T17:50:04+01:00,3140664,3140601,S,0,0.0,0.0,1736,2784,"/usr/bin/time -f wall_s=%e\nmaxrss_kib=%M -o proofs/v020/s4/fp64_d01d03_1h_thomas_20260621T164055Z/time.txt taskset -c 0-3 python -m gpuwrf run --input-dir <DATA_ROOT>/wrf_downscale/canary_all7/run --namelist <DATA_ROOT>/wrf_downscale/canary_all7/run/namelist.input --output-dir proofs/v020/s4/fp64_d01d03_1h_thomas_20260621T164055Z/output --proof-dir proofs/v020/s4/fp64_d01d03_1h_thomas_20260621T164055Z/proofs --scratch-dir proofs/v020/s4/fp64_d01d03_1h_thomas_20260621T164055Z/scratch --max-dom 3 --hours 1"
1782060604,2026-06-21T17:50:04+01:00,3140666,3140664,Rl,0,107,12.8,12661104,40656432,"python -m gpuwrf run --input-dir <DATA_ROOT>/wrf_downscale/canary_all7/run --namelist <DATA_ROOT>/wrf_downscale/canary_all7/run/namelist.input --output-dir proofs/v020/s4/fp64_d01d03_1h_thomas_20260621T164055Z/output --proof-dir proofs/v020/s4/fp64_d01d03_1h_thomas_20260621T164055Z/proofs --scratch-dir proofs/v020/s4/fp64_d01d03_1h_thomas_20260621T164055Z/scratch --max-dom 3 --hours 1"
1782060606,2026-06-21T17:50:06+01:00,3140664,3140601,S,0,0.0,0.0,1736,2784,"/usr/bin/time -f wall_s=%e\nmaxrss_kib=%M -o proofs/v020/s4/fp64_d01d03_1h_thomas_20260621T164055Z/time.txt taskset -c 0-3 python -m gpuwrf run --input-dir <DATA_ROOT>/wrf_downscale/canary_all7/run --namelist <DATA_ROOT>/wrf_downscale/canary_all7/run/namelist.input --output-dir proofs/v020/s4/fp64_d01d03_1h_thomas_20260621T164055Z/output --proof-dir proofs/v020/s4/fp64_d01d03_1h_thomas_20260621T164055Z/proofs --scratch-dir proofs/v020/s4/fp64_d01d03_1h_thomas_20260621T164055Z/scratch --max-dom 3 --hours 1"
1782060606,2026-06-21T17:50:06+01:00,3140666,3140664,Rl,0,107,12.8,12661104,40656432,"python -m gpuwrf run --input-dir <DATA_ROOT>/wrf_downscale/canary_all7/run --namelist <DATA_ROOT>/wrf_downscale/canary_all7/run/namelist.input --output-dir proofs/v020/s4/fp64_d01d03_1h_thomas_20260621T164055Z/output --proof-dir proofs/v020/s4/fp64_d01d03_1h_thomas_20260621T164055Z/proofs --scratch-dir proofs/v020/s4/fp64_d01d03_1h_thomas_20260621T164055Z/scratch --max-dom 3 --hours 1"
1782060608,2026-06-21T17:50:08+01:00,3140664,3140601,S,0,0.0,0.0,1736,2784,"/usr/bin/time -f wall_s=%e\nmaxrss_kib=%M -o proofs/v020/s4/fp64_d01d03_1h_thomas_20260621T164055Z/time.txt taskset -c 0-3 python -m gpuwrf run --input-dir <DATA_ROOT>/wrf_downscale/canary_all7/run --namelist <DATA_ROOT>/wrf_downscale/canary_all7/run/namelist.input --output-dir proofs/v020/s4/fp64_d01d03_1h_thomas_20260621T164055Z/output --proof-dir proofs/v020/s4/fp64_d01d03_1h_thomas_20260621T164055Z/proofs --scratch-dir proofs/v020/s4/fp64_d01d03_1h_thomas_20260621T164055Z/scratch --max-dom 3 --hours 1"
1782060608,2026-06-21T17:50:08+01:00,3140666,3140664,Rl,0,107,12.8,12661104,40656432,"python -m gpuwrf run --input-dir <DATA_ROOT>/wrf_downscale/canary_all7/run --namelist <DATA_ROOT>/wrf_downscale/canary_all7/run/namelist.input --output-dir proofs/v020/s4/fp64_d01d03_1h_thomas_20260621T164055Z/output --proof-dir proofs/v020/s4/fp64_d01d03_1h_thomas_20260621T164055Z/proofs --scratch-dir proofs/v020/s4/fp64_d01d03_1h_thomas_20260621T164055Z/scratch --max-dom 3 --hours 1"
1782060610,2026-06-21T17:50:10+01:00,3140664,3140601,S,0,0.0,0.0,1736,2784,"/usr/bin/time -f wall_s=%e\nmaxrss_kib=%M -o proofs/v020/s4/fp64_d01d03_1h_thomas_20260621T164055Z/time.txt taskset -c 0-3 python -m gpuwrf run --input-dir <DATA_ROOT>/wrf_downscale/canary_all7/run --namelist <DATA_ROOT>/wrf_downscale/canary_all7/run/namelist.input --output-dir proofs/v020/s4/fp64_d01d03_1h_thomas_20260621T164055Z/output --proof-dir proofs/v020/s4/fp64_d01d03_1h_thomas_20260621T164055Z/proofs --scratch-dir proofs/v020/s4/fp64_d01d03_1h_thomas_20260621T164055Z/scratch --max-dom 3 --hours 1"
1782060610,2026-06-21T17:50:10+01:00,3140666,3140664,Rl,0,107,12.8,12661104,40656432,"python -m gpuwrf run --input-dir <DATA_ROOT>/wrf_downscale/canary_all7/run --namelist <DATA_ROOT>/wrf_downscale/canary_all7/run/namelist.input --output-dir proofs/v020/s4/fp64_d01d03_1h_thomas_20260621T164055Z/output --proof-dir proofs/v020/s4/fp64_d01d03_1h_thomas_20260621T164055Z/proofs --scratch-dir proofs/v020/s4/fp64_d01d03_1h_thomas_20260621T164055Z/scratch --max-dom 3 --hours 1"
1782060612,2026-06-21T17:50:12+01:00,3140664,3140601,S,0,0.0,0.0,1736,2784,"/usr/bin/time -f wall_s=%e\nmaxrss_kib=%M -o proofs/v020/s4/fp64_d01d03_1h_thomas_20260621T164055Z/time.txt taskset -c 0-3 python -m gpuwrf run --input-dir <DATA_ROOT>/wrf_downscale/canary_all7/run --namelist <DATA_ROOT>/wrf_downscale/canary_all7/run/namelist.input --output-dir proofs/v020/s4/fp64_d01d03_1h_thomas_20260621T164055Z/output --proof-dir proofs/v020/s4/fp64_d01d03_1h_thomas_20260621T164055Z/proofs --scratch-dir proofs/v020/s4/fp64_d01d03_1h_thomas_20260621T164055Z/scratch --max-dom 3 --hours 1"
1782060612,2026-06-21T17:50:12+01:00,3140666,3140664,Rl,0,107,12.8,12661104,40656432,"python -m gpuwrf run --input-dir <DATA_ROOT>/wrf_downscale/canary_all7/run --namelist <DATA_ROOT>/wrf_downscale/canary_all7/run/namelist.input --output-dir proofs/v020/s4/fp64_d01d03_1h_thomas_20260621T164055Z/output --proof-dir proofs/v020/s4/fp64_d01d03_1h_thomas_20260621T164055Z/proofs --scratch-dir proofs/v020/s4/fp64_d01d03_1h_thomas_20260621T164055Z/scratch --max-dom 3 --hours 1"
1782060614,2026-06-21T17:50:14+01:00,3140664,3140601,S,0,0.0,0.0,1736,2784,"/usr/bin/time -f wall_s=%e\nmaxrss_kib=%M -o proofs/v020/s4/fp64_d01d03_1h_thomas_20260621T164055Z/time.txt taskset -c 0-3 python -m gpuwrf run --input-dir <DATA_ROOT>/wrf_downscale/canary_all7/run --namelist <DATA_ROOT>/wrf_downscale/canary_all7/run/namelist.input --output-dir proofs/v020/s4/fp64_d01d03_1h_thomas_20260621T164055Z/output --proof-dir proofs/v020/s4/fp64_d01d03_1h_thomas_20260621T164055Z/proofs --scratch-dir proofs/v020/s4/fp64_d01d03_1h_thomas_20260621T164055Z/scratch --max-dom 3 --hours 1"
1782060614,2026-06-21T17:50:14+01:00,3140666,3140664,Rl,0,107,12.8,12661104,40656432,"python -m gpuwrf run --input-dir <DATA_ROOT>/wrf_downscale/canary_all7/run --namelist <DATA_ROOT>/wrf_downscale/canary_all7/run/namelist.input --output-dir proofs/v020/s4/fp64_d01d03_1h_thomas_20260621T164055Z/output --proof-dir proofs/v020/s4/fp64_d01d03_1h_thomas_20260621T164055Z/proofs --scratch-dir proofs/v020/s4/fp64_d01d03_1h_thomas_20260621T164055Z/scratch --max-dom 3 --hours 1"
1782060616,2026-06-21T17:50:16+01:00,3140664,3140601,S,0,0.0,0.0,1736,2784,"/usr/bin/time -f wall_s=%e\nmaxrss_kib=%M -o proofs/v020/s4/fp64_d01d03_1h_thomas_20260621T164055Z/time.txt taskset -c 0-3 python -m gpuwrf run --input-dir <DATA_ROOT>/wrf_downscale/canary_all7/run --namelist <DATA_ROOT>/wrf_downscale/canary_all7/run/namelist.input --output-dir proofs/v020/s4/fp64_d01d03_1h_thomas_20260621T164055Z/output --proof-dir proofs/v020/s4/fp64_d01d03_1h_thomas_20260621T164055Z/proofs --scratch-dir proofs/v020/s4/fp64_d01d03_1h_thomas_20260621T164055Z/scratch --max-dom 3 --hours 1"
1782060616,2026-06-21T17:50:16+01:00,3140666,3140664,Rl,0,107,12.8,12661104,40656432,"python -m gpuwrf run --input-dir <DATA_ROOT>/wrf_downscale/canary_all7/run --namelist <DATA_ROOT>/wrf_downscale/canary_all7/run/namelist.input --output-dir proofs/v020/s4/fp64_d01d03_1h_thomas_20260621T164055Z/output --proof-dir proofs/v020/s4/fp64_d01d03_1h_thomas_20260621T164055Z/proofs --scratch-dir proofs/v020/s4/fp64_d01d03_1h_thomas_20260621T164055Z/scratch --max-dom 3 --hours 1"
1782060618,2026-06-21T17:50:18+01:00,3140664,3140601,S,0,0.0,0.0,1736,2784,"/usr/bin/time -f wall_s=%e\nmaxrss_kib=%M -o proofs/v020/s4/fp64_d01d03_1h_thomas_20260621T164055Z/time.txt taskset -c 0-3 python -m gpuwrf run --input-dir <DATA_ROOT>/wrf_downscale/canary_all7/run --namelist <DATA_ROOT>/wrf_downscale/canary_all7/run/namelist.input --output-dir proofs/v020/s4/fp64_d01d03_1h_thomas_20260621T164055Z/output --proof-dir proofs/v020/s4/fp64_d01d03_1h_thomas_20260621T164055Z/proofs --scratch-dir proofs/v020/s4/fp64_d01d03_1h_thomas_20260621T164055Z/scratch --max-dom 3 --hours 1"
1782060618,2026-06-21T17:50:18+01:00,3140666,3140664,Rl,0,107,12.8,12661104,40656432,"python -m gpuwrf run --input-dir <DATA_ROOT>/wrf_downscale/canary_all7/run --namelist <DATA_ROOT>/wrf_downscale/canary_all7/run/namelist.input --output-dir proofs/v020/s4/fp64_d01d03_1h_thomas_20260621T164055Z/output --proof-dir proofs/v020/s4/fp64_d01d03_1h_thomas_20260621T164055Z/proofs --scratch-dir proofs/v020/s4/fp64_d01d03_1h_thomas_20260621T164055Z/scratch --max-dom 3 --hours 1"
1782060621,2026-06-21T17:50:21+01:00,3140664,3140601,S,0,0.0,0.0,1736,2784,"/usr/bin/time -f wall_s=%e\nmaxrss_kib=%M -o proofs/v020/s4/fp64_d01d03_1h_thomas_20260621T164055Z/time.txt taskset -c 0-3 python -m gpuwrf run --input-dir <DATA_ROOT>/wrf_downscale/canary_all7/run --namelist <DATA_ROOT>/wrf_downscale/canary_all7/run/namelist.input --output-dir proofs/v020/s4/fp64_d01d03_1h_thomas_20260621T164055Z/output --proof-dir proofs/v020/s4/fp64_d01d03_1h_thomas_20260621T164055Z/proofs --scratch-dir proofs/v020/s4/fp64_d01d03_1h_thomas_20260621T164055Z/scratch --max-dom 3 --hours 1"
1782060621,2026-06-21T17:50:21+01:00,3140666,3140664,Rl,0,107,12.8,12661104,40656432,"python -m gpuwrf run --input-dir <DATA_ROOT>/wrf_downscale/canary_all7/run --namelist <DATA_ROOT>/wrf_downscale/canary_all7/run/namelist.input --output-dir proofs/v020/s4/fp64_d01d03_1h_thomas_20260621T164055Z/output --proof-dir proofs/v020/s4/fp64_d01d03_1h_thomas_20260621T164055Z/proofs --scratch-dir proofs/v020/s4/fp64_d01d03_1h_thomas_20260621T164055Z/scratch --max-dom 3 --hours 1"
1782060623,2026-06-21T17:50:23+01:00,3140664,3140601,S,0,0.0,0.0,1736,2784,"/usr/bin/time -f wall_s=%e\nmaxrss_kib=%M -o proofs/v020/s4/fp64_d01d03_1h_thomas_20260621T164055Z/time.txt taskset -c 0-3 python -m gpuwrf run --input-dir <DATA_ROOT>/wrf_downscale/canary_all7/run --namelist <DATA_ROOT>/wrf_downscale/canary_all7/run/namelist.input --output-dir proofs/v020/s4/fp64_d01d03_1h_thomas_20260621T164055Z/output --proof-dir proofs/v020/s4/fp64_d01d03_1h_thomas_20260621T164055Z/proofs --scratch-dir proofs/v020/s4/fp64_d01d03_1h_thomas_20260621T164055Z/scratch --max-dom 3 --hours 1"
1782060623,2026-06-21T17:50:23+01:00,3140666,3140664,Rl,0,107,12.8,12661104,40656432,"python -m gpuwrf run --input-dir <DATA_ROOT>/wrf_downscale/canary_all7/run --namelist <DATA_ROOT>/wrf_downscale/canary_all7/run/namelist.input --output-dir proofs/v020/s4/fp64_d01d03_1h_thomas_20260621T164055Z/output --proof-dir proofs/v020/s4/fp64_d01d03_1h_thomas_20260621T164055Z/proofs --scratch-dir proofs/v020/s4/fp64_d01d03_1h_thomas_20260621T164055Z/scratch --max-dom 3 --hours 1"
1782060625,2026-06-21T17:50:25+01:00,3140664,3140601,S,0,0.0,0.0,1736,2784,"/usr/bin/time -f wall_s=%e\nmaxrss_kib=%M -o proofs/v020/s4/fp64_d01d03_1h_thomas_20260621T164055Z/time.txt taskset -c 0-3 python -m gpuwrf run --input-dir <DATA_ROOT>/wrf_downscale/canary_all7/run --namelist <DATA_ROOT>/wrf_downscale/canary_all7/run/namelist.input --output-dir proofs/v020/s4/fp64_d01d03_1h_thomas_20260621T164055Z/output --proof-dir proofs/v020/s4/fp64_d01d03_1h_thomas_20260621T164055Z/proofs --scratch-dir proofs/v020/s4/fp64_d01d03_1h_thomas_20260621T164055Z/scratch --max-dom 3 --hours 1"
1782060625,2026-06-21T17:50:25+01:00,3140666,3140664,Rl,0,107,12.8,12661104,40656432,"python -m gpuwrf run --input-dir <DATA_ROOT>/wrf_downscale/canary_all7/run --namelist <DATA_ROOT>/wrf_downscale/canary_all7/run/namelist.input --output-dir proofs/v020/s4/fp64_d01d03_1h_thomas_20260621T164055Z/output --proof-dir proofs/v020/s4/fp64_d01d03_1h_thomas_20260621T164055Z/proofs --scratch-dir proofs/v020/s4/fp64_d01d03_1h_thomas_20260621T164055Z/scratch --max-dom 3 --hours 1"
1782060627,2026-06-21T17:50:27+01:00,3140664,3140601,S,0,0.0,0.0,1736,2784,"/usr/bin/time -f wall_s=%e\nmaxrss_kib=%M -o proofs/v020/s4/fp64_d01d03_1h_thomas_20260621T164055Z/time.txt taskset -c 0-3 python -m gpuwrf run --input-dir <DATA_ROOT>/wrf_downscale/canary_all7/run --namelist <DATA_ROOT>/wrf_downscale/canary_all7/run/namelist.input --output-dir proofs/v020/s4/fp64_d01d03_1h_thomas_20260621T164055Z/output --proof-dir proofs/v020/s4/fp64_d01d03_1h_thomas_20260621T164055Z/proofs --scratch-dir proofs/v020/s4/fp64_d01d03_1h_thomas_20260621T164055Z/scratch --max-dom 3 --hours 1"
1782060627,2026-06-21T17:50:27+01:00,3140666,3140664,Rl,0,107,12.8,12661104,40656432,"python -m gpuwrf run --input-dir <DATA_ROOT>/wrf_downscale/canary_all7/run --namelist <DATA_ROOT>/wrf_downscale/canary_all7/run/namelist.input --output-dir proofs/v020/s4/fp64_d01d03_1h_thomas_20260621T164055Z/output --proof-dir proofs/v020/s4/fp64_d01d03_1h_thomas_20260621T164055Z/proofs --scratch-dir proofs/v020/s4/fp64_d01d03_1h_thomas_20260621T164055Z/scratch --max-dom 3 --hours 1"
1782060629,2026-06-21T17:50:29+01:00,3140664,3140601,S,0,0.0,0.0,1736,2784,"/usr/bin/time -f wall_s=%e\nmaxrss_kib=%M -o proofs/v020/s4/fp64_d01d03_1h_thomas_20260621T164055Z/time.txt taskset -c 0-3 python -m gpuwrf run --input-dir <DATA_ROOT>/wrf_downscale/canary_all7/run --namelist <DATA_ROOT>/wrf_downscale/canary_all7/run/namelist.input --output-dir proofs/v020/s4/fp64_d01d03_1h_thomas_20260621T164055Z/output --proof-dir proofs/v020/s4/fp64_d01d03_1h_thomas_20260621T164055Z/proofs --scratch-dir proofs/v020/s4/fp64_d01d03_1h_thomas_20260621T164055Z/scratch --max-dom 3 --hours 1"
1782060629,2026-06-21T17:50:29+01:00,3140666,3140664,Rl,0,107,12.8,12661104,40656432,"python -m gpuwrf run --input-dir <DATA_ROOT>/wrf_downscale/canary_all7/run --namelist <DATA_ROOT>/wrf_downscale/canary_all7/run/namelist.input --output-dir proofs/v020/s4/fp64_d01d03_1h_thomas_20260621T164055Z/output --proof-dir proofs/v020/s4/fp64_d01d03_1h_thomas_20260621T164055Z/proofs --scratch-dir proofs/v020/s4/fp64_d01d03_1h_thomas_20260621T164055Z/scratch --max-dom 3 --hours 1"
1782060631,2026-06-21T17:50:31+01:00,3140664,3140601,S,0,0.0,0.0,1736,2784,"/usr/bin/time -f wall_s=%e\nmaxrss_kib=%M -o proofs/v020/s4/fp64_d01d03_1h_thomas_20260621T164055Z/time.txt taskset -c 0-3 python -m gpuwrf run --input-dir <DATA_ROOT>/wrf_downscale/canary_all7/run --namelist <DATA_ROOT>/wrf_downscale/canary_all7/run/namelist.input --output-dir proofs/v020/s4/fp64_d01d03_1h_thomas_20260621T164055Z/output --proof-dir proofs/v020/s4/fp64_d01d03_1h_thomas_20260621T164055Z/proofs --scratch-dir proofs/v020/s4/fp64_d01d03_1h_thomas_20260621T164055Z/scratch --max-dom 3 --hours 1"
1782060631,2026-06-21T17:50:31+01:00,3140666,3140664,Rl,0,107,12.8,12661104,40656432,"python -m gpuwrf run --input-dir <DATA_ROOT>/wrf_downscale/canary_all7/run --namelist <DATA_ROOT>/wrf_downscale/canary_all7/run/namelist.input --output-dir proofs/v020/s4/fp64_d01d03_1h_thomas_20260621T164055Z/output --proof-dir proofs/v020/s4/fp64_d01d03_1h_thomas_20260621T164055Z/proofs --scratch-dir proofs/v020/s4/fp64_d01d03_1h_thomas_20260621T164055Z/scratch --max-dom 3 --hours 1"
1782060633,2026-06-21T17:50:33+01:00,3140664,3140601,S,0,0.0,0.0,1736,2784,"/usr/bin/time -f wall_s=%e\nmaxrss_kib=%M -o proofs/v020/s4/fp64_d01d03_1h_thomas_20260621T164055Z/time.txt taskset -c 0-3 python -m gpuwrf run --input-dir <DATA_ROOT>/wrf_downscale/canary_all7/run --namelist <DATA_ROOT>/wrf_downscale/canary_all7/run/namelist.input --output-dir proofs/v020/s4/fp64_d01d03_1h_thomas_20260621T164055Z/output --proof-dir proofs/v020/s4/fp64_d01d03_1h_thomas_20260621T164055Z/proofs --scratch-dir proofs/v020/s4/fp64_d01d03_1h_thomas_20260621T164055Z/scratch --max-dom 3 --hours 1"
1782060633,2026-06-21T17:50:33+01:00,3140666,3140664,Rl,0,107,12.8,12661104,40656432,"python -m gpuwrf run --input-dir <DATA_ROOT>/wrf_downscale/canary_all7/run --namelist <DATA_ROOT>/wrf_downscale/canary_all7/run/namelist.input --output-dir proofs/v020/s4/fp64_d01d03_1h_thomas_20260621T164055Z/output --proof-dir proofs/v020/s4/fp64_d01d03_1h_thomas_20260621T164055Z/proofs --scratch-dir proofs/v020/s4/fp64_d01d03_1h_thomas_20260621T164055Z/scratch --max-dom 3 --hours 1"
1782060635,2026-06-21T17:50:35+01:00,3140664,3140601,S,0,0.0,0.0,1736,2784,"/usr/bin/time -f wall_s=%e\nmaxrss_kib=%M -o proofs/v020/s4/fp64_d01d03_1h_thomas_20260621T164055Z/time.txt taskset -c 0-3 python -m gpuwrf run --input-dir <DATA_ROOT>/wrf_downscale/canary_all7/run --namelist <DATA_ROOT>/wrf_downscale/canary_all7/run/namelist.input --output-dir proofs/v020/s4/fp64_d01d03_1h_thomas_20260621T164055Z/output --proof-dir proofs/v020/s4/fp64_d01d03_1h_thomas_20260621T164055Z/proofs --scratch-dir proofs/v020/s4/fp64_d01d03_1h_thomas_20260621T164055Z/scratch --max-dom 3 --hours 1"
1782060635,2026-06-21T17:50:35+01:00,3140666,3140664,Rl,3,107,12.8,12661104,40656432,"python -m gpuwrf run --input-dir <DATA_ROOT>/wrf_downscale/canary_all7/run --namelist <DATA_ROOT>/wrf_downscale/canary_all7/run/namelist.input --output-dir proofs/v020/s4/fp64_d01d03_1h_thomas_20260621T164055Z/output --proof-dir proofs/v020/s4/fp64_d01d03_1h_thomas_20260621T164055Z/proofs --scratch-dir proofs/v020/s4/fp64_d01d03_1h_thomas_20260621T164055Z/scratch --max-dom 3 --hours 1"
1782060637,2026-06-21T17:50:37+01:00,3140664,3140601,S,0,0.0,0.0,1736,2784,"/usr/bin/time -f wall_s=%e\nmaxrss_kib=%M -o proofs/v020/s4/fp64_d01d03_1h_thomas_20260621T164055Z/time.txt taskset -c 0-3 python -m gpuwrf run --input-dir <DATA_ROOT>/wrf_downscale/canary_all7/run --namelist <DATA_ROOT>/wrf_downscale/canary_all7/run/namelist.input --output-dir proofs/v020/s4/fp64_d01d03_1h_thomas_20260621T164055Z/output --proof-dir proofs/v020/s4/fp64_d01d03_1h_thomas_20260621T164055Z/proofs --scratch-dir proofs/v020/s4/fp64_d01d03_1h_thomas_20260621T164055Z/scratch --max-dom 3 --hours 1"
1782060637,2026-06-21T17:50:37+01:00,3140666,3140664,Rl,3,107,12.8,12661104,40656432,"python -m gpuwrf run --input-dir <DATA_ROOT>/wrf_downscale/canary_all7/run --namelist <DATA_ROOT>/wrf_downscale/canary_all7/run/namelist.input --output-dir proofs/v020/s4/fp64_d01d03_1h_thomas_20260621T164055Z/output --proof-dir proofs/v020/s4/fp64_d01d03_1h_thomas_20260621T164055Z/proofs --scratch-dir proofs/v020/s4/fp64_d01d03_1h_thomas_20260621T164055Z/scratch --max-dom 3 --hours 1"
1782060640,2026-06-21T17:50:40+01:00,3140664,3140601,S,0,0.0,0.0,1736,2784,"/usr/bin/time -f wall_s=%e\nmaxrss_kib=%M -o proofs/v020/s4/fp64_d01d03_1h_thomas_20260621T164055Z/time.txt taskset -c 0-3 python -m gpuwrf run --input-dir <DATA_ROOT>/wrf_downscale/canary_all7/run --namelist <DATA_ROOT>/wrf_downscale/canary_all7/run/namelist.input --output-dir proofs/v020/s4/fp64_d01d03_1h_thomas_20260621T164055Z/output --proof-dir proofs/v020/s4/fp64_d01d03_1h_thomas_20260621T164055Z/proofs --scratch-dir proofs/v020/s4/fp64_d01d03_1h_thomas_20260621T164055Z/scratch --max-dom 3 --hours 1"
1782060640,2026-06-21T17:50:40+01:00,3140666,3140664,Rl,3,107,12.8,12661104,40656432,"python -m gpuwrf run --input-dir <DATA_ROOT>/wrf_downscale/canary_all7/run --namelist <DATA_ROOT>/wrf_downscale/canary_all7/run/namelist.input --output-dir proofs/v020/s4/fp64_d01d03_1h_thomas_20260621T164055Z/output --proof-dir proofs/v020/s4/fp64_d01d03_1h_thomas_20260621T164055Z/proofs --scratch-dir proofs/v020/s4/fp64_d01d03_1h_thomas_20260621T164055Z/scratch --max-dom 3 --hours 1"
1782060642,2026-06-21T17:50:42+01:00,3140664,3140601,S,0,0.0,0.0,1736,2784,"/usr/bin/time -f wall_s=%e\nmaxrss_kib=%M -o proofs/v020/s4/fp64_d01d03_1h_thomas_20260621T164055Z/time.txt taskset -c 0-3 python -m gpuwrf run --input-dir <DATA_ROOT>/wrf_downscale/canary_all7/run --namelist <DATA_ROOT>/wrf_downscale/canary_all7/run/namelist.input --output-dir proofs/v020/s4/fp64_d01d03_1h_thomas_20260621T164055Z/output --proof-dir proofs/v020/s4/fp64_d01d03_1h_thomas_20260621T164055Z/proofs --scratch-dir proofs/v020/s4/fp64_d01d03_1h_thomas_20260621T164055Z/scratch --max-dom 3 --hours 1"
1782060642,2026-06-21T17:50:42+01:00,3140666,3140664,Rl,3,107,12.8,12661104,40656432,"python -m gpuwrf run --input-dir <DATA_ROOT>/wrf_downscale/canary_all7/run --namelist <DATA_ROOT>/wrf_downscale/canary_all7/run/namelist.input --output-dir proofs/v020/s4/fp64_d01d03_1h_thomas_20260621T164055Z/output --proof-dir proofs/v020/s4/fp64_d01d03_1h_thomas_20260621T164055Z/proofs --scratch-dir proofs/v020/s4/fp64_d01d03_1h_thomas_20260621T164055Z/scratch --max-dom 3 --hours 1"
1782060644,2026-06-21T17:50:44+01:00,3140664,3140601,S,0,0.0,0.0,1736,2784,"/usr/bin/time -f wall_s=%e\nmaxrss_kib=%M -o proofs/v020/s4/fp64_d01d03_1h_thomas_20260621T164055Z/time.txt taskset -c 0-3 python -m gpuwrf run --input-dir <DATA_ROOT>/wrf_downscale/canary_all7/run --namelist <DATA_ROOT>/wrf_downscale/canary_all7/run/namelist.input --output-dir proofs/v020/s4/fp64_d01d03_1h_thomas_20260621T164055Z/output --proof-dir proofs/v020/s4/fp64_d01d03_1h_thomas_20260621T164055Z/proofs --scratch-dir proofs/v020/s4/fp64_d01d03_1h_thomas_20260621T164055Z/scratch --max-dom 3 --hours 1"
1782060644,2026-06-21T17:50:44+01:00,3140666,3140664,Rl,1,107,12.8,12661104,40656432,"python -m gpuwrf run --input-dir <DATA_ROOT>/wrf_downscale/canary_all7/run --namelist <DATA_ROOT>/wrf_downscale/canary_all7/run/namelist.input --output-dir proofs/v020/s4/fp64_d01d03_1h_thomas_20260621T164055Z/output --proof-dir proofs/v020/s4/fp64_d01d03_1h_thomas_20260621T164055Z/proofs --scratch-dir proofs/v020/s4/fp64_d01d03_1h_thomas_20260621T164055Z/scratch --max-dom 3 --hours 1"
1782060646,2026-06-21T17:50:46+01:00,3140664,3140601,S,0,0.0,0.0,1736,2784,"/usr/bin/time -f wall_s=%e\nmaxrss_kib=%M -o proofs/v020/s4/fp64_d01d03_1h_thomas_20260621T164055Z/time.txt taskset -c 0-3 python -m gpuwrf run --input-dir <DATA_ROOT>/wrf_downscale/canary_all7/run --namelist <DATA_ROOT>/wrf_downscale/canary_all7/run/namelist.input --output-dir proofs/v020/s4/fp64_d01d03_1h_thomas_20260621T164055Z/output --proof-dir proofs/v020/s4/fp64_d01d03_1h_thomas_20260621T164055Z/proofs --scratch-dir proofs/v020/s4/fp64_d01d03_1h_thomas_20260621T164055Z/scratch --max-dom 3 --hours 1"
1782060646,2026-06-21T17:50:46+01:00,3140666,3140664,Sl,0,107,12.8,12661104,40656432,"python -m gpuwrf run --input-dir <DATA_ROOT>/wrf_downscale/canary_all7/run --namelist <DATA_ROOT>/wrf_downscale/canary_all7/run/namelist.input --output-dir proofs/v020/s4/fp64_d01d03_1h_thomas_20260621T164055Z/output --proof-dir proofs/v020/s4/fp64_d01d03_1h_thomas_20260621T164055Z/proofs --scratch-dir proofs/v020/s4/fp64_d01d03_1h_thomas_20260621T164055Z/scratch --max-dom 3 --hours 1"
1782060648,2026-06-21T17:50:48+01:00,3140664,3140601,S,0,0.0,0.0,1736,2784,"/usr/bin/time -f wall_s=%e\nmaxrss_kib=%M -o proofs/v020/s4/fp64_d01d03_1h_thomas_20260621T164055Z/time.txt taskset -c 0-3 python -m gpuwrf run --input-dir <DATA_ROOT>/wrf_downscale/canary_all7/run --namelist <DATA_ROOT>/wrf_downscale/canary_all7/run/namelist.input --output-dir proofs/v020/s4/fp64_d01d03_1h_thomas_20260621T164055Z/output --proof-dir proofs/v020/s4/fp64_d01d03_1h_thomas_20260621T164055Z/proofs --scratch-dir proofs/v020/s4/fp64_d01d03_1h_thomas_20260621T164055Z/scratch --max-dom 3 --hours 1"
1782060648,2026-06-21T17:50:48+01:00,3140666,3140664,Rl,0,107,12.8,12661104,40656432,"python -m gpuwrf run --input-dir <DATA_ROOT>/wrf_downscale/canary_all7/run --namelist <DATA_ROOT>/wrf_downscale/canary_all7/run/namelist.input --output-dir proofs/v020/s4/fp64_d01d03_1h_thomas_20260621T164055Z/output --proof-dir proofs/v020/s4/fp64_d01d03_1h_thomas_20260621T164055Z/proofs --scratch-dir proofs/v020/s4/fp64_d01d03_1h_thomas_20260621T164055Z/scratch --max-dom 3 --hours 1"
1782060650,2026-06-21T17:50:50+01:00,3140664,3140601,S,0,0.0,0.0,1736,2784,"/usr/bin/time -f wall_s=%e\nmaxrss_kib=%M -o proofs/v020/s4/fp64_d01d03_1h_thomas_20260621T164055Z/time.txt taskset -c 0-3 python -m gpuwrf run --input-dir <DATA_ROOT>/wrf_downscale/canary_all7/run --namelist <DATA_ROOT>/wrf_downscale/canary_all7/run/namelist.input --output-dir proofs/v020/s4/fp64_d01d03_1h_thomas_20260621T164055Z/output --proof-dir proofs/v020/s4/fp64_d01d03_1h_thomas_20260621T164055Z/proofs --scratch-dir proofs/v020/s4/fp64_d01d03_1h_thomas_20260621T164055Z/scratch --max-dom 3 --hours 1"
1782060650,2026-06-21T17:50:50+01:00,3140666,3140664,Rl,0,107,12.8,12661104,40656432,"python -m gpuwrf run --input-dir <DATA_ROOT>/wrf_downscale/canary_all7/run --namelist <DATA_ROOT>/wrf_downscale/canary_all7/run/namelist.input --output-dir proofs/v020/s4/fp64_d01d03_1h_thomas_20260621T164055Z/output --proof-dir proofs/v020/s4/fp64_d01d03_1h_thomas_20260621T164055Z/proofs --scratch-dir proofs/v020/s4/fp64_d01d03_1h_thomas_20260621T164055Z/scratch --max-dom 3 --hours 1"
1782060652,2026-06-21T17:50:52+01:00,3140664,3140601,S,0,0.0,0.0,1736,2784,"/usr/bin/time -f wall_s=%e\nmaxrss_kib=%M -o proofs/v020/s4/fp64_d01d03_1h_thomas_20260621T164055Z/time.txt taskset -c 0-3 python -m gpuwrf run --input-dir <DATA_ROOT>/wrf_downscale/canary_all7/run --namelist <DATA_ROOT>/wrf_downscale/canary_all7/run/namelist.input --output-dir proofs/v020/s4/fp64_d01d03_1h_thomas_20260621T164055Z/output --proof-dir proofs/v020/s4/fp64_d01d03_1h_thomas_20260621T164055Z/proofs --scratch-dir proofs/v020/s4/fp64_d01d03_1h_thomas_20260621T164055Z/scratch --max-dom 3 --hours 1"
1782060652,2026-06-21T17:50:52+01:00,3140666,3140664,Rl,1,107,12.8,12661232,40656432,"python -m gpuwrf run --input-dir <DATA_ROOT>/wrf_downscale/canary_all7/run --namelist <DATA_ROOT>/wrf_downscale/canary_all7/run/namelist.input --output-dir proofs/v020/s4/fp64_d01d03_1h_thomas_20260621T164055Z/output --proof-dir proofs/v020/s4/fp64_d01d03_1h_thomas_20260621T164055Z/proofs --scratch-dir proofs/v020/s4/fp64_d01d03_1h_thomas_20260621T164055Z/scratch --max-dom 3 --hours 1"
1782060655,2026-06-21T17:50:55+01:00,3140664,3140601,S,0,0.0,0.0,1736,2784,"/usr/bin/time -f wall_s=%e\nmaxrss_kib=%M -o proofs/v020/s4/fp64_d01d03_1h_thomas_20260621T164055Z/time.txt taskset -c 0-3 python -m gpuwrf run --input-dir <DATA_ROOT>/wrf_downscale/canary_all7/run --namelist <DATA_ROOT>/wrf_downscale/canary_all7/run/namelist.input --output-dir proofs/v020/s4/fp64_d01d03_1h_thomas_20260621T164055Z/output --proof-dir proofs/v020/s4/fp64_d01d03_1h_thomas_20260621T164055Z/proofs --scratch-dir proofs/v020/s4/fp64_d01d03_1h_thomas_20260621T164055Z/scratch --max-dom 3 --hours 1"
1782060655,2026-06-21T17:50:55+01:00,3140666,3140664,Sl,3,108,12.8,12661296,40656432,"python -m gpuwrf run --input-dir <DATA_ROOT>/wrf_downscale/canary_all7/run --namelist <DATA_ROOT>/wrf_downscale/canary_all7/run/namelist.input --output-dir proofs/v020/s4/fp64_d01d03_1h_thomas_20260621T164055Z/output --proof-dir proofs/v020/s4/fp64_d01d03_1h_thomas_20260621T164055Z/proofs --scratch-dir proofs/v020/s4/fp64_d01d03_1h_thomas_20260621T164055Z/scratch --max-dom 3 --hours 1"
1782060657,2026-06-21T17:50:57+01:00,3140664,3140601,S,0,0.0,0.0,1736,2784,"/usr/bin/time -f wall_s=%e\nmaxrss_kib=%M -o proofs/v020/s4/fp64_d01d03_1h_thomas_20260621T164055Z/time.txt taskset -c 0-3 python -m gpuwrf run --input-dir <DATA_ROOT>/wrf_downscale/canary_all7/run --namelist <DATA_ROOT>/wrf_downscale/canary_all7/run/namelist.input --output-dir proofs/v020/s4/fp64_d01d03_1h_thomas_20260621T164055Z/output --proof-dir proofs/v020/s4/fp64_d01d03_1h_thomas_20260621T164055Z/proofs --scratch-dir proofs/v020/s4/fp64_d01d03_1h_thomas_20260621T164055Z/scratch --max-dom 3 --hours 1"
1782060657,2026-06-21T17:50:57+01:00,3140666,3140664,Rl,0,108,12.8,12661352,40656432,"python -m gpuwrf run --input-dir <DATA_ROOT>/wrf_downscale/canary_all7/run --namelist <DATA_ROOT>/wrf_downscale/canary_all7/run/namelist.input --output-dir proofs/v020/s4/fp64_d01d03_1h_thomas_20260621T164055Z/output --proof-dir proofs/v020/s4/fp64_d01d03_1h_thomas_20260621T164055Z/proofs --scratch-dir proofs/v020/s4/fp64_d01d03_1h_thomas_20260621T164055Z/scratch --max-dom 3 --hours 1"
1782060659,2026-06-21T17:50:59+01:00,3140664,3140601,S,0,0.0,0.0,1736,2784,"/usr/bin/time -f wall_s=%e\nmaxrss_kib=%M -o proofs/v020/s4/fp64_d01d03_1h_thomas_20260621T164055Z/time.txt taskset -c 0-3 python -m gpuwrf run --input-dir <DATA_ROOT>/wrf_downscale/canary_all7/run --namelist <DATA_ROOT>/wrf_downscale/canary_all7/run/namelist.input --output-dir proofs/v020/s4/fp64_d01d03_1h_thomas_20260621T164055Z/output --proof-dir proofs/v020/s4/fp64_d01d03_1h_thomas_20260621T164055Z/proofs --scratch-dir proofs/v020/s4/fp64_d01d03_1h_thomas_20260621T164055Z/scratch --max-dom 3 --hours 1"
1782060659,2026-06-21T17:50:59+01:00,3140666,3140664,Sl,3,108,12.8,12661396,40656432,"python -m gpuwrf run --input-dir <DATA_ROOT>/wrf_downscale/canary_all7/run --namelist <DATA_ROOT>/wrf_downscale/canary_all7/run/namelist.input --output-dir proofs/v020/s4/fp64_d01d03_1h_thomas_20260621T164055Z/output --proof-dir proofs/v020/s4/fp64_d01d03_1h_thomas_20260621T164055Z/proofs --scratch-dir proofs/v020/s4/fp64_d01d03_1h_thomas_20260621T164055Z/scratch --max-dom 3 --hours 1"
1782060661,2026-06-21T17:51:01+01:00,3140664,3140601,S,0,0.0,0.0,1736,2784,"/usr/bin/time -f wall_s=%e\nmaxrss_kib=%M -o proofs/v020/s4/fp64_d01d03_1h_thomas_20260621T164055Z/time.txt taskset -c 0-3 python -m gpuwrf run --input-dir <DATA_ROOT>/wrf_downscale/canary_all7/run --namelist <DATA_ROOT>/wrf_downscale/canary_all7/run/namelist.input --output-dir proofs/v020/s4/fp64_d01d03_1h_thomas_20260621T164055Z/output --proof-dir proofs/v020/s4/fp64_d01d03_1h_thomas_20260621T164055Z/proofs --scratch-dir proofs/v020/s4/fp64_d01d03_1h_thomas_20260621T164055Z/scratch --max-dom 3 --hours 1"
1782060661,2026-06-21T17:51:01+01:00,3140666,3140664,Rl,0,108,12.8,12661436,40656432,"python -m gpuwrf run --input-dir <DATA_ROOT>/wrf_downscale/canary_all7/run --namelist <DATA_ROOT>/wrf_downscale/canary_all7/run/namelist.input --output-dir proofs/v020/s4/fp64_d01d03_1h_thomas_20260621T164055Z/output --proof-dir proofs/v020/s4/fp64_d01d03_1h_thomas_20260621T164055Z/proofs --scratch-dir proofs/v020/s4/fp64_d01d03_1h_thomas_20260621T164055Z/scratch --max-dom 3 --hours 1"
1782060663,2026-06-21T17:51:03+01:00,3140664,3140601,S,0,0.0,0.0,1736,2784,"/usr/bin/time -f wall_s=%e\nmaxrss_kib=%M -o proofs/v020/s4/fp64_d01d03_1h_thomas_20260621T164055Z/time.txt taskset -c 0-3 python -m gpuwrf run --input-dir <DATA_ROOT>/wrf_downscale/canary_all7/run --namelist <DATA_ROOT>/wrf_downscale/canary_all7/run/namelist.input --output-dir proofs/v020/s4/fp64_d01d03_1h_thomas_20260621T164055Z/output --proof-dir proofs/v020/s4/fp64_d01d03_1h_thomas_20260621T164055Z/proofs --scratch-dir proofs/v020/s4/fp64_d01d03_1h_thomas_20260621T164055Z/scratch --max-dom 3 --hours 1"
1782060663,2026-06-21T17:51:03+01:00,3140666,3140664,Rl,3,108,12.8,12661492,40656432,"python -m gpuwrf run --input-dir <DATA_ROOT>/wrf_downscale/canary_all7/run --namelist <DATA_ROOT>/wrf_downscale/canary_all7/run/namelist.input --output-dir proofs/v020/s4/fp64_d01d03_1h_thomas_20260621T164055Z/output --proof-dir proofs/v020/s4/fp64_d01d03_1h_thomas_20260621T164055Z/proofs --scratch-dir proofs/v020/s4/fp64_d01d03_1h_thomas_20260621T164055Z/scratch --max-dom 3 --hours 1"
1782060665,2026-06-21T17:51:05+01:00,3140664,3140601,S,0,0.0,0.0,1736,2784,"/usr/bin/time -f wall_s=%e\nmaxrss_kib=%M -o proofs/v020/s4/fp64_d01d03_1h_thomas_20260621T164055Z/time.txt taskset -c 0-3 python -m gpuwrf run --input-dir <DATA_ROOT>/wrf_downscale/canary_all7/run --namelist <DATA_ROOT>/wrf_downscale/canary_all7/run/namelist.input --output-dir proofs/v020/s4/fp64_d01d03_1h_thomas_20260621T164055Z/output --proof-dir proofs/v020/s4/fp64_d01d03_1h_thomas_20260621T164055Z/proofs --scratch-dir proofs/v020/s4/fp64_d01d03_1h_thomas_20260621T164055Z/scratch --max-dom 3 --hours 1"
1782060665,2026-06-21T17:51:05+01:00,3140666,3140664,Sl,0,108,12.8,12661572,40656432,"python -m gpuwrf run --input-dir <DATA_ROOT>/wrf_downscale/canary_all7/run --namelist <DATA_ROOT>/wrf_downscale/canary_all7/run/namelist.input --output-dir proofs/v020/s4/fp64_d01d03_1h_thomas_20260621T164055Z/output --proof-dir proofs/v020/s4/fp64_d01d03_1h_thomas_20260621T164055Z/proofs --scratch-dir proofs/v020/s4/fp64_d01d03_1h_thomas_20260621T164055Z/scratch --max-dom 3 --hours 1"
1782060667,2026-06-21T17:51:07+01:00,3140664,3140601,S,0,0.0,0.0,1736,2784,"/usr/bin/time -f wall_s=%e\nmaxrss_kib=%M -o proofs/v020/s4/fp64_d01d03_1h_thomas_20260621T164055Z/time.txt taskset -c 0-3 python -m gpuwrf run --input-dir <DATA_ROOT>/wrf_downscale/canary_all7/run --namelist <DATA_ROOT>/wrf_downscale/canary_all7/run/namelist.input --output-dir proofs/v020/s4/fp64_d01d03_1h_thomas_20260621T164055Z/output --proof-dir proofs/v020/s4/fp64_d01d03_1h_thomas_20260621T164055Z/proofs --scratch-dir proofs/v020/s4/fp64_d01d03_1h_thomas_20260621T164055Z/scratch --max-dom 3 --hours 1"
1782060667,2026-06-21T17:51:07+01:00,3140666,3140664,Rl,2,108,12.8,12661708,40656432,"python -m gpuwrf run --input-dir <DATA_ROOT>/wrf_downscale/canary_all7/run --namelist <DATA_ROOT>/wrf_downscale/canary_all7/run/namelist.input --output-dir proofs/v020/s4/fp64_d01d03_1h_thomas_20260621T164055Z/output --proof-dir proofs/v020/s4/fp64_d01d03_1h_thomas_20260621T164055Z/proofs --scratch-dir proofs/v020/s4/fp64_d01d03_1h_thomas_20260621T164055Z/scratch --max-dom 3 --hours 1"
1782060670,2026-06-21T17:51:10+01:00,3140664,3140601,S,0,0.0,0.0,1736,2784,"/usr/bin/time -f wall_s=%e\nmaxrss_kib=%M -o proofs/v020/s4/fp64_d01d03_1h_thomas_20260621T164055Z/time.txt taskset -c 0-3 python -m gpuwrf run --input-dir <DATA_ROOT>/wrf_downscale/canary_all7/run --namelist <DATA_ROOT>/wrf_downscale/canary_all7/run/namelist.input --output-dir proofs/v020/s4/fp64_d01d03_1h_thomas_20260621T164055Z/output --proof-dir proofs/v020/s4/fp64_d01d03_1h_thomas_20260621T164055Z/proofs --scratch-dir proofs/v020/s4/fp64_d01d03_1h_thomas_20260621T164055Z/scratch --max-dom 3 --hours 1"
1782060670,2026-06-21T17:51:10+01:00,3140666,3140664,Rl,3,109,12.8,12661968,40656432,"python -m gpuwrf run --input-dir <DATA_ROOT>/wrf_downscale/canary_all7/run --namelist <DATA_ROOT>/wrf_downscale/canary_all7/run/namelist.input --output-dir proofs/v020/s4/fp64_d01d03_1h_thomas_20260621T164055Z/output --proof-dir proofs/v020/s4/fp64_d01d03_1h_thomas_20260621T164055Z/proofs --scratch-dir proofs/v020/s4/fp64_d01d03_1h_thomas_20260621T164055Z/scratch --max-dom 3 --hours 1"
1782060672,2026-06-21T17:51:12+01:00,3140664,3140601,S,0,0.0,0.0,1736,2784,"/usr/bin/time -f wall_s=%e\nmaxrss_kib=%M -o proofs/v020/s4/fp64_d01d03_1h_thomas_20260621T164055Z/time.txt taskset -c 0-3 python -m gpuwrf run --input-dir <DATA_ROOT>/wrf_downscale/canary_all7/run --namelist <DATA_ROOT>/wrf_downscale/canary_all7/run/namelist.input --output-dir proofs/v020/s4/fp64_d01d03_1h_thomas_20260621T164055Z/output --proof-dir proofs/v020/s4/fp64_d01d03_1h_thomas_20260621T164055Z/proofs --scratch-dir proofs/v020/s4/fp64_d01d03_1h_thomas_20260621T164055Z/scratch --max-dom 3 --hours 1"
1782060672,2026-06-21T17:51:12+01:00,3140666,3140664,Rl,0,109,12.8,12662196,40656432,"python -m gpuwrf run --input-dir <DATA_ROOT>/wrf_downscale/canary_all7/run --namelist <DATA_ROOT>/wrf_downscale/canary_all7/run/namelist.input --output-dir proofs/v020/s4/fp64_d01d03_1h_thomas_20260621T164055Z/output --proof-dir proofs/v020/s4/fp64_d01d03_1h_thomas_20260621T164055Z/proofs --scratch-dir proofs/v020/s4/fp64_d01d03_1h_thomas_20260621T164055Z/scratch --max-dom 3 --hours 1"
1782060674,2026-06-21T17:51:14+01:00,3140664,3140601,S,0,0.0,0.0,1736,2784,"/usr/bin/time -f wall_s=%e\nmaxrss_kib=%M -o proofs/v020/s4/fp64_d01d03_1h_thomas_20260621T164055Z/time.txt taskset -c 0-3 python -m gpuwrf run --input-dir <DATA_ROOT>/wrf_downscale/canary_all7/run --namelist <DATA_ROOT>/wrf_downscale/canary_all7/run/namelist.input --output-dir proofs/v020/s4/fp64_d01d03_1h_thomas_20260621T164055Z/output --proof-dir proofs/v020/s4/fp64_d01d03_1h_thomas_20260621T164055Z/proofs --scratch-dir proofs/v020/s4/fp64_d01d03_1h_thomas_20260621T164055Z/scratch --max-dom 3 --hours 1"
1782060674,2026-06-21T17:51:14+01:00,3140666,3140664,Rl,0,109,12.8,12662524,40656432,"python -m gpuwrf run --input-dir <DATA_ROOT>/wrf_downscale/canary_all7/run --namelist <DATA_ROOT>/wrf_downscale/canary_all7/run/namelist.input --output-dir proofs/v020/s4/fp64_d01d03_1h_thomas_20260621T164055Z/output --proof-dir proofs/v020/s4/fp64_d01d03_1h_thomas_20260621T164055Z/proofs --scratch-dir proofs/v020/s4/fp64_d01d03_1h_thomas_20260621T164055Z/scratch --max-dom 3 --hours 1"
1782060676,2026-06-21T17:51:16+01:00,3140664,3140601,S,0,0.0,0.0,1736,2784,"/usr/bin/time -f wall_s=%e\nmaxrss_kib=%M -o proofs/v020/s4/fp64_d01d03_1h_thomas_20260621T164055Z/time.txt taskset -c 0-3 python -m gpuwrf run --input-dir <DATA_ROOT>/wrf_downscale/canary_all7/run --namelist <DATA_ROOT>/wrf_downscale/canary_all7/run/namelist.input --output-dir proofs/v020/s4/fp64_d01d03_1h_thomas_20260621T164055Z/output --proof-dir proofs/v020/s4/fp64_d01d03_1h_thomas_20260621T164055Z/proofs --scratch-dir proofs/v020/s4/fp64_d01d03_1h_thomas_20260621T164055Z/scratch --max-dom 3 --hours 1"
1782060676,2026-06-21T17:51:16+01:00,3140666,3140664,Sl,3,109,12.8,12663032,40656432,"python -m gpuwrf run --input-dir <DATA_ROOT>/wrf_downscale/canary_all7/run --namelist <DATA_ROOT>/wrf_downscale/canary_all7/run/namelist.input --output-dir proofs/v020/s4/fp64_d01d03_1h_thomas_20260621T164055Z/output --proof-dir proofs/v020/s4/fp64_d01d03_1h_thomas_20260621T164055Z/proofs --scratch-dir proofs/v020/s4/fp64_d01d03_1h_thomas_20260621T164055Z/scratch --max-dom 3 --hours 1"
1782060678,2026-06-21T17:51:18+01:00,3140664,3140601,S,0,0.0,0.0,1736,2784,"/usr/bin/time -f wall_s=%e\nmaxrss_kib=%M -o proofs/v020/s4/fp64_d01d03_1h_thomas_20260621T164055Z/time.txt taskset -c 0-3 python -m gpuwrf run --input-dir <DATA_ROOT>/wrf_downscale/canary_all7/run --namelist <DATA_ROOT>/wrf_downscale/canary_all7/run/namelist.input --output-dir proofs/v020/s4/fp64_d01d03_1h_thomas_20260621T164055Z/output --proof-dir proofs/v020/s4/fp64_d01d03_1h_thomas_20260621T164055Z/proofs --scratch-dir proofs/v020/s4/fp64_d01d03_1h_thomas_20260621T164055Z/scratch --max-dom 3 --hours 1"
1782060678,2026-06-21T17:51:18+01:00,3140666,3140664,Rl,0,109,12.8,12664012,40656432,"python -m gpuwrf run --input-dir <DATA_ROOT>/wrf_downscale/canary_all7/run --namelist <DATA_ROOT>/wrf_downscale/canary_all7/run/namelist.input --output-dir proofs/v020/s4/fp64_d01d03_1h_thomas_20260621T164055Z/output --proof-dir proofs/v020/s4/fp64_d01d03_1h_thomas_20260621T164055Z/proofs --scratch-dir proofs/v020/s4/fp64_d01d03_1h_thomas_20260621T164055Z/scratch --max-dom 3 --hours 1"
1782060680,2026-06-21T17:51:20+01:00,3140664,3140601,S,0,0.0,0.0,1736,2784,"/usr/bin/time -f wall_s=%e\nmaxrss_kib=%M -o proofs/v020/s4/fp64_d01d03_1h_thomas_20260621T164055Z/time.txt taskset -c 0-3 python -m gpuwrf run --input-dir <DATA_ROOT>/wrf_downscale/canary_all7/run --namelist <DATA_ROOT>/wrf_downscale/canary_all7/run/namelist.input --output-dir proofs/v020/s4/fp64_d01d03_1h_thomas_20260621T164055Z/output --proof-dir proofs/v020/s4/fp64_d01d03_1h_thomas_20260621T164055Z/proofs --scratch-dir proofs/v020/s4/fp64_d01d03_1h_thomas_20260621T164055Z/scratch --max-dom 3 --hours 1"
1782060680,2026-06-21T17:51:20+01:00,3140666,3140664,Sl,3,109,12.8,12684100,40676324,"python -m gpuwrf run --input-dir <DATA_ROOT>/wrf_downscale/canary_all7/run --namelist <DATA_ROOT>/wrf_downscale/canary_all7/run/namelist.input --output-dir proofs/v020/s4/fp64_d01d03_1h_thomas_20260621T164055Z/output --proof-dir proofs/v020/s4/fp64_d01d03_1h_thomas_20260621T164055Z/proofs --scratch-dir proofs/v020/s4/fp64_d01d03_1h_thomas_20260621T164055Z/scratch --max-dom 3 --hours 1"
1782060682,2026-06-21T17:51:22+01:00,3140664,3140601,S,0,0.0,0.0,1736,2784,"/usr/bin/time -f wall_s=%e\nmaxrss_kib=%M -o proofs/v020/s4/fp64_d01d03_1h_thomas_20260621T164055Z/time.txt taskset -c 0-3 python -m gpuwrf run --input-dir <DATA_ROOT>/wrf_downscale/canary_all7/run --namelist <DATA_ROOT>/wrf_downscale/canary_all7/run/namelist.input --output-dir proofs/v020/s4/fp64_d01d03_1h_thomas_20260621T164055Z/output --proof-dir proofs/v020/s4/fp64_d01d03_1h_thomas_20260621T164055Z/proofs --scratch-dir proofs/v020/s4/fp64_d01d03_1h_thomas_20260621T164055Z/scratch --max-dom 3 --hours 1"
1782060682,2026-06-21T17:51:22+01:00,3140666,3140664,Rl,1,110,12.8,12684196,40676324,"python -m gpuwrf run --input-dir <DATA_ROOT>/wrf_downscale/canary_all7/run --namelist <DATA_ROOT>/wrf_downscale/canary_all7/run/namelist.input --output-dir proofs/v020/s4/fp64_d01d03_1h_thomas_20260621T164055Z/output --proof-dir proofs/v020/s4/fp64_d01d03_1h_thomas_20260621T164055Z/proofs --scratch-dir proofs/v020/s4/fp64_d01d03_1h_thomas_20260621T164055Z/scratch --max-dom 3 --hours 1"
1782060684,2026-06-21T17:51:24+01:00,3140664,3140601,S,0,0.0,0.0,1736,2784,"/usr/bin/time -f wall_s=%e\nmaxrss_kib=%M -o proofs/v020/s4/fp64_d01d03_1h_thomas_20260621T164055Z/time.txt taskset -c 0-3 python -m gpuwrf run --input-dir <DATA_ROOT>/wrf_downscale/canary_all7/run --namelist <DATA_ROOT>/wrf_downscale/canary_all7/run/namelist.input --output-dir proofs/v020/s4/fp64_d01d03_1h_thomas_20260621T164055Z/output --proof-dir proofs/v020/s4/fp64_d01d03_1h_thomas_20260621T164055Z/proofs --scratch-dir proofs/v020/s4/fp64_d01d03_1h_thomas_20260621T164055Z/scratch --max-dom 3 --hours 1"
1782060684,2026-06-21T17:51:24+01:00,3140666,3140664,Sl,3,110,12.8,12684300,40676324,"python -m gpuwrf run --input-dir <DATA_ROOT>/wrf_downscale/canary_all7/run --namelist <DATA_ROOT>/wrf_downscale/canary_all7/run/namelist.input --output-dir proofs/v020/s4/fp64_d01d03_1h_thomas_20260621T164055Z/output --proof-dir proofs/v020/s4/fp64_d01d03_1h_thomas_20260621T164055Z/proofs --scratch-dir proofs/v020/s4/fp64_d01d03_1h_thomas_20260621T164055Z/scratch --max-dom 3 --hours 1"
1782060687,2026-06-21T17:51:27+01:00,3140664,3140601,S,0,0.0,0.0,1736,2784,"/usr/bin/time -f wall_s=%e\nmaxrss_kib=%M -o proofs/v020/s4/fp64_d01d03_1h_thomas_20260621T164055Z/time.txt taskset -c 0-3 python -m gpuwrf run --input-dir <DATA_ROOT>/wrf_downscale/canary_all7/run --namelist <DATA_ROOT>/wrf_downscale/canary_all7/run/namelist.input --output-dir proofs/v020/s4/fp64_d01d03_1h_thomas_20260621T164055Z/output --proof-dir proofs/v020/s4/fp64_d01d03_1h_thomas_20260621T164055Z/proofs --scratch-dir proofs/v020/s4/fp64_d01d03_1h_thomas_20260621T164055Z/scratch --max-dom 3 --hours 1"
1782060687,2026-06-21T17:51:27+01:00,3140666,3140664,Rl,0,110,12.8,12684420,40676324,"python -m gpuwrf run --input-dir <DATA_ROOT>/wrf_downscale/canary_all7/run --namelist <DATA_ROOT>/wrf_downscale/canary_all7/run/namelist.input --output-dir proofs/v020/s4/fp64_d01d03_1h_thomas_20260621T164055Z/output --proof-dir proofs/v020/s4/fp64_d01d03_1h_thomas_20260621T164055Z/proofs --scratch-dir proofs/v020/s4/fp64_d01d03_1h_thomas_20260621T164055Z/scratch --max-dom 3 --hours 1"
1782060689,2026-06-21T17:51:29+01:00,3140664,3140601,S,0,0.0,0.0,1736,2784,"/usr/bin/time -f wall_s=%e\nmaxrss_kib=%M -o proofs/v020/s4/fp64_d01d03_1h_thomas_20260621T164055Z/time.txt taskset -c 0-3 python -m gpuwrf run --input-dir <DATA_ROOT>/wrf_downscale/canary_all7/run --namelist <DATA_ROOT>/wrf_downscale/canary_all7/run/namelist.input --output-dir proofs/v020/s4/fp64_d01d03_1h_thomas_20260621T164055Z/output --proof-dir proofs/v020/s4/fp64_d01d03_1h_thomas_20260621T164055Z/proofs --scratch-dir proofs/v020/s4/fp64_d01d03_1h_thomas_20260621T164055Z/scratch --max-dom 3 --hours 1"
1782060689,2026-06-21T17:51:29+01:00,3140666,3140664,Rl,2,110,12.8,12684528,40676324,"python -m gpuwrf run --input-dir <DATA_ROOT>/wrf_downscale/canary_all7/run --namelist <DATA_ROOT>/wrf_downscale/canary_all7/run/namelist.input --output-dir proofs/v020/s4/fp64_d01d03_1h_thomas_20260621T164055Z/output --proof-dir proofs/v020/s4/fp64_d01d03_1h_thomas_20260621T164055Z/proofs --scratch-dir proofs/v020/s4/fp64_d01d03_1h_thomas_20260621T164055Z/scratch --max-dom 3 --hours 1"
1782060691,2026-06-21T17:51:31+01:00,3140664,3140601,S,0,0.0,0.0,1736,2784,"/usr/bin/time -f wall_s=%e\nmaxrss_kib=%M -o proofs/v020/s4/fp64_d01d03_1h_thomas_20260621T164055Z/time.txt taskset -c 0-3 python -m gpuwrf run --input-dir <DATA_ROOT>/wrf_downscale/canary_all7/run --namelist <DATA_ROOT>/wrf_downscale/canary_all7/run/namelist.input --output-dir proofs/v020/s4/fp64_d01d03_1h_thomas_20260621T164055Z/output --proof-dir proofs/v020/s4/fp64_d01d03_1h_thomas_20260621T164055Z/proofs --scratch-dir proofs/v020/s4/fp64_d01d03_1h_thomas_20260621T164055Z/scratch --max-dom 3 --hours 1"
1782060691,2026-06-21T17:51:31+01:00,3140666,3140664,Rl,2,110,12.8,12684892,40676324,"python -m gpuwrf run --input-dir <DATA_ROOT>/wrf_downscale/canary_all7/run --namelist <DATA_ROOT>/wrf_downscale/canary_all7/run/namelist.input --output-dir proofs/v020/s4/fp64_d01d03_1h_thomas_20260621T164055Z/output --proof-dir proofs/v020/s4/fp64_d01d03_1h_thomas_20260621T164055Z/proofs --scratch-dir proofs/v020/s4/fp64_d01d03_1h_thomas_20260621T164055Z/scratch --max-dom 3 --hours 1"
1782060693,2026-06-21T17:51:33+01:00,3140664,3140601,S,0,0.0,0.0,1736,2784,"/usr/bin/time -f wall_s=%e\nmaxrss_kib=%M -o proofs/v020/s4/fp64_d01d03_1h_thomas_20260621T164055Z/time.txt taskset -c 0-3 python -m gpuwrf run --input-dir <DATA_ROOT>/wrf_downscale/canary_all7/run --namelist <DATA_ROOT>/wrf_downscale/canary_all7/run/namelist.input --output-dir proofs/v020/s4/fp64_d01d03_1h_thomas_20260621T164055Z/output --proof-dir proofs/v020/s4/fp64_d01d03_1h_thomas_20260621T164055Z/proofs --scratch-dir proofs/v020/s4/fp64_d01d03_1h_thomas_20260621T164055Z/scratch --max-dom 3 --hours 1"
1782060693,2026-06-21T17:51:33+01:00,3140666,3140664,Rl,1,110,12.8,12688108,40676324,"python -m gpuwrf run --input-dir <DATA_ROOT>/wrf_downscale/canary_all7/run --namelist <DATA_ROOT>/wrf_downscale/canary_all7/run/namelist.input --output-dir proofs/v020/s4/fp64_d01d03_1h_thomas_20260621T164055Z/output --proof-dir proofs/v020/s4/fp64_d01d03_1h_thomas_20260621T164055Z/proofs --scratch-dir proofs/v020/s4/fp64_d01d03_1h_thomas_20260621T164055Z/scratch --max-dom 3 --hours 1"
1782060695,2026-06-21T17:51:35+01:00,3140664,3140601,S,0,0.0,0.0,1736,2784,"/usr/bin/time -f wall_s=%e\nmaxrss_kib=%M -o proofs/v020/s4/fp64_d01d03_1h_thomas_20260621T164055Z/time.txt taskset -c 0-3 python -m gpuwrf run --input-dir <DATA_ROOT>/wrf_downscale/canary_all7/run --namelist <DATA_ROOT>/wrf_downscale/canary_all7/run/namelist.input --output-dir proofs/v020/s4/fp64_d01d03_1h_thomas_20260621T164055Z/output --proof-dir proofs/v020/s4/fp64_d01d03_1h_thomas_20260621T164055Z/proofs --scratch-dir proofs/v020/s4/fp64_d01d03_1h_thomas_20260621T164055Z/scratch --max-dom 3 --hours 1"
1782060695,2026-06-21T17:51:35+01:00,3140666,3140664,Rl,3,110,13.0,12834520,40823612,"python -m gpuwrf run --input-dir <DATA_ROOT>/wrf_downscale/canary_all7/run --namelist <DATA_ROOT>/wrf_downscale/canary_all7/run/namelist.input --output-dir proofs/v020/s4/fp64_d01d03_1h_thomas_20260621T164055Z/output --proof-dir proofs/v020/s4/fp64_d01d03_1h_thomas_20260621T164055Z/proofs --scratch-dir proofs/v020/s4/fp64_d01d03_1h_thomas_20260621T164055Z/scratch --max-dom 3 --hours 1"
1782060697,2026-06-21T17:51:37+01:00,3140664,3140601,S,0,0.0,0.0,1736,2784,"/usr/bin/time -f wall_s=%e\nmaxrss_kib=%M -o proofs/v020/s4/fp64_d01d03_1h_thomas_20260621T164055Z/time.txt taskset -c 0-3 python -m gpuwrf run --input-dir <DATA_ROOT>/wrf_downscale/canary_all7/run --namelist <DATA_ROOT>/wrf_downscale/canary_all7/run/namelist.input --output-dir proofs/v020/s4/fp64_d01d03_1h_thomas_20260621T164055Z/output --proof-dir proofs/v020/s4/fp64_d01d03_1h_thomas_20260621T164055Z/proofs --scratch-dir proofs/v020/s4/fp64_d01d03_1h_thomas_20260621T164055Z/scratch --max-dom 3 --hours 1"
1782060697,2026-06-21T17:51:37+01:00,3140666,3140664,Sl,1,110,13.3,13104648,41094676,"python -m gpuwrf run --input-dir <DATA_ROOT>/wrf_downscale/canary_all7/run --namelist <DATA_ROOT>/wrf_downscale/canary_all7/run/namelist.input --output-dir proofs/v020/s4/fp64_d01d03_1h_thomas_20260621T164055Z/output --proof-dir proofs/v020/s4/fp64_d01d03_1h_thomas_20260621T164055Z/proofs --scratch-dir proofs/v020/s4/fp64_d01d03_1h_thomas_20260621T164055Z/scratch --max-dom 3 --hours 1"
1782060699,2026-06-21T17:51:39+01:00,3140664,3140601,S,0,0.0,0.0,1736,2784,"/usr/bin/time -f wall_s=%e\nmaxrss_kib=%M -o proofs/v020/s4/fp64_d01d03_1h_thomas_20260621T164055Z/time.txt taskset -c 0-3 python -m gpuwrf run --input-dir <DATA_ROOT>/wrf_downscale/canary_all7/run --namelist <DATA_ROOT>/wrf_downscale/canary_all7/run/namelist.input --output-dir proofs/v020/s4/fp64_d01d03_1h_thomas_20260621T164055Z/output --proof-dir proofs/v020/s4/fp64_d01d03_1h_thomas_20260621T164055Z/proofs --scratch-dir proofs/v020/s4/fp64_d01d03_1h_thomas_20260621T164055Z/scratch --max-dom 3 --hours 1"
1782060699,2026-06-21T17:51:39+01:00,3140666,3140664,Sl,2,111,13.6,13460036,41451168,"python -m gpuwrf run --input-dir <DATA_ROOT>/wrf_downscale/canary_all7/run --namelist <DATA_ROOT>/wrf_downscale/canary_all7/run/namelist.input --output-dir proofs/v020/s4/fp64_d01d03_1h_thomas_20260621T164055Z/output --proof-dir proofs/v020/s4/fp64_d01d03_1h_thomas_20260621T164055Z/proofs --scratch-dir proofs/v020/s4/fp64_d01d03_1h_thomas_20260621T164055Z/scratch --max-dom 3 --hours 1"
1782060701,2026-06-21T17:51:41+01:00,3140664,3140601,S,0,0.0,0.0,1736,2784,"/usr/bin/time -f wall_s=%e\nmaxrss_kib=%M -o proofs/v020/s4/fp64_d01d03_1h_thomas_20260621T164055Z/time.txt taskset -c 0-3 python -m gpuwrf run --input-dir <DATA_ROOT>/wrf_downscale/canary_all7/run --namelist <DATA_ROOT>/wrf_downscale/canary_all7/run/namelist.input --output-dir proofs/v020/s4/fp64_d01d03_1h_thomas_20260621T164055Z/output --proof-dir proofs/v020/s4/fp64_d01d03_1h_thomas_20260621T164055Z/proofs --scratch-dir proofs/v020/s4/fp64_d01d03_1h_thomas_20260621T164055Z/scratch --max-dom 3 --hours 1"
1782060701,2026-06-21T17:51:41+01:00,3140666,3140664,Rl,1,111,14.0,13780080,41771280,"python -m gpuwrf run --input-dir <DATA_ROOT>/wrf_downscale/canary_all7/run --namelist <DATA_ROOT>/wrf_downscale/canary_all7/run/namelist.input --output-dir proofs/v020/s4/fp64_d01d03_1h_thomas_20260621T164055Z/output --proof-dir proofs/v020/s4/fp64_d01d03_1h_thomas_20260621T164055Z/proofs --scratch-dir proofs/v020/s4/fp64_d01d03_1h_thomas_20260621T164055Z/scratch --max-dom 3 --hours 1"
1782060703,2026-06-21T17:51:43+01:00,3140664,3140601,S,0,0.0,0.0,1736,2784,"/usr/bin/time -f wall_s=%e\nmaxrss_kib=%M -o proofs/v020/s4/fp64_d01d03_1h_thomas_20260621T164055Z/time.txt taskset -c 0-3 python -m gpuwrf run --input-dir <DATA_ROOT>/wrf_downscale/canary_all7/run --namelist <DATA_ROOT>/wrf_downscale/canary_all7/run/namelist.input --output-dir proofs/v020/s4/fp64_d01d03_1h_thomas_20260621T164055Z/output --proof-dir proofs/v020/s4/fp64_d01d03_1h_thomas_20260621T164055Z/proofs --scratch-dir proofs/v020/s4/fp64_d01d03_1h_thomas_20260621T164055Z/scratch --max-dom 3 --hours 1"
1782060703,2026-06-21T17:51:43+01:00,3140666,3140664,Rl,3,111,14.1,13947588,41938888,"python -m gpuwrf run --input-dir <DATA_ROOT>/wrf_downscale/canary_all7/run --namelist <DATA_ROOT>/wrf_downscale/canary_all7/run/namelist.input --output-dir proofs/v020/s4/fp64_d01d03_1h_thomas_20260621T164055Z/output --proof-dir proofs/v020/s4/fp64_d01d03_1h_thomas_20260621T164055Z/proofs --scratch-dir proofs/v020/s4/fp64_d01d03_1h_thomas_20260621T164055Z/scratch --max-dom 3 --hours 1"
1782060706,2026-06-21T17:51:46+01:00,3140664,3140601,S,0,0.0,0.0,1736,2784,"/usr/bin/time -f wall_s=%e\nmaxrss_kib=%M -o proofs/v020/s4/fp64_d01d03_1h_thomas_20260621T164055Z/time.txt taskset -c 0-3 python -m gpuwrf run --input-dir <DATA_ROOT>/wrf_downscale/canary_all7/run --namelist <DATA_ROOT>/wrf_downscale/canary_all7/run/namelist.input --output-dir proofs/v020/s4/fp64_d01d03_1h_thomas_20260621T164055Z/output --proof-dir proofs/v020/s4/fp64_d01d03_1h_thomas_20260621T164055Z/proofs --scratch-dir proofs/v020/s4/fp64_d01d03_1h_thomas_20260621T164055Z/scratch --max-dom 3 --hours 1"
1782060706,2026-06-21T17:51:46+01:00,3140666,3140664,Sl,0,111,14.2,14065708,42056420,"python -m gpuwrf run --input-dir <DATA_ROOT>/wrf_downscale/canary_all7/run --namelist <DATA_ROOT>/wrf_downscale/canary_all7/run/namelist.input --output-dir proofs/v020/s4/fp64_d01d03_1h_thomas_20260621T164055Z/output --proof-dir proofs/v020/s4/fp64_d01d03_1h_thomas_20260621T164055Z/proofs --scratch-dir proofs/v020/s4/fp64_d01d03_1h_thomas_20260621T164055Z/scratch --max-dom 3 --hours 1"
1782060708,2026-06-21T17:51:48+01:00,3140664,3140601,S,0,0.0,0.0,1736,2784,"/usr/bin/time -f wall_s=%e\nmaxrss_kib=%M -o proofs/v020/s4/fp64_d01d03_1h_thomas_20260621T164055Z/time.txt taskset -c 0-3 python -m gpuwrf run --input-dir <DATA_ROOT>/wrf_downscale/canary_all7/run --namelist <DATA_ROOT>/wrf_downscale/canary_all7/run/namelist.input --output-dir proofs/v020/s4/fp64_d01d03_1h_thomas_20260621T164055Z/output --proof-dir proofs/v020/s4/fp64_d01d03_1h_thomas_20260621T164055Z/proofs --scratch-dir proofs/v020/s4/fp64_d01d03_1h_thomas_20260621T164055Z/scratch --max-dom 3 --hours 1"
1782060708,2026-06-21T17:51:48+01:00,3140666,3140664,Rl,3,111,14.3,14160272,42150680,"python -m gpuwrf run --input-dir <DATA_ROOT>/wrf_downscale/canary_all7/run --namelist <DATA_ROOT>/wrf_downscale/canary_all7/run/namelist.input --output-dir proofs/v020/s4/fp64_d01d03_1h_thomas_20260621T164055Z/output --proof-dir proofs/v020/s4/fp64_d01d03_1h_thomas_20260621T164055Z/proofs --scratch-dir proofs/v020/s4/fp64_d01d03_1h_thomas_20260621T164055Z/scratch --max-dom 3 --hours 1"
1782060710,2026-06-21T17:51:50+01:00,3140664,3140601,S,0,0.0,0.0,1736,2784,"/usr/bin/time -f wall_s=%e\nmaxrss_kib=%M -o proofs/v020/s4/fp64_d01d03_1h_thomas_20260621T164055Z/time.txt taskset -c 0-3 python -m gpuwrf run --input-dir <DATA_ROOT>/wrf_downscale/canary_all7/run --namelist <DATA_ROOT>/wrf_downscale/canary_all7/run/namelist.input --output-dir proofs/v020/s4/fp64_d01d03_1h_thomas_20260621T164055Z/output --proof-dir proofs/v020/s4/fp64_d01d03_1h_thomas_20260621T164055Z/proofs --scratch-dir proofs/v020/s4/fp64_d01d03_1h_thomas_20260621T164055Z/scratch --max-dom 3 --hours 1"
1782060710,2026-06-21T17:51:50+01:00,3140666,3140664,Rl,2,111,14.4,14215284,42204828,"python -m gpuwrf run --input-dir <DATA_ROOT>/wrf_downscale/canary_all7/run --namelist <DATA_ROOT>/wrf_downscale/canary_all7/run/namelist.input --output-dir proofs/v020/s4/fp64_d01d03_1h_thomas_20260621T164055Z/output --proof-dir proofs/v020/s4/fp64_d01d03_1h_thomas_20260621T164055Z/proofs --scratch-dir proofs/v020/s4/fp64_d01d03_1h_thomas_20260621T164055Z/scratch --max-dom 3 --hours 1"
1782060712,2026-06-21T17:51:52+01:00,3140664,3140601,S,0,0.0,0.0,1736,2784,"/usr/bin/time -f wall_s=%e\nmaxrss_kib=%M -o proofs/v020/s4/fp64_d01d03_1h_thomas_20260621T164055Z/time.txt taskset -c 0-3 python -m gpuwrf run --input-dir <DATA_ROOT>/wrf_downscale/canary_all7/run --namelist <DATA_ROOT>/wrf_downscale/canary_all7/run/namelist.input --output-dir proofs/v020/s4/fp64_d01d03_1h_thomas_20260621T164055Z/output --proof-dir proofs/v020/s4/fp64_d01d03_1h_thomas_20260621T164055Z/proofs --scratch-dir proofs/v020/s4/fp64_d01d03_1h_thomas_20260621T164055Z/scratch --max-dom 3 --hours 1"
1782060712,2026-06-21T17:51:52+01:00,3140666,3140664,Rl,1,111,14.5,14321948,42309000,"python -m gpuwrf run --input-dir <DATA_ROOT>/wrf_downscale/canary_all7/run --namelist <DATA_ROOT>/wrf_downscale/canary_all7/run/namelist.input --output-dir proofs/v020/s4/fp64_d01d03_1h_thomas_20260621T164055Z/output --proof-dir proofs/v020/s4/fp64_d01d03_1h_thomas_20260621T164055Z/proofs --scratch-dir proofs/v020/s4/fp64_d01d03_1h_thomas_20260621T164055Z/scratch --max-dom 3 --hours 1"
1782060714,2026-06-21T17:51:54+01:00,3140664,3140601,S,0,0.0,0.0,1736,2784,"/usr/bin/time -f wall_s=%e\nmaxrss_kib=%M -o proofs/v020/s4/fp64_d01d03_1h_thomas_20260621T164055Z/time.txt taskset -c 0-3 python -m gpuwrf run --input-dir <DATA_ROOT>/wrf_downscale/canary_all7/run --namelist <DATA_ROOT>/wrf_downscale/canary_all7/run/namelist.input --output-dir proofs/v020/s4/fp64_d01d03_1h_thomas_20260621T164055Z/output --proof-dir proofs/v020/s4/fp64_d01d03_1h_thomas_20260621T164055Z/proofs --scratch-dir proofs/v020/s4/fp64_d01d03_1h_thomas_20260621T164055Z/scratch --max-dom 3 --hours 1"
1782060714,2026-06-21T17:51:54+01:00,3140666,3140664,Rl,2,112,14.6,14445212,42432480,"python -m gpuwrf run --input-dir <DATA_ROOT>/wrf_downscale/canary_all7/run --namelist <DATA_ROOT>/wrf_downscale/canary_all7/run/namelist.input --output-dir proofs/v020/s4/fp64_d01d03_1h_thomas_20260621T164055Z/output --proof-dir proofs/v020/s4/fp64_d01d03_1h_thomas_20260621T164055Z/proofs --scratch-dir proofs/v020/s4/fp64_d01d03_1h_thomas_20260621T164055Z/scratch --max-dom 3 --hours 1"
1782060716,2026-06-21T17:51:56+01:00,3140664,3140601,S,0,0.0,0.0,1736,2784,"/usr/bin/time -f wall_s=%e\nmaxrss_kib=%M -o proofs/v020/s4/fp64_d01d03_1h_thomas_20260621T164055Z/time.txt taskset -c 0-3 python -m gpuwrf run --input-dir <DATA_ROOT>/wrf_downscale/canary_all7/run --namelist <DATA_ROOT>/wrf_downscale/canary_all7/run/namelist.input --output-dir proofs/v020/s4/fp64_d01d03_1h_thomas_20260621T164055Z/output --proof-dir proofs/v020/s4/fp64_d01d03_1h_thomas_20260621T164055Z/proofs --scratch-dir proofs/v020/s4/fp64_d01d03_1h_thomas_20260621T164055Z/scratch --max-dom 3 --hours 1"
1782060716,2026-06-21T17:51:56+01:00,3140666,3140664,Rl,1,112,14.8,14613392,42600788,"python -m gpuwrf run --input-dir <DATA_ROOT>/wrf_downscale/canary_all7/run --namelist <DATA_ROOT>/wrf_downscale/canary_all7/run/namelist.input --output-dir proofs/v020/s4/fp64_d01d03_1h_thomas_20260621T164055Z/output --proof-dir proofs/v020/s4/fp64_d01d03_1h_thomas_20260621T164055Z/proofs --scratch-dir proofs/v020/s4/fp64_d01d03_1h_thomas_20260621T164055Z/scratch --max-dom 3 --hours 1"
1782060718,2026-06-21T17:51:58+01:00,3140664,3140601,S,0,0.0,0.0,1736,2784,"/usr/bin/time -f wall_s=%e\nmaxrss_kib=%M -o proofs/v020/s4/fp64_d01d03_1h_thomas_20260621T164055Z/time.txt taskset -c 0-3 python -m gpuwrf run --input-dir <DATA_ROOT>/wrf_downscale/canary_all7/run --namelist <DATA_ROOT>/wrf_downscale/canary_all7/run/namelist.input --output-dir proofs/v020/s4/fp64_d01d03_1h_thomas_20260621T164055Z/output --proof-dir proofs/v020/s4/fp64_d01d03_1h_thomas_20260621T164055Z/proofs --scratch-dir proofs/v020/s4/fp64_d01d03_1h_thomas_20260621T164055Z/scratch --max-dom 3 --hours 1"
1782060718,2026-06-21T17:51:58+01:00,3140666,3140664,Rl,1,112,15.0,14854544,42842088,"python -m gpuwrf run --input-dir <DATA_ROOT>/wrf_downscale/canary_all7/run --namelist <DATA_ROOT>/wrf_downscale/canary_all7/run/namelist.input --output-dir proofs/v020/s4/fp64_d01d03_1h_thomas_20260621T164055Z/output --proof-dir proofs/v020/s4/fp64_d01d03_1h_thomas_20260621T164055Z/proofs --scratch-dir proofs/v020/s4/fp64_d01d03_1h_thomas_20260621T164055Z/scratch --max-dom 3 --hours 1"
1782060720,2026-06-21T17:52:00+01:00,3140664,3140601,S,0,0.0,0.0,1736,2784,"/usr/bin/time -f wall_s=%e\nmaxrss_kib=%M -o proofs/v020/s4/fp64_d01d03_1h_thomas_20260621T164055Z/time.txt taskset -c 0-3 python -m gpuwrf run --input-dir <DATA_ROOT>/wrf_downscale/canary_all7/run --namelist <DATA_ROOT>/wrf_downscale/canary_all7/run/namelist.input --output-dir proofs/v020/s4/fp64_d01d03_1h_thomas_20260621T164055Z/output --proof-dir proofs/v020/s4/fp64_d01d03_1h_thomas_20260621T164055Z/proofs --scratch-dir proofs/v020/s4/fp64_d01d03_1h_thomas_20260621T164055Z/scratch --max-dom 3 --hours 1"
1782060720,2026-06-21T17:52:00+01:00,3140666,3140664,Sl,2,112,15.1,14935768,42923228,"python -m gpuwrf run --input-dir <DATA_ROOT>/wrf_downscale/canary_all7/run --namelist <DATA_ROOT>/wrf_downscale/canary_all7/run/namelist.input --output-dir proofs/v020/s4/fp64_d01d03_1h_thomas_20260621T164055Z/output --proof-dir proofs/v020/s4/fp64_d01d03_1h_thomas_20260621T164055Z/proofs --scratch-dir proofs/v020/s4/fp64_d01d03_1h_thomas_20260621T164055Z/scratch --max-dom 3 --hours 1"
1782060723,2026-06-21T17:52:03+01:00,3140664,3140601,S,0,0.0,0.0,1736,2784,"/usr/bin/time -f wall_s=%e\nmaxrss_kib=%M -o proofs/v020/s4/fp64_d01d03_1h_thomas_20260621T164055Z/time.txt taskset -c 0-3 python -m gpuwrf run --input-dir <DATA_ROOT>/wrf_downscale/canary_all7/run --namelist <DATA_ROOT>/wrf_downscale/canary_all7/run/namelist.input --output-dir proofs/v020/s4/fp64_d01d03_1h_thomas_20260621T164055Z/output --proof-dir proofs/v020/s4/fp64_d01d03_1h_thomas_20260621T164055Z/proofs --scratch-dir proofs/v020/s4/fp64_d01d03_1h_thomas_20260621T164055Z/scratch --max-dom 3 --hours 1"
1782060723,2026-06-21T17:52:03+01:00,3140666,3140664,Rl,0,112,15.2,14984556,42972184,"python -m gpuwrf run --input-dir <DATA_ROOT>/wrf_downscale/canary_all7/run --namelist <DATA_ROOT>/wrf_downscale/canary_all7/run/namelist.input --output-dir proofs/v020/s4/fp64_d01d03_1h_thomas_20260621T164055Z/output --proof-dir proofs/v020/s4/fp64_d01d03_1h_thomas_20260621T164055Z/proofs --scratch-dir proofs/v020/s4/fp64_d01d03_1h_thomas_20260621T164055Z/scratch --max-dom 3 --hours 1"
1782060725,2026-06-21T17:52:05+01:00,3140664,3140601,S,0,0.0,0.0,1736,2784,"/usr/bin/time -f wall_s=%e\nmaxrss_kib=%M -o proofs/v020/s4/fp64_d01d03_1h_thomas_20260621T164055Z/time.txt taskset -c 0-3 python -m gpuwrf run --input-dir <DATA_ROOT>/wrf_downscale/canary_all7/run --namelist <DATA_ROOT>/wrf_downscale/canary_all7/run/namelist.input --output-dir proofs/v020/s4/fp64_d01d03_1h_thomas_20260621T164055Z/output --proof-dir proofs/v020/s4/fp64_d01d03_1h_thomas_20260621T164055Z/proofs --scratch-dir proofs/v020/s4/fp64_d01d03_1h_thomas_20260621T164055Z/scratch --max-dom 3 --hours 1"
1782060725,2026-06-21T17:52:05+01:00,3140666,3140664,Rl,1,112,15.4,15199988,43187748,"python -m gpuwrf run --input-dir <DATA_ROOT>/wrf_downscale/canary_all7/run --namelist <DATA_ROOT>/wrf_downscale/canary_all7/run/namelist.input --output-dir proofs/v020/s4/fp64_d01d03_1h_thomas_20260621T164055Z/output --proof-dir proofs/v020/s4/fp64_d01d03_1h_thomas_20260621T164055Z/proofs --scratch-dir proofs/v020/s4/fp64_d01d03_1h_thomas_20260621T164055Z/scratch --max-dom 3 --hours 1"
1782060727,2026-06-21T17:52:07+01:00,3140664,3140601,S,0,0.0,0.0,1736,2784,"/usr/bin/time -f wall_s=%e\nmaxrss_kib=%M -o proofs/v020/s4/fp64_d01d03_1h_thomas_20260621T164055Z/time.txt taskset -c 0-3 python -m gpuwrf run --input-dir <DATA_ROOT>/wrf_downscale/canary_all7/run --namelist <DATA_ROOT>/wrf_downscale/canary_all7/run/namelist.input --output-dir proofs/v020/s4/fp64_d01d03_1h_thomas_20260621T164055Z/output --proof-dir proofs/v020/s4/fp64_d01d03_1h_thomas_20260621T164055Z/proofs --scratch-dir proofs/v020/s4/fp64_d01d03_1h_thomas_20260621T164055Z/scratch --max-dom 3 --hours 1"
1782060727,2026-06-21T17:52:07+01:00,3140666,3140664,Rl,3,112,15.5,15335788,43323928,"python -m gpuwrf run --input-dir <DATA_ROOT>/wrf_downscale/canary_all7/run --namelist <DATA_ROOT>/wrf_downscale/canary_all7/run/namelist.input --output-dir proofs/v020/s4/fp64_d01d03_1h_thomas_20260621T164055Z/output --proof-dir proofs/v020/s4/fp64_d01d03_1h_thomas_20260621T164055Z/proofs --scratch-dir proofs/v020/s4/fp64_d01d03_1h_thomas_20260621T164055Z/scratch --max-dom 3 --hours 1"
1782060729,2026-06-21T17:52:09+01:00,3140664,3140601,S,0,0.0,0.0,1736,2784,"/usr/bin/time -f wall_s=%e\nmaxrss_kib=%M -o proofs/v020/s4/fp64_d01d03_1h_thomas_20260621T164055Z/time.txt taskset -c 0-3 python -m gpuwrf run --input-dir <DATA_ROOT>/wrf_downscale/canary_all7/run --namelist <DATA_ROOT>/wrf_downscale/canary_all7/run/namelist.input --output-dir proofs/v020/s4/fp64_d01d03_1h_thomas_20260621T164055Z/output --proof-dir proofs/v020/s4/fp64_d01d03_1h_thomas_20260621T164055Z/proofs --scratch-dir proofs/v020/s4/fp64_d01d03_1h_thomas_20260621T164055Z/scratch --max-dom 3 --hours 1"
1782060729,2026-06-21T17:52:09+01:00,3140666,3140664,Rl,3,112,15.8,15555828,43544856,"python -m gpuwrf run --input-dir <DATA_ROOT>/wrf_downscale/canary_all7/run --namelist <DATA_ROOT>/wrf_downscale/canary_all7/run/namelist.input --output-dir proofs/v020/s4/fp64_d01d03_1h_thomas_20260621T164055Z/output --proof-dir proofs/v020/s4/fp64_d01d03_1h_thomas_20260621T164055Z/proofs --scratch-dir proofs/v020/s4/fp64_d01d03_1h_thomas_20260621T164055Z/scratch --max-dom 3 --hours 1"
1782060731,2026-06-21T17:52:11+01:00,3140664,3140601,S,0,0.0,0.0,1736,2784,"/usr/bin/time -f wall_s=%e\nmaxrss_kib=%M -o proofs/v020/s4/fp64_d01d03_1h_thomas_20260621T164055Z/time.txt taskset -c 0-3 python -m gpuwrf run --input-dir <DATA_ROOT>/wrf_downscale/canary_all7/run --namelist <DATA_ROOT>/wrf_downscale/canary_all7/run/namelist.input --output-dir proofs/v020/s4/fp64_d01d03_1h_thomas_20260621T164055Z/output --proof-dir proofs/v020/s4/fp64_d01d03_1h_thomas_20260621T164055Z/proofs --scratch-dir proofs/v020/s4/fp64_d01d03_1h_thomas_20260621T164055Z/scratch --max-dom 3 --hours 1"
1782060731,2026-06-21T17:52:11+01:00,3140666,3140664,Rl,2,112,15.9,15669588,43660932,"python -m gpuwrf run --input-dir <DATA_ROOT>/wrf_downscale/canary_all7/run --namelist <DATA_ROOT>/wrf_downscale/canary_all7/run/namelist.input --output-dir proofs/v020/s4/fp64_d01d03_1h_thomas_20260621T164055Z/output --proof-dir proofs/v020/s4/fp64_d01d03_1h_thomas_20260621T164055Z/proofs --scratch-dir proofs/v020/s4/fp64_d01d03_1h_thomas_20260621T164055Z/scratch --max-dom 3 --hours 1"
1782060733,2026-06-21T17:52:13+01:00,3140664,3140601,S,0,0.0,0.0,1736,2784,"/usr/bin/time -f wall_s=%e\nmaxrss_kib=%M -o proofs/v020/s4/fp64_d01d03_1h_thomas_20260621T164055Z/time.txt taskset -c 0-3 python -m gpuwrf run --input-dir <DATA_ROOT>/wrf_downscale/canary_all7/run --namelist <DATA_ROOT>/wrf_downscale/canary_all7/run/namelist.input --output-dir proofs/v020/s4/fp64_d01d03_1h_thomas_20260621T164055Z/output --proof-dir proofs/v020/s4/fp64_d01d03_1h_thomas_20260621T164055Z/proofs --scratch-dir proofs/v020/s4/fp64_d01d03_1h_thomas_20260621T164055Z/scratch --max-dom 3 --hours 1"
1782060733,2026-06-21T17:52:13+01:00,3140666,3140664,Rl,2,112,16.0,15757648,43749152,"python -m gpuwrf run --input-dir <DATA_ROOT>/wrf_downscale/canary_all7/run --namelist <DATA_ROOT>/wrf_downscale/canary_all7/run/namelist.input --output-dir proofs/v020/s4/fp64_d01d03_1h_thomas_20260621T164055Z/output --proof-dir proofs/v020/s4/fp64_d01d03_1h_thomas_20260621T164055Z/proofs --scratch-dir proofs/v020/s4/fp64_d01d03_1h_thomas_20260621T164055Z/scratch --max-dom 3 --hours 1"
1782060735,2026-06-21T17:52:15+01:00,3140664,3140601,S,0,0.0,0.0,1736,2784,"/usr/bin/time -f wall_s=%e\nmaxrss_kib=%M -o proofs/v020/s4/fp64_d01d03_1h_thomas_20260621T164055Z/time.txt taskset -c 0-3 python -m gpuwrf run --input-dir <DATA_ROOT>/wrf_downscale/canary_all7/run --namelist <DATA_ROOT>/wrf_downscale/canary_all7/run/namelist.input --output-dir proofs/v020/s4/fp64_d01d03_1h_thomas_20260621T164055Z/output --proof-dir proofs/v020/s4/fp64_d01d03_1h_thomas_20260621T164055Z/proofs --scratch-dir proofs/v020/s4/fp64_d01d03_1h_thomas_20260621T164055Z/scratch --max-dom 3 --hours 1"
1782060735,2026-06-21T17:52:15+01:00,3140666,3140664,Rl,0,112,16.1,15850704,43842168,"python -m gpuwrf run --input-dir <DATA_ROOT>/wrf_downscale/canary_all7/run --namelist <DATA_ROOT>/wrf_downscale/canary_all7/run/namelist.input --output-dir proofs/v020/s4/fp64_d01d03_1h_thomas_20260621T164055Z/output --proof-dir proofs/v020/s4/fp64_d01d03_1h_thomas_20260621T164055Z/proofs --scratch-dir proofs/v020/s4/fp64_d01d03_1h_thomas_20260621T164055Z/scratch --max-dom 3 --hours 1"
1782060738,2026-06-21T17:52:18+01:00,3140664,3140601,S,0,0.0,0.0,1736,2784,"/usr/bin/time -f wall_s=%e\nmaxrss_kib=%M -o proofs/v020/s4/fp64_d01d03_1h_thomas_20260621T164055Z/time.txt taskset -c 0-3 python -m gpuwrf run --input-dir <DATA_ROOT>/wrf_downscale/canary_all7/run --namelist <DATA_ROOT>/wrf_downscale/canary_all7/run/namelist.input --output-dir proofs/v020/s4/fp64_d01d03_1h_thomas_20260621T164055Z/output --proof-dir proofs/v020/s4/fp64_d01d03_1h_thomas_20260621T164055Z/proofs --scratch-dir proofs/v020/s4/fp64_d01d03_1h_thomas_20260621T164055Z/scratch --max-dom 3 --hours 1"
1782060738,2026-06-21T17:52:18+01:00,3140666,3140664,Rl,0,112,16.1,15937648,43929296,"python -m gpuwrf run --input-dir <DATA_ROOT>/wrf_downscale/canary_all7/run --namelist <DATA_ROOT>/wrf_downscale/canary_all7/run/namelist.input --output-dir proofs/v020/s4/fp64_d01d03_1h_thomas_20260621T164055Z/output --proof-dir proofs/v020/s4/fp64_d01d03_1h_thomas_20260621T164055Z/proofs --scratch-dir proofs/v020/s4/fp64_d01d03_1h_thomas_20260621T164055Z/scratch --max-dom 3 --hours 1"
1782060740,2026-06-21T17:52:20+01:00,3140664,3140601,S,0,0.0,0.0,1736,2784,"/usr/bin/time -f wall_s=%e\nmaxrss_kib=%M -o proofs/v020/s4/fp64_d01d03_1h_thomas_20260621T164055Z/time.txt taskset -c 0-3 python -m gpuwrf run --input-dir <DATA_ROOT>/wrf_downscale/canary_all7/run --namelist <DATA_ROOT>/wrf_downscale/canary_all7/run/namelist.input --output-dir proofs/v020/s4/fp64_d01d03_1h_thomas_20260621T164055Z/output --proof-dir proofs/v020/s4/fp64_d01d03_1h_thomas_20260621T164055Z/proofs --scratch-dir proofs/v020/s4/fp64_d01d03_1h_thomas_20260621T164055Z/scratch --max-dom 3 --hours 1"
1782060740,2026-06-21T17:52:20+01:00,3140666,3140664,Rl,1,112,16.2,15980308,43971976,"python -m gpuwrf run --input-dir <DATA_ROOT>/wrf_downscale/canary_all7/run --namelist <DATA_ROOT>/wrf_downscale/canary_all7/run/namelist.input --output-dir proofs/v020/s4/fp64_d01d03_1h_thomas_20260621T164055Z/output --proof-dir proofs/v020/s4/fp64_d01d03_1h_thomas_20260621T164055Z/proofs --scratch-dir proofs/v020/s4/fp64_d01d03_1h_thomas_20260621T164055Z/scratch --max-dom 3 --hours 1"
1782060742,2026-06-21T17:52:22+01:00,3140664,3140601,S,0,0.0,0.0,1736,2784,"/usr/bin/time -f wall_s=%e\nmaxrss_kib=%M -o proofs/v020/s4/fp64_d01d03_1h_thomas_20260621T164055Z/time.txt taskset -c 0-3 python -m gpuwrf run --input-dir <DATA_ROOT>/wrf_downscale/canary_all7/run --namelist <DATA_ROOT>/wrf_downscale/canary_all7/run/namelist.input --output-dir proofs/v020/s4/fp64_d01d03_1h_thomas_20260621T164055Z/output --proof-dir proofs/v020/s4/fp64_d01d03_1h_thomas_20260621T164055Z/proofs --scratch-dir proofs/v020/s4/fp64_d01d03_1h_thomas_20260621T164055Z/scratch --max-dom 3 --hours 1"
1782060742,2026-06-21T17:52:22+01:00,3140666,3140664,Rl,2,112,16.3,16041204,44032940,"python -m gpuwrf run --input-dir <DATA_ROOT>/wrf_downscale/canary_all7/run --namelist <DATA_ROOT>/wrf_downscale/canary_all7/run/namelist.input --output-dir proofs/v020/s4/fp64_d01d03_1h_thomas_20260621T164055Z/output --proof-dir proofs/v020/s4/fp64_d01d03_1h_thomas_20260621T164055Z/proofs --scratch-dir proofs/v020/s4/fp64_d01d03_1h_thomas_20260621T164055Z/scratch --max-dom 3 --hours 1"
1782060744,2026-06-21T17:52:24+01:00,3140664,3140601,S,0,0.0,0.0,1736,2784,"/usr/bin/time -f wall_s=%e\nmaxrss_kib=%M -o proofs/v020/s4/fp64_d01d03_1h_thomas_20260621T164055Z/time.txt taskset -c 0-3 python -m gpuwrf run --input-dir <DATA_ROOT>/wrf_downscale/canary_all7/run --namelist <DATA_ROOT>/wrf_downscale/canary_all7/run/namelist.input --output-dir proofs/v020/s4/fp64_d01d03_1h_thomas_20260621T164055Z/output --proof-dir proofs/v020/s4/fp64_d01d03_1h_thomas_20260621T164055Z/proofs --scratch-dir proofs/v020/s4/fp64_d01d03_1h_thomas_20260621T164055Z/scratch --max-dom 3 --hours 1"
1782060744,2026-06-21T17:52:24+01:00,3140666,3140664,Rl,1,112,16.3,16122364,44114452,"python -m gpuwrf run --input-dir <DATA_ROOT>/wrf_downscale/canary_all7/run --namelist <DATA_ROOT>/wrf_downscale/canary_all7/run/namelist.input --output-dir proofs/v020/s4/fp64_d01d03_1h_thomas_20260621T164055Z/output --proof-dir proofs/v020/s4/fp64_d01d03_1h_thomas_20260621T164055Z/proofs --scratch-dir proofs/v020/s4/fp64_d01d03_1h_thomas_20260621T164055Z/scratch --max-dom 3 --hours 1"
1782060746,2026-06-21T17:52:26+01:00,3140664,3140601,S,0,0.0,0.0,1736,2784,"/usr/bin/time -f wall_s=%e\nmaxrss_kib=%M -o proofs/v020/s4/fp64_d01d03_1h_thomas_20260621T164055Z/time.txt taskset -c 0-3 python -m gpuwrf run --input-dir <DATA_ROOT>/wrf_downscale/canary_all7/run --namelist <DATA_ROOT>/wrf_downscale/canary_all7/run/namelist.input --output-dir proofs/v020/s4/fp64_d01d03_1h_thomas_20260621T164055Z/output --proof-dir proofs/v020/s4/fp64_d01d03_1h_thomas_20260621T164055Z/proofs --scratch-dir proofs/v020/s4/fp64_d01d03_1h_thomas_20260621T164055Z/scratch --max-dom 3 --hours 1"
1782060746,2026-06-21T17:52:26+01:00,3140666,3140664,Rl,3,112,16.6,16353432,44347800,"python -m gpuwrf run --input-dir <DATA_ROOT>/wrf_downscale/canary_all7/run --namelist <DATA_ROOT>/wrf_downscale/canary_all7/run/namelist.input --output-dir proofs/v020/s4/fp64_d01d03_1h_thomas_20260621T164055Z/output --proof-dir proofs/v020/s4/fp64_d01d03_1h_thomas_20260621T164055Z/proofs --scratch-dir proofs/v020/s4/fp64_d01d03_1h_thomas_20260621T164055Z/scratch --max-dom 3 --hours 1"
1782060749,2026-06-21T17:52:29+01:00,3140664,3140601,S,0,0.0,0.0,1736,2784,"/usr/bin/time -f wall_s=%e\nmaxrss_kib=%M -o proofs/v020/s4/fp64_d01d03_1h_thomas_20260621T164055Z/time.txt taskset -c 0-3 python -m gpuwrf run --input-dir <DATA_ROOT>/wrf_downscale/canary_all7/run --namelist <DATA_ROOT>/wrf_downscale/canary_all7/run/namelist.input --output-dir proofs/v020/s4/fp64_d01d03_1h_thomas_20260621T164055Z/output --proof-dir proofs/v020/s4/fp64_d01d03_1h_thomas_20260621T164055Z/proofs --scratch-dir proofs/v020/s4/fp64_d01d03_1h_thomas_20260621T164055Z/scratch --max-dom 3 --hours 1"
1782060749,2026-06-21T17:52:29+01:00,3140666,3140664,Sl,1,112,16.8,16549640,44539924,"python -m gpuwrf run --input-dir <DATA_ROOT>/wrf_downscale/canary_all7/run --namelist <DATA_ROOT>/wrf_downscale/canary_all7/run/namelist.input --output-dir proofs/v020/s4/fp64_d01d03_1h_thomas_20260621T164055Z/output --proof-dir proofs/v020/s4/fp64_d01d03_1h_thomas_20260621T164055Z/proofs --scratch-dir proofs/v020/s4/fp64_d01d03_1h_thomas_20260621T164055Z/scratch --max-dom 3 --hours 1"
1782060751,2026-06-21T17:52:31+01:00,3140664,3140601,S,0,0.0,0.0,1736,2784,"/usr/bin/time -f wall_s=%e\nmaxrss_kib=%M -o proofs/v020/s4/fp64_d01d03_1h_thomas_20260621T164055Z/time.txt taskset -c 0-3 python -m gpuwrf run --input-dir <DATA_ROOT>/wrf_downscale/canary_all7/run --namelist <DATA_ROOT>/wrf_downscale/canary_all7/run/namelist.input --output-dir proofs/v020/s4/fp64_d01d03_1h_thomas_20260621T164055Z/output --proof-dir proofs/v020/s4/fp64_d01d03_1h_thomas_20260621T164055Z/proofs --scratch-dir proofs/v020/s4/fp64_d01d03_1h_thomas_20260621T164055Z/scratch --max-dom 3 --hours 1"
1782060751,2026-06-21T17:52:31+01:00,3140666,3140664,Sl,0,112,16.9,16703180,44691180,"python -m gpuwrf run --input-dir <DATA_ROOT>/wrf_downscale/canary_all7/run --namelist <DATA_ROOT>/wrf_downscale/canary_all7/run/namelist.input --output-dir proofs/v020/s4/fp64_d01d03_1h_thomas_20260621T164055Z/output --proof-dir proofs/v020/s4/fp64_d01d03_1h_thomas_20260621T164055Z/proofs --scratch-dir proofs/v020/s4/fp64_d01d03_1h_thomas_20260621T164055Z/scratch --max-dom 3 --hours 1"
1782060753,2026-06-21T17:52:33+01:00,3140664,3140601,S,0,0.0,0.0,1736,2784,"/usr/bin/time -f wall_s=%e\nmaxrss_kib=%M -o proofs/v020/s4/fp64_d01d03_1h_thomas_20260621T164055Z/time.txt taskset -c 0-3 python -m gpuwrf run --input-dir <DATA_ROOT>/wrf_downscale/canary_all7/run --namelist <DATA_ROOT>/wrf_downscale/canary_all7/run/namelist.input --output-dir proofs/v020/s4/fp64_d01d03_1h_thomas_20260621T164055Z/output --proof-dir proofs/v020/s4/fp64_d01d03_1h_thomas_20260621T164055Z/proofs --scratch-dir proofs/v020/s4/fp64_d01d03_1h_thomas_20260621T164055Z/scratch --max-dom 3 --hours 1"
1782060753,2026-06-21T17:52:33+01:00,3140666,3140664,Sl,2,113,17.1,16830008,44814660,"python -m gpuwrf run --input-dir <DATA_ROOT>/wrf_downscale/canary_all7/run --namelist <DATA_ROOT>/wrf_downscale/canary_all7/run/namelist.input --output-dir proofs/v020/s4/fp64_d01d03_1h_thomas_20260621T164055Z/output --proof-dir proofs/v020/s4/fp64_d01d03_1h_thomas_20260621T164055Z/proofs --scratch-dir proofs/v020/s4/fp64_d01d03_1h_thomas_20260621T164055Z/scratch --max-dom 3 --hours 1"
1782060755,2026-06-21T17:52:35+01:00,3140664,3140601,S,0,0.0,0.0,1736,2784,"/usr/bin/time -f wall_s=%e\nmaxrss_kib=%M -o proofs/v020/s4/fp64_d01d03_1h_thomas_20260621T164055Z/time.txt taskset -c 0-3 python -m gpuwrf run --input-dir <DATA_ROOT>/wrf_downscale/canary_all7/run --namelist <DATA_ROOT>/wrf_downscale/canary_all7/run/namelist.input --output-dir proofs/v020/s4/fp64_d01d03_1h_thomas_20260621T164055Z/output --proof-dir proofs/v020/s4/fp64_d01d03_1h_thomas_20260621T164055Z/proofs --scratch-dir proofs/v020/s4/fp64_d01d03_1h_thomas_20260621T164055Z/scratch --max-dom 3 --hours 1"
1782060755,2026-06-21T17:52:35+01:00,3140666,3140664,Sl,3,113,17.2,16955168,44932080,"python -m gpuwrf run --input-dir <DATA_ROOT>/wrf_downscale/canary_all7/run --namelist <DATA_ROOT>/wrf_downscale/canary_all7/run/namelist.input --output-dir proofs/v020/s4/fp64_d01d03_1h_thomas_20260621T164055Z/output --proof-dir proofs/v020/s4/fp64_d01d03_1h_thomas_20260621T164055Z/proofs --scratch-dir proofs/v020/s4/fp64_d01d03_1h_thomas_20260621T164055Z/scratch --max-dom 3 --hours 1"
1782060757,2026-06-21T17:52:37+01:00,3140664,3140601,S,0,0.0,0.0,1736,2784,"/usr/bin/time -f wall_s=%e\nmaxrss_kib=%M -o proofs/v020/s4/fp64_d01d03_1h_thomas_20260621T164055Z/time.txt taskset -c 0-3 python -m gpuwrf run --input-dir <DATA_ROOT>/wrf_downscale/canary_all7/run --namelist <DATA_ROOT>/wrf_downscale/canary_all7/run/namelist.input --output-dir proofs/v020/s4/fp64_d01d03_1h_thomas_20260621T164055Z/output --proof-dir proofs/v020/s4/fp64_d01d03_1h_thomas_20260621T164055Z/proofs --scratch-dir proofs/v020/s4/fp64_d01d03_1h_thomas_20260621T164055Z/scratch --max-dom 3 --hours 1"
1782060757,2026-06-21T17:52:37+01:00,3140666,3140664,Rl,1,113,17.3,17063172,45036604,"python -m gpuwrf run --input-dir <DATA_ROOT>/wrf_downscale/canary_all7/run --namelist <DATA_ROOT>/wrf_downscale/canary_all7/run/namelist.input --output-dir proofs/v020/s4/fp64_d01d03_1h_thomas_20260621T164055Z/output --proof-dir proofs/v020/s4/fp64_d01d03_1h_thomas_20260621T164055Z/proofs --scratch-dir proofs/v020/s4/fp64_d01d03_1h_thomas_20260621T164055Z/scratch --max-dom 3 --hours 1"
1782060759,2026-06-21T17:52:39+01:00,3140664,3140601,S,0,0.0,0.0,1736,2784,"/usr/bin/time -f wall_s=%e\nmaxrss_kib=%M -o proofs/v020/s4/fp64_d01d03_1h_thomas_20260621T164055Z/time.txt taskset -c 0-3 python -m gpuwrf run --input-dir <DATA_ROOT>/wrf_downscale/canary_all7/run --namelist <DATA_ROOT>/wrf_downscale/canary_all7/run/namelist.input --output-dir proofs/v020/s4/fp64_d01d03_1h_thomas_20260621T164055Z/output --proof-dir proofs/v020/s4/fp64_d01d03_1h_thomas_20260621T164055Z/proofs --scratch-dir proofs/v020/s4/fp64_d01d03_1h_thomas_20260621T164055Z/scratch --max-dom 3 --hours 1"
1782060759,2026-06-21T17:52:39+01:00,3140666,3140664,Rl,1,113,17.4,17142288,45114944,"python -m gpuwrf run --input-dir <DATA_ROOT>/wrf_downscale/canary_all7/run --namelist <DATA_ROOT>/wrf_downscale/canary_all7/run/namelist.input --output-dir proofs/v020/s4/fp64_d01d03_1h_thomas_20260621T164055Z/output --proof-dir proofs/v020/s4/fp64_d01d03_1h_thomas_20260621T164055Z/proofs --scratch-dir proofs/v020/s4/fp64_d01d03_1h_thomas_20260621T164055Z/scratch --max-dom 3 --hours 1"
1782060761,2026-06-21T17:52:41+01:00,3140664,3140601,S,0,0.0,0.0,1736,2784,"/usr/bin/time -f wall_s=%e\nmaxrss_kib=%M -o proofs/v020/s4/fp64_d01d03_1h_thomas_20260621T164055Z/time.txt taskset -c 0-3 python -m gpuwrf run --input-dir <DATA_ROOT>/wrf_downscale/canary_all7/run --namelist <DATA_ROOT>/wrf_downscale/canary_all7/run/namelist.input --output-dir proofs/v020/s4/fp64_d01d03_1h_thomas_20260621T164055Z/output --proof-dir proofs/v020/s4/fp64_d01d03_1h_thomas_20260621T164055Z/proofs --scratch-dir proofs/v020/s4/fp64_d01d03_1h_thomas_20260621T164055Z/scratch --max-dom 3 --hours 1"
1782060761,2026-06-21T17:52:41+01:00,3140666,3140664,Rl,3,113,17.5,17282056,45253872,"python -m gpuwrf run --input-dir <DATA_ROOT>/wrf_downscale/canary_all7/run --namelist <DATA_ROOT>/wrf_downscale/canary_all7/run/namelist.input --output-dir proofs/v020/s4/fp64_d01d03_1h_thomas_20260621T164055Z/output --proof-dir proofs/v020/s4/fp64_d01d03_1h_thomas_20260621T164055Z/proofs --scratch-dir proofs/v020/s4/fp64_d01d03_1h_thomas_20260621T164055Z/scratch --max-dom 3 --hours 1"
1782060763,2026-06-21T17:52:43+01:00,3140664,3140601,S,0,0.0,0.0,1736,2784,"/usr/bin/time -f wall_s=%e\nmaxrss_kib=%M -o proofs/v020/s4/fp64_d01d03_1h_thomas_20260621T164055Z/time.txt taskset -c 0-3 python -m gpuwrf run --input-dir <DATA_ROOT>/wrf_downscale/canary_all7/run --namelist <DATA_ROOT>/wrf_downscale/canary_all7/run/namelist.input --output-dir proofs/v020/s4/fp64_d01d03_1h_thomas_20260621T164055Z/output --proof-dir proofs/v020/s4/fp64_d01d03_1h_thomas_20260621T164055Z/proofs --scratch-dir proofs/v020/s4/fp64_d01d03_1h_thomas_20260621T164055Z/scratch --max-dom 3 --hours 1"
1782060763,2026-06-21T17:52:43+01:00,3140666,3140664,Rl,2,113,17.7,17479628,45451436,"python -m gpuwrf run --input-dir <DATA_ROOT>/wrf_downscale/canary_all7/run --namelist <DATA_ROOT>/wrf_downscale/canary_all7/run/namelist.input --output-dir proofs/v020/s4/fp64_d01d03_1h_thomas_20260621T164055Z/output --proof-dir proofs/v020/s4/fp64_d01d03_1h_thomas_20260621T164055Z/proofs --scratch-dir proofs/v020/s4/fp64_d01d03_1h_thomas_20260621T164055Z/scratch --max-dom 3 --hours 1"
1782060766,2026-06-21T17:52:46+01:00,3140664,3140601,S,0,0.0,0.0,1736,2784,"/usr/bin/time -f wall_s=%e\nmaxrss_kib=%M -o proofs/v020/s4/fp64_d01d03_1h_thomas_20260621T164055Z/time.txt taskset -c 0-3 python -m gpuwrf run --input-dir <DATA_ROOT>/wrf_downscale/canary_all7/run --namelist <DATA_ROOT>/wrf_downscale/canary_all7/run/namelist.input --output-dir proofs/v020/s4/fp64_d01d03_1h_thomas_20260621T164055Z/output --proof-dir proofs/v020/s4/fp64_d01d03_1h_thomas_20260621T164055Z/proofs --scratch-dir proofs/v020/s4/fp64_d01d03_1h_thomas_20260621T164055Z/scratch --max-dom 3 --hours 1"
1782060766,2026-06-21T17:52:46+01:00,3140666,3140664,Rl,1,113,17.8,17567668,45539436,"python -m gpuwrf run --input-dir <DATA_ROOT>/wrf_downscale/canary_all7/run --namelist <DATA_ROOT>/wrf_downscale/canary_all7/run/namelist.input --output-dir proofs/v020/s4/fp64_d01d03_1h_thomas_20260621T164055Z/output --proof-dir proofs/v020/s4/fp64_d01d03_1h_thomas_20260621T164055Z/proofs --scratch-dir proofs/v020/s4/fp64_d01d03_1h_thomas_20260621T164055Z/scratch --max-dom 3 --hours 1"
1782060768,2026-06-21T17:52:48+01:00,3140664,3140601,S,0,0.0,0.0,1736,2784,"/usr/bin/time -f wall_s=%e\nmaxrss_kib=%M -o proofs/v020/s4/fp64_d01d03_1h_thomas_20260621T164055Z/time.txt taskset -c 0-3 python -m gpuwrf run --input-dir <DATA_ROOT>/wrf_downscale/canary_all7/run --namelist <DATA_ROOT>/wrf_downscale/canary_all7/run/namelist.input --output-dir proofs/v020/s4/fp64_d01d03_1h_thomas_20260621T164055Z/output --proof-dir proofs/v020/s4/fp64_d01d03_1h_thomas_20260621T164055Z/proofs --scratch-dir proofs/v020/s4/fp64_d01d03_1h_thomas_20260621T164055Z/scratch --max-dom 3 --hours 1"
1782060768,2026-06-21T17:52:48+01:00,3140666,3140664,Sl,3,113,18.0,17768192,45740740,"python -m gpuwrf run --input-dir <DATA_ROOT>/wrf_downscale/canary_all7/run --namelist <DATA_ROOT>/wrf_downscale/canary_all7/run/namelist.input --output-dir proofs/v020/s4/fp64_d01d03_1h_thomas_20260621T164055Z/output --proof-dir proofs/v020/s4/fp64_d01d03_1h_thomas_20260621T164055Z/proofs --scratch-dir proofs/v020/s4/fp64_d01d03_1h_thomas_20260621T164055Z/scratch --max-dom 3 --hours 1"
1782060770,2026-06-21T17:52:50+01:00,3140664,3140601,S,0,0.0,0.0,1736,2784,"/usr/bin/time -f wall_s=%e\nmaxrss_kib=%M -o proofs/v020/s4/fp64_d01d03_1h_thomas_20260621T164055Z/time.txt taskset -c 0-3 python -m gpuwrf run --input-dir <DATA_ROOT>/wrf_downscale/canary_all7/run --namelist <DATA_ROOT>/wrf_downscale/canary_all7/run/namelist.input --output-dir proofs/v020/s4/fp64_d01d03_1h_thomas_20260621T164055Z/output --proof-dir proofs/v020/s4/fp64_d01d03_1h_thomas_20260621T164055Z/proofs --scratch-dir proofs/v020/s4/fp64_d01d03_1h_thomas_20260621T164055Z/scratch --max-dom 3 --hours 1"
1782060770,2026-06-21T17:52:50+01:00,3140666,3140664,Rl,2,113,18.2,17910356,45882804,"python -m gpuwrf run --input-dir <DATA_ROOT>/wrf_downscale/canary_all7/run --namelist <DATA_ROOT>/wrf_downscale/canary_all7/run/namelist.input --output-dir proofs/v020/s4/fp64_d01d03_1h_thomas_20260621T164055Z/output --proof-dir proofs/v020/s4/fp64_d01d03_1h_thomas_20260621T164055Z/proofs --scratch-dir proofs/v020/s4/fp64_d01d03_1h_thomas_20260621T164055Z/scratch --max-dom 3 --hours 1"
1782060772,2026-06-21T17:52:52+01:00,3140664,3140601,S,0,0.0,0.0,1736,2784,"/usr/bin/time -f wall_s=%e\nmaxrss_kib=%M -o proofs/v020/s4/fp64_d01d03_1h_thomas_20260621T164055Z/time.txt taskset -c 0-3 python -m gpuwrf run --input-dir <DATA_ROOT>/wrf_downscale/canary_all7/run --namelist <DATA_ROOT>/wrf_downscale/canary_all7/run/namelist.input --output-dir proofs/v020/s4/fp64_d01d03_1h_thomas_20260621T164055Z/output --proof-dir proofs/v020/s4/fp64_d01d03_1h_thomas_20260621T164055Z/proofs --scratch-dir proofs/v020/s4/fp64_d01d03_1h_thomas_20260621T164055Z/scratch --max-dom 3 --hours 1"
1782060772,2026-06-21T17:52:52+01:00,3140666,3140664,Rl,1,113,18.5,18204768,46177700,"python -m gpuwrf run --input-dir <DATA_ROOT>/wrf_downscale/canary_all7/run --namelist <DATA_ROOT>/wrf_downscale/canary_all7/run/namelist.input --output-dir proofs/v020/s4/fp64_d01d03_1h_thomas_20260621T164055Z/output --proof-dir proofs/v020/s4/fp64_d01d03_1h_thomas_20260621T164055Z/proofs --scratch-dir proofs/v020/s4/fp64_d01d03_1h_thomas_20260621T164055Z/scratch --max-dom 3 --hours 1"
1782060774,2026-06-21T17:52:54+01:00,3140664,3140601,S,0,0.0,0.0,1736,2784,"/usr/bin/time -f wall_s=%e\nmaxrss_kib=%M -o proofs/v020/s4/fp64_d01d03_1h_thomas_20260621T164055Z/time.txt taskset -c 0-3 python -m gpuwrf run --input-dir <DATA_ROOT>/wrf_downscale/canary_all7/run --namelist <DATA_ROOT>/wrf_downscale/canary_all7/run/namelist.input --output-dir proofs/v020/s4/fp64_d01d03_1h_thomas_20260621T164055Z/output --proof-dir proofs/v020/s4/fp64_d01d03_1h_thomas_20260621T164055Z/proofs --scratch-dir proofs/v020/s4/fp64_d01d03_1h_thomas_20260621T164055Z/scratch --max-dom 3 --hours 1"
1782060774,2026-06-21T17:52:54+01:00,3140666,3140664,Rl,2,113,18.6,18348456,46321620,"python -m gpuwrf run --input-dir <DATA_ROOT>/wrf_downscale/canary_all7/run --namelist <DATA_ROOT>/wrf_downscale/canary_all7/run/namelist.input --output-dir proofs/v020/s4/fp64_d01d03_1h_thomas_20260621T164055Z/output --proof-dir proofs/v020/s4/fp64_d01d03_1h_thomas_20260621T164055Z/proofs --scratch-dir proofs/v020/s4/fp64_d01d03_1h_thomas_20260621T164055Z/scratch --max-dom 3 --hours 1"
1782060776,2026-06-21T17:52:56+01:00,3140664,3140601,S,0,0.0,0.0,1736,2784,"/usr/bin/time -f wall_s=%e\nmaxrss_kib=%M -o proofs/v020/s4/fp64_d01d03_1h_thomas_20260621T164055Z/time.txt taskset -c 0-3 python -m gpuwrf run --input-dir <DATA_ROOT>/wrf_downscale/canary_all7/run --namelist <DATA_ROOT>/wrf_downscale/canary_all7/run/namelist.input --output-dir proofs/v020/s4/fp64_d01d03_1h_thomas_20260621T164055Z/output --proof-dir proofs/v020/s4/fp64_d01d03_1h_thomas_20260621T164055Z/proofs --scratch-dir proofs/v020/s4/fp64_d01d03_1h_thomas_20260621T164055Z/scratch --max-dom 3 --hours 1"
1782060776,2026-06-21T17:52:56+01:00,3140666,3140664,Rl,1,113,18.7,18490152,46463452,"python -m gpuwrf run --input-dir <DATA_ROOT>/wrf_downscale/canary_all7/run --namelist <DATA_ROOT>/wrf_downscale/canary_all7/run/namelist.input --output-dir proofs/v020/s4/fp64_d01d03_1h_thomas_20260621T164055Z/output --proof-dir proofs/v020/s4/fp64_d01d03_1h_thomas_20260621T164055Z/proofs --scratch-dir proofs/v020/s4/fp64_d01d03_1h_thomas_20260621T164055Z/scratch --max-dom 3 --hours 1"
1782060778,2026-06-21T17:52:58+01:00,3140664,3140601,S,0,0.0,0.0,1736,2784,"/usr/bin/time -f wall_s=%e\nmaxrss_kib=%M -o proofs/v020/s4/fp64_d01d03_1h_thomas_20260621T164055Z/time.txt taskset -c 0-3 python -m gpuwrf run --input-dir <DATA_ROOT>/wrf_downscale/canary_all7/run --namelist <DATA_ROOT>/wrf_downscale/canary_all7/run/namelist.input --output-dir proofs/v020/s4/fp64_d01d03_1h_thomas_20260621T164055Z/output --proof-dir proofs/v020/s4/fp64_d01d03_1h_thomas_20260621T164055Z/proofs --scratch-dir proofs/v020/s4/fp64_d01d03_1h_thomas_20260621T164055Z/scratch --max-dom 3 --hours 1"
1782060778,2026-06-21T17:52:58+01:00,3140666,3140664,Sl,1,113,18.8,18577724,46551200,"python -m gpuwrf run --input-dir <DATA_ROOT>/wrf_downscale/canary_all7/run --namelist <DATA_ROOT>/wrf_downscale/canary_all7/run/namelist.input --output-dir proofs/v020/s4/fp64_d01d03_1h_thomas_20260621T164055Z/output --proof-dir proofs/v020/s4/fp64_d01d03_1h_thomas_20260621T164055Z/proofs --scratch-dir proofs/v020/s4/fp64_d01d03_1h_thomas_20260621T164055Z/scratch --max-dom 3 --hours 1"
1782060780,2026-06-21T17:53:00+01:00,3140664,3140601,S,0,0.0,0.0,1736,2784,"/usr/bin/time -f wall_s=%e\nmaxrss_kib=%M -o proofs/v020/s4/fp64_d01d03_1h_thomas_20260621T164055Z/time.txt taskset -c 0-3 python -m gpuwrf run --input-dir <DATA_ROOT>/wrf_downscale/canary_all7/run --namelist <DATA_ROOT>/wrf_downscale/canary_all7/run/namelist.input --output-dir proofs/v020/s4/fp64_d01d03_1h_thomas_20260621T164055Z/output --proof-dir proofs/v020/s4/fp64_d01d03_1h_thomas_20260621T164055Z/proofs --scratch-dir proofs/v020/s4/fp64_d01d03_1h_thomas_20260621T164055Z/scratch --max-dom 3 --hours 1"
1782060780,2026-06-21T17:53:00+01:00,3140666,3140664,Sl,1,113,19.0,18713184,46687544,"python -m gpuwrf run --input-dir <DATA_ROOT>/wrf_downscale/canary_all7/run --namelist <DATA_ROOT>/wrf_downscale/canary_all7/run/namelist.input --output-dir proofs/v020/s4/fp64_d01d03_1h_thomas_20260621T164055Z/output --proof-dir proofs/v020/s4/fp64_d01d03_1h_thomas_20260621T164055Z/proofs --scratch-dir proofs/v020/s4/fp64_d01d03_1h_thomas_20260621T164055Z/scratch --max-dom 3 --hours 1"
1782060783,2026-06-21T17:53:03+01:00,3140664,3140601,S,0,0.0,0.0,1736,2784,"/usr/bin/time -f wall_s=%e\nmaxrss_kib=%M -o proofs/v020/s4/fp64_d01d03_1h_thomas_20260621T164055Z/time.txt taskset -c 0-3 python -m gpuwrf run --input-dir <DATA_ROOT>/wrf_downscale/canary_all7/run --namelist <DATA_ROOT>/wrf_downscale/canary_all7/run/namelist.input --output-dir proofs/v020/s4/fp64_d01d03_1h_thomas_20260621T164055Z/output --proof-dir proofs/v020/s4/fp64_d01d03_1h_thomas_20260621T164055Z/proofs --scratch-dir proofs/v020/s4/fp64_d01d03_1h_thomas_20260621T164055Z/scratch --max-dom 3 --hours 1"
1782060783,2026-06-21T17:53:03+01:00,3140666,3140664,Rl,2,113,19.2,18897040,46872460,"python -m gpuwrf run --input-dir <DATA_ROOT>/wrf_downscale/canary_all7/run --namelist <DATA_ROOT>/wrf_downscale/canary_all7/run/namelist.input --output-dir proofs/v020/s4/fp64_d01d03_1h_thomas_20260621T164055Z/output --proof-dir proofs/v020/s4/fp64_d01d03_1h_thomas_20260621T164055Z/proofs --scratch-dir proofs/v020/s4/fp64_d01d03_1h_thomas_20260621T164055Z/scratch --max-dom 3 --hours 1"
1782060785,2026-06-21T17:53:05+01:00,3140664,3140601,S,0,0.0,0.0,1736,2784,"/usr/bin/time -f wall_s=%e\nmaxrss_kib=%M -o proofs/v020/s4/fp64_d01d03_1h_thomas_20260621T164055Z/time.txt taskset -c 0-3 python -m gpuwrf run --input-dir <DATA_ROOT>/wrf_downscale/canary_all7/run --namelist <DATA_ROOT>/wrf_downscale/canary_all7/run/namelist.input --output-dir proofs/v020/s4/fp64_d01d03_1h_thomas_20260621T164055Z/output --proof-dir proofs/v020/s4/fp64_d01d03_1h_thomas_20260621T164055Z/proofs --scratch-dir proofs/v020/s4/fp64_d01d03_1h_thomas_20260621T164055Z/scratch --max-dom 3 --hours 1"
1782060785,2026-06-21T17:53:05+01:00,3140666,3140664,Rl,1,113,19.2,18940724,46915988,"python -m gpuwrf run --input-dir <DATA_ROOT>/wrf_downscale/canary_all7/run --namelist <DATA_ROOT>/wrf_downscale/canary_all7/run/namelist.input --output-dir proofs/v020/s4/fp64_d01d03_1h_thomas_20260621T164055Z/output --proof-dir proofs/v020/s4/fp64_d01d03_1h_thomas_20260621T164055Z/proofs --scratch-dir proofs/v020/s4/fp64_d01d03_1h_thomas_20260621T164055Z/scratch --max-dom 3 --hours 1"
1782060787,2026-06-21T17:53:07+01:00,3140664,3140601,S,0,0.0,0.0,1736,2784,"/usr/bin/time -f wall_s=%e\nmaxrss_kib=%M -o proofs/v020/s4/fp64_d01d03_1h_thomas_20260621T164055Z/time.txt taskset -c 0-3 python -m gpuwrf run --input-dir <DATA_ROOT>/wrf_downscale/canary_all7/run --namelist <DATA_ROOT>/wrf_downscale/canary_all7/run/namelist.input --output-dir proofs/v020/s4/fp64_d01d03_1h_thomas_20260621T164055Z/output --proof-dir proofs/v020/s4/fp64_d01d03_1h_thomas_20260621T164055Z/proofs --scratch-dir proofs/v020/s4/fp64_d01d03_1h_thomas_20260621T164055Z/scratch --max-dom 3 --hours 1"
1782060787,2026-06-21T17:53:07+01:00,3140666,3140664,Rl,1,113,19.2,18990676,46966248,"python -m gpuwrf run --input-dir <DATA_ROOT>/wrf_downscale/canary_all7/run --namelist <DATA_ROOT>/wrf_downscale/canary_all7/run/namelist.input --output-dir proofs/v020/s4/fp64_d01d03_1h_thomas_20260621T164055Z/output --proof-dir proofs/v020/s4/fp64_d01d03_1h_thomas_20260621T164055Z/proofs --scratch-dir proofs/v020/s4/fp64_d01d03_1h_thomas_20260621T164055Z/scratch --max-dom 3 --hours 1"
1782060789,2026-06-21T17:53:09+01:00,3140664,3140601,S,0,0.0,0.0,1736,2784,"/usr/bin/time -f wall_s=%e\nmaxrss_kib=%M -o proofs/v020/s4/fp64_d01d03_1h_thomas_20260621T164055Z/time.txt taskset -c 0-3 python -m gpuwrf run --input-dir <DATA_ROOT>/wrf_downscale/canary_all7/run --namelist <DATA_ROOT>/wrf_downscale/canary_all7/run/namelist.input --output-dir proofs/v020/s4/fp64_d01d03_1h_thomas_20260621T164055Z/output --proof-dir proofs/v020/s4/fp64_d01d03_1h_thomas_20260621T164055Z/proofs --scratch-dir proofs/v020/s4/fp64_d01d03_1h_thomas_20260621T164055Z/scratch --max-dom 3 --hours 1"
1782060789,2026-06-21T17:53:09+01:00,3140666,3140664,Rl,0,113,19.3,19076936,47052712,"python -m gpuwrf run --input-dir <DATA_ROOT>/wrf_downscale/canary_all7/run --namelist <DATA_ROOT>/wrf_downscale/canary_all7/run/namelist.input --output-dir proofs/v020/s4/fp64_d01d03_1h_thomas_20260621T164055Z/output --proof-dir proofs/v020/s4/fp64_d01d03_1h_thomas_20260621T164055Z/proofs --scratch-dir proofs/v020/s4/fp64_d01d03_1h_thomas_20260621T164055Z/scratch --max-dom 3 --hours 1"
1782060791,2026-06-21T17:53:11+01:00,3140664,3140601,S,0,0.0,0.0,1736,2784,"/usr/bin/time -f wall_s=%e\nmaxrss_kib=%M -o proofs/v020/s4/fp64_d01d03_1h_thomas_20260621T164055Z/time.txt taskset -c 0-3 python -m gpuwrf run --input-dir <DATA_ROOT>/wrf_downscale/canary_all7/run --namelist <DATA_ROOT>/wrf_downscale/canary_all7/run/namelist.input --output-dir proofs/v020/s4/fp64_d01d03_1h_thomas_20260621T164055Z/output --proof-dir proofs/v020/s4/fp64_d01d03_1h_thomas_20260621T164055Z/proofs --scratch-dir proofs/v020/s4/fp64_d01d03_1h_thomas_20260621T164055Z/scratch --max-dom 3 --hours 1"
1782060791,2026-06-21T17:53:11+01:00,3140666,3140664,Rl,1,113,19.6,19360548,47338972,"python -m gpuwrf run --input-dir <DATA_ROOT>/wrf_downscale/canary_all7/run --namelist <DATA_ROOT>/wrf_downscale/canary_all7/run/namelist.input --output-dir proofs/v020/s4/fp64_d01d03_1h_thomas_20260621T164055Z/output --proof-dir proofs/v020/s4/fp64_d01d03_1h_thomas_20260621T164055Z/proofs --scratch-dir proofs/v020/s4/fp64_d01d03_1h_thomas_20260621T164055Z/scratch --max-dom 3 --hours 1"
1782060793,2026-06-21T17:53:13+01:00,3140664,3140601,S,0,0.0,0.0,1736,2784,"/usr/bin/time -f wall_s=%e\nmaxrss_kib=%M -o proofs/v020/s4/fp64_d01d03_1h_thomas_20260621T164055Z/time.txt taskset -c 0-3 python -m gpuwrf run --input-dir <DATA_ROOT>/wrf_downscale/canary_all7/run --namelist <DATA_ROOT>/wrf_downscale/canary_all7/run/namelist.input --output-dir proofs/v020/s4/fp64_d01d03_1h_thomas_20260621T164055Z/output --proof-dir proofs/v020/s4/fp64_d01d03_1h_thomas_20260621T164055Z/proofs --scratch-dir proofs/v020/s4/fp64_d01d03_1h_thomas_20260621T164055Z/scratch --max-dom 3 --hours 1"
1782060793,2026-06-21T17:53:13+01:00,3140666,3140664,Rl,1,113,19.4,19106928,47089192,"python -m gpuwrf run --input-dir <DATA_ROOT>/wrf_downscale/canary_all7/run --namelist <DATA_ROOT>/wrf_downscale/canary_all7/run/namelist.input --output-dir proofs/v020/s4/fp64_d01d03_1h_thomas_20260621T164055Z/output --proof-dir proofs/v020/s4/fp64_d01d03_1h_thomas_20260621T164055Z/proofs --scratch-dir proofs/v020/s4/fp64_d01d03_1h_thomas_20260621T164055Z/scratch --max-dom 3 --hours 1"
1782060795,2026-06-21T17:53:15+01:00,3140664,3140601,S,0,0.0,0.0,1736,2784,"/usr/bin/time -f wall_s=%e\nmaxrss_kib=%M -o proofs/v020/s4/fp64_d01d03_1h_thomas_20260621T164055Z/time.txt taskset -c 0-3 python -m gpuwrf run --input-dir <DATA_ROOT>/wrf_downscale/canary_all7/run --namelist <DATA_ROOT>/wrf_downscale/canary_all7/run/namelist.input --output-dir proofs/v020/s4/fp64_d01d03_1h_thomas_20260621T164055Z/output --proof-dir proofs/v020/s4/fp64_d01d03_1h_thomas_20260621T164055Z/proofs --scratch-dir proofs/v020/s4/fp64_d01d03_1h_thomas_20260621T164055Z/scratch --max-dom 3 --hours 1"
1782060795,2026-06-21T17:53:15+01:00,3140666,3140664,Rl,1,113,19.4,19106928,47089192,"python -m gpuwrf run --input-dir <DATA_ROOT>/wrf_downscale/canary_all7/run --namelist <DATA_ROOT>/wrf_downscale/canary_all7/run/namelist.input --output-dir proofs/v020/s4/fp64_d01d03_1h_thomas_20260621T164055Z/output --proof-dir proofs/v020/s4/fp64_d01d03_1h_thomas_20260621T164055Z/proofs --scratch-dir proofs/v020/s4/fp64_d01d03_1h_thomas_20260621T164055Z/scratch --max-dom 3 --hours 1"
1782060798,2026-06-21T17:53:18+01:00,3140664,3140601,S,0,0.0,0.0,1736,2784,"/usr/bin/time -f wall_s=%e\nmaxrss_kib=%M -o proofs/v020/s4/fp64_d01d03_1h_thomas_20260621T164055Z/time.txt taskset -c 0-3 python -m gpuwrf run --input-dir <DATA_ROOT>/wrf_downscale/canary_all7/run --namelist <DATA_ROOT>/wrf_downscale/canary_all7/run/namelist.input --output-dir proofs/v020/s4/fp64_d01d03_1h_thomas_20260621T164055Z/output --proof-dir proofs/v020/s4/fp64_d01d03_1h_thomas_20260621T164055Z/proofs --scratch-dir proofs/v020/s4/fp64_d01d03_1h_thomas_20260621T164055Z/scratch --max-dom 3 --hours 1"
1782060798,2026-06-21T17:53:18+01:00,3140666,3140664,Rl,1,113,19.4,19107860,47089192,"python -m gpuwrf run --input-dir <DATA_ROOT>/wrf_downscale/canary_all7/run --namelist <DATA_ROOT>/wrf_downscale/canary_all7/run/namelist.input --output-dir proofs/v020/s4/fp64_d01d03_1h_thomas_20260621T164055Z/output --proof-dir proofs/v020/s4/fp64_d01d03_1h_thomas_20260621T164055Z/proofs --scratch-dir proofs/v020/s4/fp64_d01d03_1h_thomas_20260621T164055Z/scratch --max-dom 3 --hours 1"
1782060800,2026-06-21T17:53:20+01:00,3140664,3140601,S,0,0.0,0.0,1736,2784,"/usr/bin/time -f wall_s=%e\nmaxrss_kib=%M -o proofs/v020/s4/fp64_d01d03_1h_thomas_20260621T164055Z/time.txt taskset -c 0-3 python -m gpuwrf run --input-dir <DATA_ROOT>/wrf_downscale/canary_all7/run --namelist <DATA_ROOT>/wrf_downscale/canary_all7/run/namelist.input --output-dir proofs/v020/s4/fp64_d01d03_1h_thomas_20260621T164055Z/output --proof-dir proofs/v020/s4/fp64_d01d03_1h_thomas_20260621T164055Z/proofs --scratch-dir proofs/v020/s4/fp64_d01d03_1h_thomas_20260621T164055Z/scratch --max-dom 3 --hours 1"
1782060800,2026-06-21T17:53:20+01:00,3140666,3140664,Rl,1,113,19.4,19107872,47089192,"python -m gpuwrf run --input-dir <DATA_ROOT>/wrf_downscale/canary_all7/run --namelist <DATA_ROOT>/wrf_downscale/canary_all7/run/namelist.input --output-dir proofs/v020/s4/fp64_d01d03_1h_thomas_20260621T164055Z/output --proof-dir proofs/v020/s4/fp64_d01d03_1h_thomas_20260621T164055Z/proofs --scratch-dir proofs/v020/s4/fp64_d01d03_1h_thomas_20260621T164055Z/scratch --max-dom 3 --hours 1"
1782060802,2026-06-21T17:53:22+01:00,3140664,3140601,S,0,0.0,0.0,1736,2784,"/usr/bin/time -f wall_s=%e\nmaxrss_kib=%M -o proofs/v020/s4/fp64_d01d03_1h_thomas_20260621T164055Z/time.txt taskset -c 0-3 python -m gpuwrf run --input-dir <DATA_ROOT>/wrf_downscale/canary_all7/run --namelist <DATA_ROOT>/wrf_downscale/canary_all7/run/namelist.input --output-dir proofs/v020/s4/fp64_d01d03_1h_thomas_20260621T164055Z/output --proof-dir proofs/v020/s4/fp64_d01d03_1h_thomas_20260621T164055Z/proofs --scratch-dir proofs/v020/s4/fp64_d01d03_1h_thomas_20260621T164055Z/scratch --max-dom 3 --hours 1"
1782060802,2026-06-21T17:53:22+01:00,3140666,3140664,Rl,1,113,19.4,19108204,47089192,"python -m gpuwrf run --input-dir <DATA_ROOT>/wrf_downscale/canary_all7/run --namelist <DATA_ROOT>/wrf_downscale/canary_all7/run/namelist.input --output-dir proofs/v020/s4/fp64_d01d03_1h_thomas_20260621T164055Z/output --proof-dir proofs/v020/s4/fp64_d01d03_1h_thomas_20260621T164055Z/proofs --scratch-dir proofs/v020/s4/fp64_d01d03_1h_thomas_20260621T164055Z/scratch --max-dom 3 --hours 1"
1782060804,2026-06-21T17:53:24+01:00,3140664,3140601,S,0,0.0,0.0,1736,2784,"/usr/bin/time -f wall_s=%e\nmaxrss_kib=%M -o proofs/v020/s4/fp64_d01d03_1h_thomas_20260621T164055Z/time.txt taskset -c 0-3 python -m gpuwrf run --input-dir <DATA_ROOT>/wrf_downscale/canary_all7/run --namelist <DATA_ROOT>/wrf_downscale/canary_all7/run/namelist.input --output-dir proofs/v020/s4/fp64_d01d03_1h_thomas_20260621T164055Z/output --proof-dir proofs/v020/s4/fp64_d01d03_1h_thomas_20260621T164055Z/proofs --scratch-dir proofs/v020/s4/fp64_d01d03_1h_thomas_20260621T164055Z/scratch --max-dom 3 --hours 1"
1782060804,2026-06-21T17:53:24+01:00,3140666,3140664,Rl,1,113,19.4,19119696,47100616,"python -m gpuwrf run --input-dir <DATA_ROOT>/wrf_downscale/canary_all7/run --namelist <DATA_ROOT>/wrf_downscale/canary_all7/run/namelist.input --output-dir proofs/v020/s4/fp64_d01d03_1h_thomas_20260621T164055Z/output --proof-dir proofs/v020/s4/fp64_d01d03_1h_thomas_20260621T164055Z/proofs --scratch-dir proofs/v020/s4/fp64_d01d03_1h_thomas_20260621T164055Z/scratch --max-dom 3 --hours 1"
1782060806,2026-06-21T17:53:26+01:00,3140664,3140601,S,0,0.0,0.0,1736,2784,"/usr/bin/time -f wall_s=%e\nmaxrss_kib=%M -o proofs/v020/s4/fp64_d01d03_1h_thomas_20260621T164055Z/time.txt taskset -c 0-3 python -m gpuwrf run --input-dir <DATA_ROOT>/wrf_downscale/canary_all7/run --namelist <DATA_ROOT>/wrf_downscale/canary_all7/run/namelist.input --output-dir proofs/v020/s4/fp64_d01d03_1h_thomas_20260621T164055Z/output --proof-dir proofs/v020/s4/fp64_d01d03_1h_thomas_20260621T164055Z/proofs --scratch-dir proofs/v020/s4/fp64_d01d03_1h_thomas_20260621T164055Z/scratch --max-dom 3 --hours 1"
1782060806,2026-06-21T17:53:26+01:00,3140666,3140664,Rl,1,113,19.4,19119740,47100616,"python -m gpuwrf run --input-dir <DATA_ROOT>/wrf_downscale/canary_all7/run --namelist <DATA_ROOT>/wrf_downscale/canary_all7/run/namelist.input --output-dir proofs/v020/s4/fp64_d01d03_1h_thomas_20260621T164055Z/output --proof-dir proofs/v020/s4/fp64_d01d03_1h_thomas_20260621T164055Z/proofs --scratch-dir proofs/v020/s4/fp64_d01d03_1h_thomas_20260621T164055Z/scratch --max-dom 3 --hours 1"
1782060808,2026-06-21T17:53:28+01:00,3140664,3140601,S,0,0.0,0.0,1736,2784,"/usr/bin/time -f wall_s=%e\nmaxrss_kib=%M -o proofs/v020/s4/fp64_d01d03_1h_thomas_20260621T164055Z/time.txt taskset -c 0-3 python -m gpuwrf run --input-dir <DATA_ROOT>/wrf_downscale/canary_all7/run --namelist <DATA_ROOT>/wrf_downscale/canary_all7/run/namelist.input --output-dir proofs/v020/s4/fp64_d01d03_1h_thomas_20260621T164055Z/output --proof-dir proofs/v020/s4/fp64_d01d03_1h_thomas_20260621T164055Z/proofs --scratch-dir proofs/v020/s4/fp64_d01d03_1h_thomas_20260621T164055Z/scratch --max-dom 3 --hours 1"
1782060808,2026-06-21T17:53:28+01:00,3140666,3140664,Rl,1,113,19.4,19119880,47100616,"python -m gpuwrf run --input-dir <DATA_ROOT>/wrf_downscale/canary_all7/run --namelist <DATA_ROOT>/wrf_downscale/canary_all7/run/namelist.input --output-dir proofs/v020/s4/fp64_d01d03_1h_thomas_20260621T164055Z/output --proof-dir proofs/v020/s4/fp64_d01d03_1h_thomas_20260621T164055Z/proofs --scratch-dir proofs/v020/s4/fp64_d01d03_1h_thomas_20260621T164055Z/scratch --max-dom 3 --hours 1"
1782060810,2026-06-21T17:53:30+01:00,3140664,3140601,S,0,0.0,0.0,1736,2784,"/usr/bin/time -f wall_s=%e\nmaxrss_kib=%M -o proofs/v020/s4/fp64_d01d03_1h_thomas_20260621T164055Z/time.txt taskset -c 0-3 python -m gpuwrf run --input-dir <DATA_ROOT>/wrf_downscale/canary_all7/run --namelist <DATA_ROOT>/wrf_downscale/canary_all7/run/namelist.input --output-dir proofs/v020/s4/fp64_d01d03_1h_thomas_20260621T164055Z/output --proof-dir proofs/v020/s4/fp64_d01d03_1h_thomas_20260621T164055Z/proofs --scratch-dir proofs/v020/s4/fp64_d01d03_1h_thomas_20260621T164055Z/scratch --max-dom 3 --hours 1"
1782060810,2026-06-21T17:53:30+01:00,3140666,3140664,Rl,1,113,19.5,19194644,47175368,"python -m gpuwrf run --input-dir <DATA_ROOT>/wrf_downscale/canary_all7/run --namelist <DATA_ROOT>/wrf_downscale/canary_all7/run/namelist.input --output-dir proofs/v020/s4/fp64_d01d03_1h_thomas_20260621T164055Z/output --proof-dir proofs/v020/s4/fp64_d01d03_1h_thomas_20260621T164055Z/proofs --scratch-dir proofs/v020/s4/fp64_d01d03_1h_thomas_20260621T164055Z/scratch --max-dom 3 --hours 1"
1782060813,2026-06-21T17:53:33+01:00,3140664,3140601,S,0,0.0,0.0,1736,2784,"/usr/bin/time -f wall_s=%e\nmaxrss_kib=%M -o proofs/v020/s4/fp64_d01d03_1h_thomas_20260621T164055Z/time.txt taskset -c 0-3 python -m gpuwrf run --input-dir <DATA_ROOT>/wrf_downscale/canary_all7/run --namelist <DATA_ROOT>/wrf_downscale/canary_all7/run/namelist.input --output-dir proofs/v020/s4/fp64_d01d03_1h_thomas_20260621T164055Z/output --proof-dir proofs/v020/s4/fp64_d01d03_1h_thomas_20260621T164055Z/proofs --scratch-dir proofs/v020/s4/fp64_d01d03_1h_thomas_20260621T164055Z/scratch --max-dom 3 --hours 1"
1782060813,2026-06-21T17:53:33+01:00,3140666,3140664,Rl,1,113,19.5,19206068,47186760,"python -m gpuwrf run --input-dir <DATA_ROOT>/wrf_downscale/canary_all7/run --namelist <DATA_ROOT>/wrf_downscale/canary_all7/run/namelist.input --output-dir proofs/v020/s4/fp64_d01d03_1h_thomas_20260621T164055Z/output --proof-dir proofs/v020/s4/fp64_d01d03_1h_thomas_20260621T164055Z/proofs --scratch-dir proofs/v020/s4/fp64_d01d03_1h_thomas_20260621T164055Z/scratch --max-dom 3 --hours 1"
1782060815,2026-06-21T17:53:35+01:00,3140664,3140601,S,0,0.0,0.0,1736,2784,"/usr/bin/time -f wall_s=%e\nmaxrss_kib=%M -o proofs/v020/s4/fp64_d01d03_1h_thomas_20260621T164055Z/time.txt taskset -c 0-3 python -m gpuwrf run --input-dir <DATA_ROOT>/wrf_downscale/canary_all7/run --namelist <DATA_ROOT>/wrf_downscale/canary_all7/run/namelist.input --output-dir proofs/v020/s4/fp64_d01d03_1h_thomas_20260621T164055Z/output --proof-dir proofs/v020/s4/fp64_d01d03_1h_thomas_20260621T164055Z/proofs --scratch-dir proofs/v020/s4/fp64_d01d03_1h_thomas_20260621T164055Z/scratch --max-dom 3 --hours 1"
1782060815,2026-06-21T17:53:35+01:00,3140666,3140664,Rl,0,113,19.6,19297244,47277896,"python -m gpuwrf run --input-dir <DATA_ROOT>/wrf_downscale/canary_all7/run --namelist <DATA_ROOT>/wrf_downscale/canary_all7/run/namelist.input --output-dir proofs/v020/s4/fp64_d01d03_1h_thomas_20260621T164055Z/output --proof-dir proofs/v020/s4/fp64_d01d03_1h_thomas_20260621T164055Z/proofs --scratch-dir proofs/v020/s4/fp64_d01d03_1h_thomas_20260621T164055Z/scratch --max-dom 3 --hours 1"
1782060817,2026-06-21T17:53:37+01:00,3140664,3140601,S,0,0.0,0.0,1736,2784,"/usr/bin/time -f wall_s=%e\nmaxrss_kib=%M -o proofs/v020/s4/fp64_d01d03_1h_thomas_20260621T164055Z/time.txt taskset -c 0-3 python -m gpuwrf run --input-dir <DATA_ROOT>/wrf_downscale/canary_all7/run --namelist <DATA_ROOT>/wrf_downscale/canary_all7/run/namelist.input --output-dir proofs/v020/s4/fp64_d01d03_1h_thomas_20260621T164055Z/output --proof-dir proofs/v020/s4/fp64_d01d03_1h_thomas_20260621T164055Z/proofs --scratch-dir proofs/v020/s4/fp64_d01d03_1h_thomas_20260621T164055Z/scratch --max-dom 3 --hours 1"
1782060817,2026-06-21T17:53:37+01:00,3140666,3140664,Rl,0,113,19.6,19297304,47277896,"python -m gpuwrf run --input-dir <DATA_ROOT>/wrf_downscale/canary_all7/run --namelist <DATA_ROOT>/wrf_downscale/canary_all7/run/namelist.input --output-dir proofs/v020/s4/fp64_d01d03_1h_thomas_20260621T164055Z/output --proof-dir proofs/v020/s4/fp64_d01d03_1h_thomas_20260621T164055Z/proofs --scratch-dir proofs/v020/s4/fp64_d01d03_1h_thomas_20260621T164055Z/scratch --max-dom 3 --hours 1"
1782060819,2026-06-21T17:53:39+01:00,3140664,3140601,S,0,0.0,0.0,1736,2784,"/usr/bin/time -f wall_s=%e\nmaxrss_kib=%M -o proofs/v020/s4/fp64_d01d03_1h_thomas_20260621T164055Z/time.txt taskset -c 0-3 python -m gpuwrf run --input-dir <DATA_ROOT>/wrf_downscale/canary_all7/run --namelist <DATA_ROOT>/wrf_downscale/canary_all7/run/namelist.input --output-dir proofs/v020/s4/fp64_d01d03_1h_thomas_20260621T164055Z/output --proof-dir proofs/v020/s4/fp64_d01d03_1h_thomas_20260621T164055Z/proofs --scratch-dir proofs/v020/s4/fp64_d01d03_1h_thomas_20260621T164055Z/scratch --max-dom 3 --hours 1"
1782060819,2026-06-21T17:53:39+01:00,3140666,3140664,Rl,1,113,19.6,19297428,47277896,"python -m gpuwrf run --input-dir <DATA_ROOT>/wrf_downscale/canary_all7/run --namelist <DATA_ROOT>/wrf_downscale/canary_all7/run/namelist.input --output-dir proofs/v020/s4/fp64_d01d03_1h_thomas_20260621T164055Z/output --proof-dir proofs/v020/s4/fp64_d01d03_1h_thomas_20260621T164055Z/proofs --scratch-dir proofs/v020/s4/fp64_d01d03_1h_thomas_20260621T164055Z/scratch --max-dom 3 --hours 1"
1782060821,2026-06-21T17:53:41+01:00,3140664,3140601,S,0,0.0,0.0,1736,2784,"/usr/bin/time -f wall_s=%e\nmaxrss_kib=%M -o proofs/v020/s4/fp64_d01d03_1h_thomas_20260621T164055Z/time.txt taskset -c 0-3 python -m gpuwrf run --input-dir <DATA_ROOT>/wrf_downscale/canary_all7/run --namelist <DATA_ROOT>/wrf_downscale/canary_all7/run/namelist.input --output-dir proofs/v020/s4/fp64_d01d03_1h_thomas_20260621T164055Z/output --proof-dir proofs/v020/s4/fp64_d01d03_1h_thomas_20260621T164055Z/proofs --scratch-dir proofs/v020/s4/fp64_d01d03_1h_thomas_20260621T164055Z/scratch --max-dom 3 --hours 1"
1782060821,2026-06-21T17:53:41+01:00,3140666,3140664,Rl,1,113,19.6,19297616,47277896,"python -m gpuwrf run --input-dir <DATA_ROOT>/wrf_downscale/canary_all7/run --namelist <DATA_ROOT>/wrf_downscale/canary_all7/run/namelist.input --output-dir proofs/v020/s4/fp64_d01d03_1h_thomas_20260621T164055Z/output --proof-dir proofs/v020/s4/fp64_d01d03_1h_thomas_20260621T164055Z/proofs --scratch-dir proofs/v020/s4/fp64_d01d03_1h_thomas_20260621T164055Z/scratch --max-dom 3 --hours 1"
1782060823,2026-06-21T17:53:43+01:00,3140664,3140601,S,0,0.0,0.0,1736,2784,"/usr/bin/time -f wall_s=%e\nmaxrss_kib=%M -o proofs/v020/s4/fp64_d01d03_1h_thomas_20260621T164055Z/time.txt taskset -c 0-3 python -m gpuwrf run --input-dir <DATA_ROOT>/wrf_downscale/canary_all7/run --namelist <DATA_ROOT>/wrf_downscale/canary_all7/run/namelist.input --output-dir proofs/v020/s4/fp64_d01d03_1h_thomas_20260621T164055Z/output --proof-dir proofs/v020/s4/fp64_d01d03_1h_thomas_20260621T164055Z/proofs --scratch-dir proofs/v020/s4/fp64_d01d03_1h_thomas_20260621T164055Z/scratch --max-dom 3 --hours 1"
1782060823,2026-06-21T17:53:43+01:00,3140666,3140664,Rl,1,113,19.6,19297724,47277896,"python -m gpuwrf run --input-dir <DATA_ROOT>/wrf_downscale/canary_all7/run --namelist <DATA_ROOT>/wrf_downscale/canary_all7/run/namelist.input --output-dir proofs/v020/s4/fp64_d01d03_1h_thomas_20260621T164055Z/output --proof-dir proofs/v020/s4/fp64_d01d03_1h_thomas_20260621T164055Z/proofs --scratch-dir proofs/v020/s4/fp64_d01d03_1h_thomas_20260621T164055Z/scratch --max-dom 3 --hours 1"
1782060825,2026-06-21T17:53:45+01:00,3140664,3140601,S,0,0.0,0.0,1736,2784,"/usr/bin/time -f wall_s=%e\nmaxrss_kib=%M -o proofs/v020/s4/fp64_d01d03_1h_thomas_20260621T164055Z/time.txt taskset -c 0-3 python -m gpuwrf run --input-dir <DATA_ROOT>/wrf_downscale/canary_all7/run --namelist <DATA_ROOT>/wrf_downscale/canary_all7/run/namelist.input --output-dir proofs/v020/s4/fp64_d01d03_1h_thomas_20260621T164055Z/output --proof-dir proofs/v020/s4/fp64_d01d03_1h_thomas_20260621T164055Z/proofs --scratch-dir proofs/v020/s4/fp64_d01d03_1h_thomas_20260621T164055Z/scratch --max-dom 3 --hours 1"
1782060825,2026-06-21T17:53:45+01:00,3140666,3140664,Rl,1,113,19.6,19297784,47277896,"python -m gpuwrf run --input-dir <DATA_ROOT>/wrf_downscale/canary_all7/run --namelist <DATA_ROOT>/wrf_downscale/canary_all7/run/namelist.input --output-dir proofs/v020/s4/fp64_d01d03_1h_thomas_20260621T164055Z/output --proof-dir proofs/v020/s4/fp64_d01d03_1h_thomas_20260621T164055Z/proofs --scratch-dir proofs/v020/s4/fp64_d01d03_1h_thomas_20260621T164055Z/scratch --max-dom 3 --hours 1"
1782060827,2026-06-21T17:53:47+01:00,3140664,3140601,S,0,0.0,0.0,1736,2784,"/usr/bin/time -f wall_s=%e\nmaxrss_kib=%M -o proofs/v020/s4/fp64_d01d03_1h_thomas_20260621T164055Z/time.txt taskset -c 0-3 python -m gpuwrf run --input-dir <DATA_ROOT>/wrf_downscale/canary_all7/run --namelist <DATA_ROOT>/wrf_downscale/canary_all7/run/namelist.input --output-dir proofs/v020/s4/fp64_d01d03_1h_thomas_20260621T164055Z/output --proof-dir proofs/v020/s4/fp64_d01d03_1h_thomas_20260621T164055Z/proofs --scratch-dir proofs/v020/s4/fp64_d01d03_1h_thomas_20260621T164055Z/scratch --max-dom 3 --hours 1"
1782060827,2026-06-21T17:53:47+01:00,3140666,3140664,Rl,1,113,19.6,19297804,47277896,"python -m gpuwrf run --input-dir <DATA_ROOT>/wrf_downscale/canary_all7/run --namelist <DATA_ROOT>/wrf_downscale/canary_all7/run/namelist.input --output-dir proofs/v020/s4/fp64_d01d03_1h_thomas_20260621T164055Z/output --proof-dir proofs/v020/s4/fp64_d01d03_1h_thomas_20260621T164055Z/proofs --scratch-dir proofs/v020/s4/fp64_d01d03_1h_thomas_20260621T164055Z/scratch --max-dom 3 --hours 1"
1782060830,2026-06-21T17:53:50+01:00,3140664,3140601,S,0,0.0,0.0,1736,2784,"/usr/bin/time -f wall_s=%e\nmaxrss_kib=%M -o proofs/v020/s4/fp64_d01d03_1h_thomas_20260621T164055Z/time.txt taskset -c 0-3 python -m gpuwrf run --input-dir <DATA_ROOT>/wrf_downscale/canary_all7/run --namelist <DATA_ROOT>/wrf_downscale/canary_all7/run/namelist.input --output-dir proofs/v020/s4/fp64_d01d03_1h_thomas_20260621T164055Z/output --proof-dir proofs/v020/s4/fp64_d01d03_1h_thomas_20260621T164055Z/proofs --scratch-dir proofs/v020/s4/fp64_d01d03_1h_thomas_20260621T164055Z/scratch --max-dom 3 --hours 1"
1782060830,2026-06-21T17:53:50+01:00,3140666,3140664,Rl,1,113,19.6,19297804,47277896,"python -m gpuwrf run --input-dir <DATA_ROOT>/wrf_downscale/canary_all7/run --namelist <DATA_ROOT>/wrf_downscale/canary_all7/run/namelist.input --output-dir proofs/v020/s4/fp64_d01d03_1h_thomas_20260621T164055Z/output --proof-dir proofs/v020/s4/fp64_d01d03_1h_thomas_20260621T164055Z/proofs --scratch-dir proofs/v020/s4/fp64_d01d03_1h_thomas_20260621T164055Z/scratch --max-dom 3 --hours 1"
1782060832,2026-06-21T17:53:52+01:00,3140664,3140601,S,0,0.0,0.0,1736,2784,"/usr/bin/time -f wall_s=%e\nmaxrss_kib=%M -o proofs/v020/s4/fp64_d01d03_1h_thomas_20260621T164055Z/time.txt taskset -c 0-3 python -m gpuwrf run --input-dir <DATA_ROOT>/wrf_downscale/canary_all7/run --namelist <DATA_ROOT>/wrf_downscale/canary_all7/run/namelist.input --output-dir proofs/v020/s4/fp64_d01d03_1h_thomas_20260621T164055Z/output --proof-dir proofs/v020/s4/fp64_d01d03_1h_thomas_20260621T164055Z/proofs --scratch-dir proofs/v020/s4/fp64_d01d03_1h_thomas_20260621T164055Z/scratch --max-dom 3 --hours 1"
1782060832,2026-06-21T17:53:52+01:00,3140666,3140664,Rl,1,113,19.6,19297804,47277896,"python -m gpuwrf run --input-dir <DATA_ROOT>/wrf_downscale/canary_all7/run --namelist <DATA_ROOT>/wrf_downscale/canary_all7/run/namelist.input --output-dir proofs/v020/s4/fp64_d01d03_1h_thomas_20260621T164055Z/output --proof-dir proofs/v020/s4/fp64_d01d03_1h_thomas_20260621T164055Z/proofs --scratch-dir proofs/v020/s4/fp64_d01d03_1h_thomas_20260621T164055Z/scratch --max-dom 3 --hours 1"
1782060834,2026-06-21T17:53:54+01:00,3140664,3140601,S,0,0.0,0.0,1736,2784,"/usr/bin/time -f wall_s=%e\nmaxrss_kib=%M -o proofs/v020/s4/fp64_d01d03_1h_thomas_20260621T164055Z/time.txt taskset -c 0-3 python -m gpuwrf run --input-dir <DATA_ROOT>/wrf_downscale/canary_all7/run --namelist <DATA_ROOT>/wrf_downscale/canary_all7/run/namelist.input --output-dir proofs/v020/s4/fp64_d01d03_1h_thomas_20260621T164055Z/output --proof-dir proofs/v020/s4/fp64_d01d03_1h_thomas_20260621T164055Z/proofs --scratch-dir proofs/v020/s4/fp64_d01d03_1h_thomas_20260621T164055Z/scratch --max-dom 3 --hours 1"
1782060834,2026-06-21T17:53:54+01:00,3140666,3140664,Rl,1,113,19.6,19297828,47277896,"python -m gpuwrf run --input-dir <DATA_ROOT>/wrf_downscale/canary_all7/run --namelist <DATA_ROOT>/wrf_downscale/canary_all7/run/namelist.input --output-dir proofs/v020/s4/fp64_d01d03_1h_thomas_20260621T164055Z/output --proof-dir proofs/v020/s4/fp64_d01d03_1h_thomas_20260621T164055Z/proofs --scratch-dir proofs/v020/s4/fp64_d01d03_1h_thomas_20260621T164055Z/scratch --max-dom 3 --hours 1"
1782060836,2026-06-21T17:53:56+01:00,3140664,3140601,S,0,0.0,0.0,1736,2784,"/usr/bin/time -f wall_s=%e\nmaxrss_kib=%M -o proofs/v020/s4/fp64_d01d03_1h_thomas_20260621T164055Z/time.txt taskset -c 0-3 python -m gpuwrf run --input-dir <DATA_ROOT>/wrf_downscale/canary_all7/run --namelist <DATA_ROOT>/wrf_downscale/canary_all7/run/namelist.input --output-dir proofs/v020/s4/fp64_d01d03_1h_thomas_20260621T164055Z/output --proof-dir proofs/v020/s4/fp64_d01d03_1h_thomas_20260621T164055Z/proofs --scratch-dir proofs/v020/s4/fp64_d01d03_1h_thomas_20260621T164055Z/scratch --max-dom 3 --hours 1"
1782060836,2026-06-21T17:53:56+01:00,3140666,3140664,Rl,1,112,19.6,19297844,47277896,"python -m gpuwrf run --input-dir <DATA_ROOT>/wrf_downscale/canary_all7/run --namelist <DATA_ROOT>/wrf_downscale/canary_all7/run/namelist.input --output-dir proofs/v020/s4/fp64_d01d03_1h_thomas_20260621T164055Z/output --proof-dir proofs/v020/s4/fp64_d01d03_1h_thomas_20260621T164055Z/proofs --scratch-dir proofs/v020/s4/fp64_d01d03_1h_thomas_20260621T164055Z/scratch --max-dom 3 --hours 1"
1782060838,2026-06-21T17:53:58+01:00,3140664,3140601,S,0,0.0,0.0,1736,2784,"/usr/bin/time -f wall_s=%e\nmaxrss_kib=%M -o proofs/v020/s4/fp64_d01d03_1h_thomas_20260621T164055Z/time.txt taskset -c 0-3 python -m gpuwrf run --input-dir <DATA_ROOT>/wrf_downscale/canary_all7/run --namelist <DATA_ROOT>/wrf_downscale/canary_all7/run/namelist.input --output-dir proofs/v020/s4/fp64_d01d03_1h_thomas_20260621T164055Z/output --proof-dir proofs/v020/s4/fp64_d01d03_1h_thomas_20260621T164055Z/proofs --scratch-dir proofs/v020/s4/fp64_d01d03_1h_thomas_20260621T164055Z/scratch --max-dom 3 --hours 1"
1782060838,2026-06-21T17:53:58+01:00,3140666,3140664,Rl,1,112,19.6,19297896,47277896,"python -m gpuwrf run --input-dir <DATA_ROOT>/wrf_downscale/canary_all7/run --namelist <DATA_ROOT>/wrf_downscale/canary_all7/run/namelist.input --output-dir proofs/v020/s4/fp64_d01d03_1h_thomas_20260621T164055Z/output --proof-dir proofs/v020/s4/fp64_d01d03_1h_thomas_20260621T164055Z/proofs --scratch-dir proofs/v020/s4/fp64_d01d03_1h_thomas_20260621T164055Z/scratch --max-dom 3 --hours 1"
1782060840,2026-06-21T17:54:00+01:00,3140664,3140601,S,0,0.0,0.0,1736,2784,"/usr/bin/time -f wall_s=%e\nmaxrss_kib=%M -o proofs/v020/s4/fp64_d01d03_1h_thomas_20260621T164055Z/time.txt taskset -c 0-3 python -m gpuwrf run --input-dir <DATA_ROOT>/wrf_downscale/canary_all7/run --namelist <DATA_ROOT>/wrf_downscale/canary_all7/run/namelist.input --output-dir proofs/v020/s4/fp64_d01d03_1h_thomas_20260621T164055Z/output --proof-dir proofs/v020/s4/fp64_d01d03_1h_thomas_20260621T164055Z/proofs --scratch-dir proofs/v020/s4/fp64_d01d03_1h_thomas_20260621T164055Z/scratch --max-dom 3 --hours 1"
1782060840,2026-06-21T17:54:00+01:00,3140666,3140664,Rl,1,112,19.7,19389060,47369032,"python -m gpuwrf run --input-dir <DATA_ROOT>/wrf_downscale/canary_all7/run --namelist <DATA_ROOT>/wrf_downscale/canary_all7/run/namelist.input --output-dir proofs/v020/s4/fp64_d01d03_1h_thomas_20260621T164055Z/output --proof-dir proofs/v020/s4/fp64_d01d03_1h_thomas_20260621T164055Z/proofs --scratch-dir proofs/v020/s4/fp64_d01d03_1h_thomas_20260621T164055Z/scratch --max-dom 3 --hours 1"
1782060842,2026-06-21T17:54:02+01:00,3140664,3140601,S,0,0.0,0.0,1736,2784,"/usr/bin/time -f wall_s=%e\nmaxrss_kib=%M -o proofs/v020/s4/fp64_d01d03_1h_thomas_20260621T164055Z/time.txt taskset -c 0-3 python -m gpuwrf run --input-dir <DATA_ROOT>/wrf_downscale/canary_all7/run --namelist <DATA_ROOT>/wrf_downscale/canary_all7/run/namelist.input --output-dir proofs/v020/s4/fp64_d01d03_1h_thomas_20260621T164055Z/output --proof-dir proofs/v020/s4/fp64_d01d03_1h_thomas_20260621T164055Z/proofs --scratch-dir proofs/v020/s4/fp64_d01d03_1h_thomas_20260621T164055Z/scratch --max-dom 3 --hours 1"
1782060842,2026-06-21T17:54:02+01:00,3140666,3140664,Rl,1,112,19.7,19389100,47369032,"python -m gpuwrf run --input-dir <DATA_ROOT>/wrf_downscale/canary_all7/run --namelist <DATA_ROOT>/wrf_downscale/canary_all7/run/namelist.input --output-dir proofs/v020/s4/fp64_d01d03_1h_thomas_20260621T164055Z/output --proof-dir proofs/v020/s4/fp64_d01d03_1h_thomas_20260621T164055Z/proofs --scratch-dir proofs/v020/s4/fp64_d01d03_1h_thomas_20260621T164055Z/scratch --max-dom 3 --hours 1"
1782060844,2026-06-21T17:54:04+01:00,3140664,3140601,S,0,0.0,0.0,1736,2784,"/usr/bin/time -f wall_s=%e\nmaxrss_kib=%M -o proofs/v020/s4/fp64_d01d03_1h_thomas_20260621T164055Z/time.txt taskset -c 0-3 python -m gpuwrf run --input-dir <DATA_ROOT>/wrf_downscale/canary_all7/run --namelist <DATA_ROOT>/wrf_downscale/canary_all7/run/namelist.input --output-dir proofs/v020/s4/fp64_d01d03_1h_thomas_20260621T164055Z/output --proof-dir proofs/v020/s4/fp64_d01d03_1h_thomas_20260621T164055Z/proofs --scratch-dir proofs/v020/s4/fp64_d01d03_1h_thomas_20260621T164055Z/scratch --max-dom 3 --hours 1"
1782060844,2026-06-21T17:54:04+01:00,3140666,3140664,Rl,1,112,19.7,19389104,47369032,"python -m gpuwrf run --input-dir <DATA_ROOT>/wrf_downscale/canary_all7/run --namelist <DATA_ROOT>/wrf_downscale/canary_all7/run/namelist.input --output-dir proofs/v020/s4/fp64_d01d03_1h_thomas_20260621T164055Z/output --proof-dir proofs/v020/s4/fp64_d01d03_1h_thomas_20260621T164055Z/proofs --scratch-dir proofs/v020/s4/fp64_d01d03_1h_thomas_20260621T164055Z/scratch --max-dom 3 --hours 1"
1782060847,2026-06-21T17:54:07+01:00,3140664,3140601,S,0,0.0,0.0,1736,2784,"/usr/bin/time -f wall_s=%e\nmaxrss_kib=%M -o proofs/v020/s4/fp64_d01d03_1h_thomas_20260621T164055Z/time.txt taskset -c 0-3 python -m gpuwrf run --input-dir <DATA_ROOT>/wrf_downscale/canary_all7/run --namelist <DATA_ROOT>/wrf_downscale/canary_all7/run/namelist.input --output-dir proofs/v020/s4/fp64_d01d03_1h_thomas_20260621T164055Z/output --proof-dir proofs/v020/s4/fp64_d01d03_1h_thomas_20260621T164055Z/proofs --scratch-dir proofs/v020/s4/fp64_d01d03_1h_thomas_20260621T164055Z/scratch --max-dom 3 --hours 1"
1782060847,2026-06-21T17:54:07+01:00,3140666,3140664,Rl,1,112,19.7,19389104,47369032,"python -m gpuwrf run --input-dir <DATA_ROOT>/wrf_downscale/canary_all7/run --namelist <DATA_ROOT>/wrf_downscale/canary_all7/run/namelist.input --output-dir proofs/v020/s4/fp64_d01d03_1h_thomas_20260621T164055Z/output --proof-dir proofs/v020/s4/fp64_d01d03_1h_thomas_20260621T164055Z/proofs --scratch-dir proofs/v020/s4/fp64_d01d03_1h_thomas_20260621T164055Z/scratch --max-dom 3 --hours 1"
1782060849,2026-06-21T17:54:09+01:00,3140664,3140601,S,0,0.0,0.0,1736,2784,"/usr/bin/time -f wall_s=%e\nmaxrss_kib=%M -o proofs/v020/s4/fp64_d01d03_1h_thomas_20260621T164055Z/time.txt taskset -c 0-3 python -m gpuwrf run --input-dir <DATA_ROOT>/wrf_downscale/canary_all7/run --namelist <DATA_ROOT>/wrf_downscale/canary_all7/run/namelist.input --output-dir proofs/v020/s4/fp64_d01d03_1h_thomas_20260621T164055Z/output --proof-dir proofs/v020/s4/fp64_d01d03_1h_thomas_20260621T164055Z/proofs --scratch-dir proofs/v020/s4/fp64_d01d03_1h_thomas_20260621T164055Z/scratch --max-dom 3 --hours 1"
1782060849,2026-06-21T17:54:09+01:00,3140666,3140664,Rl,1,112,19.7,19389116,47369032,"python -m gpuwrf run --input-dir <DATA_ROOT>/wrf_downscale/canary_all7/run --namelist <DATA_ROOT>/wrf_downscale/canary_all7/run/namelist.input --output-dir proofs/v020/s4/fp64_d01d03_1h_thomas_20260621T164055Z/output --proof-dir proofs/v020/s4/fp64_d01d03_1h_thomas_20260621T164055Z/proofs --scratch-dir proofs/v020/s4/fp64_d01d03_1h_thomas_20260621T164055Z/scratch --max-dom 3 --hours 1"
1782060851,2026-06-21T17:54:11+01:00,3140664,3140601,S,0,0.0,0.0,1736,2784,"/usr/bin/time -f wall_s=%e\nmaxrss_kib=%M -o proofs/v020/s4/fp64_d01d03_1h_thomas_20260621T164055Z/time.txt taskset -c 0-3 python -m gpuwrf run --input-dir <DATA_ROOT>/wrf_downscale/canary_all7/run --namelist <DATA_ROOT>/wrf_downscale/canary_all7/run/namelist.input --output-dir proofs/v020/s4/fp64_d01d03_1h_thomas_20260621T164055Z/output --proof-dir proofs/v020/s4/fp64_d01d03_1h_thomas_20260621T164055Z/proofs --scratch-dir proofs/v020/s4/fp64_d01d03_1h_thomas_20260621T164055Z/scratch --max-dom 3 --hours 1"
1782060851,2026-06-21T17:54:11+01:00,3140666,3140664,Rl,1,112,19.7,19389120,47369032,"python -m gpuwrf run --input-dir <DATA_ROOT>/wrf_downscale/canary_all7/run --namelist <DATA_ROOT>/wrf_downscale/canary_all7/run/namelist.input --output-dir proofs/v020/s4/fp64_d01d03_1h_thomas_20260621T164055Z/output --proof-dir proofs/v020/s4/fp64_d01d03_1h_thomas_20260621T164055Z/proofs --scratch-dir proofs/v020/s4/fp64_d01d03_1h_thomas_20260621T164055Z/scratch --max-dom 3 --hours 1"
1782060853,2026-06-21T17:54:13+01:00,3140664,3140601,S,0,0.0,0.0,1736,2784,"/usr/bin/time -f wall_s=%e\nmaxrss_kib=%M -o proofs/v020/s4/fp64_d01d03_1h_thomas_20260621T164055Z/time.txt taskset -c 0-3 python -m gpuwrf run --input-dir <DATA_ROOT>/wrf_downscale/canary_all7/run --namelist <DATA_ROOT>/wrf_downscale/canary_all7/run/namelist.input --output-dir proofs/v020/s4/fp64_d01d03_1h_thomas_20260621T164055Z/output --proof-dir proofs/v020/s4/fp64_d01d03_1h_thomas_20260621T164055Z/proofs --scratch-dir proofs/v020/s4/fp64_d01d03_1h_thomas_20260621T164055Z/scratch --max-dom 3 --hours 1"
1782060853,2026-06-21T17:54:13+01:00,3140666,3140664,Rl,1,112,19.7,19389120,47369032,"python -m gpuwrf run --input-dir <DATA_ROOT>/wrf_downscale/canary_all7/run --namelist <DATA_ROOT>/wrf_downscale/canary_all7/run/namelist.input --output-dir proofs/v020/s4/fp64_d01d03_1h_thomas_20260621T164055Z/output --proof-dir proofs/v020/s4/fp64_d01d03_1h_thomas_20260621T164055Z/proofs --scratch-dir proofs/v020/s4/fp64_d01d03_1h_thomas_20260621T164055Z/scratch --max-dom 3 --hours 1"
1782060855,2026-06-21T17:54:15+01:00,3140664,3140601,S,0,0.0,0.0,1736,2784,"/usr/bin/time -f wall_s=%e\nmaxrss_kib=%M -o proofs/v020/s4/fp64_d01d03_1h_thomas_20260621T164055Z/time.txt taskset -c 0-3 python -m gpuwrf run --input-dir <DATA_ROOT>/wrf_downscale/canary_all7/run --namelist <DATA_ROOT>/wrf_downscale/canary_all7/run/namelist.input --output-dir proofs/v020/s4/fp64_d01d03_1h_thomas_20260621T164055Z/output --proof-dir proofs/v020/s4/fp64_d01d03_1h_thomas_20260621T164055Z/proofs --scratch-dir proofs/v020/s4/fp64_d01d03_1h_thomas_20260621T164055Z/scratch --max-dom 3 --hours 1"
1782060855,2026-06-21T17:54:15+01:00,3140666,3140664,Rl,1,112,19.5,19206848,47186760,"python -m gpuwrf run --input-dir <DATA_ROOT>/wrf_downscale/canary_all7/run --namelist <DATA_ROOT>/wrf_downscale/canary_all7/run/namelist.input --output-dir proofs/v020/s4/fp64_d01d03_1h_thomas_20260621T164055Z/output --proof-dir proofs/v020/s4/fp64_d01d03_1h_thomas_20260621T164055Z/proofs --scratch-dir proofs/v020/s4/fp64_d01d03_1h_thomas_20260621T164055Z/scratch --max-dom 3 --hours 1"
1782060857,2026-06-21T17:54:17+01:00,3140664,3140601,S,0,0.0,0.0,1736,2784,"/usr/bin/time -f wall_s=%e\nmaxrss_kib=%M -o proofs/v020/s4/fp64_d01d03_1h_thomas_20260621T164055Z/time.txt taskset -c 0-3 python -m gpuwrf run --input-dir <DATA_ROOT>/wrf_downscale/canary_all7/run --namelist <DATA_ROOT>/wrf_downscale/canary_all7/run/namelist.input --output-dir proofs/v020/s4/fp64_d01d03_1h_thomas_20260621T164055Z/output --proof-dir proofs/v020/s4/fp64_d01d03_1h_thomas_20260621T164055Z/proofs --scratch-dir proofs/v020/s4/fp64_d01d03_1h_thomas_20260621T164055Z/scratch --max-dom 3 --hours 1"
1782060857,2026-06-21T17:54:17+01:00,3140666,3140664,Rl,1,112,19.5,19206872,47186760,"python -m gpuwrf run --input-dir <DATA_ROOT>/wrf_downscale/canary_all7/run --namelist <DATA_ROOT>/wrf_downscale/canary_all7/run/namelist.input --output-dir proofs/v020/s4/fp64_d01d03_1h_thomas_20260621T164055Z/output --proof-dir proofs/v020/s4/fp64_d01d03_1h_thomas_20260621T164055Z/proofs --scratch-dir proofs/v020/s4/fp64_d01d03_1h_thomas_20260621T164055Z/scratch --max-dom 3 --hours 1"
1782060859,2026-06-21T17:54:19+01:00,3140664,3140601,S,0,0.0,0.0,1736,2784,"/usr/bin/time -f wall_s=%e\nmaxrss_kib=%M -o proofs/v020/s4/fp64_d01d03_1h_thomas_20260621T164055Z/time.txt taskset -c 0-3 python -m gpuwrf run --input-dir <DATA_ROOT>/wrf_downscale/canary_all7/run --namelist <DATA_ROOT>/wrf_downscale/canary_all7/run/namelist.input --output-dir proofs/v020/s4/fp64_d01d03_1h_thomas_20260621T164055Z/output --proof-dir proofs/v020/s4/fp64_d01d03_1h_thomas_20260621T164055Z/proofs --scratch-dir proofs/v020/s4/fp64_d01d03_1h_thomas_20260621T164055Z/scratch --max-dom 3 --hours 1"
1782060859,2026-06-21T17:54:19+01:00,3140666,3140664,Dl,0,112,19.5,19213188,47186760,"python -m gpuwrf run --input-dir <DATA_ROOT>/wrf_downscale/canary_all7/run --namelist <DATA_ROOT>/wrf_downscale/canary_all7/run/namelist.input --output-dir proofs/v020/s4/fp64_d01d03_1h_thomas_20260621T164055Z/output --proof-dir proofs/v020/s4/fp64_d01d03_1h_thomas_20260621T164055Z/proofs --scratch-dir proofs/v020/s4/fp64_d01d03_1h_thomas_20260621T164055Z/scratch --max-dom 3 --hours 1"
1782060861,2026-06-21T17:54:21+01:00,3140664,3140601,S,0,0.0,0.0,1736,2784,"/usr/bin/time -f wall_s=%e\nmaxrss_kib=%M -o proofs/v020/s4/fp64_d01d03_1h_thomas_20260621T164055Z/time.txt taskset -c 0-3 python -m gpuwrf run --input-dir <DATA_ROOT>/wrf_downscale/canary_all7/run --namelist <DATA_ROOT>/wrf_downscale/canary_all7/run/namelist.input --output-dir proofs/v020/s4/fp64_d01d03_1h_thomas_20260621T164055Z/output --proof-dir proofs/v020/s4/fp64_d01d03_1h_thomas_20260621T164055Z/proofs --scratch-dir proofs/v020/s4/fp64_d01d03_1h_thomas_20260621T164055Z/scratch --max-dom 3 --hours 1"
1782060861,2026-06-21T17:54:21+01:00,3140666,3140664,Dl,2,113,19.5,19213196,47186760,"python -m gpuwrf run --input-dir <DATA_ROOT>/wrf_downscale/canary_all7/run --namelist <DATA_ROOT>/wrf_downscale/canary_all7/run/namelist.input --output-dir proofs/v020/s4/fp64_d01d03_1h_thomas_20260621T164055Z/output --proof-dir proofs/v020/s4/fp64_d01d03_1h_thomas_20260621T164055Z/proofs --scratch-dir proofs/v020/s4/fp64_d01d03_1h_thomas_20260621T164055Z/scratch --max-dom 3 --hours 1"
1782060864,2026-06-21T17:54:24+01:00,3140664,3140601,S,0,0.0,0.0,1736,2784,"/usr/bin/time -f wall_s=%e\nmaxrss_kib=%M -o proofs/v020/s4/fp64_d01d03_1h_thomas_20260621T164055Z/time.txt taskset -c 0-3 python -m gpuwrf run --input-dir <DATA_ROOT>/wrf_downscale/canary_all7/run --namelist <DATA_ROOT>/wrf_downscale/canary_all7/run/namelist.input --output-dir proofs/v020/s4/fp64_d01d03_1h_thomas_20260621T164055Z/output --proof-dir proofs/v020/s4/fp64_d01d03_1h_thomas_20260621T164055Z/proofs --scratch-dir proofs/v020/s4/fp64_d01d03_1h_thomas_20260621T164055Z/scratch --max-dom 3 --hours 1"
1782060864,2026-06-21T17:54:24+01:00,3140666,3140664,Rl,2,113,19.5,19213964,47186760,"python -m gpuwrf run --input-dir <DATA_ROOT>/wrf_downscale/canary_all7/run --namelist <DATA_ROOT>/wrf_downscale/canary_all7/run/namelist.input --output-dir proofs/v020/s4/fp64_d01d03_1h_thomas_20260621T164055Z/output --proof-dir proofs/v020/s4/fp64_d01d03_1h_thomas_20260621T164055Z/proofs --scratch-dir proofs/v020/s4/fp64_d01d03_1h_thomas_20260621T164055Z/scratch --max-dom 3 --hours 1"
1782060866,2026-06-21T17:54:26+01:00,3140664,3140601,S,0,0.0,0.0,1736,2784,"/usr/bin/time -f wall_s=%e\nmaxrss_kib=%M -o proofs/v020/s4/fp64_d01d03_1h_thomas_20260621T164055Z/time.txt taskset -c 0-3 python -m gpuwrf run --input-dir <DATA_ROOT>/wrf_downscale/canary_all7/run --namelist <DATA_ROOT>/wrf_downscale/canary_all7/run/namelist.input --output-dir proofs/v020/s4/fp64_d01d03_1h_thomas_20260621T164055Z/output --proof-dir proofs/v020/s4/fp64_d01d03_1h_thomas_20260621T164055Z/proofs --scratch-dir proofs/v020/s4/fp64_d01d03_1h_thomas_20260621T164055Z/scratch --max-dom 3 --hours 1"
1782060866,2026-06-21T17:54:26+01:00,3140666,3140664,Rl,2,113,19.5,19217664,47186760,"python -m gpuwrf run --input-dir <DATA_ROOT>/wrf_downscale/canary_all7/run --namelist <DATA_ROOT>/wrf_downscale/canary_all7/run/namelist.input --output-dir proofs/v020/s4/fp64_d01d03_1h_thomas_20260621T164055Z/output --proof-dir proofs/v020/s4/fp64_d01d03_1h_thomas_20260621T164055Z/proofs --scratch-dir proofs/v020/s4/fp64_d01d03_1h_thomas_20260621T164055Z/scratch --max-dom 3 --hours 1"
1782060866,2026-06-21T17:54:26+01:00,3168031,3140666,R,2,50.0,0.0,45804,73976,"<USER_HOME>/miniconda3/lib/python3.13/site-packages/nvidia/cu13/bin/ptxas /tmp/tempfile-user-battlestation-321d6d3e68e6f170-3140666-654c660e56fdd -o /tmp/tempfile-user-battlestation-321d6d3e68e6f170-3140666-654c660e5700b -arch sm_120a --warn-on-spills"
1782060868,2026-06-21T17:54:28+01:00,3140664,3140601,S,0,0.0,0.0,1736,2784,"/usr/bin/time -f wall_s=%e\nmaxrss_kib=%M -o proofs/v020/s4/fp64_d01d03_1h_thomas_20260621T164055Z/time.txt taskset -c 0-3 python -m gpuwrf run --input-dir <DATA_ROOT>/wrf_downscale/canary_all7/run --namelist <DATA_ROOT>/wrf_downscale/canary_all7/run/namelist.input --output-dir proofs/v020/s4/fp64_d01d03_1h_thomas_20260621T164055Z/output --proof-dir proofs/v020/s4/fp64_d01d03_1h_thomas_20260621T164055Z/proofs --scratch-dir proofs/v020/s4/fp64_d01d03_1h_thomas_20260621T164055Z/scratch --max-dom 3 --hours 1"
1782060868,2026-06-21T17:54:28+01:00,3140666,3140664,Rl,2,114,19.5,19219020,47186760,"python -m gpuwrf run --input-dir <DATA_ROOT>/wrf_downscale/canary_all7/run --namelist <DATA_ROOT>/wrf_downscale/canary_all7/run/namelist.input --output-dir proofs/v020/s4/fp64_d01d03_1h_thomas_20260621T164055Z/output --proof-dir proofs/v020/s4/fp64_d01d03_1h_thomas_20260621T164055Z/proofs --scratch-dir proofs/v020/s4/fp64_d01d03_1h_thomas_20260621T164055Z/scratch --max-dom 3 --hours 1"
1782060870,2026-06-21T17:54:30+01:00,3140664,3140601,S,0,0.0,0.0,1736,2784,"/usr/bin/time -f wall_s=%e\nmaxrss_kib=%M -o proofs/v020/s4/fp64_d01d03_1h_thomas_20260621T164055Z/time.txt taskset -c 0-3 python -m gpuwrf run --input-dir <DATA_ROOT>/wrf_downscale/canary_all7/run --namelist <DATA_ROOT>/wrf_downscale/canary_all7/run/namelist.input --output-dir proofs/v020/s4/fp64_d01d03_1h_thomas_20260621T164055Z/output --proof-dir proofs/v020/s4/fp64_d01d03_1h_thomas_20260621T164055Z/proofs --scratch-dir proofs/v020/s4/fp64_d01d03_1h_thomas_20260621T164055Z/scratch --max-dom 3 --hours 1"
1782060870,2026-06-21T17:54:30+01:00,3140666,3140664,Dl,0,113,19.5,19219024,47186760,"python -m gpuwrf run --input-dir <DATA_ROOT>/wrf_downscale/canary_all7/run --namelist <DATA_ROOT>/wrf_downscale/canary_all7/run/namelist.input --output-dir proofs/v020/s4/fp64_d01d03_1h_thomas_20260621T164055Z/output --proof-dir proofs/v020/s4/fp64_d01d03_1h_thomas_20260621T164055Z/proofs --scratch-dir proofs/v020/s4/fp64_d01d03_1h_thomas_20260621T164055Z/scratch --max-dom 3 --hours 1"
1782060872,2026-06-21T17:54:32+01:00,3140664,3140601,S,0,0.0,0.0,1736,2784,"/usr/bin/time -f wall_s=%e\nmaxrss_kib=%M -o proofs/v020/s4/fp64_d01d03_1h_thomas_20260621T164055Z/time.txt taskset -c 0-3 python -m gpuwrf run --input-dir <DATA_ROOT>/wrf_downscale/canary_all7/run --namelist <DATA_ROOT>/wrf_downscale/canary_all7/run/namelist.input --output-dir proofs/v020/s4/fp64_d01d03_1h_thomas_20260621T164055Z/output --proof-dir proofs/v020/s4/fp64_d01d03_1h_thomas_20260621T164055Z/proofs --scratch-dir proofs/v020/s4/fp64_d01d03_1h_thomas_20260621T164055Z/scratch --max-dom 3 --hours 1"
1782060872,2026-06-21T17:54:32+01:00,3140666,3140664,Sl,3,114,19.5,19219716,47186760,"python -m gpuwrf run --input-dir <DATA_ROOT>/wrf_downscale/canary_all7/run --namelist <DATA_ROOT>/wrf_downscale/canary_all7/run/namelist.input --output-dir proofs/v020/s4/fp64_d01d03_1h_thomas_20260621T164055Z/output --proof-dir proofs/v020/s4/fp64_d01d03_1h_thomas_20260621T164055Z/proofs --scratch-dir proofs/v020/s4/fp64_d01d03_1h_thomas_20260621T164055Z/scratch --max-dom 3 --hours 1"
1782060872,2026-06-21T17:54:32+01:00,3168437,3140666,R,0,105,0.0,51892,82588,"<USER_HOME>/miniconda3/lib/python3.13/site-packages/nvidia/cu13/bin/ptxas /tmp/tempfile-user-battlestation-9793f7fa879bc38a-3140666-654c661471ad8 -o /tmp/tempfile-user-battlestation-9793f7fa879bc38a-3140666-654c661471b17 -arch sm_120a --warn-on-spills"
1782060872,2026-06-21T17:54:32+01:00,3168444,3140666,R,1,107,0.0,50232,80920,"<USER_HOME>/miniconda3/lib/python3.13/site-packages/nvidia/cu13/bin/ptxas /tmp/tempfile-user-battlestation-67ba479a8136bf75-3140666-654c66147fb00 -o /tmp/tempfile-user-battlestation-67ba479a8136bf75-3140666-654c66147fc1d -arch sm_120a --warn-on-spills"
1782060874,2026-06-21T17:54:34+01:00,3140664,3140601,S,0,0.0,0.0,1736,2784,"/usr/bin/time -f wall_s=%e\nmaxrss_kib=%M -o proofs/v020/s4/fp64_d01d03_1h_thomas_20260621T164055Z/time.txt taskset -c 0-3 python -m gpuwrf run --input-dir <DATA_ROOT>/wrf_downscale/canary_all7/run --namelist <DATA_ROOT>/wrf_downscale/canary_all7/run/namelist.input --output-dir proofs/v020/s4/fp64_d01d03_1h_thomas_20260621T164055Z/output --proof-dir proofs/v020/s4/fp64_d01d03_1h_thomas_20260621T164055Z/proofs --scratch-dir proofs/v020/s4/fp64_d01d03_1h_thomas_20260621T164055Z/scratch --max-dom 3 --hours 1"
1782060874,2026-06-21T17:54:34+01:00,3140666,3140664,Sl,2,115,19.5,19221128,47186760,"python -m gpuwrf run --input-dir <DATA_ROOT>/wrf_downscale/canary_all7/run --namelist <DATA_ROOT>/wrf_downscale/canary_all7/run/namelist.input --output-dir proofs/v020/s4/fp64_d01d03_1h_thomas_20260621T164055Z/output --proof-dir proofs/v020/s4/fp64_d01d03_1h_thomas_20260621T164055Z/proofs --scratch-dir proofs/v020/s4/fp64_d01d03_1h_thomas_20260621T164055Z/scratch --max-dom 3 --hours 1"
1782060878,2026-06-21T17:54:38+01:00,3140664,3140601,S,0,0.0,0.0,1736,2784,"/usr/bin/time -f wall_s=%e\nmaxrss_kib=%M -o proofs/v020/s4/fp64_d01d03_1h_thomas_20260621T164055Z/time.txt taskset -c 0-3 python -m gpuwrf run --input-dir <DATA_ROOT>/wrf_downscale/canary_all7/run --namelist <DATA_ROOT>/wrf_downscale/canary_all7/run/namelist.input --output-dir proofs/v020/s4/fp64_d01d03_1h_thomas_20260621T164055Z/output --proof-dir proofs/v020/s4/fp64_d01d03_1h_thomas_20260621T164055Z/proofs --scratch-dir proofs/v020/s4/fp64_d01d03_1h_thomas_20260621T164055Z/scratch --max-dom 3 --hours 1"
1782060878,2026-06-21T17:54:38+01:00,3140666,3140664,Sl,2,115,19.5,19233332,47186760,"python -m gpuwrf run --input-dir <DATA_ROOT>/wrf_downscale/canary_all7/run --namelist <DATA_ROOT>/wrf_downscale/canary_all7/run/namelist.input --output-dir proofs/v020/s4/fp64_d01d03_1h_thomas_20260621T164055Z/output --proof-dir proofs/v020/s4/fp64_d01d03_1h_thomas_20260621T164055Z/proofs --scratch-dir proofs/v020/s4/fp64_d01d03_1h_thomas_20260621T164055Z/scratch --max-dom 3 --hours 1"
1782060878,2026-06-21T17:54:38+01:00,3168945,3140666,R,2,120,0.0,0,0,"[ptxas]"
1782060880,2026-06-21T17:54:40+01:00,3140664,3140601,S,0,0.0,0.0,1736,2784,"/usr/bin/time -f wall_s=%e\nmaxrss_kib=%M -o proofs/v020/s4/fp64_d01d03_1h_thomas_20260621T164055Z/time.txt taskset -c 0-3 python -m gpuwrf run --input-dir <DATA_ROOT>/wrf_downscale/canary_all7/run --namelist <DATA_ROOT>/wrf_downscale/canary_all7/run/namelist.input --output-dir proofs/v020/s4/fp64_d01d03_1h_thomas_20260621T164055Z/output --proof-dir proofs/v020/s4/fp64_d01d03_1h_thomas_20260621T164055Z/proofs --scratch-dir proofs/v020/s4/fp64_d01d03_1h_thomas_20260621T164055Z/scratch --max-dom 3 --hours 1"
1782060880,2026-06-21T17:54:40+01:00,3140666,3140664,Sl,0,115,19.5,19237940,47186760,"python -m gpuwrf run --input-dir <DATA_ROOT>/wrf_downscale/canary_all7/run --namelist <DATA_ROOT>/wrf_downscale/canary_all7/run/namelist.input --output-dir proofs/v020/s4/fp64_d01d03_1h_thomas_20260621T164055Z/output --proof-dir proofs/v020/s4/fp64_d01d03_1h_thomas_20260621T164055Z/proofs --scratch-dir proofs/v020/s4/fp64_d01d03_1h_thomas_20260621T164055Z/scratch --max-dom 3 --hours 1"
1782060883,2026-06-21T17:54:43+01:00,3140664,3140601,S,0,0.0,0.0,1736,2784,"/usr/bin/time -f wall_s=%e\nmaxrss_kib=%M -o proofs/v020/s4/fp64_d01d03_1h_thomas_20260621T164055Z/time.txt taskset -c 0-3 python -m gpuwrf run --input-dir <DATA_ROOT>/wrf_downscale/canary_all7/run --namelist <DATA_ROOT>/wrf_downscale/canary_all7/run/namelist.input --output-dir proofs/v020/s4/fp64_d01d03_1h_thomas_20260621T164055Z/output --proof-dir proofs/v020/s4/fp64_d01d03_1h_thomas_20260621T164055Z/proofs --scratch-dir proofs/v020/s4/fp64_d01d03_1h_thomas_20260621T164055Z/scratch --max-dom 3 --hours 1"
1782060883,2026-06-21T17:54:43+01:00,3140666,3140664,Sl,1,115,19.5,19237940,47186760,"python -m gpuwrf run --input-dir <DATA_ROOT>/wrf_downscale/canary_all7/run --namelist <DATA_ROOT>/wrf_downscale/canary_all7/run/namelist.input --output-dir proofs/v020/s4/fp64_d01d03_1h_thomas_20260621T164055Z/output --proof-dir proofs/v020/s4/fp64_d01d03_1h_thomas_20260621T164055Z/proofs --scratch-dir proofs/v020/s4/fp64_d01d03_1h_thomas_20260621T164055Z/scratch --max-dom 3 --hours 1"
1782060885,2026-06-21T17:54:45+01:00,3140664,3140601,S,0,0.0,0.0,1736,2784,"/usr/bin/time -f wall_s=%e\nmaxrss_kib=%M -o proofs/v020/s4/fp64_d01d03_1h_thomas_20260621T164055Z/time.txt taskset -c 0-3 python -m gpuwrf run --input-dir <DATA_ROOT>/wrf_downscale/canary_all7/run --namelist <DATA_ROOT>/wrf_downscale/canary_all7/run/namelist.input --output-dir proofs/v020/s4/fp64_d01d03_1h_thomas_20260621T164055Z/output --proof-dir proofs/v020/s4/fp64_d01d03_1h_thomas_20260621T164055Z/proofs --scratch-dir proofs/v020/s4/fp64_d01d03_1h_thomas_20260621T164055Z/scratch --max-dom 3 --hours 1"
1782060885,2026-06-21T17:54:45+01:00,3140666,3140664,Sl,1,116,19.5,19237944,47186760,"python -m gpuwrf run --input-dir <DATA_ROOT>/wrf_downscale/canary_all7/run --namelist <DATA_ROOT>/wrf_downscale/canary_all7/run/namelist.input --output-dir proofs/v020/s4/fp64_d01d03_1h_thomas_20260621T164055Z/output --proof-dir proofs/v020/s4/fp64_d01d03_1h_thomas_20260621T164055Z/proofs --scratch-dir proofs/v020/s4/fp64_d01d03_1h_thomas_20260621T164055Z/scratch --max-dom 3 --hours 1"
1782060887,2026-06-21T17:54:47+01:00,3140664,3140601,S,0,0.0,0.0,1736,2784,"/usr/bin/time -f wall_s=%e\nmaxrss_kib=%M -o proofs/v020/s4/fp64_d01d03_1h_thomas_20260621T164055Z/time.txt taskset -c 0-3 python -m gpuwrf run --input-dir <DATA_ROOT>/wrf_downscale/canary_all7/run --namelist <DATA_ROOT>/wrf_downscale/canary_all7/run/namelist.input --output-dir proofs/v020/s4/fp64_d01d03_1h_thomas_20260621T164055Z/output --proof-dir proofs/v020/s4/fp64_d01d03_1h_thomas_20260621T164055Z/proofs --scratch-dir proofs/v020/s4/fp64_d01d03_1h_thomas_20260621T164055Z/scratch --max-dom 3 --hours 1"
1782060887,2026-06-21T17:54:47+01:00,3140666,3140664,Sl,0,116,19.5,19242420,47186760,"python -m gpuwrf run --input-dir <DATA_ROOT>/wrf_downscale/canary_all7/run --namelist <DATA_ROOT>/wrf_downscale/canary_all7/run/namelist.input --output-dir proofs/v020/s4/fp64_d01d03_1h_thomas_20260621T164055Z/output --proof-dir proofs/v020/s4/fp64_d01d03_1h_thomas_20260621T164055Z/proofs --scratch-dir proofs/v020/s4/fp64_d01d03_1h_thomas_20260621T164055Z/scratch --max-dom 3 --hours 1"
1782060889,2026-06-21T17:54:49+01:00,3140664,3140601,S,0,0.0,0.0,1736,2784,"/usr/bin/time -f wall_s=%e\nmaxrss_kib=%M -o proofs/v020/s4/fp64_d01d03_1h_thomas_20260621T164055Z/time.txt taskset -c 0-3 python -m gpuwrf run --input-dir <DATA_ROOT>/wrf_downscale/canary_all7/run --namelist <DATA_ROOT>/wrf_downscale/canary_all7/run/namelist.input --output-dir proofs/v020/s4/fp64_d01d03_1h_thomas_20260621T164055Z/output --proof-dir proofs/v020/s4/fp64_d01d03_1h_thomas_20260621T164055Z/proofs --scratch-dir proofs/v020/s4/fp64_d01d03_1h_thomas_20260621T164055Z/scratch --max-dom 3 --hours 1"
1782060889,2026-06-21T17:54:49+01:00,3140666,3140664,Sl,0,116,19.5,19243600,47186760,"python -m gpuwrf run --input-dir <DATA_ROOT>/wrf_downscale/canary_all7/run --namelist <DATA_ROOT>/wrf_downscale/canary_all7/run/namelist.input --output-dir proofs/v020/s4/fp64_d01d03_1h_thomas_20260621T164055Z/output --proof-dir proofs/v020/s4/fp64_d01d03_1h_thomas_20260621T164055Z/proofs --scratch-dir proofs/v020/s4/fp64_d01d03_1h_thomas_20260621T164055Z/scratch --max-dom 3 --hours 1"
1782060891,2026-06-21T17:54:51+01:00,3140664,3140601,S,0,0.0,0.0,1736,2784,"/usr/bin/time -f wall_s=%e\nmaxrss_kib=%M -o proofs/v020/s4/fp64_d01d03_1h_thomas_20260621T164055Z/time.txt taskset -c 0-3 python -m gpuwrf run --input-dir <DATA_ROOT>/wrf_downscale/canary_all7/run --namelist <DATA_ROOT>/wrf_downscale/canary_all7/run/namelist.input --output-dir proofs/v020/s4/fp64_d01d03_1h_thomas_20260621T164055Z/output --proof-dir proofs/v020/s4/fp64_d01d03_1h_thomas_20260621T164055Z/proofs --scratch-dir proofs/v020/s4/fp64_d01d03_1h_thomas_20260621T164055Z/scratch --max-dom 3 --hours 1"
1782060891,2026-06-21T17:54:51+01:00,3140666,3140664,Sl,1,117,19.5,19243604,47186760,"python -m gpuwrf run --input-dir <DATA_ROOT>/wrf_downscale/canary_all7/run --namelist <DATA_ROOT>/wrf_downscale/canary_all7/run/namelist.input --output-dir proofs/v020/s4/fp64_d01d03_1h_thomas_20260621T164055Z/output --proof-dir proofs/v020/s4/fp64_d01d03_1h_thomas_20260621T164055Z/proofs --scratch-dir proofs/v020/s4/fp64_d01d03_1h_thomas_20260621T164055Z/scratch --max-dom 3 --hours 1"
1782060891,2026-06-21T17:54:51+01:00,3169965,3140666,R,3,109,0.0,42512,73444,"<USER_HOME>/miniconda3/lib/python3.13/site-packages/nvidia/cu13/bin/ptxas /tmp/tempfile-user-battlestation-321d6d3e68e6f170-3140666-654c6626d15eb -o /tmp/tempfile-user-battlestation-321d6d3e68e6f170-3140666-654c6626d164c -arch sm_120a --warn-on-spills"
1782060893,2026-06-21T17:54:53+01:00,3140664,3140601,S,0,0.0,0.0,1736,2784,"/usr/bin/time -f wall_s=%e\nmaxrss_kib=%M -o proofs/v020/s4/fp64_d01d03_1h_thomas_20260621T164055Z/time.txt taskset -c 0-3 python -m gpuwrf run --input-dir <DATA_ROOT>/wrf_downscale/canary_all7/run --namelist <DATA_ROOT>/wrf_downscale/canary_all7/run/namelist.input --output-dir proofs/v020/s4/fp64_d01d03_1h_thomas_20260621T164055Z/output --proof-dir proofs/v020/s4/fp64_d01d03_1h_thomas_20260621T164055Z/proofs --scratch-dir proofs/v020/s4/fp64_d01d03_1h_thomas_20260621T164055Z/scratch --max-dom 3 --hours 1"
1782060893,2026-06-21T17:54:53+01:00,3140666,3140664,Sl,1,117,19.5,19252648,47186760,"python -m gpuwrf run --input-dir <DATA_ROOT>/wrf_downscale/canary_all7/run --namelist <DATA_ROOT>/wrf_downscale/canary_all7/run/namelist.input --output-dir proofs/v020/s4/fp64_d01d03_1h_thomas_20260621T164055Z/output --proof-dir proofs/v020/s4/fp64_d01d03_1h_thomas_20260621T164055Z/proofs --scratch-dir proofs/v020/s4/fp64_d01d03_1h_thomas_20260621T164055Z/scratch --max-dom 3 --hours 1"
1782060893,2026-06-21T17:54:53+01:00,3170111,3140666,R,2,101,0.1,99000,132272,"<USER_HOME>/miniconda3/lib/python3.13/site-packages/nvidia/cu13/bin/ptxas /tmp/tempfile-user-battlestation-a3b4f7c96716b3b2-3140666-654c6628b4c13 -o /tmp/tempfile-user-battlestation-a3b4f7c96716b3b2-3140666-654c6628b4cc7 -arch sm_120a --warn-on-spills"
1782060896,2026-06-21T17:54:56+01:00,3140664,3140601,S,0,0.0,0.0,1736,2784,"/usr/bin/time -f wall_s=%e\nmaxrss_kib=%M -o proofs/v020/s4/fp64_d01d03_1h_thomas_20260621T164055Z/time.txt taskset -c 0-3 python -m gpuwrf run --input-dir <DATA_ROOT>/wrf_downscale/canary_all7/run --namelist <DATA_ROOT>/wrf_downscale/canary_all7/run/namelist.input --output-dir proofs/v020/s4/fp64_d01d03_1h_thomas_20260621T164055Z/output --proof-dir proofs/v020/s4/fp64_d01d03_1h_thomas_20260621T164055Z/proofs --scratch-dir proofs/v020/s4/fp64_d01d03_1h_thomas_20260621T164055Z/scratch --max-dom 3 --hours 1"
1782060896,2026-06-21T17:54:56+01:00,3140666,3140664,Sl,2,117,19.5,19258880,47186760,"python -m gpuwrf run --input-dir <DATA_ROOT>/wrf_downscale/canary_all7/run --namelist <DATA_ROOT>/wrf_downscale/canary_all7/run/namelist.input --output-dir proofs/v020/s4/fp64_d01d03_1h_thomas_20260621T164055Z/output --proof-dir proofs/v020/s4/fp64_d01d03_1h_thomas_20260621T164055Z/proofs --scratch-dir proofs/v020/s4/fp64_d01d03_1h_thomas_20260621T164055Z/scratch --max-dom 3 --hours 1"
1782060898,2026-06-21T17:54:58+01:00,3140664,3140601,S,0,0.0,0.0,1736,2784,"/usr/bin/time -f wall_s=%e\nmaxrss_kib=%M -o proofs/v020/s4/fp64_d01d03_1h_thomas_20260621T164055Z/time.txt taskset -c 0-3 python -m gpuwrf run --input-dir <DATA_ROOT>/wrf_downscale/canary_all7/run --namelist <DATA_ROOT>/wrf_downscale/canary_all7/run/namelist.input --output-dir proofs/v020/s4/fp64_d01d03_1h_thomas_20260621T164055Z/output --proof-dir proofs/v020/s4/fp64_d01d03_1h_thomas_20260621T164055Z/proofs --scratch-dir proofs/v020/s4/fp64_d01d03_1h_thomas_20260621T164055Z/scratch --max-dom 3 --hours 1"
1782060898,2026-06-21T17:54:58+01:00,3140666,3140664,Sl,2,118,19.5,19271460,47252296,"python -m gpuwrf run --input-dir <DATA_ROOT>/wrf_downscale/canary_all7/run --namelist <DATA_ROOT>/wrf_downscale/canary_all7/run/namelist.input --output-dir proofs/v020/s4/fp64_d01d03_1h_thomas_20260621T164055Z/output --proof-dir proofs/v020/s4/fp64_d01d03_1h_thomas_20260621T164055Z/proofs --scratch-dir proofs/v020/s4/fp64_d01d03_1h_thomas_20260621T164055Z/scratch --max-dom 3 --hours 1"
1782060898,2026-06-21T17:54:58+01:00,3170371,3140666,R,3,105,0.0,87748,121708,"<USER_HOME>/miniconda3/lib/python3.13/site-packages/nvidia/cu13/bin/ptxas /tmp/tempfile-user-battlestation-9793f7fa879bc38a-3140666-654c662cfcb48 -o /tmp/tempfile-user-battlestation-9793f7fa879bc38a-3140666-654c662cfcc20 -arch sm_120a --warn-on-spills"
1782060900,2026-06-21T17:55:00+01:00,3140664,3140601,S,0,0.0,0.0,1736,2784,"/usr/bin/time -f wall_s=%e\nmaxrss_kib=%M -o proofs/v020/s4/fp64_d01d03_1h_thomas_20260621T164055Z/time.txt taskset -c 0-3 python -m gpuwrf run --input-dir <DATA_ROOT>/wrf_downscale/canary_all7/run --namelist <DATA_ROOT>/wrf_downscale/canary_all7/run/namelist.input --output-dir proofs/v020/s4/fp64_d01d03_1h_thomas_20260621T164055Z/output --proof-dir proofs/v020/s4/fp64_d01d03_1h_thomas_20260621T164055Z/proofs --scratch-dir proofs/v020/s4/fp64_d01d03_1h_thomas_20260621T164055Z/scratch --max-dom 3 --hours 1"
1782060900,2026-06-21T17:55:00+01:00,3140666,3140664,Sl,2,118,19.5,19268020,47186760,"python -m gpuwrf run --input-dir <DATA_ROOT>/wrf_downscale/canary_all7/run --namelist <DATA_ROOT>/wrf_downscale/canary_all7/run/namelist.input --output-dir proofs/v020/s4/fp64_d01d03_1h_thomas_20260621T164055Z/output --proof-dir proofs/v020/s4/fp64_d01d03_1h_thomas_20260621T164055Z/proofs --scratch-dir proofs/v020/s4/fp64_d01d03_1h_thomas_20260621T164055Z/scratch --max-dom 3 --hours 1"
1782060902,2026-06-21T17:55:02+01:00,3140664,3140601,S,0,0.0,0.0,1736,2784,"/usr/bin/time -f wall_s=%e\nmaxrss_kib=%M -o proofs/v020/s4/fp64_d01d03_1h_thomas_20260621T164055Z/time.txt taskset -c 0-3 python -m gpuwrf run --input-dir <DATA_ROOT>/wrf_downscale/canary_all7/run --namelist <DATA_ROOT>/wrf_downscale/canary_all7/run/namelist.input --output-dir proofs/v020/s4/fp64_d01d03_1h_thomas_20260621T164055Z/output --proof-dir proofs/v020/s4/fp64_d01d03_1h_thomas_20260621T164055Z/proofs --scratch-dir proofs/v020/s4/fp64_d01d03_1h_thomas_20260621T164055Z/scratch --max-dom 3 --hours 1"
1782060902,2026-06-21T17:55:02+01:00,3140666,3140664,Sl,3,118,19.5,19268020,47186760,"python -m gpuwrf run --input-dir <DATA_ROOT>/wrf_downscale/canary_all7/run --namelist <DATA_ROOT>/wrf_downscale/canary_all7/run/namelist.input --output-dir proofs/v020/s4/fp64_d01d03_1h_thomas_20260621T164055Z/output --proof-dir proofs/v020/s4/fp64_d01d03_1h_thomas_20260621T164055Z/proofs --scratch-dir proofs/v020/s4/fp64_d01d03_1h_thomas_20260621T164055Z/scratch --max-dom 3 --hours 1"
1782060902,2026-06-21T17:55:02+01:00,3170712,3140666,R,1,107,0.0,50504,81400,"<USER_HOME>/miniconda3/lib/python3.13/site-packages/nvidia/cu13/bin/ptxas /tmp/tempfile-user-battlestation-a3b4f7c96716b3b2-3140666-654c66315195f -o /tmp/tempfile-user-battlestation-a3b4f7c96716b3b2-3140666-654c6631519f0 -arch sm_120a --warn-on-spills"
1782060905,2026-06-21T17:55:05+01:00,3140664,3140601,S,0,0.0,0.0,1736,2784,"/usr/bin/time -f wall_s=%e\nmaxrss_kib=%M -o proofs/v020/s4/fp64_d01d03_1h_thomas_20260621T164055Z/time.txt taskset -c 0-3 python -m gpuwrf run --input-dir <DATA_ROOT>/wrf_downscale/canary_all7/run --namelist <DATA_ROOT>/wrf_downscale/canary_all7/run/namelist.input --output-dir proofs/v020/s4/fp64_d01d03_1h_thomas_20260621T164055Z/output --proof-dir proofs/v020/s4/fp64_d01d03_1h_thomas_20260621T164055Z/proofs --scratch-dir proofs/v020/s4/fp64_d01d03_1h_thomas_20260621T164055Z/scratch --max-dom 3 --hours 1"
1782060905,2026-06-21T17:55:05+01:00,3140666,3140664,Sl,3,119,19.5,19268020,47186760,"python -m gpuwrf run --input-dir <DATA_ROOT>/wrf_downscale/canary_all7/run --namelist <DATA_ROOT>/wrf_downscale/canary_all7/run/namelist.input --output-dir proofs/v020/s4/fp64_d01d03_1h_thomas_20260621T164055Z/output --proof-dir proofs/v020/s4/fp64_d01d03_1h_thomas_20260621T164055Z/proofs --scratch-dir proofs/v020/s4/fp64_d01d03_1h_thomas_20260621T164055Z/scratch --max-dom 3 --hours 1"
1782060905,2026-06-21T17:55:05+01:00,3170866,3140666,R,3,107,0.0,64080,96056,"<USER_HOME>/miniconda3/lib/python3.13/site-packages/nvidia/cu13/bin/ptxas /tmp/tempfile-user-battlestation-9793f7fa879bc38a-3140666-654c66333e346 -o /tmp/tempfile-user-battlestation-9793f7fa879bc38a-3140666-654c66333e3e5 -arch sm_120a --warn-on-spills"
1782060907,2026-06-21T17:55:07+01:00,3140664,3140601,S,0,0.0,0.0,1736,2784,"/usr/bin/time -f wall_s=%e\nmaxrss_kib=%M -o proofs/v020/s4/fp64_d01d03_1h_thomas_20260621T164055Z/time.txt taskset -c 0-3 python -m gpuwrf run --input-dir <DATA_ROOT>/wrf_downscale/canary_all7/run --namelist <DATA_ROOT>/wrf_downscale/canary_all7/run/namelist.input --output-dir proofs/v020/s4/fp64_d01d03_1h_thomas_20260621T164055Z/output --proof-dir proofs/v020/s4/fp64_d01d03_1h_thomas_20260621T164055Z/proofs --scratch-dir proofs/v020/s4/fp64_d01d03_1h_thomas_20260621T164055Z/scratch --max-dom 3 --hours 1"
1782060907,2026-06-21T17:55:07+01:00,3140666,3140664,Sl,1,119,19.5,19268024,47186760,"python -m gpuwrf run --input-dir <DATA_ROOT>/wrf_downscale/canary_all7/run --namelist <DATA_ROOT>/wrf_downscale/canary_all7/run/namelist.input --output-dir proofs/v020/s4/fp64_d01d03_1h_thomas_20260621T164055Z/output --proof-dir proofs/v020/s4/fp64_d01d03_1h_thomas_20260621T164055Z/proofs --scratch-dir proofs/v020/s4/fp64_d01d03_1h_thomas_20260621T164055Z/scratch --max-dom 3 --hours 1"
1782060909,2026-06-21T17:55:09+01:00,3140664,3140601,S,0,0.0,0.0,1736,2784,"/usr/bin/time -f wall_s=%e\nmaxrss_kib=%M -o proofs/v020/s4/fp64_d01d03_1h_thomas_20260621T164055Z/time.txt taskset -c 0-3 python -m gpuwrf run --input-dir <DATA_ROOT>/wrf_downscale/canary_all7/run --namelist <DATA_ROOT>/wrf_downscale/canary_all7/run/namelist.input --output-dir proofs/v020/s4/fp64_d01d03_1h_thomas_20260621T164055Z/output --proof-dir proofs/v020/s4/fp64_d01d03_1h_thomas_20260621T164055Z/proofs --scratch-dir proofs/v020/s4/fp64_d01d03_1h_thomas_20260621T164055Z/scratch --max-dom 3 --hours 1"
1782060909,2026-06-21T17:55:09+01:00,3140666,3140664,Sl,1,119,19.5,19268024,47186760,"python -m gpuwrf run --input-dir <DATA_ROOT>/wrf_downscale/canary_all7/run --namelist <DATA_ROOT>/wrf_downscale/canary_all7/run/namelist.input --output-dir proofs/v020/s4/fp64_d01d03_1h_thomas_20260621T164055Z/output --proof-dir proofs/v020/s4/fp64_d01d03_1h_thomas_20260621T164055Z/proofs --scratch-dir proofs/v020/s4/fp64_d01d03_1h_thomas_20260621T164055Z/scratch --max-dom 3 --hours 1"
1782060911,2026-06-21T17:55:11+01:00,3140664,3140601,S,0,0.0,0.0,1736,2784,"/usr/bin/time -f wall_s=%e\nmaxrss_kib=%M -o proofs/v020/s4/fp64_d01d03_1h_thomas_20260621T164055Z/time.txt taskset -c 0-3 python -m gpuwrf run --input-dir <DATA_ROOT>/wrf_downscale/canary_all7/run --namelist <DATA_ROOT>/wrf_downscale/canary_all7/run/namelist.input --output-dir proofs/v020/s4/fp64_d01d03_1h_thomas_20260621T164055Z/output --proof-dir proofs/v020/s4/fp64_d01d03_1h_thomas_20260621T164055Z/proofs --scratch-dir proofs/v020/s4/fp64_d01d03_1h_thomas_20260621T164055Z/scratch --max-dom 3 --hours 1"
1782060911,2026-06-21T17:55:11+01:00,3140666,3140664,Rl,3,119,19.6,19298464,47216204,"python -m gpuwrf run --input-dir <DATA_ROOT>/wrf_downscale/canary_all7/run --namelist <DATA_ROOT>/wrf_downscale/canary_all7/run/namelist.input --output-dir proofs/v020/s4/fp64_d01d03_1h_thomas_20260621T164055Z/output --proof-dir proofs/v020/s4/fp64_d01d03_1h_thomas_20260621T164055Z/proofs --scratch-dir proofs/v020/s4/fp64_d01d03_1h_thomas_20260621T164055Z/scratch --max-dom 3 --hours 1"
1782060913,2026-06-21T17:55:13+01:00,3140664,3140601,S,0,0.0,0.0,1736,2784,"/usr/bin/time -f wall_s=%e\nmaxrss_kib=%M -o proofs/v020/s4/fp64_d01d03_1h_thomas_20260621T164055Z/time.txt taskset -c 0-3 python -m gpuwrf run --input-dir <DATA_ROOT>/wrf_downscale/canary_all7/run --namelist <DATA_ROOT>/wrf_downscale/canary_all7/run/namelist.input --output-dir proofs/v020/s4/fp64_d01d03_1h_thomas_20260621T164055Z/output --proof-dir proofs/v020/s4/fp64_d01d03_1h_thomas_20260621T164055Z/proofs --scratch-dir proofs/v020/s4/fp64_d01d03_1h_thomas_20260621T164055Z/scratch --max-dom 3 --hours 1"
1782060913,2026-06-21T17:55:13+01:00,3140666,3140664,Rl,3,119,19.6,19298508,47216204,"python -m gpuwrf run --input-dir <DATA_ROOT>/wrf_downscale/canary_all7/run --namelist <DATA_ROOT>/wrf_downscale/canary_all7/run/namelist.input --output-dir proofs/v020/s4/fp64_d01d03_1h_thomas_20260621T164055Z/output --proof-dir proofs/v020/s4/fp64_d01d03_1h_thomas_20260621T164055Z/proofs --scratch-dir proofs/v020/s4/fp64_d01d03_1h_thomas_20260621T164055Z/scratch --max-dom 3 --hours 1"
1782060915,2026-06-21T17:55:15+01:00,3140664,3140601,S,0,0.0,0.0,1736,2784,"/usr/bin/time -f wall_s=%e\nmaxrss_kib=%M -o proofs/v020/s4/fp64_d01d03_1h_thomas_20260621T164055Z/time.txt taskset -c 0-3 python -m gpuwrf run --input-dir <DATA_ROOT>/wrf_downscale/canary_all7/run --namelist <DATA_ROOT>/wrf_downscale/canary_all7/run/namelist.input --output-dir proofs/v020/s4/fp64_d01d03_1h_thomas_20260621T164055Z/output --proof-dir proofs/v020/s4/fp64_d01d03_1h_thomas_20260621T164055Z/proofs --scratch-dir proofs/v020/s4/fp64_d01d03_1h_thomas_20260621T164055Z/scratch --max-dom 3 --hours 1"
1782060915,2026-06-21T17:55:15+01:00,3140666,3140664,Rl,3,119,19.6,19299488,47216204,"python -m gpuwrf run --input-dir <DATA_ROOT>/wrf_downscale/canary_all7/run --namelist <DATA_ROOT>/wrf_downscale/canary_all7/run/namelist.input --output-dir proofs/v020/s4/fp64_d01d03_1h_thomas_20260621T164055Z/output --proof-dir proofs/v020/s4/fp64_d01d03_1h_thomas_20260621T164055Z/proofs --scratch-dir proofs/v020/s4/fp64_d01d03_1h_thomas_20260621T164055Z/scratch --max-dom 3 --hours 1"
1782060917,2026-06-21T17:55:17+01:00,3140664,3140601,S,0,0.0,0.0,1736,2784,"/usr/bin/time -f wall_s=%e\nmaxrss_kib=%M -o proofs/v020/s4/fp64_d01d03_1h_thomas_20260621T164055Z/time.txt taskset -c 0-3 python -m gpuwrf run --input-dir <DATA_ROOT>/wrf_downscale/canary_all7/run --namelist <DATA_ROOT>/wrf_downscale/canary_all7/run/namelist.input --output-dir proofs/v020/s4/fp64_d01d03_1h_thomas_20260621T164055Z/output --proof-dir proofs/v020/s4/fp64_d01d03_1h_thomas_20260621T164055Z/proofs --scratch-dir proofs/v020/s4/fp64_d01d03_1h_thomas_20260621T164055Z/scratch --max-dom 3 --hours 1"
1782060917,2026-06-21T17:55:17+01:00,3140666,3140664,Rl,3,119,19.6,19299568,47216204,"python -m gpuwrf run --input-dir <DATA_ROOT>/wrf_downscale/canary_all7/run --namelist <DATA_ROOT>/wrf_downscale/canary_all7/run/namelist.input --output-dir proofs/v020/s4/fp64_d01d03_1h_thomas_20260621T164055Z/output --proof-dir proofs/v020/s4/fp64_d01d03_1h_thomas_20260621T164055Z/proofs --scratch-dir proofs/v020/s4/fp64_d01d03_1h_thomas_20260621T164055Z/scratch --max-dom 3 --hours 1"
1782060919,2026-06-21T17:55:19+01:00,3140664,3140601,S,0,0.0,0.0,1736,2784,"/usr/bin/time -f wall_s=%e\nmaxrss_kib=%M -o proofs/v020/s4/fp64_d01d03_1h_thomas_20260621T164055Z/time.txt taskset -c 0-3 python -m gpuwrf run --input-dir <DATA_ROOT>/wrf_downscale/canary_all7/run --namelist <DATA_ROOT>/wrf_downscale/canary_all7/run/namelist.input --output-dir proofs/v020/s4/fp64_d01d03_1h_thomas_20260621T164055Z/output --proof-dir proofs/v020/s4/fp64_d01d03_1h_thomas_20260621T164055Z/proofs --scratch-dir proofs/v020/s4/fp64_d01d03_1h_thomas_20260621T164055Z/scratch --max-dom 3 --hours 1"
1782060919,2026-06-21T17:55:19+01:00,3140666,3140664,Rl,3,119,19.5,19264884,47181388,"python -m gpuwrf run --input-dir <DATA_ROOT>/wrf_downscale/canary_all7/run --namelist <DATA_ROOT>/wrf_downscale/canary_all7/run/namelist.input --output-dir proofs/v020/s4/fp64_d01d03_1h_thomas_20260621T164055Z/output --proof-dir proofs/v020/s4/fp64_d01d03_1h_thomas_20260621T164055Z/proofs --scratch-dir proofs/v020/s4/fp64_d01d03_1h_thomas_20260621T164055Z/scratch --max-dom 3 --hours 1"
1782060921,2026-06-21T17:55:21+01:00,3140664,3140601,S,0,0.0,0.0,1736,2784,"/usr/bin/time -f wall_s=%e\nmaxrss_kib=%M -o proofs/v020/s4/fp64_d01d03_1h_thomas_20260621T164055Z/time.txt taskset -c 0-3 python -m gpuwrf run --input-dir <DATA_ROOT>/wrf_downscale/canary_all7/run --namelist <DATA_ROOT>/wrf_downscale/canary_all7/run/namelist.input --output-dir proofs/v020/s4/fp64_d01d03_1h_thomas_20260621T164055Z/output --proof-dir proofs/v020/s4/fp64_d01d03_1h_thomas_20260621T164055Z/proofs --scratch-dir proofs/v020/s4/fp64_d01d03_1h_thomas_20260621T164055Z/scratch --max-dom 3 --hours 1"
1782060921,2026-06-21T17:55:21+01:00,3140666,3140664,Rl,3,119,19.6,19312084,47228716,"python -m gpuwrf run --input-dir <DATA_ROOT>/wrf_downscale/canary_all7/run --namelist <DATA_ROOT>/wrf_downscale/canary_all7/run/namelist.input --output-dir proofs/v020/s4/fp64_d01d03_1h_thomas_20260621T164055Z/output --proof-dir proofs/v020/s4/fp64_d01d03_1h_thomas_20260621T164055Z/proofs --scratch-dir proofs/v020/s4/fp64_d01d03_1h_thomas_20260621T164055Z/scratch --max-dom 3 --hours 1"
1782060924,2026-06-21T17:55:24+01:00,3140664,3140601,S,0,0.0,0.0,1736,2784,"/usr/bin/time -f wall_s=%e\nmaxrss_kib=%M -o proofs/v020/s4/fp64_d01d03_1h_thomas_20260621T164055Z/time.txt taskset -c 0-3 python -m gpuwrf run --input-dir <DATA_ROOT>/wrf_downscale/canary_all7/run --namelist <DATA_ROOT>/wrf_downscale/canary_all7/run/namelist.input --output-dir proofs/v020/s4/fp64_d01d03_1h_thomas_20260621T164055Z/output --proof-dir proofs/v020/s4/fp64_d01d03_1h_thomas_20260621T164055Z/proofs --scratch-dir proofs/v020/s4/fp64_d01d03_1h_thomas_20260621T164055Z/scratch --max-dom 3 --hours 1"
1782060924,2026-06-21T17:55:24+01:00,3140666,3140664,Rl,3,119,19.5,19247512,47163976,"python -m gpuwrf run --input-dir <DATA_ROOT>/wrf_downscale/canary_all7/run --namelist <DATA_ROOT>/wrf_downscale/canary_all7/run/namelist.input --output-dir proofs/v020/s4/fp64_d01d03_1h_thomas_20260621T164055Z/output --proof-dir proofs/v020/s4/fp64_d01d03_1h_thomas_20260621T164055Z/proofs --scratch-dir proofs/v020/s4/fp64_d01d03_1h_thomas_20260621T164055Z/scratch --max-dom 3 --hours 1"
1782060926,2026-06-21T17:55:26+01:00,3140664,3140601,S,0,0.0,0.0,1736,2784,"/usr/bin/time -f wall_s=%e\nmaxrss_kib=%M -o proofs/v020/s4/fp64_d01d03_1h_thomas_20260621T164055Z/time.txt taskset -c 0-3 python -m gpuwrf run --input-dir <DATA_ROOT>/wrf_downscale/canary_all7/run --namelist <DATA_ROOT>/wrf_downscale/canary_all7/run/namelist.input --output-dir proofs/v020/s4/fp64_d01d03_1h_thomas_20260621T164055Z/output --proof-dir proofs/v020/s4/fp64_d01d03_1h_thomas_20260621T164055Z/proofs --scratch-dir proofs/v020/s4/fp64_d01d03_1h_thomas_20260621T164055Z/scratch --max-dom 3 --hours 1"
1782060926,2026-06-21T17:55:26+01:00,3140666,3140664,Rl,3,119,19.6,19321844,47238440,"python -m gpuwrf run --input-dir <DATA_ROOT>/wrf_downscale/canary_all7/run --namelist <DATA_ROOT>/wrf_downscale/canary_all7/run/namelist.input --output-dir proofs/v020/s4/fp64_d01d03_1h_thomas_20260621T164055Z/output --proof-dir proofs/v020/s4/fp64_d01d03_1h_thomas_20260621T164055Z/proofs --scratch-dir proofs/v020/s4/fp64_d01d03_1h_thomas_20260621T164055Z/scratch --max-dom 3 --hours 1"
1782060928,2026-06-21T17:55:28+01:00,3140664,3140601,S,0,0.0,0.0,1736,2784,"/usr/bin/time -f wall_s=%e\nmaxrss_kib=%M -o proofs/v020/s4/fp64_d01d03_1h_thomas_20260621T164055Z/time.txt taskset -c 0-3 python -m gpuwrf run --input-dir <DATA_ROOT>/wrf_downscale/canary_all7/run --namelist <DATA_ROOT>/wrf_downscale/canary_all7/run/namelist.input --output-dir proofs/v020/s4/fp64_d01d03_1h_thomas_20260621T164055Z/output --proof-dir proofs/v020/s4/fp64_d01d03_1h_thomas_20260621T164055Z/proofs --scratch-dir proofs/v020/s4/fp64_d01d03_1h_thomas_20260621T164055Z/scratch --max-dom 3 --hours 1"
1782060928,2026-06-21T17:55:28+01:00,3140666,3140664,Rl,3,119,19.7,19423396,47339924,"python -m gpuwrf run --input-dir <DATA_ROOT>/wrf_downscale/canary_all7/run --namelist <DATA_ROOT>/wrf_downscale/canary_all7/run/namelist.input --output-dir proofs/v020/s4/fp64_d01d03_1h_thomas_20260621T164055Z/output --proof-dir proofs/v020/s4/fp64_d01d03_1h_thomas_20260621T164055Z/proofs --scratch-dir proofs/v020/s4/fp64_d01d03_1h_thomas_20260621T164055Z/scratch --max-dom 3 --hours 1"
1782060930,2026-06-21T17:55:30+01:00,3140664,3140601,S,0,0.0,0.0,1736,2784,"/usr/bin/time -f wall_s=%e\nmaxrss_kib=%M -o proofs/v020/s4/fp64_d01d03_1h_thomas_20260621T164055Z/time.txt taskset -c 0-3 python -m gpuwrf run --input-dir <DATA_ROOT>/wrf_downscale/canary_all7/run --namelist <DATA_ROOT>/wrf_downscale/canary_all7/run/namelist.input --output-dir proofs/v020/s4/fp64_d01d03_1h_thomas_20260621T164055Z/output --proof-dir proofs/v020/s4/fp64_d01d03_1h_thomas_20260621T164055Z/proofs --scratch-dir proofs/v020/s4/fp64_d01d03_1h_thomas_20260621T164055Z/scratch --max-dom 3 --hours 1"
1782060930,2026-06-21T17:55:30+01:00,3140666,3140664,Rl,3,119,19.7,19423404,47339924,"python -m gpuwrf run --input-dir <DATA_ROOT>/wrf_downscale/canary_all7/run --namelist <DATA_ROOT>/wrf_downscale/canary_all7/run/namelist.input --output-dir proofs/v020/s4/fp64_d01d03_1h_thomas_20260621T164055Z/output --proof-dir proofs/v020/s4/fp64_d01d03_1h_thomas_20260621T164055Z/proofs --scratch-dir proofs/v020/s4/fp64_d01d03_1h_thomas_20260621T164055Z/scratch --max-dom 3 --hours 1"
1782060932,2026-06-21T17:55:32+01:00,3140664,3140601,S,0,0.0,0.0,1736,2784,"/usr/bin/time -f wall_s=%e\nmaxrss_kib=%M -o proofs/v020/s4/fp64_d01d03_1h_thomas_20260621T164055Z/time.txt taskset -c 0-3 python -m gpuwrf run --input-dir <DATA_ROOT>/wrf_downscale/canary_all7/run --namelist <DATA_ROOT>/wrf_downscale/canary_all7/run/namelist.input --output-dir proofs/v020/s4/fp64_d01d03_1h_thomas_20260621T164055Z/output --proof-dir proofs/v020/s4/fp64_d01d03_1h_thomas_20260621T164055Z/proofs --scratch-dir proofs/v020/s4/fp64_d01d03_1h_thomas_20260621T164055Z/scratch --max-dom 3 --hours 1"
1782060932,2026-06-21T17:55:32+01:00,3140666,3140664,Rl,1,119,19.6,19299700,47216204,"python -m gpuwrf run --input-dir <DATA_ROOT>/wrf_downscale/canary_all7/run --namelist <DATA_ROOT>/wrf_downscale/canary_all7/run/namelist.input --output-dir proofs/v020/s4/fp64_d01d03_1h_thomas_20260621T164055Z/output --proof-dir proofs/v020/s4/fp64_d01d03_1h_thomas_20260621T164055Z/proofs --scratch-dir proofs/v020/s4/fp64_d01d03_1h_thomas_20260621T164055Z/scratch --max-dom 3 --hours 1"
1782060934,2026-06-21T17:55:34+01:00,3140664,3140601,S,0,0.0,0.0,1736,2784,"/usr/bin/time -f wall_s=%e\nmaxrss_kib=%M -o proofs/v020/s4/fp64_d01d03_1h_thomas_20260621T164055Z/time.txt taskset -c 0-3 python -m gpuwrf run --input-dir <DATA_ROOT>/wrf_downscale/canary_all7/run --namelist <DATA_ROOT>/wrf_downscale/canary_all7/run/namelist.input --output-dir proofs/v020/s4/fp64_d01d03_1h_thomas_20260621T164055Z/output --proof-dir proofs/v020/s4/fp64_d01d03_1h_thomas_20260621T164055Z/proofs --scratch-dir proofs/v020/s4/fp64_d01d03_1h_thomas_20260621T164055Z/scratch --max-dom 3 --hours 1"
1782060934,2026-06-21T17:55:34+01:00,3140666,3140664,Rl,2,119,19.5,19247616,47163976,"python -m gpuwrf run --input-dir <DATA_ROOT>/wrf_downscale/canary_all7/run --namelist <DATA_ROOT>/wrf_downscale/canary_all7/run/namelist.input --output-dir proofs/v020/s4/fp64_d01d03_1h_thomas_20260621T164055Z/output --proof-dir proofs/v020/s4/fp64_d01d03_1h_thomas_20260621T164055Z/proofs --scratch-dir proofs/v020/s4/fp64_d01d03_1h_thomas_20260621T164055Z/scratch --max-dom 3 --hours 1"
1782060936,2026-06-21T17:55:36+01:00,3140664,3140601,S,0,0.0,0.0,1736,2784,"/usr/bin/time -f wall_s=%e\nmaxrss_kib=%M -o proofs/v020/s4/fp64_d01d03_1h_thomas_20260621T164055Z/time.txt taskset -c 0-3 python -m gpuwrf run --input-dir <DATA_ROOT>/wrf_downscale/canary_all7/run --namelist <DATA_ROOT>/wrf_downscale/canary_all7/run/namelist.input --output-dir proofs/v020/s4/fp64_d01d03_1h_thomas_20260621T164055Z/output --proof-dir proofs/v020/s4/fp64_d01d03_1h_thomas_20260621T164055Z/proofs --scratch-dir proofs/v020/s4/fp64_d01d03_1h_thomas_20260621T164055Z/scratch --max-dom 3 --hours 1"
1782060936,2026-06-21T17:55:36+01:00,3140666,3140664,Rl,2,119,19.6,19341712,47258192,"python -m gpuwrf run --input-dir <DATA_ROOT>/wrf_downscale/canary_all7/run --namelist <DATA_ROOT>/wrf_downscale/canary_all7/run/namelist.input --output-dir proofs/v020/s4/fp64_d01d03_1h_thomas_20260621T164055Z/output --proof-dir proofs/v020/s4/fp64_d01d03_1h_thomas_20260621T164055Z/proofs --scratch-dir proofs/v020/s4/fp64_d01d03_1h_thomas_20260621T164055Z/scratch --max-dom 3 --hours 1"
1782060939,2026-06-21T17:55:39+01:00,3140664,3140601,S,0,0.0,0.0,1736,2784,"/usr/bin/time -f wall_s=%e\nmaxrss_kib=%M -o proofs/v020/s4/fp64_d01d03_1h_thomas_20260621T164055Z/time.txt taskset -c 0-3 python -m gpuwrf run --input-dir <DATA_ROOT>/wrf_downscale/canary_all7/run --namelist <DATA_ROOT>/wrf_downscale/canary_all7/run/namelist.input --output-dir proofs/v020/s4/fp64_d01d03_1h_thomas_20260621T164055Z/output --proof-dir proofs/v020/s4/fp64_d01d03_1h_thomas_20260621T164055Z/proofs --scratch-dir proofs/v020/s4/fp64_d01d03_1h_thomas_20260621T164055Z/scratch --max-dom 3 --hours 1"
1782060939,2026-06-21T17:55:39+01:00,3140666,3140664,Rl,2,119,19.7,19464740,47381160,"python -m gpuwrf run --input-dir <DATA_ROOT>/wrf_downscale/canary_all7/run --namelist <DATA_ROOT>/wrf_downscale/canary_all7/run/namelist.input --output-dir proofs/v020/s4/fp64_d01d03_1h_thomas_20260621T164055Z/output --proof-dir proofs/v020/s4/fp64_d01d03_1h_thomas_20260621T164055Z/proofs --scratch-dir proofs/v020/s4/fp64_d01d03_1h_thomas_20260621T164055Z/scratch --max-dom 3 --hours 1"
1782060941,2026-06-21T17:55:41+01:00,3140664,3140601,S,0,0.0,0.0,1736,2784,"/usr/bin/time -f wall_s=%e\nmaxrss_kib=%M -o proofs/v020/s4/fp64_d01d03_1h_thomas_20260621T164055Z/time.txt taskset -c 0-3 python -m gpuwrf run --input-dir <DATA_ROOT>/wrf_downscale/canary_all7/run --namelist <DATA_ROOT>/wrf_downscale/canary_all7/run/namelist.input --output-dir proofs/v020/s4/fp64_d01d03_1h_thomas_20260621T164055Z/output --proof-dir proofs/v020/s4/fp64_d01d03_1h_thomas_20260621T164055Z/proofs --scratch-dir proofs/v020/s4/fp64_d01d03_1h_thomas_20260621T164055Z/scratch --max-dom 3 --hours 1"
1782060941,2026-06-21T17:55:41+01:00,3140666,3140664,Rl,2,119,19.5,19247688,47163976,"python -m gpuwrf run --input-dir <DATA_ROOT>/wrf_downscale/canary_all7/run --namelist <DATA_ROOT>/wrf_downscale/canary_all7/run/namelist.input --output-dir proofs/v020/s4/fp64_d01d03_1h_thomas_20260621T164055Z/output --proof-dir proofs/v020/s4/fp64_d01d03_1h_thomas_20260621T164055Z/proofs --scratch-dir proofs/v020/s4/fp64_d01d03_1h_thomas_20260621T164055Z/scratch --max-dom 3 --hours 1"
1782060943,2026-06-21T17:55:43+01:00,3140664,3140601,S,0,0.0,0.0,1736,2784,"/usr/bin/time -f wall_s=%e\nmaxrss_kib=%M -o proofs/v020/s4/fp64_d01d03_1h_thomas_20260621T164055Z/time.txt taskset -c 0-3 python -m gpuwrf run --input-dir <DATA_ROOT>/wrf_downscale/canary_all7/run --namelist <DATA_ROOT>/wrf_downscale/canary_all7/run/namelist.input --output-dir proofs/v020/s4/fp64_d01d03_1h_thomas_20260621T164055Z/output --proof-dir proofs/v020/s4/fp64_d01d03_1h_thomas_20260621T164055Z/proofs --scratch-dir proofs/v020/s4/fp64_d01d03_1h_thomas_20260621T164055Z/scratch --max-dom 3 --hours 1"
1782060943,2026-06-21T17:55:43+01:00,3140666,3140664,Rl,2,118,19.6,19299788,47216204,"python -m gpuwrf run --input-dir <DATA_ROOT>/wrf_downscale/canary_all7/run --namelist <DATA_ROOT>/wrf_downscale/canary_all7/run/namelist.input --output-dir proofs/v020/s4/fp64_d01d03_1h_thomas_20260621T164055Z/output --proof-dir proofs/v020/s4/fp64_d01d03_1h_thomas_20260621T164055Z/proofs --scratch-dir proofs/v020/s4/fp64_d01d03_1h_thomas_20260621T164055Z/scratch --max-dom 3 --hours 1"
1782060945,2026-06-21T17:55:45+01:00,3140664,3140601,S,0,0.0,0.0,1736,2784,"/usr/bin/time -f wall_s=%e\nmaxrss_kib=%M -o proofs/v020/s4/fp64_d01d03_1h_thomas_20260621T164055Z/time.txt taskset -c 0-3 python -m gpuwrf run --input-dir <DATA_ROOT>/wrf_downscale/canary_all7/run --namelist <DATA_ROOT>/wrf_downscale/canary_all7/run/namelist.input --output-dir proofs/v020/s4/fp64_d01d03_1h_thomas_20260621T164055Z/output --proof-dir proofs/v020/s4/fp64_d01d03_1h_thomas_20260621T164055Z/proofs --scratch-dir proofs/v020/s4/fp64_d01d03_1h_thomas_20260621T164055Z/scratch --max-dom 3 --hours 1"
1782060945,2026-06-21T17:55:45+01:00,3140666,3140664,Rl,2,118,19.6,19299788,47216204,"python -m gpuwrf run --input-dir <DATA_ROOT>/wrf_downscale/canary_all7/run --namelist <DATA_ROOT>/wrf_downscale/canary_all7/run/namelist.input --output-dir proofs/v020/s4/fp64_d01d03_1h_thomas_20260621T164055Z/output --proof-dir proofs/v020/s4/fp64_d01d03_1h_thomas_20260621T164055Z/proofs --scratch-dir proofs/v020/s4/fp64_d01d03_1h_thomas_20260621T164055Z/scratch --max-dom 3 --hours 1"
1782060947,2026-06-21T17:55:47+01:00,3140664,3140601,S,0,0.0,0.0,1736,2784,"/usr/bin/time -f wall_s=%e\nmaxrss_kib=%M -o proofs/v020/s4/fp64_d01d03_1h_thomas_20260621T164055Z/time.txt taskset -c 0-3 python -m gpuwrf run --input-dir <DATA_ROOT>/wrf_downscale/canary_all7/run --namelist <DATA_ROOT>/wrf_downscale/canary_all7/run/namelist.input --output-dir proofs/v020/s4/fp64_d01d03_1h_thomas_20260621T164055Z/output --proof-dir proofs/v020/s4/fp64_d01d03_1h_thomas_20260621T164055Z/proofs --scratch-dir proofs/v020/s4/fp64_d01d03_1h_thomas_20260621T164055Z/scratch --max-dom 3 --hours 1"
1782060947,2026-06-21T17:55:47+01:00,3140666,3140664,Rl,2,118,19.6,19299812,47216204,"python -m gpuwrf run --input-dir <DATA_ROOT>/wrf_downscale/canary_all7/run --namelist <DATA_ROOT>/wrf_downscale/canary_all7/run/namelist.input --output-dir proofs/v020/s4/fp64_d01d03_1h_thomas_20260621T164055Z/output --proof-dir proofs/v020/s4/fp64_d01d03_1h_thomas_20260621T164055Z/proofs --scratch-dir proofs/v020/s4/fp64_d01d03_1h_thomas_20260621T164055Z/scratch --max-dom 3 --hours 1"
1782060950,2026-06-21T17:55:50+01:00,3140664,3140601,S,0,0.0,0.0,1736,2784,"/usr/bin/time -f wall_s=%e\nmaxrss_kib=%M -o proofs/v020/s4/fp64_d01d03_1h_thomas_20260621T164055Z/time.txt taskset -c 0-3 python -m gpuwrf run --input-dir <DATA_ROOT>/wrf_downscale/canary_all7/run --namelist <DATA_ROOT>/wrf_downscale/canary_all7/run/namelist.input --output-dir proofs/v020/s4/fp64_d01d03_1h_thomas_20260621T164055Z/output --proof-dir proofs/v020/s4/fp64_d01d03_1h_thomas_20260621T164055Z/proofs --scratch-dir proofs/v020/s4/fp64_d01d03_1h_thomas_20260621T164055Z/scratch --max-dom 3 --hours 1"
1782060950,2026-06-21T17:55:50+01:00,3140666,3140664,Rl,2,118,19.6,19299836,47216204,"python -m gpuwrf run --input-dir <DATA_ROOT>/wrf_downscale/canary_all7/run --namelist <DATA_ROOT>/wrf_downscale/canary_all7/run/namelist.input --output-dir proofs/v020/s4/fp64_d01d03_1h_thomas_20260621T164055Z/output --proof-dir proofs/v020/s4/fp64_d01d03_1h_thomas_20260621T164055Z/proofs --scratch-dir proofs/v020/s4/fp64_d01d03_1h_thomas_20260621T164055Z/scratch --max-dom 3 --hours 1"
1782060952,2026-06-21T17:55:52+01:00,3140664,3140601,S,0,0.0,0.0,1736,2784,"/usr/bin/time -f wall_s=%e\nmaxrss_kib=%M -o proofs/v020/s4/fp64_d01d03_1h_thomas_20260621T164055Z/time.txt taskset -c 0-3 python -m gpuwrf run --input-dir <DATA_ROOT>/wrf_downscale/canary_all7/run --namelist <DATA_ROOT>/wrf_downscale/canary_all7/run/namelist.input --output-dir proofs/v020/s4/fp64_d01d03_1h_thomas_20260621T164055Z/output --proof-dir proofs/v020/s4/fp64_d01d03_1h_thomas_20260621T164055Z/proofs --scratch-dir proofs/v020/s4/fp64_d01d03_1h_thomas_20260621T164055Z/scratch --max-dom 3 --hours 1"
1782060952,2026-06-21T17:55:52+01:00,3140666,3140664,Rl,2,118,19.6,19299844,47216204,"python -m gpuwrf run --input-dir <DATA_ROOT>/wrf_downscale/canary_all7/run --namelist <DATA_ROOT>/wrf_downscale/canary_all7/run/namelist.input --output-dir proofs/v020/s4/fp64_d01d03_1h_thomas_20260621T164055Z/output --proof-dir proofs/v020/s4/fp64_d01d03_1h_thomas_20260621T164055Z/proofs --scratch-dir proofs/v020/s4/fp64_d01d03_1h_thomas_20260621T164055Z/scratch --max-dom 3 --hours 1"
1782060954,2026-06-21T17:55:54+01:00,3140664,3140601,S,0,0.0,0.0,1736,2784,"/usr/bin/time -f wall_s=%e\nmaxrss_kib=%M -o proofs/v020/s4/fp64_d01d03_1h_thomas_20260621T164055Z/time.txt taskset -c 0-3 python -m gpuwrf run --input-dir <DATA_ROOT>/wrf_downscale/canary_all7/run --namelist <DATA_ROOT>/wrf_downscale/canary_all7/run/namelist.input --output-dir proofs/v020/s4/fp64_d01d03_1h_thomas_20260621T164055Z/output --proof-dir proofs/v020/s4/fp64_d01d03_1h_thomas_20260621T164055Z/proofs --scratch-dir proofs/v020/s4/fp64_d01d03_1h_thomas_20260621T164055Z/scratch --max-dom 3 --hours 1"
1782060954,2026-06-21T17:55:54+01:00,3140666,3140664,Rl,2,118,19.6,19299896,47216204,"python -m gpuwrf run --input-dir <DATA_ROOT>/wrf_downscale/canary_all7/run --namelist <DATA_ROOT>/wrf_downscale/canary_all7/run/namelist.input --output-dir proofs/v020/s4/fp64_d01d03_1h_thomas_20260621T164055Z/output --proof-dir proofs/v020/s4/fp64_d01d03_1h_thomas_20260621T164055Z/proofs --scratch-dir proofs/v020/s4/fp64_d01d03_1h_thomas_20260621T164055Z/scratch --max-dom 3 --hours 1"
1782060956,2026-06-21T17:55:56+01:00,3140664,3140601,S,0,0.0,0.0,1736,2784,"/usr/bin/time -f wall_s=%e\nmaxrss_kib=%M -o proofs/v020/s4/fp64_d01d03_1h_thomas_20260621T164055Z/time.txt taskset -c 0-3 python -m gpuwrf run --input-dir <DATA_ROOT>/wrf_downscale/canary_all7/run --namelist <DATA_ROOT>/wrf_downscale/canary_all7/run/namelist.input --output-dir proofs/v020/s4/fp64_d01d03_1h_thomas_20260621T164055Z/output --proof-dir proofs/v020/s4/fp64_d01d03_1h_thomas_20260621T164055Z/proofs --scratch-dir proofs/v020/s4/fp64_d01d03_1h_thomas_20260621T164055Z/scratch --max-dom 3 --hours 1"
1782060956,2026-06-21T17:55:56+01:00,3140666,3140664,Rl,2,118,19.6,19299940,47216204,"python -m gpuwrf run --input-dir <DATA_ROOT>/wrf_downscale/canary_all7/run --namelist <DATA_ROOT>/wrf_downscale/canary_all7/run/namelist.input --output-dir proofs/v020/s4/fp64_d01d03_1h_thomas_20260621T164055Z/output --proof-dir proofs/v020/s4/fp64_d01d03_1h_thomas_20260621T164055Z/proofs --scratch-dir proofs/v020/s4/fp64_d01d03_1h_thomas_20260621T164055Z/scratch --max-dom 3 --hours 1"
1782060958,2026-06-21T17:55:58+01:00,3140664,3140601,S,0,0.0,0.0,1736,2784,"/usr/bin/time -f wall_s=%e\nmaxrss_kib=%M -o proofs/v020/s4/fp64_d01d03_1h_thomas_20260621T164055Z/time.txt taskset -c 0-3 python -m gpuwrf run --input-dir <DATA_ROOT>/wrf_downscale/canary_all7/run --namelist <DATA_ROOT>/wrf_downscale/canary_all7/run/namelist.input --output-dir proofs/v020/s4/fp64_d01d03_1h_thomas_20260621T164055Z/output --proof-dir proofs/v020/s4/fp64_d01d03_1h_thomas_20260621T164055Z/proofs --scratch-dir proofs/v020/s4/fp64_d01d03_1h_thomas_20260621T164055Z/scratch --max-dom 3 --hours 1"
1782060958,2026-06-21T17:55:58+01:00,3140666,3140664,Rl,2,118,19.6,19299968,47216204,"python -m gpuwrf run --input-dir <DATA_ROOT>/wrf_downscale/canary_all7/run --namelist <DATA_ROOT>/wrf_downscale/canary_all7/run/namelist.input --output-dir proofs/v020/s4/fp64_d01d03_1h_thomas_20260621T164055Z/output --proof-dir proofs/v020/s4/fp64_d01d03_1h_thomas_20260621T164055Z/proofs --scratch-dir proofs/v020/s4/fp64_d01d03_1h_thomas_20260621T164055Z/scratch --max-dom 3 --hours 1"
1782060960,2026-06-21T17:56:00+01:00,3140664,3140601,S,0,0.0,0.0,1736,2784,"/usr/bin/time -f wall_s=%e\nmaxrss_kib=%M -o proofs/v020/s4/fp64_d01d03_1h_thomas_20260621T164055Z/time.txt taskset -c 0-3 python -m gpuwrf run --input-dir <DATA_ROOT>/wrf_downscale/canary_all7/run --namelist <DATA_ROOT>/wrf_downscale/canary_all7/run/namelist.input --output-dir proofs/v020/s4/fp64_d01d03_1h_thomas_20260621T164055Z/output --proof-dir proofs/v020/s4/fp64_d01d03_1h_thomas_20260621T164055Z/proofs --scratch-dir proofs/v020/s4/fp64_d01d03_1h_thomas_20260621T164055Z/scratch --max-dom 3 --hours 1"
1782060960,2026-06-21T17:56:00+01:00,3140666,3140664,Rl,2,118,19.6,19300032,47216204,"python -m gpuwrf run --input-dir <DATA_ROOT>/wrf_downscale/canary_all7/run --namelist <DATA_ROOT>/wrf_downscale/canary_all7/run/namelist.input --output-dir proofs/v020/s4/fp64_d01d03_1h_thomas_20260621T164055Z/output --proof-dir proofs/v020/s4/fp64_d01d03_1h_thomas_20260621T164055Z/proofs --scratch-dir proofs/v020/s4/fp64_d01d03_1h_thomas_20260621T164055Z/scratch --max-dom 3 --hours 1"
1782060962,2026-06-21T17:56:02+01:00,3140664,3140601,S,0,0.0,0.0,1736,2784,"/usr/bin/time -f wall_s=%e\nmaxrss_kib=%M -o proofs/v020/s4/fp64_d01d03_1h_thomas_20260621T164055Z/time.txt taskset -c 0-3 python -m gpuwrf run --input-dir <DATA_ROOT>/wrf_downscale/canary_all7/run --namelist <DATA_ROOT>/wrf_downscale/canary_all7/run/namelist.input --output-dir proofs/v020/s4/fp64_d01d03_1h_thomas_20260621T164055Z/output --proof-dir proofs/v020/s4/fp64_d01d03_1h_thomas_20260621T164055Z/proofs --scratch-dir proofs/v020/s4/fp64_d01d03_1h_thomas_20260621T164055Z/scratch --max-dom 3 --hours 1"
1782060962,2026-06-21T17:56:02+01:00,3140666,3140664,Rl,2,118,19.6,19300048,47216204,"python -m gpuwrf run --input-dir <DATA_ROOT>/wrf_downscale/canary_all7/run --namelist <DATA_ROOT>/wrf_downscale/canary_all7/run/namelist.input --output-dir proofs/v020/s4/fp64_d01d03_1h_thomas_20260621T164055Z/output --proof-dir proofs/v020/s4/fp64_d01d03_1h_thomas_20260621T164055Z/proofs --scratch-dir proofs/v020/s4/fp64_d01d03_1h_thomas_20260621T164055Z/scratch --max-dom 3 --hours 1"
1782060964,2026-06-21T17:56:04+01:00,3140664,3140601,S,0,0.0,0.0,1736,2784,"/usr/bin/time -f wall_s=%e\nmaxrss_kib=%M -o proofs/v020/s4/fp64_d01d03_1h_thomas_20260621T164055Z/time.txt taskset -c 0-3 python -m gpuwrf run --input-dir <DATA_ROOT>/wrf_downscale/canary_all7/run --namelist <DATA_ROOT>/wrf_downscale/canary_all7/run/namelist.input --output-dir proofs/v020/s4/fp64_d01d03_1h_thomas_20260621T164055Z/output --proof-dir proofs/v020/s4/fp64_d01d03_1h_thomas_20260621T164055Z/proofs --scratch-dir proofs/v020/s4/fp64_d01d03_1h_thomas_20260621T164055Z/scratch --max-dom 3 --hours 1"
1782060964,2026-06-21T17:56:04+01:00,3140666,3140664,Rl,2,118,19.6,19300048,47216204,"python -m gpuwrf run --input-dir <DATA_ROOT>/wrf_downscale/canary_all7/run --namelist <DATA_ROOT>/wrf_downscale/canary_all7/run/namelist.input --output-dir proofs/v020/s4/fp64_d01d03_1h_thomas_20260621T164055Z/output --proof-dir proofs/v020/s4/fp64_d01d03_1h_thomas_20260621T164055Z/proofs --scratch-dir proofs/v020/s4/fp64_d01d03_1h_thomas_20260621T164055Z/scratch --max-dom 3 --hours 1"
1782060966,2026-06-21T17:56:06+01:00,3140664,3140601,S,0,0.0,0.0,1736,2784,"/usr/bin/time -f wall_s=%e\nmaxrss_kib=%M -o proofs/v020/s4/fp64_d01d03_1h_thomas_20260621T164055Z/time.txt taskset -c 0-3 python -m gpuwrf run --input-dir <DATA_ROOT>/wrf_downscale/canary_all7/run --namelist <DATA_ROOT>/wrf_downscale/canary_all7/run/namelist.input --output-dir proofs/v020/s4/fp64_d01d03_1h_thomas_20260621T164055Z/output --proof-dir proofs/v020/s4/fp64_d01d03_1h_thomas_20260621T164055Z/proofs --scratch-dir proofs/v020/s4/fp64_d01d03_1h_thomas_20260621T164055Z/scratch --max-dom 3 --hours 1"
1782060966,2026-06-21T17:56:06+01:00,3140666,3140664,Rl,2,118,19.6,19300052,47216204,"python -m gpuwrf run --input-dir <DATA_ROOT>/wrf_downscale/canary_all7/run --namelist <DATA_ROOT>/wrf_downscale/canary_all7/run/namelist.input --output-dir proofs/v020/s4/fp64_d01d03_1h_thomas_20260621T164055Z/output --proof-dir proofs/v020/s4/fp64_d01d03_1h_thomas_20260621T164055Z/proofs --scratch-dir proofs/v020/s4/fp64_d01d03_1h_thomas_20260621T164055Z/scratch --max-dom 3 --hours 1"
1782060969,2026-06-21T17:56:09+01:00,3140664,3140601,S,0,0.0,0.0,1736,2784,"/usr/bin/time -f wall_s=%e\nmaxrss_kib=%M -o proofs/v020/s4/fp64_d01d03_1h_thomas_20260621T164055Z/time.txt taskset -c 0-3 python -m gpuwrf run --input-dir <DATA_ROOT>/wrf_downscale/canary_all7/run --namelist <DATA_ROOT>/wrf_downscale/canary_all7/run/namelist.input --output-dir proofs/v020/s4/fp64_d01d03_1h_thomas_20260621T164055Z/output --proof-dir proofs/v020/s4/fp64_d01d03_1h_thomas_20260621T164055Z/proofs --scratch-dir proofs/v020/s4/fp64_d01d03_1h_thomas_20260621T164055Z/scratch --max-dom 3 --hours 1"
1782060969,2026-06-21T17:56:09+01:00,3140666,3140664,Rl,1,118,19.6,19300060,47216204,"python -m gpuwrf run --input-dir <DATA_ROOT>/wrf_downscale/canary_all7/run --namelist <DATA_ROOT>/wrf_downscale/canary_all7/run/namelist.input --output-dir proofs/v020/s4/fp64_d01d03_1h_thomas_20260621T164055Z/output --proof-dir proofs/v020/s4/fp64_d01d03_1h_thomas_20260621T164055Z/proofs --scratch-dir proofs/v020/s4/fp64_d01d03_1h_thomas_20260621T164055Z/scratch --max-dom 3 --hours 1"
1782060971,2026-06-21T17:56:11+01:00,3140664,3140601,S,0,0.0,0.0,1736,2784,"/usr/bin/time -f wall_s=%e\nmaxrss_kib=%M -o proofs/v020/s4/fp64_d01d03_1h_thomas_20260621T164055Z/time.txt taskset -c 0-3 python -m gpuwrf run --input-dir <DATA_ROOT>/wrf_downscale/canary_all7/run --namelist <DATA_ROOT>/wrf_downscale/canary_all7/run/namelist.input --output-dir proofs/v020/s4/fp64_d01d03_1h_thomas_20260621T164055Z/output --proof-dir proofs/v020/s4/fp64_d01d03_1h_thomas_20260621T164055Z/proofs --scratch-dir proofs/v020/s4/fp64_d01d03_1h_thomas_20260621T164055Z/scratch --max-dom 3 --hours 1"
1782060971,2026-06-21T17:56:11+01:00,3140666,3140664,Rl,3,118,19.6,19300092,47216204,"python -m gpuwrf run --input-dir <DATA_ROOT>/wrf_downscale/canary_all7/run --namelist <DATA_ROOT>/wrf_downscale/canary_all7/run/namelist.input --output-dir proofs/v020/s4/fp64_d01d03_1h_thomas_20260621T164055Z/output --proof-dir proofs/v020/s4/fp64_d01d03_1h_thomas_20260621T164055Z/proofs --scratch-dir proofs/v020/s4/fp64_d01d03_1h_thomas_20260621T164055Z/scratch --max-dom 3 --hours 1"
1782060973,2026-06-21T17:56:13+01:00,3140664,3140601,S,0,0.0,0.0,1736,2784,"/usr/bin/time -f wall_s=%e\nmaxrss_kib=%M -o proofs/v020/s4/fp64_d01d03_1h_thomas_20260621T164055Z/time.txt taskset -c 0-3 python -m gpuwrf run --input-dir <DATA_ROOT>/wrf_downscale/canary_all7/run --namelist <DATA_ROOT>/wrf_downscale/canary_all7/run/namelist.input --output-dir proofs/v020/s4/fp64_d01d03_1h_thomas_20260621T164055Z/output --proof-dir proofs/v020/s4/fp64_d01d03_1h_thomas_20260621T164055Z/proofs --scratch-dir proofs/v020/s4/fp64_d01d03_1h_thomas_20260621T164055Z/scratch --max-dom 3 --hours 1"
1782060973,2026-06-21T17:56:13+01:00,3140666,3140664,Rl,3,118,19.6,19300092,47216204,"python -m gpuwrf run --input-dir <DATA_ROOT>/wrf_downscale/canary_all7/run --namelist <DATA_ROOT>/wrf_downscale/canary_all7/run/namelist.input --output-dir proofs/v020/s4/fp64_d01d03_1h_thomas_20260621T164055Z/output --proof-dir proofs/v020/s4/fp64_d01d03_1h_thomas_20260621T164055Z/proofs --scratch-dir proofs/v020/s4/fp64_d01d03_1h_thomas_20260621T164055Z/scratch --max-dom 3 --hours 1"
1782060975,2026-06-21T17:56:15+01:00,3140664,3140601,S,0,0.0,0.0,1736,2784,"/usr/bin/time -f wall_s=%e\nmaxrss_kib=%M -o proofs/v020/s4/fp64_d01d03_1h_thomas_20260621T164055Z/time.txt taskset -c 0-3 python -m gpuwrf run --input-dir <DATA_ROOT>/wrf_downscale/canary_all7/run --namelist <DATA_ROOT>/wrf_downscale/canary_all7/run/namelist.input --output-dir proofs/v020/s4/fp64_d01d03_1h_thomas_20260621T164055Z/output --proof-dir proofs/v020/s4/fp64_d01d03_1h_thomas_20260621T164055Z/proofs --scratch-dir proofs/v020/s4/fp64_d01d03_1h_thomas_20260621T164055Z/scratch --max-dom 3 --hours 1"
1782060975,2026-06-21T17:56:15+01:00,3140666,3140664,Rl,3,118,19.6,19300092,47216204,"python -m gpuwrf run --input-dir <DATA_ROOT>/wrf_downscale/canary_all7/run --namelist <DATA_ROOT>/wrf_downscale/canary_all7/run/namelist.input --output-dir proofs/v020/s4/fp64_d01d03_1h_thomas_20260621T164055Z/output --proof-dir proofs/v020/s4/fp64_d01d03_1h_thomas_20260621T164055Z/proofs --scratch-dir proofs/v020/s4/fp64_d01d03_1h_thomas_20260621T164055Z/scratch --max-dom 3 --hours 1"
1782060977,2026-06-21T17:56:17+01:00,3140664,3140601,S,0,0.0,0.0,1736,2784,"/usr/bin/time -f wall_s=%e\nmaxrss_kib=%M -o proofs/v020/s4/fp64_d01d03_1h_thomas_20260621T164055Z/time.txt taskset -c 0-3 python -m gpuwrf run --input-dir <DATA_ROOT>/wrf_downscale/canary_all7/run --namelist <DATA_ROOT>/wrf_downscale/canary_all7/run/namelist.input --output-dir proofs/v020/s4/fp64_d01d03_1h_thomas_20260621T164055Z/output --proof-dir proofs/v020/s4/fp64_d01d03_1h_thomas_20260621T164055Z/proofs --scratch-dir proofs/v020/s4/fp64_d01d03_1h_thomas_20260621T164055Z/scratch --max-dom 3 --hours 1"
1782060977,2026-06-21T17:56:17+01:00,3140666,3140664,Rl,3,118,19.6,19300096,47216204,"python -m gpuwrf run --input-dir <DATA_ROOT>/wrf_downscale/canary_all7/run --namelist <DATA_ROOT>/wrf_downscale/canary_all7/run/namelist.input --output-dir proofs/v020/s4/fp64_d01d03_1h_thomas_20260621T164055Z/output --proof-dir proofs/v020/s4/fp64_d01d03_1h_thomas_20260621T164055Z/proofs --scratch-dir proofs/v020/s4/fp64_d01d03_1h_thomas_20260621T164055Z/scratch --max-dom 3 --hours 1"
1782060979,2026-06-21T17:56:19+01:00,3140664,3140601,S,0,0.0,0.0,1736,2784,"/usr/bin/time -f wall_s=%e\nmaxrss_kib=%M -o proofs/v020/s4/fp64_d01d03_1h_thomas_20260621T164055Z/time.txt taskset -c 0-3 python -m gpuwrf run --input-dir <DATA_ROOT>/wrf_downscale/canary_all7/run --namelist <DATA_ROOT>/wrf_downscale/canary_all7/run/namelist.input --output-dir proofs/v020/s4/fp64_d01d03_1h_thomas_20260621T164055Z/output --proof-dir proofs/v020/s4/fp64_d01d03_1h_thomas_20260621T164055Z/proofs --scratch-dir proofs/v020/s4/fp64_d01d03_1h_thomas_20260621T164055Z/scratch --max-dom 3 --hours 1"
1782060979,2026-06-21T17:56:19+01:00,3140666,3140664,Rl,3,118,19.6,19300108,47216204,"python -m gpuwrf run --input-dir <DATA_ROOT>/wrf_downscale/canary_all7/run --namelist <DATA_ROOT>/wrf_downscale/canary_all7/run/namelist.input --output-dir proofs/v020/s4/fp64_d01d03_1h_thomas_20260621T164055Z/output --proof-dir proofs/v020/s4/fp64_d01d03_1h_thomas_20260621T164055Z/proofs --scratch-dir proofs/v020/s4/fp64_d01d03_1h_thomas_20260621T164055Z/scratch --max-dom 3 --hours 1"
1782060981,2026-06-21T17:56:21+01:00,3140664,3140601,S,0,0.0,0.0,1736,2784,"/usr/bin/time -f wall_s=%e\nmaxrss_kib=%M -o proofs/v020/s4/fp64_d01d03_1h_thomas_20260621T164055Z/time.txt taskset -c 0-3 python -m gpuwrf run --input-dir <DATA_ROOT>/wrf_downscale/canary_all7/run --namelist <DATA_ROOT>/wrf_downscale/canary_all7/run/namelist.input --output-dir proofs/v020/s4/fp64_d01d03_1h_thomas_20260621T164055Z/output --proof-dir proofs/v020/s4/fp64_d01d03_1h_thomas_20260621T164055Z/proofs --scratch-dir proofs/v020/s4/fp64_d01d03_1h_thomas_20260621T164055Z/scratch --max-dom 3 --hours 1"
1782060981,2026-06-21T17:56:21+01:00,3140666,3140664,Rl,3,118,19.6,19300108,47216204,"python -m gpuwrf run --input-dir <DATA_ROOT>/wrf_downscale/canary_all7/run --namelist <DATA_ROOT>/wrf_downscale/canary_all7/run/namelist.input --output-dir proofs/v020/s4/fp64_d01d03_1h_thomas_20260621T164055Z/output --proof-dir proofs/v020/s4/fp64_d01d03_1h_thomas_20260621T164055Z/proofs --scratch-dir proofs/v020/s4/fp64_d01d03_1h_thomas_20260621T164055Z/scratch --max-dom 3 --hours 1"
1782060984,2026-06-21T17:56:24+01:00,3140664,3140601,S,0,0.0,0.0,1736,2784,"/usr/bin/time -f wall_s=%e\nmaxrss_kib=%M -o proofs/v020/s4/fp64_d01d03_1h_thomas_20260621T164055Z/time.txt taskset -c 0-3 python -m gpuwrf run --input-dir <DATA_ROOT>/wrf_downscale/canary_all7/run --namelist <DATA_ROOT>/wrf_downscale/canary_all7/run/namelist.input --output-dir proofs/v020/s4/fp64_d01d03_1h_thomas_20260621T164055Z/output --proof-dir proofs/v020/s4/fp64_d01d03_1h_thomas_20260621T164055Z/proofs --scratch-dir proofs/v020/s4/fp64_d01d03_1h_thomas_20260621T164055Z/scratch --max-dom 3 --hours 1"
1782060984,2026-06-21T17:56:24+01:00,3140666,3140664,Rl,3,118,19.6,19300120,47216204,"python -m gpuwrf run --input-dir <DATA_ROOT>/wrf_downscale/canary_all7/run --namelist <DATA_ROOT>/wrf_downscale/canary_all7/run/namelist.input --output-dir proofs/v020/s4/fp64_d01d03_1h_thomas_20260621T164055Z/output --proof-dir proofs/v020/s4/fp64_d01d03_1h_thomas_20260621T164055Z/proofs --scratch-dir proofs/v020/s4/fp64_d01d03_1h_thomas_20260621T164055Z/scratch --max-dom 3 --hours 1"
1782060986,2026-06-21T17:56:26+01:00,3140664,3140601,S,0,0.0,0.0,1736,2784,"/usr/bin/time -f wall_s=%e\nmaxrss_kib=%M -o proofs/v020/s4/fp64_d01d03_1h_thomas_20260621T164055Z/time.txt taskset -c 0-3 python -m gpuwrf run --input-dir <DATA_ROOT>/wrf_downscale/canary_all7/run --namelist <DATA_ROOT>/wrf_downscale/canary_all7/run/namelist.input --output-dir proofs/v020/s4/fp64_d01d03_1h_thomas_20260621T164055Z/output --proof-dir proofs/v020/s4/fp64_d01d03_1h_thomas_20260621T164055Z/proofs --scratch-dir proofs/v020/s4/fp64_d01d03_1h_thomas_20260621T164055Z/scratch --max-dom 3 --hours 1"
1782060986,2026-06-21T17:56:26+01:00,3140666,3140664,Rl,3,118,19.6,19300120,47216204,"python -m gpuwrf run --input-dir <DATA_ROOT>/wrf_downscale/canary_all7/run --namelist <DATA_ROOT>/wrf_downscale/canary_all7/run/namelist.input --output-dir proofs/v020/s4/fp64_d01d03_1h_thomas_20260621T164055Z/output --proof-dir proofs/v020/s4/fp64_d01d03_1h_thomas_20260621T164055Z/proofs --scratch-dir proofs/v020/s4/fp64_d01d03_1h_thomas_20260621T164055Z/scratch --max-dom 3 --hours 1"
1782060988,2026-06-21T17:56:28+01:00,3140664,3140601,S,0,0.0,0.0,1736,2784,"/usr/bin/time -f wall_s=%e\nmaxrss_kib=%M -o proofs/v020/s4/fp64_d01d03_1h_thomas_20260621T164055Z/time.txt taskset -c 0-3 python -m gpuwrf run --input-dir <DATA_ROOT>/wrf_downscale/canary_all7/run --namelist <DATA_ROOT>/wrf_downscale/canary_all7/run/namelist.input --output-dir proofs/v020/s4/fp64_d01d03_1h_thomas_20260621T164055Z/output --proof-dir proofs/v020/s4/fp64_d01d03_1h_thomas_20260621T164055Z/proofs --scratch-dir proofs/v020/s4/fp64_d01d03_1h_thomas_20260621T164055Z/scratch --max-dom 3 --hours 1"
1782060988,2026-06-21T17:56:28+01:00,3140666,3140664,Rl,3,118,19.6,19300120,47216204,"python -m gpuwrf run --input-dir <DATA_ROOT>/wrf_downscale/canary_all7/run --namelist <DATA_ROOT>/wrf_downscale/canary_all7/run/namelist.input --output-dir proofs/v020/s4/fp64_d01d03_1h_thomas_20260621T164055Z/output --proof-dir proofs/v020/s4/fp64_d01d03_1h_thomas_20260621T164055Z/proofs --scratch-dir proofs/v020/s4/fp64_d01d03_1h_thomas_20260621T164055Z/scratch --max-dom 3 --hours 1"
1782060990,2026-06-21T17:56:30+01:00,3140664,3140601,S,0,0.0,0.0,1736,2784,"/usr/bin/time -f wall_s=%e\nmaxrss_kib=%M -o proofs/v020/s4/fp64_d01d03_1h_thomas_20260621T164055Z/time.txt taskset -c 0-3 python -m gpuwrf run --input-dir <DATA_ROOT>/wrf_downscale/canary_all7/run --namelist <DATA_ROOT>/wrf_downscale/canary_all7/run/namelist.input --output-dir proofs/v020/s4/fp64_d01d03_1h_thomas_20260621T164055Z/output --proof-dir proofs/v020/s4/fp64_d01d03_1h_thomas_20260621T164055Z/proofs --scratch-dir proofs/v020/s4/fp64_d01d03_1h_thomas_20260621T164055Z/scratch --max-dom 3 --hours 1"
1782060990,2026-06-21T17:56:30+01:00,3140666,3140664,Rl,3,118,19.6,19300120,47216204,"python -m gpuwrf run --input-dir <DATA_ROOT>/wrf_downscale/canary_all7/run --namelist <DATA_ROOT>/wrf_downscale/canary_all7/run/namelist.input --output-dir proofs/v020/s4/fp64_d01d03_1h_thomas_20260621T164055Z/output --proof-dir proofs/v020/s4/fp64_d01d03_1h_thomas_20260621T164055Z/proofs --scratch-dir proofs/v020/s4/fp64_d01d03_1h_thomas_20260621T164055Z/scratch --max-dom 3 --hours 1"
1782060992,2026-06-21T17:56:32+01:00,3140664,3140601,S,0,0.0,0.0,1736,2784,"/usr/bin/time -f wall_s=%e\nmaxrss_kib=%M -o proofs/v020/s4/fp64_d01d03_1h_thomas_20260621T164055Z/time.txt taskset -c 0-3 python -m gpuwrf run --input-dir <DATA_ROOT>/wrf_downscale/canary_all7/run --namelist <DATA_ROOT>/wrf_downscale/canary_all7/run/namelist.input --output-dir proofs/v020/s4/fp64_d01d03_1h_thomas_20260621T164055Z/output --proof-dir proofs/v020/s4/fp64_d01d03_1h_thomas_20260621T164055Z/proofs --scratch-dir proofs/v020/s4/fp64_d01d03_1h_thomas_20260621T164055Z/scratch --max-dom 3 --hours 1"
1782060992,2026-06-21T17:56:32+01:00,3140666,3140664,Rl,3,117,19.6,19300148,47216204,"python -m gpuwrf run --input-dir <DATA_ROOT>/wrf_downscale/canary_all7/run --namelist <DATA_ROOT>/wrf_downscale/canary_all7/run/namelist.input --output-dir proofs/v020/s4/fp64_d01d03_1h_thomas_20260621T164055Z/output --proof-dir proofs/v020/s4/fp64_d01d03_1h_thomas_20260621T164055Z/proofs --scratch-dir proofs/v020/s4/fp64_d01d03_1h_thomas_20260621T164055Z/scratch --max-dom 3 --hours 1"
1782060994,2026-06-21T17:56:34+01:00,3140664,3140601,S,0,0.0,0.0,1736,2784,"/usr/bin/time -f wall_s=%e\nmaxrss_kib=%M -o proofs/v020/s4/fp64_d01d03_1h_thomas_20260621T164055Z/time.txt taskset -c 0-3 python -m gpuwrf run --input-dir <DATA_ROOT>/wrf_downscale/canary_all7/run --namelist <DATA_ROOT>/wrf_downscale/canary_all7/run/namelist.input --output-dir proofs/v020/s4/fp64_d01d03_1h_thomas_20260621T164055Z/output --proof-dir proofs/v020/s4/fp64_d01d03_1h_thomas_20260621T164055Z/proofs --scratch-dir proofs/v020/s4/fp64_d01d03_1h_thomas_20260621T164055Z/scratch --max-dom 3 --hours 1"
1782060994,2026-06-21T17:56:34+01:00,3140666,3140664,Rl,3,117,19.6,19300156,47216204,"python -m gpuwrf run --input-dir <DATA_ROOT>/wrf_downscale/canary_all7/run --namelist <DATA_ROOT>/wrf_downscale/canary_all7/run/namelist.input --output-dir proofs/v020/s4/fp64_d01d03_1h_thomas_20260621T164055Z/output --proof-dir proofs/v020/s4/fp64_d01d03_1h_thomas_20260621T164055Z/proofs --scratch-dir proofs/v020/s4/fp64_d01d03_1h_thomas_20260621T164055Z/scratch --max-dom 3 --hours 1"
1782060996,2026-06-21T17:56:36+01:00,3140664,3140601,S,0,0.0,0.0,1736,2784,"/usr/bin/time -f wall_s=%e\nmaxrss_kib=%M -o proofs/v020/s4/fp64_d01d03_1h_thomas_20260621T164055Z/time.txt taskset -c 0-3 python -m gpuwrf run --input-dir <DATA_ROOT>/wrf_downscale/canary_all7/run --namelist <DATA_ROOT>/wrf_downscale/canary_all7/run/namelist.input --output-dir proofs/v020/s4/fp64_d01d03_1h_thomas_20260621T164055Z/output --proof-dir proofs/v020/s4/fp64_d01d03_1h_thomas_20260621T164055Z/proofs --scratch-dir proofs/v020/s4/fp64_d01d03_1h_thomas_20260621T164055Z/scratch --max-dom 3 --hours 1"
1782060996,2026-06-21T17:56:36+01:00,3140666,3140664,Rl,3,117,19.6,19300168,47216204,"python -m gpuwrf run --input-dir <DATA_ROOT>/wrf_downscale/canary_all7/run --namelist <DATA_ROOT>/wrf_downscale/canary_all7/run/namelist.input --output-dir proofs/v020/s4/fp64_d01d03_1h_thomas_20260621T164055Z/output --proof-dir proofs/v020/s4/fp64_d01d03_1h_thomas_20260621T164055Z/proofs --scratch-dir proofs/v020/s4/fp64_d01d03_1h_thomas_20260621T164055Z/scratch --max-dom 3 --hours 1"
1782060998,2026-06-21T17:56:38+01:00,3140664,3140601,S,0,0.0,0.0,1736,2784,"/usr/bin/time -f wall_s=%e\nmaxrss_kib=%M -o proofs/v020/s4/fp64_d01d03_1h_thomas_20260621T164055Z/time.txt taskset -c 0-3 python -m gpuwrf run --input-dir <DATA_ROOT>/wrf_downscale/canary_all7/run --namelist <DATA_ROOT>/wrf_downscale/canary_all7/run/namelist.input --output-dir proofs/v020/s4/fp64_d01d03_1h_thomas_20260621T164055Z/output --proof-dir proofs/v020/s4/fp64_d01d03_1h_thomas_20260621T164055Z/proofs --scratch-dir proofs/v020/s4/fp64_d01d03_1h_thomas_20260621T164055Z/scratch --max-dom 3 --hours 1"
1782060998,2026-06-21T17:56:38+01:00,3140666,3140664,Rl,3,117,19.6,19300168,47216204,"python -m gpuwrf run --input-dir <DATA_ROOT>/wrf_downscale/canary_all7/run --namelist <DATA_ROOT>/wrf_downscale/canary_all7/run/namelist.input --output-dir proofs/v020/s4/fp64_d01d03_1h_thomas_20260621T164055Z/output --proof-dir proofs/v020/s4/fp64_d01d03_1h_thomas_20260621T164055Z/proofs --scratch-dir proofs/v020/s4/fp64_d01d03_1h_thomas_20260621T164055Z/scratch --max-dom 3 --hours 1"
1782061000,2026-06-21T17:56:40+01:00,3140664,3140601,S,0,0.0,0.0,1736,2784,"/usr/bin/time -f wall_s=%e\nmaxrss_kib=%M -o proofs/v020/s4/fp64_d01d03_1h_thomas_20260621T164055Z/time.txt taskset -c 0-3 python -m gpuwrf run --input-dir <DATA_ROOT>/wrf_downscale/canary_all7/run --namelist <DATA_ROOT>/wrf_downscale/canary_all7/run/namelist.input --output-dir proofs/v020/s4/fp64_d01d03_1h_thomas_20260621T164055Z/output --proof-dir proofs/v020/s4/fp64_d01d03_1h_thomas_20260621T164055Z/proofs --scratch-dir proofs/v020/s4/fp64_d01d03_1h_thomas_20260621T164055Z/scratch --max-dom 3 --hours 1"
1782061000,2026-06-21T17:56:40+01:00,3140666,3140664,Rl,3,117,19.6,19300176,47216204,"python -m gpuwrf run --input-dir <DATA_ROOT>/wrf_downscale/canary_all7/run --namelist <DATA_ROOT>/wrf_downscale/canary_all7/run/namelist.input --output-dir proofs/v020/s4/fp64_d01d03_1h_thomas_20260621T164055Z/output --proof-dir proofs/v020/s4/fp64_d01d03_1h_thomas_20260621T164055Z/proofs --scratch-dir proofs/v020/s4/fp64_d01d03_1h_thomas_20260621T164055Z/scratch --max-dom 3 --hours 1"
1782061003,2026-06-21T17:56:43+01:00,3140664,3140601,S,0,0.0,0.0,1736,2784,"/usr/bin/time -f wall_s=%e\nmaxrss_kib=%M -o proofs/v020/s4/fp64_d01d03_1h_thomas_20260621T164055Z/time.txt taskset -c 0-3 python -m gpuwrf run --input-dir <DATA_ROOT>/wrf_downscale/canary_all7/run --namelist <DATA_ROOT>/wrf_downscale/canary_all7/run/namelist.input --output-dir proofs/v020/s4/fp64_d01d03_1h_thomas_20260621T164055Z/output --proof-dir proofs/v020/s4/fp64_d01d03_1h_thomas_20260621T164055Z/proofs --scratch-dir proofs/v020/s4/fp64_d01d03_1h_thomas_20260621T164055Z/scratch --max-dom 3 --hours 1"
1782061003,2026-06-21T17:56:43+01:00,3140666,3140664,Rl,3,117,19.6,19300200,47216204,"python -m gpuwrf run --input-dir <DATA_ROOT>/wrf_downscale/canary_all7/run --namelist <DATA_ROOT>/wrf_downscale/canary_all7/run/namelist.input --output-dir proofs/v020/s4/fp64_d01d03_1h_thomas_20260621T164055Z/output --proof-dir proofs/v020/s4/fp64_d01d03_1h_thomas_20260621T164055Z/proofs --scratch-dir proofs/v020/s4/fp64_d01d03_1h_thomas_20260621T164055Z/scratch --max-dom 3 --hours 1"
1782061005,2026-06-21T17:56:45+01:00,3140664,3140601,S,0,0.0,0.0,1736,2784,"/usr/bin/time -f wall_s=%e\nmaxrss_kib=%M -o proofs/v020/s4/fp64_d01d03_1h_thomas_20260621T164055Z/time.txt taskset -c 0-3 python -m gpuwrf run --input-dir <DATA_ROOT>/wrf_downscale/canary_all7/run --namelist <DATA_ROOT>/wrf_downscale/canary_all7/run/namelist.input --output-dir proofs/v020/s4/fp64_d01d03_1h_thomas_20260621T164055Z/output --proof-dir proofs/v020/s4/fp64_d01d03_1h_thomas_20260621T164055Z/proofs --scratch-dir proofs/v020/s4/fp64_d01d03_1h_thomas_20260621T164055Z/scratch --max-dom 3 --hours 1"
1782061005,2026-06-21T17:56:45+01:00,3140666,3140664,Rl,3,117,19.6,19300200,47216204,"python -m gpuwrf run --input-dir <DATA_ROOT>/wrf_downscale/canary_all7/run --namelist <DATA_ROOT>/wrf_downscale/canary_all7/run/namelist.input --output-dir proofs/v020/s4/fp64_d01d03_1h_thomas_20260621T164055Z/output --proof-dir proofs/v020/s4/fp64_d01d03_1h_thomas_20260621T164055Z/proofs --scratch-dir proofs/v020/s4/fp64_d01d03_1h_thomas_20260621T164055Z/scratch --max-dom 3 --hours 1"
1782061007,2026-06-21T17:56:47+01:00,3140664,3140601,S,0,0.0,0.0,1736,2784,"/usr/bin/time -f wall_s=%e\nmaxrss_kib=%M -o proofs/v020/s4/fp64_d01d03_1h_thomas_20260621T164055Z/time.txt taskset -c 0-3 python -m gpuwrf run --input-dir <DATA_ROOT>/wrf_downscale/canary_all7/run --namelist <DATA_ROOT>/wrf_downscale/canary_all7/run/namelist.input --output-dir proofs/v020/s4/fp64_d01d03_1h_thomas_20260621T164055Z/output --proof-dir proofs/v020/s4/fp64_d01d03_1h_thomas_20260621T164055Z/proofs --scratch-dir proofs/v020/s4/fp64_d01d03_1h_thomas_20260621T164055Z/scratch --max-dom 3 --hours 1"
1782061007,2026-06-21T17:56:47+01:00,3140666,3140664,Rl,3,117,19.6,19300236,47216204,"python -m gpuwrf run --input-dir <DATA_ROOT>/wrf_downscale/canary_all7/run --namelist <DATA_ROOT>/wrf_downscale/canary_all7/run/namelist.input --output-dir proofs/v020/s4/fp64_d01d03_1h_thomas_20260621T164055Z/output --proof-dir proofs/v020/s4/fp64_d01d03_1h_thomas_20260621T164055Z/proofs --scratch-dir proofs/v020/s4/fp64_d01d03_1h_thomas_20260621T164055Z/scratch --max-dom 3 --hours 1"
1782061009,2026-06-21T17:56:49+01:00,3140664,3140601,S,0,0.0,0.0,1736,2784,"/usr/bin/time -f wall_s=%e\nmaxrss_kib=%M -o proofs/v020/s4/fp64_d01d03_1h_thomas_20260621T164055Z/time.txt taskset -c 0-3 python -m gpuwrf run --input-dir <DATA_ROOT>/wrf_downscale/canary_all7/run --namelist <DATA_ROOT>/wrf_downscale/canary_all7/run/namelist.input --output-dir proofs/v020/s4/fp64_d01d03_1h_thomas_20260621T164055Z/output --proof-dir proofs/v020/s4/fp64_d01d03_1h_thomas_20260621T164055Z/proofs --scratch-dir proofs/v020/s4/fp64_d01d03_1h_thomas_20260621T164055Z/scratch --max-dom 3 --hours 1"
1782061009,2026-06-21T17:56:49+01:00,3140666,3140664,Rl,3,117,19.6,19300236,47216204,"python -m gpuwrf run --input-dir <DATA_ROOT>/wrf_downscale/canary_all7/run --namelist <DATA_ROOT>/wrf_downscale/canary_all7/run/namelist.input --output-dir proofs/v020/s4/fp64_d01d03_1h_thomas_20260621T164055Z/output --proof-dir proofs/v020/s4/fp64_d01d03_1h_thomas_20260621T164055Z/proofs --scratch-dir proofs/v020/s4/fp64_d01d03_1h_thomas_20260621T164055Z/scratch --max-dom 3 --hours 1"
1782061011,2026-06-21T17:56:51+01:00,3140664,3140601,S,0,0.0,0.0,1736,2784,"/usr/bin/time -f wall_s=%e\nmaxrss_kib=%M -o proofs/v020/s4/fp64_d01d03_1h_thomas_20260621T164055Z/time.txt taskset -c 0-3 python -m gpuwrf run --input-dir <DATA_ROOT>/wrf_downscale/canary_all7/run --namelist <DATA_ROOT>/wrf_downscale/canary_all7/run/namelist.input --output-dir proofs/v020/s4/fp64_d01d03_1h_thomas_20260621T164055Z/output --proof-dir proofs/v020/s4/fp64_d01d03_1h_thomas_20260621T164055Z/proofs --scratch-dir proofs/v020/s4/fp64_d01d03_1h_thomas_20260621T164055Z/scratch --max-dom 3 --hours 1"
1782061011,2026-06-21T17:56:51+01:00,3140666,3140664,Rl,3,117,19.6,19300236,47216204,"python -m gpuwrf run --input-dir <DATA_ROOT>/wrf_downscale/canary_all7/run --namelist <DATA_ROOT>/wrf_downscale/canary_all7/run/namelist.input --output-dir proofs/v020/s4/fp64_d01d03_1h_thomas_20260621T164055Z/output --proof-dir proofs/v020/s4/fp64_d01d03_1h_thomas_20260621T164055Z/proofs --scratch-dir proofs/v020/s4/fp64_d01d03_1h_thomas_20260621T164055Z/scratch --max-dom 3 --hours 1"
1782061013,2026-06-21T17:56:53+01:00,3140664,3140601,S,0,0.0,0.0,1736,2784,"/usr/bin/time -f wall_s=%e\nmaxrss_kib=%M -o proofs/v020/s4/fp64_d01d03_1h_thomas_20260621T164055Z/time.txt taskset -c 0-3 python -m gpuwrf run --input-dir <DATA_ROOT>/wrf_downscale/canary_all7/run --namelist <DATA_ROOT>/wrf_downscale/canary_all7/run/namelist.input --output-dir proofs/v020/s4/fp64_d01d03_1h_thomas_20260621T164055Z/output --proof-dir proofs/v020/s4/fp64_d01d03_1h_thomas_20260621T164055Z/proofs --scratch-dir proofs/v020/s4/fp64_d01d03_1h_thomas_20260621T164055Z/scratch --max-dom 3 --hours 1"
1782061013,2026-06-21T17:56:53+01:00,3140666,3140664,Rl,0,117,19.6,19300236,47216204,"python -m gpuwrf run --input-dir <DATA_ROOT>/wrf_downscale/canary_all7/run --namelist <DATA_ROOT>/wrf_downscale/canary_all7/run/namelist.input --output-dir proofs/v020/s4/fp64_d01d03_1h_thomas_20260621T164055Z/output --proof-dir proofs/v020/s4/fp64_d01d03_1h_thomas_20260621T164055Z/proofs --scratch-dir proofs/v020/s4/fp64_d01d03_1h_thomas_20260621T164055Z/scratch --max-dom 3 --hours 1"
1782061015,2026-06-21T17:56:55+01:00,3140664,3140601,S,0,0.0,0.0,1736,2784,"/usr/bin/time -f wall_s=%e\nmaxrss_kib=%M -o proofs/v020/s4/fp64_d01d03_1h_thomas_20260621T164055Z/time.txt taskset -c 0-3 python -m gpuwrf run --input-dir <DATA_ROOT>/wrf_downscale/canary_all7/run --namelist <DATA_ROOT>/wrf_downscale/canary_all7/run/namelist.input --output-dir proofs/v020/s4/fp64_d01d03_1h_thomas_20260621T164055Z/output --proof-dir proofs/v020/s4/fp64_d01d03_1h_thomas_20260621T164055Z/proofs --scratch-dir proofs/v020/s4/fp64_d01d03_1h_thomas_20260621T164055Z/scratch --max-dom 3 --hours 1"
1782061015,2026-06-21T17:56:55+01:00,3140666,3140664,Rl,0,117,19.6,19300236,47216204,"python -m gpuwrf run --input-dir <DATA_ROOT>/wrf_downscale/canary_all7/run --namelist <DATA_ROOT>/wrf_downscale/canary_all7/run/namelist.input --output-dir proofs/v020/s4/fp64_d01d03_1h_thomas_20260621T164055Z/output --proof-dir proofs/v020/s4/fp64_d01d03_1h_thomas_20260621T164055Z/proofs --scratch-dir proofs/v020/s4/fp64_d01d03_1h_thomas_20260621T164055Z/scratch --max-dom 3 --hours 1"
1782061017,2026-06-21T17:56:57+01:00,3140664,3140601,S,0,0.0,0.0,1736,2784,"/usr/bin/time -f wall_s=%e\nmaxrss_kib=%M -o proofs/v020/s4/fp64_d01d03_1h_thomas_20260621T164055Z/time.txt taskset -c 0-3 python -m gpuwrf run --input-dir <DATA_ROOT>/wrf_downscale/canary_all7/run --namelist <DATA_ROOT>/wrf_downscale/canary_all7/run/namelist.input --output-dir proofs/v020/s4/fp64_d01d03_1h_thomas_20260621T164055Z/output --proof-dir proofs/v020/s4/fp64_d01d03_1h_thomas_20260621T164055Z/proofs --scratch-dir proofs/v020/s4/fp64_d01d03_1h_thomas_20260621T164055Z/scratch --max-dom 3 --hours 1"
1782061017,2026-06-21T17:56:57+01:00,3140666,3140664,Rl,0,117,19.6,19300264,47216204,"python -m gpuwrf run --input-dir <DATA_ROOT>/wrf_downscale/canary_all7/run --namelist <DATA_ROOT>/wrf_downscale/canary_all7/run/namelist.input --output-dir proofs/v020/s4/fp64_d01d03_1h_thomas_20260621T164055Z/output --proof-dir proofs/v020/s4/fp64_d01d03_1h_thomas_20260621T164055Z/proofs --scratch-dir proofs/v020/s4/fp64_d01d03_1h_thomas_20260621T164055Z/scratch --max-dom 3 --hours 1"
1782061019,2026-06-21T17:56:59+01:00,3140664,3140601,S,0,0.0,0.0,1736,2784,"/usr/bin/time -f wall_s=%e\nmaxrss_kib=%M -o proofs/v020/s4/fp64_d01d03_1h_thomas_20260621T164055Z/time.txt taskset -c 0-3 python -m gpuwrf run --input-dir <DATA_ROOT>/wrf_downscale/canary_all7/run --namelist <DATA_ROOT>/wrf_downscale/canary_all7/run/namelist.input --output-dir proofs/v020/s4/fp64_d01d03_1h_thomas_20260621T164055Z/output --proof-dir proofs/v020/s4/fp64_d01d03_1h_thomas_20260621T164055Z/proofs --scratch-dir proofs/v020/s4/fp64_d01d03_1h_thomas_20260621T164055Z/scratch --max-dom 3 --hours 1"
1782061019,2026-06-21T17:56:59+01:00,3140666,3140664,Rl,0,117,19.6,19300280,47216204,"python -m gpuwrf run --input-dir <DATA_ROOT>/wrf_downscale/canary_all7/run --namelist <DATA_ROOT>/wrf_downscale/canary_all7/run/namelist.input --output-dir proofs/v020/s4/fp64_d01d03_1h_thomas_20260621T164055Z/output --proof-dir proofs/v020/s4/fp64_d01d03_1h_thomas_20260621T164055Z/proofs --scratch-dir proofs/v020/s4/fp64_d01d03_1h_thomas_20260621T164055Z/scratch --max-dom 3 --hours 1"
1782061022,2026-06-21T17:57:02+01:00,3140664,3140601,S,0,0.0,0.0,1736,2784,"/usr/bin/time -f wall_s=%e\nmaxrss_kib=%M -o proofs/v020/s4/fp64_d01d03_1h_thomas_20260621T164055Z/time.txt taskset -c 0-3 python -m gpuwrf run --input-dir <DATA_ROOT>/wrf_downscale/canary_all7/run --namelist <DATA_ROOT>/wrf_downscale/canary_all7/run/namelist.input --output-dir proofs/v020/s4/fp64_d01d03_1h_thomas_20260621T164055Z/output --proof-dir proofs/v020/s4/fp64_d01d03_1h_thomas_20260621T164055Z/proofs --scratch-dir proofs/v020/s4/fp64_d01d03_1h_thomas_20260621T164055Z/scratch --max-dom 3 --hours 1"
1782061022,2026-06-21T17:57:02+01:00,3140666,3140664,Rl,0,117,19.6,19300300,47216204,"python -m gpuwrf run --input-dir <DATA_ROOT>/wrf_downscale/canary_all7/run --namelist <DATA_ROOT>/wrf_downscale/canary_all7/run/namelist.input --output-dir proofs/v020/s4/fp64_d01d03_1h_thomas_20260621T164055Z/output --proof-dir proofs/v020/s4/fp64_d01d03_1h_thomas_20260621T164055Z/proofs --scratch-dir proofs/v020/s4/fp64_d01d03_1h_thomas_20260621T164055Z/scratch --max-dom 3 --hours 1"
1782061024,2026-06-21T17:57:04+01:00,3140664,3140601,S,0,0.0,0.0,1736,2784,"/usr/bin/time -f wall_s=%e\nmaxrss_kib=%M -o proofs/v020/s4/fp64_d01d03_1h_thomas_20260621T164055Z/time.txt taskset -c 0-3 python -m gpuwrf run --input-dir <DATA_ROOT>/wrf_downscale/canary_all7/run --namelist <DATA_ROOT>/wrf_downscale/canary_all7/run/namelist.input --output-dir proofs/v020/s4/fp64_d01d03_1h_thomas_20260621T164055Z/output --proof-dir proofs/v020/s4/fp64_d01d03_1h_thomas_20260621T164055Z/proofs --scratch-dir proofs/v020/s4/fp64_d01d03_1h_thomas_20260621T164055Z/scratch --max-dom 3 --hours 1"
1782061024,2026-06-21T17:57:04+01:00,3140666,3140664,Rl,3,117,19.6,19300304,47216204,"python -m gpuwrf run --input-dir <DATA_ROOT>/wrf_downscale/canary_all7/run --namelist <DATA_ROOT>/wrf_downscale/canary_all7/run/namelist.input --output-dir proofs/v020/s4/fp64_d01d03_1h_thomas_20260621T164055Z/output --proof-dir proofs/v020/s4/fp64_d01d03_1h_thomas_20260621T164055Z/proofs --scratch-dir proofs/v020/s4/fp64_d01d03_1h_thomas_20260621T164055Z/scratch --max-dom 3 --hours 1"
1782061026,2026-06-21T17:57:06+01:00,3140664,3140601,S,0,0.0,0.0,1736,2784,"/usr/bin/time -f wall_s=%e\nmaxrss_kib=%M -o proofs/v020/s4/fp64_d01d03_1h_thomas_20260621T164055Z/time.txt taskset -c 0-3 python -m gpuwrf run --input-dir <DATA_ROOT>/wrf_downscale/canary_all7/run --namelist <DATA_ROOT>/wrf_downscale/canary_all7/run/namelist.input --output-dir proofs/v020/s4/fp64_d01d03_1h_thomas_20260621T164055Z/output --proof-dir proofs/v020/s4/fp64_d01d03_1h_thomas_20260621T164055Z/proofs --scratch-dir proofs/v020/s4/fp64_d01d03_1h_thomas_20260621T164055Z/scratch --max-dom 3 --hours 1"
1782061026,2026-06-21T17:57:06+01:00,3140666,3140664,Rl,2,117,19.6,19300304,47216204,"python -m gpuwrf run --input-dir <DATA_ROOT>/wrf_downscale/canary_all7/run --namelist <DATA_ROOT>/wrf_downscale/canary_all7/run/namelist.input --output-dir proofs/v020/s4/fp64_d01d03_1h_thomas_20260621T164055Z/output --proof-dir proofs/v020/s4/fp64_d01d03_1h_thomas_20260621T164055Z/proofs --scratch-dir proofs/v020/s4/fp64_d01d03_1h_thomas_20260621T164055Z/scratch --max-dom 3 --hours 1"
1782061028,2026-06-21T17:57:08+01:00,3140664,3140601,S,0,0.0,0.0,1736,2784,"/usr/bin/time -f wall_s=%e\nmaxrss_kib=%M -o proofs/v020/s4/fp64_d01d03_1h_thomas_20260621T164055Z/time.txt taskset -c 0-3 python -m gpuwrf run --input-dir <DATA_ROOT>/wrf_downscale/canary_all7/run --namelist <DATA_ROOT>/wrf_downscale/canary_all7/run/namelist.input --output-dir proofs/v020/s4/fp64_d01d03_1h_thomas_20260621T164055Z/output --proof-dir proofs/v020/s4/fp64_d01d03_1h_thomas_20260621T164055Z/proofs --scratch-dir proofs/v020/s4/fp64_d01d03_1h_thomas_20260621T164055Z/scratch --max-dom 3 --hours 1"
1782061028,2026-06-21T17:57:08+01:00,3140666,3140664,Rl,2,117,19.6,19300320,47216204,"python -m gpuwrf run --input-dir <DATA_ROOT>/wrf_downscale/canary_all7/run --namelist <DATA_ROOT>/wrf_downscale/canary_all7/run/namelist.input --output-dir proofs/v020/s4/fp64_d01d03_1h_thomas_20260621T164055Z/output --proof-dir proofs/v020/s4/fp64_d01d03_1h_thomas_20260621T164055Z/proofs --scratch-dir proofs/v020/s4/fp64_d01d03_1h_thomas_20260621T164055Z/scratch --max-dom 3 --hours 1"
1782061030,2026-06-21T17:57:10+01:00,3140664,3140601,S,0,0.0,0.0,1736,2784,"/usr/bin/time -f wall_s=%e\nmaxrss_kib=%M -o proofs/v020/s4/fp64_d01d03_1h_thomas_20260621T164055Z/time.txt taskset -c 0-3 python -m gpuwrf run --input-dir <DATA_ROOT>/wrf_downscale/canary_all7/run --namelist <DATA_ROOT>/wrf_downscale/canary_all7/run/namelist.input --output-dir proofs/v020/s4/fp64_d01d03_1h_thomas_20260621T164055Z/output --proof-dir proofs/v020/s4/fp64_d01d03_1h_thomas_20260621T164055Z/proofs --scratch-dir proofs/v020/s4/fp64_d01d03_1h_thomas_20260621T164055Z/scratch --max-dom 3 --hours 1"
1782061030,2026-06-21T17:57:10+01:00,3140666,3140664,Rl,2,117,19.6,19300332,47216204,"python -m gpuwrf run --input-dir <DATA_ROOT>/wrf_downscale/canary_all7/run --namelist <DATA_ROOT>/wrf_downscale/canary_all7/run/namelist.input --output-dir proofs/v020/s4/fp64_d01d03_1h_thomas_20260621T164055Z/output --proof-dir proofs/v020/s4/fp64_d01d03_1h_thomas_20260621T164055Z/proofs --scratch-dir proofs/v020/s4/fp64_d01d03_1h_thomas_20260621T164055Z/scratch --max-dom 3 --hours 1"
1782061032,2026-06-21T17:57:12+01:00,3140664,3140601,S,0,0.0,0.0,1736,2784,"/usr/bin/time -f wall_s=%e\nmaxrss_kib=%M -o proofs/v020/s4/fp64_d01d03_1h_thomas_20260621T164055Z/time.txt taskset -c 0-3 python -m gpuwrf run --input-dir <DATA_ROOT>/wrf_downscale/canary_all7/run --namelist <DATA_ROOT>/wrf_downscale/canary_all7/run/namelist.input --output-dir proofs/v020/s4/fp64_d01d03_1h_thomas_20260621T164055Z/output --proof-dir proofs/v020/s4/fp64_d01d03_1h_thomas_20260621T164055Z/proofs --scratch-dir proofs/v020/s4/fp64_d01d03_1h_thomas_20260621T164055Z/scratch --max-dom 3 --hours 1"
1782061032,2026-06-21T17:57:12+01:00,3140666,3140664,Rl,2,117,19.6,19300344,47216204,"python -m gpuwrf run --input-dir <DATA_ROOT>/wrf_downscale/canary_all7/run --namelist <DATA_ROOT>/wrf_downscale/canary_all7/run/namelist.input --output-dir proofs/v020/s4/fp64_d01d03_1h_thomas_20260621T164055Z/output --proof-dir proofs/v020/s4/fp64_d01d03_1h_thomas_20260621T164055Z/proofs --scratch-dir proofs/v020/s4/fp64_d01d03_1h_thomas_20260621T164055Z/scratch --max-dom 3 --hours 1"
1782061034,2026-06-21T17:57:14+01:00,3140664,3140601,S,0,0.0,0.0,1736,2784,"/usr/bin/time -f wall_s=%e\nmaxrss_kib=%M -o proofs/v020/s4/fp64_d01d03_1h_thomas_20260621T164055Z/time.txt taskset -c 0-3 python -m gpuwrf run --input-dir <DATA_ROOT>/wrf_downscale/canary_all7/run --namelist <DATA_ROOT>/wrf_downscale/canary_all7/run/namelist.input --output-dir proofs/v020/s4/fp64_d01d03_1h_thomas_20260621T164055Z/output --proof-dir proofs/v020/s4/fp64_d01d03_1h_thomas_20260621T164055Z/proofs --scratch-dir proofs/v020/s4/fp64_d01d03_1h_thomas_20260621T164055Z/scratch --max-dom 3 --hours 1"
1782061034,2026-06-21T17:57:14+01:00,3140666,3140664,Rl,1,117,19.6,19300360,47216204,"python -m gpuwrf run --input-dir <DATA_ROOT>/wrf_downscale/canary_all7/run --namelist <DATA_ROOT>/wrf_downscale/canary_all7/run/namelist.input --output-dir proofs/v020/s4/fp64_d01d03_1h_thomas_20260621T164055Z/output --proof-dir proofs/v020/s4/fp64_d01d03_1h_thomas_20260621T164055Z/proofs --scratch-dir proofs/v020/s4/fp64_d01d03_1h_thomas_20260621T164055Z/scratch --max-dom 3 --hours 1"
1782061037,2026-06-21T17:57:17+01:00,3140664,3140601,S,0,0.0,0.0,1736,2784,"/usr/bin/time -f wall_s=%e\nmaxrss_kib=%M -o proofs/v020/s4/fp64_d01d03_1h_thomas_20260621T164055Z/time.txt taskset -c 0-3 python -m gpuwrf run --input-dir <DATA_ROOT>/wrf_downscale/canary_all7/run --namelist <DATA_ROOT>/wrf_downscale/canary_all7/run/namelist.input --output-dir proofs/v020/s4/fp64_d01d03_1h_thomas_20260621T164055Z/output --proof-dir proofs/v020/s4/fp64_d01d03_1h_thomas_20260621T164055Z/proofs --scratch-dir proofs/v020/s4/fp64_d01d03_1h_thomas_20260621T164055Z/scratch --max-dom 3 --hours 1"
1782061037,2026-06-21T17:57:17+01:00,3140666,3140664,Rl,1,117,19.6,19300364,47216204,"python -m gpuwrf run --input-dir <DATA_ROOT>/wrf_downscale/canary_all7/run --namelist <DATA_ROOT>/wrf_downscale/canary_all7/run/namelist.input --output-dir proofs/v020/s4/fp64_d01d03_1h_thomas_20260621T164055Z/output --proof-dir proofs/v020/s4/fp64_d01d03_1h_thomas_20260621T164055Z/proofs --scratch-dir proofs/v020/s4/fp64_d01d03_1h_thomas_20260621T164055Z/scratch --max-dom 3 --hours 1"
1782061039,2026-06-21T17:57:19+01:00,3140664,3140601,S,0,0.0,0.0,1736,2784,"/usr/bin/time -f wall_s=%e\nmaxrss_kib=%M -o proofs/v020/s4/fp64_d01d03_1h_thomas_20260621T164055Z/time.txt taskset -c 0-3 python -m gpuwrf run --input-dir <DATA_ROOT>/wrf_downscale/canary_all7/run --namelist <DATA_ROOT>/wrf_downscale/canary_all7/run/namelist.input --output-dir proofs/v020/s4/fp64_d01d03_1h_thomas_20260621T164055Z/output --proof-dir proofs/v020/s4/fp64_d01d03_1h_thomas_20260621T164055Z/proofs --scratch-dir proofs/v020/s4/fp64_d01d03_1h_thomas_20260621T164055Z/scratch --max-dom 3 --hours 1"
1782061039,2026-06-21T17:57:19+01:00,3140666,3140664,Rl,1,117,19.6,19300380,47216204,"python -m gpuwrf run --input-dir <DATA_ROOT>/wrf_downscale/canary_all7/run --namelist <DATA_ROOT>/wrf_downscale/canary_all7/run/namelist.input --output-dir proofs/v020/s4/fp64_d01d03_1h_thomas_20260621T164055Z/output --proof-dir proofs/v020/s4/fp64_d01d03_1h_thomas_20260621T164055Z/proofs --scratch-dir proofs/v020/s4/fp64_d01d03_1h_thomas_20260621T164055Z/scratch --max-dom 3 --hours 1"
1782061041,2026-06-21T17:57:21+01:00,3140664,3140601,S,0,0.0,0.0,1736,2784,"/usr/bin/time -f wall_s=%e\nmaxrss_kib=%M -o proofs/v020/s4/fp64_d01d03_1h_thomas_20260621T164055Z/time.txt taskset -c 0-3 python -m gpuwrf run --input-dir <DATA_ROOT>/wrf_downscale/canary_all7/run --namelist <DATA_ROOT>/wrf_downscale/canary_all7/run/namelist.input --output-dir proofs/v020/s4/fp64_d01d03_1h_thomas_20260621T164055Z/output --proof-dir proofs/v020/s4/fp64_d01d03_1h_thomas_20260621T164055Z/proofs --scratch-dir proofs/v020/s4/fp64_d01d03_1h_thomas_20260621T164055Z/scratch --max-dom 3 --hours 1"
1782061041,2026-06-21T17:57:21+01:00,3140666,3140664,Rl,1,117,19.6,19300448,47216204,"python -m gpuwrf run --input-dir <DATA_ROOT>/wrf_downscale/canary_all7/run --namelist <DATA_ROOT>/wrf_downscale/canary_all7/run/namelist.input --output-dir proofs/v020/s4/fp64_d01d03_1h_thomas_20260621T164055Z/output --proof-dir proofs/v020/s4/fp64_d01d03_1h_thomas_20260621T164055Z/proofs --scratch-dir proofs/v020/s4/fp64_d01d03_1h_thomas_20260621T164055Z/scratch --max-dom 3 --hours 1"
1782061043,2026-06-21T17:57:23+01:00,3140664,3140601,S,0,0.0,0.0,1736,2784,"/usr/bin/time -f wall_s=%e\nmaxrss_kib=%M -o proofs/v020/s4/fp64_d01d03_1h_thomas_20260621T164055Z/time.txt taskset -c 0-3 python -m gpuwrf run --input-dir <DATA_ROOT>/wrf_downscale/canary_all7/run --namelist <DATA_ROOT>/wrf_downscale/canary_all7/run/namelist.input --output-dir proofs/v020/s4/fp64_d01d03_1h_thomas_20260621T164055Z/output --proof-dir proofs/v020/s4/fp64_d01d03_1h_thomas_20260621T164055Z/proofs --scratch-dir proofs/v020/s4/fp64_d01d03_1h_thomas_20260621T164055Z/scratch --max-dom 3 --hours 1"
1782061043,2026-06-21T17:57:23+01:00,3140666,3140664,Rl,1,117,19.6,19300508,47216204,"python -m gpuwrf run --input-dir <DATA_ROOT>/wrf_downscale/canary_all7/run --namelist <DATA_ROOT>/wrf_downscale/canary_all7/run/namelist.input --output-dir proofs/v020/s4/fp64_d01d03_1h_thomas_20260621T164055Z/output --proof-dir proofs/v020/s4/fp64_d01d03_1h_thomas_20260621T164055Z/proofs --scratch-dir proofs/v020/s4/fp64_d01d03_1h_thomas_20260621T164055Z/scratch --max-dom 3 --hours 1"
1782061045,2026-06-21T17:57:25+01:00,3140664,3140601,S,0,0.0,0.0,1736,2784,"/usr/bin/time -f wall_s=%e\nmaxrss_kib=%M -o proofs/v020/s4/fp64_d01d03_1h_thomas_20260621T164055Z/time.txt taskset -c 0-3 python -m gpuwrf run --input-dir <DATA_ROOT>/wrf_downscale/canary_all7/run --namelist <DATA_ROOT>/wrf_downscale/canary_all7/run/namelist.input --output-dir proofs/v020/s4/fp64_d01d03_1h_thomas_20260621T164055Z/output --proof-dir proofs/v020/s4/fp64_d01d03_1h_thomas_20260621T164055Z/proofs --scratch-dir proofs/v020/s4/fp64_d01d03_1h_thomas_20260621T164055Z/scratch --max-dom 3 --hours 1"
1782061045,2026-06-21T17:57:25+01:00,3140666,3140664,Rl,1,117,19.6,19300508,47216204,"python -m gpuwrf run --input-dir <DATA_ROOT>/wrf_downscale/canary_all7/run --namelist <DATA_ROOT>/wrf_downscale/canary_all7/run/namelist.input --output-dir proofs/v020/s4/fp64_d01d03_1h_thomas_20260621T164055Z/output --proof-dir proofs/v020/s4/fp64_d01d03_1h_thomas_20260621T164055Z/proofs --scratch-dir proofs/v020/s4/fp64_d01d03_1h_thomas_20260621T164055Z/scratch --max-dom 3 --hours 1"
1782061047,2026-06-21T17:57:27+01:00,3140664,3140601,S,0,0.0,0.0,1736,2784,"/usr/bin/time -f wall_s=%e\nmaxrss_kib=%M -o proofs/v020/s4/fp64_d01d03_1h_thomas_20260621T164055Z/time.txt taskset -c 0-3 python -m gpuwrf run --input-dir <DATA_ROOT>/wrf_downscale/canary_all7/run --namelist <DATA_ROOT>/wrf_downscale/canary_all7/run/namelist.input --output-dir proofs/v020/s4/fp64_d01d03_1h_thomas_20260621T164055Z/output --proof-dir proofs/v020/s4/fp64_d01d03_1h_thomas_20260621T164055Z/proofs --scratch-dir proofs/v020/s4/fp64_d01d03_1h_thomas_20260621T164055Z/scratch --max-dom 3 --hours 1"
1782061047,2026-06-21T17:57:27+01:00,3140666,3140664,Rl,1,116,19.6,19300536,47216204,"python -m gpuwrf run --input-dir <DATA_ROOT>/wrf_downscale/canary_all7/run --namelist <DATA_ROOT>/wrf_downscale/canary_all7/run/namelist.input --output-dir proofs/v020/s4/fp64_d01d03_1h_thomas_20260621T164055Z/output --proof-dir proofs/v020/s4/fp64_d01d03_1h_thomas_20260621T164055Z/proofs --scratch-dir proofs/v020/s4/fp64_d01d03_1h_thomas_20260621T164055Z/scratch --max-dom 3 --hours 1"
1782061049,2026-06-21T17:57:29+01:00,3140664,3140601,S,0,0.0,0.0,1736,2784,"/usr/bin/time -f wall_s=%e\nmaxrss_kib=%M -o proofs/v020/s4/fp64_d01d03_1h_thomas_20260621T164055Z/time.txt taskset -c 0-3 python -m gpuwrf run --input-dir <DATA_ROOT>/wrf_downscale/canary_all7/run --namelist <DATA_ROOT>/wrf_downscale/canary_all7/run/namelist.input --output-dir proofs/v020/s4/fp64_d01d03_1h_thomas_20260621T164055Z/output --proof-dir proofs/v020/s4/fp64_d01d03_1h_thomas_20260621T164055Z/proofs --scratch-dir proofs/v020/s4/fp64_d01d03_1h_thomas_20260621T164055Z/scratch --max-dom 3 --hours 1"
1782061049,2026-06-21T17:57:29+01:00,3140666,3140664,Rl,3,116,19.6,19300544,47216204,"python -m gpuwrf run --input-dir <DATA_ROOT>/wrf_downscale/canary_all7/run --namelist <DATA_ROOT>/wrf_downscale/canary_all7/run/namelist.input --output-dir proofs/v020/s4/fp64_d01d03_1h_thomas_20260621T164055Z/output --proof-dir proofs/v020/s4/fp64_d01d03_1h_thomas_20260621T164055Z/proofs --scratch-dir proofs/v020/s4/fp64_d01d03_1h_thomas_20260621T164055Z/scratch --max-dom 3 --hours 1"
1782061052,2026-06-21T17:57:32+01:00,3140664,3140601,S,0,0.0,0.0,1736,2784,"/usr/bin/time -f wall_s=%e\nmaxrss_kib=%M -o proofs/v020/s4/fp64_d01d03_1h_thomas_20260621T164055Z/time.txt taskset -c 0-3 python -m gpuwrf run --input-dir <DATA_ROOT>/wrf_downscale/canary_all7/run --namelist <DATA_ROOT>/wrf_downscale/canary_all7/run/namelist.input --output-dir proofs/v020/s4/fp64_d01d03_1h_thomas_20260621T164055Z/output --proof-dir proofs/v020/s4/fp64_d01d03_1h_thomas_20260621T164055Z/proofs --scratch-dir proofs/v020/s4/fp64_d01d03_1h_thomas_20260621T164055Z/scratch --max-dom 3 --hours 1"
1782061052,2026-06-21T17:57:32+01:00,3140666,3140664,Rl,3,116,19.6,19300548,47216204,"python -m gpuwrf run --input-dir <DATA_ROOT>/wrf_downscale/canary_all7/run --namelist <DATA_ROOT>/wrf_downscale/canary_all7/run/namelist.input --output-dir proofs/v020/s4/fp64_d01d03_1h_thomas_20260621T164055Z/output --proof-dir proofs/v020/s4/fp64_d01d03_1h_thomas_20260621T164055Z/proofs --scratch-dir proofs/v020/s4/fp64_d01d03_1h_thomas_20260621T164055Z/scratch --max-dom 3 --hours 1"
1782061054,2026-06-21T17:57:34+01:00,3140664,3140601,S,0,0.0,0.0,1736,2784,"/usr/bin/time -f wall_s=%e\nmaxrss_kib=%M -o proofs/v020/s4/fp64_d01d03_1h_thomas_20260621T164055Z/time.txt taskset -c 0-3 python -m gpuwrf run --input-dir <DATA_ROOT>/wrf_downscale/canary_all7/run --namelist <DATA_ROOT>/wrf_downscale/canary_all7/run/namelist.input --output-dir proofs/v020/s4/fp64_d01d03_1h_thomas_20260621T164055Z/output --proof-dir proofs/v020/s4/fp64_d01d03_1h_thomas_20260621T164055Z/proofs --scratch-dir proofs/v020/s4/fp64_d01d03_1h_thomas_20260621T164055Z/scratch --max-dom 3 --hours 1"
1782061054,2026-06-21T17:57:34+01:00,3140666,3140664,Rl,3,116,19.6,19300548,47216204,"python -m gpuwrf run --input-dir <DATA_ROOT>/wrf_downscale/canary_all7/run --namelist <DATA_ROOT>/wrf_downscale/canary_all7/run/namelist.input --output-dir proofs/v020/s4/fp64_d01d03_1h_thomas_20260621T164055Z/output --proof-dir proofs/v020/s4/fp64_d01d03_1h_thomas_20260621T164055Z/proofs --scratch-dir proofs/v020/s4/fp64_d01d03_1h_thomas_20260621T164055Z/scratch --max-dom 3 --hours 1"
1782061056,2026-06-21T17:57:36+01:00,3140664,3140601,S,0,0.0,0.0,1736,2784,"/usr/bin/time -f wall_s=%e\nmaxrss_kib=%M -o proofs/v020/s4/fp64_d01d03_1h_thomas_20260621T164055Z/time.txt taskset -c 0-3 python -m gpuwrf run --input-dir <DATA_ROOT>/wrf_downscale/canary_all7/run --namelist <DATA_ROOT>/wrf_downscale/canary_all7/run/namelist.input --output-dir proofs/v020/s4/fp64_d01d03_1h_thomas_20260621T164055Z/output --proof-dir proofs/v020/s4/fp64_d01d03_1h_thomas_20260621T164055Z/proofs --scratch-dir proofs/v020/s4/fp64_d01d03_1h_thomas_20260621T164055Z/scratch --max-dom 3 --hours 1"
1782061056,2026-06-21T17:57:36+01:00,3140666,3140664,Rl,3,116,19.6,19300588,47216204,"python -m gpuwrf run --input-dir <DATA_ROOT>/wrf_downscale/canary_all7/run --namelist <DATA_ROOT>/wrf_downscale/canary_all7/run/namelist.input --output-dir proofs/v020/s4/fp64_d01d03_1h_thomas_20260621T164055Z/output --proof-dir proofs/v020/s4/fp64_d01d03_1h_thomas_20260621T164055Z/proofs --scratch-dir proofs/v020/s4/fp64_d01d03_1h_thomas_20260621T164055Z/scratch --max-dom 3 --hours 1"
1782061058,2026-06-21T17:57:38+01:00,3140664,3140601,S,0,0.0,0.0,1736,2784,"/usr/bin/time -f wall_s=%e\nmaxrss_kib=%M -o proofs/v020/s4/fp64_d01d03_1h_thomas_20260621T164055Z/time.txt taskset -c 0-3 python -m gpuwrf run --input-dir <DATA_ROOT>/wrf_downscale/canary_all7/run --namelist <DATA_ROOT>/wrf_downscale/canary_all7/run/namelist.input --output-dir proofs/v020/s4/fp64_d01d03_1h_thomas_20260621T164055Z/output --proof-dir proofs/v020/s4/fp64_d01d03_1h_thomas_20260621T164055Z/proofs --scratch-dir proofs/v020/s4/fp64_d01d03_1h_thomas_20260621T164055Z/scratch --max-dom 3 --hours 1"
1782061058,2026-06-21T17:57:38+01:00,3140666,3140664,Rl,3,116,19.6,19300604,47216204,"python -m gpuwrf run --input-dir <DATA_ROOT>/wrf_downscale/canary_all7/run --namelist <DATA_ROOT>/wrf_downscale/canary_all7/run/namelist.input --output-dir proofs/v020/s4/fp64_d01d03_1h_thomas_20260621T164055Z/output --proof-dir proofs/v020/s4/fp64_d01d03_1h_thomas_20260621T164055Z/proofs --scratch-dir proofs/v020/s4/fp64_d01d03_1h_thomas_20260621T164055Z/scratch --max-dom 3 --hours 1"
1782061061,2026-06-21T17:57:41+01:00,3140664,3140601,S,0,0.0,0.0,1736,2784,"/usr/bin/time -f wall_s=%e\nmaxrss_kib=%M -o proofs/v020/s4/fp64_d01d03_1h_thomas_20260621T164055Z/time.txt taskset -c 0-3 python -m gpuwrf run --input-dir <DATA_ROOT>/wrf_downscale/canary_all7/run --namelist <DATA_ROOT>/wrf_downscale/canary_all7/run/namelist.input --output-dir proofs/v020/s4/fp64_d01d03_1h_thomas_20260621T164055Z/output --proof-dir proofs/v020/s4/fp64_d01d03_1h_thomas_20260621T164055Z/proofs --scratch-dir proofs/v020/s4/fp64_d01d03_1h_thomas_20260621T164055Z/scratch --max-dom 3 --hours 1"
1782061061,2026-06-21T17:57:41+01:00,3140666,3140664,Rl,3,116,19.6,19300616,47216204,"python -m gpuwrf run --input-dir <DATA_ROOT>/wrf_downscale/canary_all7/run --namelist <DATA_ROOT>/wrf_downscale/canary_all7/run/namelist.input --output-dir proofs/v020/s4/fp64_d01d03_1h_thomas_20260621T164055Z/output --proof-dir proofs/v020/s4/fp64_d01d03_1h_thomas_20260621T164055Z/proofs --scratch-dir proofs/v020/s4/fp64_d01d03_1h_thomas_20260621T164055Z/scratch --max-dom 3 --hours 1"
1782061063,2026-06-21T17:57:43+01:00,3140664,3140601,S,0,0.0,0.0,1736,2784,"/usr/bin/time -f wall_s=%e\nmaxrss_kib=%M -o proofs/v020/s4/fp64_d01d03_1h_thomas_20260621T164055Z/time.txt taskset -c 0-3 python -m gpuwrf run --input-dir <DATA_ROOT>/wrf_downscale/canary_all7/run --namelist <DATA_ROOT>/wrf_downscale/canary_all7/run/namelist.input --output-dir proofs/v020/s4/fp64_d01d03_1h_thomas_20260621T164055Z/output --proof-dir proofs/v020/s4/fp64_d01d03_1h_thomas_20260621T164055Z/proofs --scratch-dir proofs/v020/s4/fp64_d01d03_1h_thomas_20260621T164055Z/scratch --max-dom 3 --hours 1"
1782061063,2026-06-21T17:57:43+01:00,3140666,3140664,Rl,3,116,19.6,19300616,47216204,"python -m gpuwrf run --input-dir <DATA_ROOT>/wrf_downscale/canary_all7/run --namelist <DATA_ROOT>/wrf_downscale/canary_all7/run/namelist.input --output-dir proofs/v020/s4/fp64_d01d03_1h_thomas_20260621T164055Z/output --proof-dir proofs/v020/s4/fp64_d01d03_1h_thomas_20260621T164055Z/proofs --scratch-dir proofs/v020/s4/fp64_d01d03_1h_thomas_20260621T164055Z/scratch --max-dom 3 --hours 1"
1782061065,2026-06-21T17:57:45+01:00,3140664,3140601,S,0,0.0,0.0,1736,2784,"/usr/bin/time -f wall_s=%e\nmaxrss_kib=%M -o proofs/v020/s4/fp64_d01d03_1h_thomas_20260621T164055Z/time.txt taskset -c 0-3 python -m gpuwrf run --input-dir <DATA_ROOT>/wrf_downscale/canary_all7/run --namelist <DATA_ROOT>/wrf_downscale/canary_all7/run/namelist.input --output-dir proofs/v020/s4/fp64_d01d03_1h_thomas_20260621T164055Z/output --proof-dir proofs/v020/s4/fp64_d01d03_1h_thomas_20260621T164055Z/proofs --scratch-dir proofs/v020/s4/fp64_d01d03_1h_thomas_20260621T164055Z/scratch --max-dom 3 --hours 1"
1782061065,2026-06-21T17:57:45+01:00,3140666,3140664,Rl,3,116,19.6,19300616,47216204,"python -m gpuwrf run --input-dir <DATA_ROOT>/wrf_downscale/canary_all7/run --namelist <DATA_ROOT>/wrf_downscale/canary_all7/run/namelist.input --output-dir proofs/v020/s4/fp64_d01d03_1h_thomas_20260621T164055Z/output --proof-dir proofs/v020/s4/fp64_d01d03_1h_thomas_20260621T164055Z/proofs --scratch-dir proofs/v020/s4/fp64_d01d03_1h_thomas_20260621T164055Z/scratch --max-dom 3 --hours 1"
1782061067,2026-06-21T17:57:47+01:00,3140664,3140601,S,0,0.0,0.0,1736,2784,"/usr/bin/time -f wall_s=%e\nmaxrss_kib=%M -o proofs/v020/s4/fp64_d01d03_1h_thomas_20260621T164055Z/time.txt taskset -c 0-3 python -m gpuwrf run --input-dir <DATA_ROOT>/wrf_downscale/canary_all7/run --namelist <DATA_ROOT>/wrf_downscale/canary_all7/run/namelist.input --output-dir proofs/v020/s4/fp64_d01d03_1h_thomas_20260621T164055Z/output --proof-dir proofs/v020/s4/fp64_d01d03_1h_thomas_20260621T164055Z/proofs --scratch-dir proofs/v020/s4/fp64_d01d03_1h_thomas_20260621T164055Z/scratch --max-dom 3 --hours 1"
1782061067,2026-06-21T17:57:47+01:00,3140666,3140664,Rl,3,116,19.6,19300628,47216204,"python -m gpuwrf run --input-dir <DATA_ROOT>/wrf_downscale/canary_all7/run --namelist <DATA_ROOT>/wrf_downscale/canary_all7/run/namelist.input --output-dir proofs/v020/s4/fp64_d01d03_1h_thomas_20260621T164055Z/output --proof-dir proofs/v020/s4/fp64_d01d03_1h_thomas_20260621T164055Z/proofs --scratch-dir proofs/v020/s4/fp64_d01d03_1h_thomas_20260621T164055Z/scratch --max-dom 3 --hours 1"
1782061069,2026-06-21T17:57:49+01:00,3140664,3140601,S,0,0.0,0.0,1736,2784,"/usr/bin/time -f wall_s=%e\nmaxrss_kib=%M -o proofs/v020/s4/fp64_d01d03_1h_thomas_20260621T164055Z/time.txt taskset -c 0-3 python -m gpuwrf run --input-dir <DATA_ROOT>/wrf_downscale/canary_all7/run --namelist <DATA_ROOT>/wrf_downscale/canary_all7/run/namelist.input --output-dir proofs/v020/s4/fp64_d01d03_1h_thomas_20260621T164055Z/output --proof-dir proofs/v020/s4/fp64_d01d03_1h_thomas_20260621T164055Z/proofs --scratch-dir proofs/v020/s4/fp64_d01d03_1h_thomas_20260621T164055Z/scratch --max-dom 3 --hours 1"
1782061069,2026-06-21T17:57:49+01:00,3140666,3140664,Rl,3,116,19.6,19300680,47216204,"python -m gpuwrf run --input-dir <DATA_ROOT>/wrf_downscale/canary_all7/run --namelist <DATA_ROOT>/wrf_downscale/canary_all7/run/namelist.input --output-dir proofs/v020/s4/fp64_d01d03_1h_thomas_20260621T164055Z/output --proof-dir proofs/v020/s4/fp64_d01d03_1h_thomas_20260621T164055Z/proofs --scratch-dir proofs/v020/s4/fp64_d01d03_1h_thomas_20260621T164055Z/scratch --max-dom 3 --hours 1"
1782061071,2026-06-21T17:57:51+01:00,3140664,3140601,S,0,0.0,0.0,1736,2784,"/usr/bin/time -f wall_s=%e\nmaxrss_kib=%M -o proofs/v020/s4/fp64_d01d03_1h_thomas_20260621T164055Z/time.txt taskset -c 0-3 python -m gpuwrf run --input-dir <DATA_ROOT>/wrf_downscale/canary_all7/run --namelist <DATA_ROOT>/wrf_downscale/canary_all7/run/namelist.input --output-dir proofs/v020/s4/fp64_d01d03_1h_thomas_20260621T164055Z/output --proof-dir proofs/v020/s4/fp64_d01d03_1h_thomas_20260621T164055Z/proofs --scratch-dir proofs/v020/s4/fp64_d01d03_1h_thomas_20260621T164055Z/scratch --max-dom 3 --hours 1"
1782061071,2026-06-21T17:57:51+01:00,3140666,3140664,Rl,3,116,19.6,19300688,47216204,"python -m gpuwrf run --input-dir <DATA_ROOT>/wrf_downscale/canary_all7/run --namelist <DATA_ROOT>/wrf_downscale/canary_all7/run/namelist.input --output-dir proofs/v020/s4/fp64_d01d03_1h_thomas_20260621T164055Z/output --proof-dir proofs/v020/s4/fp64_d01d03_1h_thomas_20260621T164055Z/proofs --scratch-dir proofs/v020/s4/fp64_d01d03_1h_thomas_20260621T164055Z/scratch --max-dom 3 --hours 1"
1782061073,2026-06-21T17:57:53+01:00,3140664,3140601,S,0,0.0,0.0,1736,2784,"/usr/bin/time -f wall_s=%e\nmaxrss_kib=%M -o proofs/v020/s4/fp64_d01d03_1h_thomas_20260621T164055Z/time.txt taskset -c 0-3 python -m gpuwrf run --input-dir <DATA_ROOT>/wrf_downscale/canary_all7/run --namelist <DATA_ROOT>/wrf_downscale/canary_all7/run/namelist.input --output-dir proofs/v020/s4/fp64_d01d03_1h_thomas_20260621T164055Z/output --proof-dir proofs/v020/s4/fp64_d01d03_1h_thomas_20260621T164055Z/proofs --scratch-dir proofs/v020/s4/fp64_d01d03_1h_thomas_20260621T164055Z/scratch --max-dom 3 --hours 1"
1782061073,2026-06-21T17:57:53+01:00,3140666,3140664,Rl,3,116,19.6,19300688,47216204,"python -m gpuwrf run --input-dir <DATA_ROOT>/wrf_downscale/canary_all7/run --namelist <DATA_ROOT>/wrf_downscale/canary_all7/run/namelist.input --output-dir proofs/v020/s4/fp64_d01d03_1h_thomas_20260621T164055Z/output --proof-dir proofs/v020/s4/fp64_d01d03_1h_thomas_20260621T164055Z/proofs --scratch-dir proofs/v020/s4/fp64_d01d03_1h_thomas_20260621T164055Z/scratch --max-dom 3 --hours 1"
1782061075,2026-06-21T17:57:55+01:00,3140664,3140601,S,0,0.0,0.0,1736,2784,"/usr/bin/time -f wall_s=%e\nmaxrss_kib=%M -o proofs/v020/s4/fp64_d01d03_1h_thomas_20260621T164055Z/time.txt taskset -c 0-3 python -m gpuwrf run --input-dir <DATA_ROOT>/wrf_downscale/canary_all7/run --namelist <DATA_ROOT>/wrf_downscale/canary_all7/run/namelist.input --output-dir proofs/v020/s4/fp64_d01d03_1h_thomas_20260621T164055Z/output --proof-dir proofs/v020/s4/fp64_d01d03_1h_thomas_20260621T164055Z/proofs --scratch-dir proofs/v020/s4/fp64_d01d03_1h_thomas_20260621T164055Z/scratch --max-dom 3 --hours 1"
1782061075,2026-06-21T17:57:55+01:00,3140666,3140664,Rl,3,116,19.6,19300696,47216204,"python -m gpuwrf run --input-dir <DATA_ROOT>/wrf_downscale/canary_all7/run --namelist <DATA_ROOT>/wrf_downscale/canary_all7/run/namelist.input --output-dir proofs/v020/s4/fp64_d01d03_1h_thomas_20260621T164055Z/output --proof-dir proofs/v020/s4/fp64_d01d03_1h_thomas_20260621T164055Z/proofs --scratch-dir proofs/v020/s4/fp64_d01d03_1h_thomas_20260621T164055Z/scratch --max-dom 3 --hours 1"
1782061077,2026-06-21T17:57:57+01:00,3140664,3140601,S,0,0.0,0.0,1736,2784,"/usr/bin/time -f wall_s=%e\nmaxrss_kib=%M -o proofs/v020/s4/fp64_d01d03_1h_thomas_20260621T164055Z/time.txt taskset -c 0-3 python -m gpuwrf run --input-dir <DATA_ROOT>/wrf_downscale/canary_all7/run --namelist <DATA_ROOT>/wrf_downscale/canary_all7/run/namelist.input --output-dir proofs/v020/s4/fp64_d01d03_1h_thomas_20260621T164055Z/output --proof-dir proofs/v020/s4/fp64_d01d03_1h_thomas_20260621T164055Z/proofs --scratch-dir proofs/v020/s4/fp64_d01d03_1h_thomas_20260621T164055Z/scratch --max-dom 3 --hours 1"
1782061077,2026-06-21T17:57:57+01:00,3140666,3140664,Rl,3,116,19.6,19300696,47216204,"python -m gpuwrf run --input-dir <DATA_ROOT>/wrf_downscale/canary_all7/run --namelist <DATA_ROOT>/wrf_downscale/canary_all7/run/namelist.input --output-dir proofs/v020/s4/fp64_d01d03_1h_thomas_20260621T164055Z/output --proof-dir proofs/v020/s4/fp64_d01d03_1h_thomas_20260621T164055Z/proofs --scratch-dir proofs/v020/s4/fp64_d01d03_1h_thomas_20260621T164055Z/scratch --max-dom 3 --hours 1"
1782061080,2026-06-21T17:58:00+01:00,3140664,3140601,S,0,0.0,0.0,1736,2784,"/usr/bin/time -f wall_s=%e\nmaxrss_kib=%M -o proofs/v020/s4/fp64_d01d03_1h_thomas_20260621T164055Z/time.txt taskset -c 0-3 python -m gpuwrf run --input-dir <DATA_ROOT>/wrf_downscale/canary_all7/run --namelist <DATA_ROOT>/wrf_downscale/canary_all7/run/namelist.input --output-dir proofs/v020/s4/fp64_d01d03_1h_thomas_20260621T164055Z/output --proof-dir proofs/v020/s4/fp64_d01d03_1h_thomas_20260621T164055Z/proofs --scratch-dir proofs/v020/s4/fp64_d01d03_1h_thomas_20260621T164055Z/scratch --max-dom 3 --hours 1"
1782061080,2026-06-21T17:58:00+01:00,3140666,3140664,Rl,3,116,19.6,19300800,47216204,"python -m gpuwrf run --input-dir <DATA_ROOT>/wrf_downscale/canary_all7/run --namelist <DATA_ROOT>/wrf_downscale/canary_all7/run/namelist.input --output-dir proofs/v020/s4/fp64_d01d03_1h_thomas_20260621T164055Z/output --proof-dir proofs/v020/s4/fp64_d01d03_1h_thomas_20260621T164055Z/proofs --scratch-dir proofs/v020/s4/fp64_d01d03_1h_thomas_20260621T164055Z/scratch --max-dom 3 --hours 1"
1782061082,2026-06-21T17:58:02+01:00,3140664,3140601,S,0,0.0,0.0,1736,2784,"/usr/bin/time -f wall_s=%e\nmaxrss_kib=%M -o proofs/v020/s4/fp64_d01d03_1h_thomas_20260621T164055Z/time.txt taskset -c 0-3 python -m gpuwrf run --input-dir <DATA_ROOT>/wrf_downscale/canary_all7/run --namelist <DATA_ROOT>/wrf_downscale/canary_all7/run/namelist.input --output-dir proofs/v020/s4/fp64_d01d03_1h_thomas_20260621T164055Z/output --proof-dir proofs/v020/s4/fp64_d01d03_1h_thomas_20260621T164055Z/proofs --scratch-dir proofs/v020/s4/fp64_d01d03_1h_thomas_20260621T164055Z/scratch --max-dom 3 --hours 1"
1782061082,2026-06-21T17:58:02+01:00,3140666,3140664,Rl,3,116,19.6,19300804,47216204,"python -m gpuwrf run --input-dir <DATA_ROOT>/wrf_downscale/canary_all7/run --namelist <DATA_ROOT>/wrf_downscale/canary_all7/run/namelist.input --output-dir proofs/v020/s4/fp64_d01d03_1h_thomas_20260621T164055Z/output --proof-dir proofs/v020/s4/fp64_d01d03_1h_thomas_20260621T164055Z/proofs --scratch-dir proofs/v020/s4/fp64_d01d03_1h_thomas_20260621T164055Z/scratch --max-dom 3 --hours 1"
1782061084,2026-06-21T17:58:04+01:00,3140664,3140601,S,0,0.0,0.0,1736,2784,"/usr/bin/time -f wall_s=%e\nmaxrss_kib=%M -o proofs/v020/s4/fp64_d01d03_1h_thomas_20260621T164055Z/time.txt taskset -c 0-3 python -m gpuwrf run --input-dir <DATA_ROOT>/wrf_downscale/canary_all7/run --namelist <DATA_ROOT>/wrf_downscale/canary_all7/run/namelist.input --output-dir proofs/v020/s4/fp64_d01d03_1h_thomas_20260621T164055Z/output --proof-dir proofs/v020/s4/fp64_d01d03_1h_thomas_20260621T164055Z/proofs --scratch-dir proofs/v020/s4/fp64_d01d03_1h_thomas_20260621T164055Z/scratch --max-dom 3 --hours 1"
1782061084,2026-06-21T17:58:04+01:00,3140666,3140664,Rl,3,116,19.7,19420620,47336120,"python -m gpuwrf run --input-dir <DATA_ROOT>/wrf_downscale/canary_all7/run --namelist <DATA_ROOT>/wrf_downscale/canary_all7/run/namelist.input --output-dir proofs/v020/s4/fp64_d01d03_1h_thomas_20260621T164055Z/output --proof-dir proofs/v020/s4/fp64_d01d03_1h_thomas_20260621T164055Z/proofs --scratch-dir proofs/v020/s4/fp64_d01d03_1h_thomas_20260621T164055Z/scratch --max-dom 3 --hours 1"
1782061086,2026-06-21T17:58:06+01:00,3140664,3140601,S,0,0.0,0.0,1736,2784,"/usr/bin/time -f wall_s=%e\nmaxrss_kib=%M -o proofs/v020/s4/fp64_d01d03_1h_thomas_20260621T164055Z/time.txt taskset -c 0-3 python -m gpuwrf run --input-dir <DATA_ROOT>/wrf_downscale/canary_all7/run --namelist <DATA_ROOT>/wrf_downscale/canary_all7/run/namelist.input --output-dir proofs/v020/s4/fp64_d01d03_1h_thomas_20260621T164055Z/output --proof-dir proofs/v020/s4/fp64_d01d03_1h_thomas_20260621T164055Z/proofs --scratch-dir proofs/v020/s4/fp64_d01d03_1h_thomas_20260621T164055Z/scratch --max-dom 3 --hours 1"
1782061086,2026-06-21T17:58:06+01:00,3140666,3140664,Rl,3,116,19.6,19322312,47237812,"python -m gpuwrf run --input-dir <DATA_ROOT>/wrf_downscale/canary_all7/run --namelist <DATA_ROOT>/wrf_downscale/canary_all7/run/namelist.input --output-dir proofs/v020/s4/fp64_d01d03_1h_thomas_20260621T164055Z/output --proof-dir proofs/v020/s4/fp64_d01d03_1h_thomas_20260621T164055Z/proofs --scratch-dir proofs/v020/s4/fp64_d01d03_1h_thomas_20260621T164055Z/scratch --max-dom 3 --hours 1"
1782061088,2026-06-21T17:58:08+01:00,3140664,3140601,S,0,0.0,0.0,1736,2784,"/usr/bin/time -f wall_s=%e\nmaxrss_kib=%M -o proofs/v020/s4/fp64_d01d03_1h_thomas_20260621T164055Z/time.txt taskset -c 0-3 python -m gpuwrf run --input-dir <DATA_ROOT>/wrf_downscale/canary_all7/run --namelist <DATA_ROOT>/wrf_downscale/canary_all7/run/namelist.input --output-dir proofs/v020/s4/fp64_d01d03_1h_thomas_20260621T164055Z/output --proof-dir proofs/v020/s4/fp64_d01d03_1h_thomas_20260621T164055Z/proofs --scratch-dir proofs/v020/s4/fp64_d01d03_1h_thomas_20260621T164055Z/scratch --max-dom 3 --hours 1"
1782061088,2026-06-21T17:58:08+01:00,3140666,3140664,Rl,3,116,19.6,19322312,47237812,"python -m gpuwrf run --input-dir <DATA_ROOT>/wrf_downscale/canary_all7/run --namelist <DATA_ROOT>/wrf_downscale/canary_all7/run/namelist.input --output-dir proofs/v020/s4/fp64_d01d03_1h_thomas_20260621T164055Z/output --proof-dir proofs/v020/s4/fp64_d01d03_1h_thomas_20260621T164055Z/proofs --scratch-dir proofs/v020/s4/fp64_d01d03_1h_thomas_20260621T164055Z/scratch --max-dom 3 --hours 1"
1782061090,2026-06-21T17:58:10+01:00,3140664,3140601,S,0,0.0,0.0,1736,2784,"/usr/bin/time -f wall_s=%e\nmaxrss_kib=%M -o proofs/v020/s4/fp64_d01d03_1h_thomas_20260621T164055Z/time.txt taskset -c 0-3 python -m gpuwrf run --input-dir <DATA_ROOT>/wrf_downscale/canary_all7/run --namelist <DATA_ROOT>/wrf_downscale/canary_all7/run/namelist.input --output-dir proofs/v020/s4/fp64_d01d03_1h_thomas_20260621T164055Z/output --proof-dir proofs/v020/s4/fp64_d01d03_1h_thomas_20260621T164055Z/proofs --scratch-dir proofs/v020/s4/fp64_d01d03_1h_thomas_20260621T164055Z/scratch --max-dom 3 --hours 1"
1782061090,2026-06-21T17:58:10+01:00,3140666,3140664,Rl,3,116,19.6,19322312,47237812,"python -m gpuwrf run --input-dir <DATA_ROOT>/wrf_downscale/canary_all7/run --namelist <DATA_ROOT>/wrf_downscale/canary_all7/run/namelist.input --output-dir proofs/v020/s4/fp64_d01d03_1h_thomas_20260621T164055Z/output --proof-dir proofs/v020/s4/fp64_d01d03_1h_thomas_20260621T164055Z/proofs --scratch-dir proofs/v020/s4/fp64_d01d03_1h_thomas_20260621T164055Z/scratch --max-dom 3 --hours 1"
1782061092,2026-06-21T17:58:12+01:00,3140664,3140601,S,0,0.0,0.0,1736,2784,"/usr/bin/time -f wall_s=%e\nmaxrss_kib=%M -o proofs/v020/s4/fp64_d01d03_1h_thomas_20260621T164055Z/time.txt taskset -c 0-3 python -m gpuwrf run --input-dir <DATA_ROOT>/wrf_downscale/canary_all7/run --namelist <DATA_ROOT>/wrf_downscale/canary_all7/run/namelist.input --output-dir proofs/v020/s4/fp64_d01d03_1h_thomas_20260621T164055Z/output --proof-dir proofs/v020/s4/fp64_d01d03_1h_thomas_20260621T164055Z/proofs --scratch-dir proofs/v020/s4/fp64_d01d03_1h_thomas_20260621T164055Z/scratch --max-dom 3 --hours 1"
1782061092,2026-06-21T17:58:12+01:00,3140666,3140664,Rl,3,116,19.6,19322312,47237812,"python -m gpuwrf run --input-dir <DATA_ROOT>/wrf_downscale/canary_all7/run --namelist <DATA_ROOT>/wrf_downscale/canary_all7/run/namelist.input --output-dir proofs/v020/s4/fp64_d01d03_1h_thomas_20260621T164055Z/output --proof-dir proofs/v020/s4/fp64_d01d03_1h_thomas_20260621T164055Z/proofs --scratch-dir proofs/v020/s4/fp64_d01d03_1h_thomas_20260621T164055Z/scratch --max-dom 3 --hours 1"
1782061094,2026-06-21T17:58:14+01:00,3140664,3140601,S,0,0.0,0.0,1736,2784,"/usr/bin/time -f wall_s=%e\nmaxrss_kib=%M -o proofs/v020/s4/fp64_d01d03_1h_thomas_20260621T164055Z/time.txt taskset -c 0-3 python -m gpuwrf run --input-dir <DATA_ROOT>/wrf_downscale/canary_all7/run --namelist <DATA_ROOT>/wrf_downscale/canary_all7/run/namelist.input --output-dir proofs/v020/s4/fp64_d01d03_1h_thomas_20260621T164055Z/output --proof-dir proofs/v020/s4/fp64_d01d03_1h_thomas_20260621T164055Z/proofs --scratch-dir proofs/v020/s4/fp64_d01d03_1h_thomas_20260621T164055Z/scratch --max-dom 3 --hours 1"
1782061094,2026-06-21T17:58:14+01:00,3140666,3140664,Rl,3,116,19.6,19322312,47237812,"python -m gpuwrf run --input-dir <DATA_ROOT>/wrf_downscale/canary_all7/run --namelist <DATA_ROOT>/wrf_downscale/canary_all7/run/namelist.input --output-dir proofs/v020/s4/fp64_d01d03_1h_thomas_20260621T164055Z/output --proof-dir proofs/v020/s4/fp64_d01d03_1h_thomas_20260621T164055Z/proofs --scratch-dir proofs/v020/s4/fp64_d01d03_1h_thomas_20260621T164055Z/scratch --max-dom 3 --hours 1"
1782061096,2026-06-21T17:58:16+01:00,3140664,3140601,S,0,0.0,0.0,1736,2784,"/usr/bin/time -f wall_s=%e\nmaxrss_kib=%M -o proofs/v020/s4/fp64_d01d03_1h_thomas_20260621T164055Z/time.txt taskset -c 0-3 python -m gpuwrf run --input-dir <DATA_ROOT>/wrf_downscale/canary_all7/run --namelist <DATA_ROOT>/wrf_downscale/canary_all7/run/namelist.input --output-dir proofs/v020/s4/fp64_d01d03_1h_thomas_20260621T164055Z/output --proof-dir proofs/v020/s4/fp64_d01d03_1h_thomas_20260621T164055Z/proofs --scratch-dir proofs/v020/s4/fp64_d01d03_1h_thomas_20260621T164055Z/scratch --max-dom 3 --hours 1"
1782061096,2026-06-21T17:58:16+01:00,3140666,3140664,Rl,3,116,19.6,19322312,47237812,"python -m gpuwrf run --input-dir <DATA_ROOT>/wrf_downscale/canary_all7/run --namelist <DATA_ROOT>/wrf_downscale/canary_all7/run/namelist.input --output-dir proofs/v020/s4/fp64_d01d03_1h_thomas_20260621T164055Z/output --proof-dir proofs/v020/s4/fp64_d01d03_1h_thomas_20260621T164055Z/proofs --scratch-dir proofs/v020/s4/fp64_d01d03_1h_thomas_20260621T164055Z/scratch --max-dom 3 --hours 1"
1782061098,2026-06-21T17:58:19+01:00,3140664,3140601,S,0,0.0,0.0,1736,2784,"/usr/bin/time -f wall_s=%e\nmaxrss_kib=%M -o proofs/v020/s4/fp64_d01d03_1h_thomas_20260621T164055Z/time.txt taskset -c 0-3 python -m gpuwrf run --input-dir <DATA_ROOT>/wrf_downscale/canary_all7/run --namelist <DATA_ROOT>/wrf_downscale/canary_all7/run/namelist.input --output-dir proofs/v020/s4/fp64_d01d03_1h_thomas_20260621T164055Z/output --proof-dir proofs/v020/s4/fp64_d01d03_1h_thomas_20260621T164055Z/proofs --scratch-dir proofs/v020/s4/fp64_d01d03_1h_thomas_20260621T164055Z/scratch --max-dom 3 --hours 1"
1782061098,2026-06-21T17:58:19+01:00,3140666,3140664,Rl,3,116,19.6,19322312,47237812,"python -m gpuwrf run --input-dir <DATA_ROOT>/wrf_downscale/canary_all7/run --namelist <DATA_ROOT>/wrf_downscale/canary_all7/run/namelist.input --output-dir proofs/v020/s4/fp64_d01d03_1h_thomas_20260621T164055Z/output --proof-dir proofs/v020/s4/fp64_d01d03_1h_thomas_20260621T164055Z/proofs --scratch-dir proofs/v020/s4/fp64_d01d03_1h_thomas_20260621T164055Z/scratch --max-dom 3 --hours 1"
1782061101,2026-06-21T17:58:21+01:00,3140664,3140601,S,0,0.0,0.0,1736,2784,"/usr/bin/time -f wall_s=%e\nmaxrss_kib=%M -o proofs/v020/s4/fp64_d01d03_1h_thomas_20260621T164055Z/time.txt taskset -c 0-3 python -m gpuwrf run --input-dir <DATA_ROOT>/wrf_downscale/canary_all7/run --namelist <DATA_ROOT>/wrf_downscale/canary_all7/run/namelist.input --output-dir proofs/v020/s4/fp64_d01d03_1h_thomas_20260621T164055Z/output --proof-dir proofs/v020/s4/fp64_d01d03_1h_thomas_20260621T164055Z/proofs --scratch-dir proofs/v020/s4/fp64_d01d03_1h_thomas_20260621T164055Z/scratch --max-dom 3 --hours 1"
1782061101,2026-06-21T17:58:21+01:00,3140666,3140664,Rl,3,116,19.6,19322312,47237812,"python -m gpuwrf run --input-dir <DATA_ROOT>/wrf_downscale/canary_all7/run --namelist <DATA_ROOT>/wrf_downscale/canary_all7/run/namelist.input --output-dir proofs/v020/s4/fp64_d01d03_1h_thomas_20260621T164055Z/output --proof-dir proofs/v020/s4/fp64_d01d03_1h_thomas_20260621T164055Z/proofs --scratch-dir proofs/v020/s4/fp64_d01d03_1h_thomas_20260621T164055Z/scratch --max-dom 3 --hours 1"
1782061103,2026-06-21T17:58:23+01:00,3140664,3140601,S,0,0.0,0.0,1736,2784,"/usr/bin/time -f wall_s=%e\nmaxrss_kib=%M -o proofs/v020/s4/fp64_d01d03_1h_thomas_20260621T164055Z/time.txt taskset -c 0-3 python -m gpuwrf run --input-dir <DATA_ROOT>/wrf_downscale/canary_all7/run --namelist <DATA_ROOT>/wrf_downscale/canary_all7/run/namelist.input --output-dir proofs/v020/s4/fp64_d01d03_1h_thomas_20260621T164055Z/output --proof-dir proofs/v020/s4/fp64_d01d03_1h_thomas_20260621T164055Z/proofs --scratch-dir proofs/v020/s4/fp64_d01d03_1h_thomas_20260621T164055Z/scratch --max-dom 3 --hours 1"
1782061103,2026-06-21T17:58:23+01:00,3140666,3140664,Rl,3,116,19.6,19322316,47237812,"python -m gpuwrf run --input-dir <DATA_ROOT>/wrf_downscale/canary_all7/run --namelist <DATA_ROOT>/wrf_downscale/canary_all7/run/namelist.input --output-dir proofs/v020/s4/fp64_d01d03_1h_thomas_20260621T164055Z/output --proof-dir proofs/v020/s4/fp64_d01d03_1h_thomas_20260621T164055Z/proofs --scratch-dir proofs/v020/s4/fp64_d01d03_1h_thomas_20260621T164055Z/scratch --max-dom 3 --hours 1"
1782061105,2026-06-21T17:58:25+01:00,3140664,3140601,S,0,0.0,0.0,1736,2784,"/usr/bin/time -f wall_s=%e\nmaxrss_kib=%M -o proofs/v020/s4/fp64_d01d03_1h_thomas_20260621T164055Z/time.txt taskset -c 0-3 python -m gpuwrf run --input-dir <DATA_ROOT>/wrf_downscale/canary_all7/run --namelist <DATA_ROOT>/wrf_downscale/canary_all7/run/namelist.input --output-dir proofs/v020/s4/fp64_d01d03_1h_thomas_20260621T164055Z/output --proof-dir proofs/v020/s4/fp64_d01d03_1h_thomas_20260621T164055Z/proofs --scratch-dir proofs/v020/s4/fp64_d01d03_1h_thomas_20260621T164055Z/scratch --max-dom 3 --hours 1"
1782061105,2026-06-21T17:58:25+01:00,3140666,3140664,Rl,3,116,19.6,19322324,47237812,"python -m gpuwrf run --input-dir <DATA_ROOT>/wrf_downscale/canary_all7/run --namelist <DATA_ROOT>/wrf_downscale/canary_all7/run/namelist.input --output-dir proofs/v020/s4/fp64_d01d03_1h_thomas_20260621T164055Z/output --proof-dir proofs/v020/s4/fp64_d01d03_1h_thomas_20260621T164055Z/proofs --scratch-dir proofs/v020/s4/fp64_d01d03_1h_thomas_20260621T164055Z/scratch --max-dom 3 --hours 1"
1782061107,2026-06-21T17:58:27+01:00,3140664,3140601,S,0,0.0,0.0,1736,2784,"/usr/bin/time -f wall_s=%e\nmaxrss_kib=%M -o proofs/v020/s4/fp64_d01d03_1h_thomas_20260621T164055Z/time.txt taskset -c 0-3 python -m gpuwrf run --input-dir <DATA_ROOT>/wrf_downscale/canary_all7/run --namelist <DATA_ROOT>/wrf_downscale/canary_all7/run/namelist.input --output-dir proofs/v020/s4/fp64_d01d03_1h_thomas_20260621T164055Z/output --proof-dir proofs/v020/s4/fp64_d01d03_1h_thomas_20260621T164055Z/proofs --scratch-dir proofs/v020/s4/fp64_d01d03_1h_thomas_20260621T164055Z/scratch --max-dom 3 --hours 1"
1782061107,2026-06-21T17:58:27+01:00,3140666,3140664,Rl,3,116,19.6,19322324,47237812,"python -m gpuwrf run --input-dir <DATA_ROOT>/wrf_downscale/canary_all7/run --namelist <DATA_ROOT>/wrf_downscale/canary_all7/run/namelist.input --output-dir proofs/v020/s4/fp64_d01d03_1h_thomas_20260621T164055Z/output --proof-dir proofs/v020/s4/fp64_d01d03_1h_thomas_20260621T164055Z/proofs --scratch-dir proofs/v020/s4/fp64_d01d03_1h_thomas_20260621T164055Z/scratch --max-dom 3 --hours 1"
1782061109,2026-06-21T17:58:29+01:00,3140664,3140601,S,0,0.0,0.0,1736,2784,"/usr/bin/time -f wall_s=%e\nmaxrss_kib=%M -o proofs/v020/s4/fp64_d01d03_1h_thomas_20260621T164055Z/time.txt taskset -c 0-3 python -m gpuwrf run --input-dir <DATA_ROOT>/wrf_downscale/canary_all7/run --namelist <DATA_ROOT>/wrf_downscale/canary_all7/run/namelist.input --output-dir proofs/v020/s4/fp64_d01d03_1h_thomas_20260621T164055Z/output --proof-dir proofs/v020/s4/fp64_d01d03_1h_thomas_20260621T164055Z/proofs --scratch-dir proofs/v020/s4/fp64_d01d03_1h_thomas_20260621T164055Z/scratch --max-dom 3 --hours 1"
1782061109,2026-06-21T17:58:29+01:00,3140666,3140664,Rl,3,116,19.6,19325908,47241396,"python -m gpuwrf run --input-dir <DATA_ROOT>/wrf_downscale/canary_all7/run --namelist <DATA_ROOT>/wrf_downscale/canary_all7/run/namelist.input --output-dir proofs/v020/s4/fp64_d01d03_1h_thomas_20260621T164055Z/output --proof-dir proofs/v020/s4/fp64_d01d03_1h_thomas_20260621T164055Z/proofs --scratch-dir proofs/v020/s4/fp64_d01d03_1h_thomas_20260621T164055Z/scratch --max-dom 3 --hours 1"
1782061111,2026-06-21T17:58:31+01:00,3140664,3140601,S,0,0.0,0.0,1736,2784,"/usr/bin/time -f wall_s=%e\nmaxrss_kib=%M -o proofs/v020/s4/fp64_d01d03_1h_thomas_20260621T164055Z/time.txt taskset -c 0-3 python -m gpuwrf run --input-dir <DATA_ROOT>/wrf_downscale/canary_all7/run --namelist <DATA_ROOT>/wrf_downscale/canary_all7/run/namelist.input --output-dir proofs/v020/s4/fp64_d01d03_1h_thomas_20260621T164055Z/output --proof-dir proofs/v020/s4/fp64_d01d03_1h_thomas_20260621T164055Z/proofs --scratch-dir proofs/v020/s4/fp64_d01d03_1h_thomas_20260621T164055Z/scratch --max-dom 3 --hours 1"
1782061111,2026-06-21T17:58:31+01:00,3140666,3140664,Rl,3,115,19.6,19357732,47275700,"python -m gpuwrf run --input-dir <DATA_ROOT>/wrf_downscale/canary_all7/run --namelist <DATA_ROOT>/wrf_downscale/canary_all7/run/namelist.input --output-dir proofs/v020/s4/fp64_d01d03_1h_thomas_20260621T164055Z/output --proof-dir proofs/v020/s4/fp64_d01d03_1h_thomas_20260621T164055Z/proofs --scratch-dir proofs/v020/s4/fp64_d01d03_1h_thomas_20260621T164055Z/scratch --max-dom 3 --hours 1"
1782061113,2026-06-21T17:58:33+01:00,3140664,3140601,S,0,0.0,0.0,1736,2784,"/usr/bin/time -f wall_s=%e\nmaxrss_kib=%M -o proofs/v020/s4/fp64_d01d03_1h_thomas_20260621T164055Z/time.txt taskset -c 0-3 python -m gpuwrf run --input-dir <DATA_ROOT>/wrf_downscale/canary_all7/run --namelist <DATA_ROOT>/wrf_downscale/canary_all7/run/namelist.input --output-dir proofs/v020/s4/fp64_d01d03_1h_thomas_20260621T164055Z/output --proof-dir proofs/v020/s4/fp64_d01d03_1h_thomas_20260621T164055Z/proofs --scratch-dir proofs/v020/s4/fp64_d01d03_1h_thomas_20260621T164055Z/scratch --max-dom 3 --hours 1"
1782061113,2026-06-21T17:58:33+01:00,3140666,3140664,Rl,3,115,19.6,19363008,47280820,"python -m gpuwrf run --input-dir <DATA_ROOT>/wrf_downscale/canary_all7/run --namelist <DATA_ROOT>/wrf_downscale/canary_all7/run/namelist.input --output-dir proofs/v020/s4/fp64_d01d03_1h_thomas_20260621T164055Z/output --proof-dir proofs/v020/s4/fp64_d01d03_1h_thomas_20260621T164055Z/proofs --scratch-dir proofs/v020/s4/fp64_d01d03_1h_thomas_20260621T164055Z/scratch --max-dom 3 --hours 1"
1782061117,2026-06-21T17:58:37+01:00,3140664,3140601,S,0,0.0,0.0,1736,2784,"/usr/bin/time -f wall_s=%e\nmaxrss_kib=%M -o proofs/v020/s4/fp64_d01d03_1h_thomas_20260621T164055Z/time.txt taskset -c 0-3 python -m gpuwrf run --input-dir <DATA_ROOT>/wrf_downscale/canary_all7/run --namelist <DATA_ROOT>/wrf_downscale/canary_all7/run/namelist.input --output-dir proofs/v020/s4/fp64_d01d03_1h_thomas_20260621T164055Z/output --proof-dir proofs/v020/s4/fp64_d01d03_1h_thomas_20260621T164055Z/proofs --scratch-dir proofs/v020/s4/fp64_d01d03_1h_thomas_20260621T164055Z/scratch --max-dom 3 --hours 1"
1782061117,2026-06-21T17:58:37+01:00,3140666,3140664,Rl,3,115,19.6,19369160,47286964,"python -m gpuwrf run --input-dir <DATA_ROOT>/wrf_downscale/canary_all7/run --namelist <DATA_ROOT>/wrf_downscale/canary_all7/run/namelist.input --output-dir proofs/v020/s4/fp64_d01d03_1h_thomas_20260621T164055Z/output --proof-dir proofs/v020/s4/fp64_d01d03_1h_thomas_20260621T164055Z/proofs --scratch-dir proofs/v020/s4/fp64_d01d03_1h_thomas_20260621T164055Z/scratch --max-dom 3 --hours 1"
1782061119,2026-06-21T17:58:39+01:00,3140664,3140601,S,0,0.0,0.0,1736,2784,"/usr/bin/time -f wall_s=%e\nmaxrss_kib=%M -o proofs/v020/s4/fp64_d01d03_1h_thomas_20260621T164055Z/time.txt taskset -c 0-3 python -m gpuwrf run --input-dir <DATA_ROOT>/wrf_downscale/canary_all7/run --namelist <DATA_ROOT>/wrf_downscale/canary_all7/run/namelist.input --output-dir proofs/v020/s4/fp64_d01d03_1h_thomas_20260621T164055Z/output --proof-dir proofs/v020/s4/fp64_d01d03_1h_thomas_20260621T164055Z/proofs --scratch-dir proofs/v020/s4/fp64_d01d03_1h_thomas_20260621T164055Z/scratch --max-dom 3 --hours 1"
1782061119,2026-06-21T17:58:39+01:00,3140666,3140664,Rl,3,115,19.6,19369164,47286964,"python -m gpuwrf run --input-dir <DATA_ROOT>/wrf_downscale/canary_all7/run --namelist <DATA_ROOT>/wrf_downscale/canary_all7/run/namelist.input --output-dir proofs/v020/s4/fp64_d01d03_1h_thomas_20260621T164055Z/output --proof-dir proofs/v020/s4/fp64_d01d03_1h_thomas_20260621T164055Z/proofs --scratch-dir proofs/v020/s4/fp64_d01d03_1h_thomas_20260621T164055Z/scratch --max-dom 3 --hours 1"
1782061121,2026-06-21T17:58:41+01:00,3140664,3140601,S,0,0.0,0.0,1736,2784,"/usr/bin/time -f wall_s=%e\nmaxrss_kib=%M -o proofs/v020/s4/fp64_d01d03_1h_thomas_20260621T164055Z/time.txt taskset -c 0-3 python -m gpuwrf run --input-dir <DATA_ROOT>/wrf_downscale/canary_all7/run --namelist <DATA_ROOT>/wrf_downscale/canary_all7/run/namelist.input --output-dir proofs/v020/s4/fp64_d01d03_1h_thomas_20260621T164055Z/output --proof-dir proofs/v020/s4/fp64_d01d03_1h_thomas_20260621T164055Z/proofs --scratch-dir proofs/v020/s4/fp64_d01d03_1h_thomas_20260621T164055Z/scratch --max-dom 3 --hours 1"
1782061121,2026-06-21T17:58:41+01:00,3140666,3140664,Rl,1,115,19.6,19369164,47286964,"python -m gpuwrf run --input-dir <DATA_ROOT>/wrf_downscale/canary_all7/run --namelist <DATA_ROOT>/wrf_downscale/canary_all7/run/namelist.input --output-dir proofs/v020/s4/fp64_d01d03_1h_thomas_20260621T164055Z/output --proof-dir proofs/v020/s4/fp64_d01d03_1h_thomas_20260621T164055Z/proofs --scratch-dir proofs/v020/s4/fp64_d01d03_1h_thomas_20260621T164055Z/scratch --max-dom 3 --hours 1"
1782061123,2026-06-21T17:58:43+01:00,3140664,3140601,S,0,0.0,0.0,1736,2784,"/usr/bin/time -f wall_s=%e\nmaxrss_kib=%M -o proofs/v020/s4/fp64_d01d03_1h_thomas_20260621T164055Z/time.txt taskset -c 0-3 python -m gpuwrf run --input-dir <DATA_ROOT>/wrf_downscale/canary_all7/run --namelist <DATA_ROOT>/wrf_downscale/canary_all7/run/namelist.input --output-dir proofs/v020/s4/fp64_d01d03_1h_thomas_20260621T164055Z/output --proof-dir proofs/v020/s4/fp64_d01d03_1h_thomas_20260621T164055Z/proofs --scratch-dir proofs/v020/s4/fp64_d01d03_1h_thomas_20260621T164055Z/scratch --max-dom 3 --hours 1"
1782061123,2026-06-21T17:58:43+01:00,3140666,3140664,Rl,1,115,19.6,19369164,47286964,"python -m gpuwrf run --input-dir <DATA_ROOT>/wrf_downscale/canary_all7/run --namelist <DATA_ROOT>/wrf_downscale/canary_all7/run/namelist.input --output-dir proofs/v020/s4/fp64_d01d03_1h_thomas_20260621T164055Z/output --proof-dir proofs/v020/s4/fp64_d01d03_1h_thomas_20260621T164055Z/proofs --scratch-dir proofs/v020/s4/fp64_d01d03_1h_thomas_20260621T164055Z/scratch --max-dom 3 --hours 1"
1782061125,2026-06-21T17:58:45+01:00,3140664,3140601,S,0,0.0,0.0,1736,2784,"/usr/bin/time -f wall_s=%e\nmaxrss_kib=%M -o proofs/v020/s4/fp64_d01d03_1h_thomas_20260621T164055Z/time.txt taskset -c 0-3 python -m gpuwrf run --input-dir <DATA_ROOT>/wrf_downscale/canary_all7/run --namelist <DATA_ROOT>/wrf_downscale/canary_all7/run/namelist.input --output-dir proofs/v020/s4/fp64_d01d03_1h_thomas_20260621T164055Z/output --proof-dir proofs/v020/s4/fp64_d01d03_1h_thomas_20260621T164055Z/proofs --scratch-dir proofs/v020/s4/fp64_d01d03_1h_thomas_20260621T164055Z/scratch --max-dom 3 --hours 1"
1782061125,2026-06-21T17:58:45+01:00,3140666,3140664,Rl,0,115,19.6,19369176,47286964,"python -m gpuwrf run --input-dir <DATA_ROOT>/wrf_downscale/canary_all7/run --namelist <DATA_ROOT>/wrf_downscale/canary_all7/run/namelist.input --output-dir proofs/v020/s4/fp64_d01d03_1h_thomas_20260621T164055Z/output --proof-dir proofs/v020/s4/fp64_d01d03_1h_thomas_20260621T164055Z/proofs --scratch-dir proofs/v020/s4/fp64_d01d03_1h_thomas_20260621T164055Z/scratch --max-dom 3 --hours 1"
1782061128,2026-06-21T17:58:48+01:00,3140664,3140601,S,0,0.0,0.0,1736,2784,"/usr/bin/time -f wall_s=%e\nmaxrss_kib=%M -o proofs/v020/s4/fp64_d01d03_1h_thomas_20260621T164055Z/time.txt taskset -c 0-3 python -m gpuwrf run --input-dir <DATA_ROOT>/wrf_downscale/canary_all7/run --namelist <DATA_ROOT>/wrf_downscale/canary_all7/run/namelist.input --output-dir proofs/v020/s4/fp64_d01d03_1h_thomas_20260621T164055Z/output --proof-dir proofs/v020/s4/fp64_d01d03_1h_thomas_20260621T164055Z/proofs --scratch-dir proofs/v020/s4/fp64_d01d03_1h_thomas_20260621T164055Z/scratch --max-dom 3 --hours 1"
1782061128,2026-06-21T17:58:48+01:00,3140666,3140664,Rl,2,115,19.6,19369176,47286964,"python -m gpuwrf run --input-dir <DATA_ROOT>/wrf_downscale/canary_all7/run --namelist <DATA_ROOT>/wrf_downscale/canary_all7/run/namelist.input --output-dir proofs/v020/s4/fp64_d01d03_1h_thomas_20260621T164055Z/output --proof-dir proofs/v020/s4/fp64_d01d03_1h_thomas_20260621T164055Z/proofs --scratch-dir proofs/v020/s4/fp64_d01d03_1h_thomas_20260621T164055Z/scratch --max-dom 3 --hours 1"
1782061130,2026-06-21T17:58:50+01:00,3140664,3140601,S,0,0.0,0.0,1736,2784,"/usr/bin/time -f wall_s=%e\nmaxrss_kib=%M -o proofs/v020/s4/fp64_d01d03_1h_thomas_20260621T164055Z/time.txt taskset -c 0-3 python -m gpuwrf run --input-dir <DATA_ROOT>/wrf_downscale/canary_all7/run --namelist <DATA_ROOT>/wrf_downscale/canary_all7/run/namelist.input --output-dir proofs/v020/s4/fp64_d01d03_1h_thomas_20260621T164055Z/output --proof-dir proofs/v020/s4/fp64_d01d03_1h_thomas_20260621T164055Z/proofs --scratch-dir proofs/v020/s4/fp64_d01d03_1h_thomas_20260621T164055Z/scratch --max-dom 3 --hours 1"
1782061130,2026-06-21T17:58:50+01:00,3140666,3140664,Rl,0,115,19.6,19369176,47286964,"python -m gpuwrf run --input-dir <DATA_ROOT>/wrf_downscale/canary_all7/run --namelist <DATA_ROOT>/wrf_downscale/canary_all7/run/namelist.input --output-dir proofs/v020/s4/fp64_d01d03_1h_thomas_20260621T164055Z/output --proof-dir proofs/v020/s4/fp64_d01d03_1h_thomas_20260621T164055Z/proofs --scratch-dir proofs/v020/s4/fp64_d01d03_1h_thomas_20260621T164055Z/scratch --max-dom 3 --hours 1"
1782061132,2026-06-21T17:58:52+01:00,3140664,3140601,S,0,0.0,0.0,1736,2784,"/usr/bin/time -f wall_s=%e\nmaxrss_kib=%M -o proofs/v020/s4/fp64_d01d03_1h_thomas_20260621T164055Z/time.txt taskset -c 0-3 python -m gpuwrf run --input-dir <DATA_ROOT>/wrf_downscale/canary_all7/run --namelist <DATA_ROOT>/wrf_downscale/canary_all7/run/namelist.input --output-dir proofs/v020/s4/fp64_d01d03_1h_thomas_20260621T164055Z/output --proof-dir proofs/v020/s4/fp64_d01d03_1h_thomas_20260621T164055Z/proofs --scratch-dir proofs/v020/s4/fp64_d01d03_1h_thomas_20260621T164055Z/scratch --max-dom 3 --hours 1"
1782061132,2026-06-21T17:58:52+01:00,3140666,3140664,Rl,0,115,19.6,19369200,47286964,"python -m gpuwrf run --input-dir <DATA_ROOT>/wrf_downscale/canary_all7/run --namelist <DATA_ROOT>/wrf_downscale/canary_all7/run/namelist.input --output-dir proofs/v020/s4/fp64_d01d03_1h_thomas_20260621T164055Z/output --proof-dir proofs/v020/s4/fp64_d01d03_1h_thomas_20260621T164055Z/proofs --scratch-dir proofs/v020/s4/fp64_d01d03_1h_thomas_20260621T164055Z/scratch --max-dom 3 --hours 1"
1782061134,2026-06-21T17:58:54+01:00,3140664,3140601,S,0,0.0,0.0,1736,2784,"/usr/bin/time -f wall_s=%e\nmaxrss_kib=%M -o proofs/v020/s4/fp64_d01d03_1h_thomas_20260621T164055Z/time.txt taskset -c 0-3 python -m gpuwrf run --input-dir <DATA_ROOT>/wrf_downscale/canary_all7/run --namelist <DATA_ROOT>/wrf_downscale/canary_all7/run/namelist.input --output-dir proofs/v020/s4/fp64_d01d03_1h_thomas_20260621T164055Z/output --proof-dir proofs/v020/s4/fp64_d01d03_1h_thomas_20260621T164055Z/proofs --scratch-dir proofs/v020/s4/fp64_d01d03_1h_thomas_20260621T164055Z/scratch --max-dom 3 --hours 1"
1782061134,2026-06-21T17:58:54+01:00,3140666,3140664,Rl,2,115,19.6,19372248,47298100,"python -m gpuwrf run --input-dir <DATA_ROOT>/wrf_downscale/canary_all7/run --namelist <DATA_ROOT>/wrf_downscale/canary_all7/run/namelist.input --output-dir proofs/v020/s4/fp64_d01d03_1h_thomas_20260621T164055Z/output --proof-dir proofs/v020/s4/fp64_d01d03_1h_thomas_20260621T164055Z/proofs --scratch-dir proofs/v020/s4/fp64_d01d03_1h_thomas_20260621T164055Z/scratch --max-dom 3 --hours 1"
1782061136,2026-06-21T17:58:56+01:00,3140664,3140601,S,0,0.0,0.0,1736,2784,"/usr/bin/time -f wall_s=%e\nmaxrss_kib=%M -o proofs/v020/s4/fp64_d01d03_1h_thomas_20260621T164055Z/time.txt taskset -c 0-3 python -m gpuwrf run --input-dir <DATA_ROOT>/wrf_downscale/canary_all7/run --namelist <DATA_ROOT>/wrf_downscale/canary_all7/run/namelist.input --output-dir proofs/v020/s4/fp64_d01d03_1h_thomas_20260621T164055Z/output --proof-dir proofs/v020/s4/fp64_d01d03_1h_thomas_20260621T164055Z/proofs --scratch-dir proofs/v020/s4/fp64_d01d03_1h_thomas_20260621T164055Z/scratch --max-dom 3 --hours 1"
1782061136,2026-06-21T17:58:56+01:00,3140666,3140664,Rl,0,115,19.6,19378448,47316404,"python -m gpuwrf run --input-dir <DATA_ROOT>/wrf_downscale/canary_all7/run --namelist <DATA_ROOT>/wrf_downscale/canary_all7/run/namelist.input --output-dir proofs/v020/s4/fp64_d01d03_1h_thomas_20260621T164055Z/output --proof-dir proofs/v020/s4/fp64_d01d03_1h_thomas_20260621T164055Z/proofs --scratch-dir proofs/v020/s4/fp64_d01d03_1h_thomas_20260621T164055Z/scratch --max-dom 3 --hours 1"
1782061138,2026-06-21T17:58:58+01:00,3140664,3140601,S,0,0.0,0.0,1736,2784,"/usr/bin/time -f wall_s=%e\nmaxrss_kib=%M -o proofs/v020/s4/fp64_d01d03_1h_thomas_20260621T164055Z/time.txt taskset -c 0-3 python -m gpuwrf run --input-dir <DATA_ROOT>/wrf_downscale/canary_all7/run --namelist <DATA_ROOT>/wrf_downscale/canary_all7/run/namelist.input --output-dir proofs/v020/s4/fp64_d01d03_1h_thomas_20260621T164055Z/output --proof-dir proofs/v020/s4/fp64_d01d03_1h_thomas_20260621T164055Z/proofs --scratch-dir proofs/v020/s4/fp64_d01d03_1h_thomas_20260621T164055Z/scratch --max-dom 3 --hours 1"
1782061138,2026-06-21T17:58:58+01:00,3140666,3140664,Rl,0,115,19.7,19386788,47316404,"python -m gpuwrf run --input-dir <DATA_ROOT>/wrf_downscale/canary_all7/run --namelist <DATA_ROOT>/wrf_downscale/canary_all7/run/namelist.input --output-dir proofs/v020/s4/fp64_d01d03_1h_thomas_20260621T164055Z/output --proof-dir proofs/v020/s4/fp64_d01d03_1h_thomas_20260621T164055Z/proofs --scratch-dir proofs/v020/s4/fp64_d01d03_1h_thomas_20260621T164055Z/scratch --max-dom 3 --hours 1"
1782061140,2026-06-21T17:59:00+01:00,3140664,3140601,S,0,0.0,0.0,1736,2784,"/usr/bin/time -f wall_s=%e\nmaxrss_kib=%M -o proofs/v020/s4/fp64_d01d03_1h_thomas_20260621T164055Z/time.txt taskset -c 0-3 python -m gpuwrf run --input-dir <DATA_ROOT>/wrf_downscale/canary_all7/run --namelist <DATA_ROOT>/wrf_downscale/canary_all7/run/namelist.input --output-dir proofs/v020/s4/fp64_d01d03_1h_thomas_20260621T164055Z/output --proof-dir proofs/v020/s4/fp64_d01d03_1h_thomas_20260621T164055Z/proofs --scratch-dir proofs/v020/s4/fp64_d01d03_1h_thomas_20260621T164055Z/scratch --max-dom 3 --hours 1"
1782061140,2026-06-21T17:59:00+01:00,3140666,3140664,Rl,0,115,19.7,19415352,47365216,"python -m gpuwrf run --input-dir <DATA_ROOT>/wrf_downscale/canary_all7/run --namelist <DATA_ROOT>/wrf_downscale/canary_all7/run/namelist.input --output-dir proofs/v020/s4/fp64_d01d03_1h_thomas_20260621T164055Z/output --proof-dir proofs/v020/s4/fp64_d01d03_1h_thomas_20260621T164055Z/proofs --scratch-dir proofs/v020/s4/fp64_d01d03_1h_thomas_20260621T164055Z/scratch --max-dom 3 --hours 1"
1782061142,2026-06-21T17:59:02+01:00,3140664,3140601,S,0,0.0,0.0,1736,2784,"/usr/bin/time -f wall_s=%e\nmaxrss_kib=%M -o proofs/v020/s4/fp64_d01d03_1h_thomas_20260621T164055Z/time.txt taskset -c 0-3 python -m gpuwrf run --input-dir <DATA_ROOT>/wrf_downscale/canary_all7/run --namelist <DATA_ROOT>/wrf_downscale/canary_all7/run/namelist.input --output-dir proofs/v020/s4/fp64_d01d03_1h_thomas_20260621T164055Z/output --proof-dir proofs/v020/s4/fp64_d01d03_1h_thomas_20260621T164055Z/proofs --scratch-dir proofs/v020/s4/fp64_d01d03_1h_thomas_20260621T164055Z/scratch --max-dom 3 --hours 1"
1782061142,2026-06-21T17:59:02+01:00,3140666,3140664,Rl,0,115,19.7,19421600,47365216,"python -m gpuwrf run --input-dir <DATA_ROOT>/wrf_downscale/canary_all7/run --namelist <DATA_ROOT>/wrf_downscale/canary_all7/run/namelist.input --output-dir proofs/v020/s4/fp64_d01d03_1h_thomas_20260621T164055Z/output --proof-dir proofs/v020/s4/fp64_d01d03_1h_thomas_20260621T164055Z/proofs --scratch-dir proofs/v020/s4/fp64_d01d03_1h_thomas_20260621T164055Z/scratch --max-dom 3 --hours 1"
1782061145,2026-06-21T17:59:05+01:00,3140664,3140601,S,0,0.0,0.0,1736,2784,"/usr/bin/time -f wall_s=%e\nmaxrss_kib=%M -o proofs/v020/s4/fp64_d01d03_1h_thomas_20260621T164055Z/time.txt taskset -c 0-3 python -m gpuwrf run --input-dir <DATA_ROOT>/wrf_downscale/canary_all7/run --namelist <DATA_ROOT>/wrf_downscale/canary_all7/run/namelist.input --output-dir proofs/v020/s4/fp64_d01d03_1h_thomas_20260621T164055Z/output --proof-dir proofs/v020/s4/fp64_d01d03_1h_thomas_20260621T164055Z/proofs --scratch-dir proofs/v020/s4/fp64_d01d03_1h_thomas_20260621T164055Z/scratch --max-dom 3 --hours 1"
1782061145,2026-06-21T17:59:05+01:00,3140666,3140664,Rl,0,115,19.7,19426268,47365216,"python -m gpuwrf run --input-dir <DATA_ROOT>/wrf_downscale/canary_all7/run --namelist <DATA_ROOT>/wrf_downscale/canary_all7/run/namelist.input --output-dir proofs/v020/s4/fp64_d01d03_1h_thomas_20260621T164055Z/output --proof-dir proofs/v020/s4/fp64_d01d03_1h_thomas_20260621T164055Z/proofs --scratch-dir proofs/v020/s4/fp64_d01d03_1h_thomas_20260621T164055Z/scratch --max-dom 3 --hours 1"
1782061147,2026-06-21T17:59:07+01:00,3140664,3140601,S,0,0.0,0.0,1736,2784,"/usr/bin/time -f wall_s=%e\nmaxrss_kib=%M -o proofs/v020/s4/fp64_d01d03_1h_thomas_20260621T164055Z/time.txt taskset -c 0-3 python -m gpuwrf run --input-dir <DATA_ROOT>/wrf_downscale/canary_all7/run --namelist <DATA_ROOT>/wrf_downscale/canary_all7/run/namelist.input --output-dir proofs/v020/s4/fp64_d01d03_1h_thomas_20260621T164055Z/output --proof-dir proofs/v020/s4/fp64_d01d03_1h_thomas_20260621T164055Z/proofs --scratch-dir proofs/v020/s4/fp64_d01d03_1h_thomas_20260621T164055Z/scratch --max-dom 3 --hours 1"
1782061147,2026-06-21T17:59:07+01:00,3140666,3140664,Rl,3,115,19.7,19432868,47365216,"python -m gpuwrf run --input-dir <DATA_ROOT>/wrf_downscale/canary_all7/run --namelist <DATA_ROOT>/wrf_downscale/canary_all7/run/namelist.input --output-dir proofs/v020/s4/fp64_d01d03_1h_thomas_20260621T164055Z/output --proof-dir proofs/v020/s4/fp64_d01d03_1h_thomas_20260621T164055Z/proofs --scratch-dir proofs/v020/s4/fp64_d01d03_1h_thomas_20260621T164055Z/scratch --max-dom 3 --hours 1"
1782061149,2026-06-21T17:59:09+01:00,3140664,3140601,S,0,0.0,0.0,1736,2784,"/usr/bin/time -f wall_s=%e\nmaxrss_kib=%M -o proofs/v020/s4/fp64_d01d03_1h_thomas_20260621T164055Z/time.txt taskset -c 0-3 python -m gpuwrf run --input-dir <DATA_ROOT>/wrf_downscale/canary_all7/run --namelist <DATA_ROOT>/wrf_downscale/canary_all7/run/namelist.input --output-dir proofs/v020/s4/fp64_d01d03_1h_thomas_20260621T164055Z/output --proof-dir proofs/v020/s4/fp64_d01d03_1h_thomas_20260621T164055Z/proofs --scratch-dir proofs/v020/s4/fp64_d01d03_1h_thomas_20260621T164055Z/scratch --max-dom 3 --hours 1"
1782061149,2026-06-21T17:59:09+01:00,3140666,3140664,Rl,0,115,19.7,19439268,47414028,"python -m gpuwrf run --input-dir <DATA_ROOT>/wrf_downscale/canary_all7/run --namelist <DATA_ROOT>/wrf_downscale/canary_all7/run/namelist.input --output-dir proofs/v020/s4/fp64_d01d03_1h_thomas_20260621T164055Z/output --proof-dir proofs/v020/s4/fp64_d01d03_1h_thomas_20260621T164055Z/proofs --scratch-dir proofs/v020/s4/fp64_d01d03_1h_thomas_20260621T164055Z/scratch --max-dom 3 --hours 1"
1782061151,2026-06-21T17:59:11+01:00,3140664,3140601,S,0,0.0,0.0,1736,2784,"/usr/bin/time -f wall_s=%e\nmaxrss_kib=%M -o proofs/v020/s4/fp64_d01d03_1h_thomas_20260621T164055Z/time.txt taskset -c 0-3 python -m gpuwrf run --input-dir <DATA_ROOT>/wrf_downscale/canary_all7/run --namelist <DATA_ROOT>/wrf_downscale/canary_all7/run/namelist.input --output-dir proofs/v020/s4/fp64_d01d03_1h_thomas_20260621T164055Z/output --proof-dir proofs/v020/s4/fp64_d01d03_1h_thomas_20260621T164055Z/proofs --scratch-dir proofs/v020/s4/fp64_d01d03_1h_thomas_20260621T164055Z/scratch --max-dom 3 --hours 1"
1782061151,2026-06-21T17:59:11+01:00,3140666,3140664,Rl,0,115,19.7,19445140,47414028,"python -m gpuwrf run --input-dir <DATA_ROOT>/wrf_downscale/canary_all7/run --namelist <DATA_ROOT>/wrf_downscale/canary_all7/run/namelist.input --output-dir proofs/v020/s4/fp64_d01d03_1h_thomas_20260621T164055Z/output --proof-dir proofs/v020/s4/fp64_d01d03_1h_thomas_20260621T164055Z/proofs --scratch-dir proofs/v020/s4/fp64_d01d03_1h_thomas_20260621T164055Z/scratch --max-dom 3 --hours 1"
1782061153,2026-06-21T17:59:13+01:00,3140664,3140601,S,0,0.0,0.0,1736,2784,"/usr/bin/time -f wall_s=%e\nmaxrss_kib=%M -o proofs/v020/s4/fp64_d01d03_1h_thomas_20260621T164055Z/time.txt taskset -c 0-3 python -m gpuwrf run --input-dir <DATA_ROOT>/wrf_downscale/canary_all7/run --namelist <DATA_ROOT>/wrf_downscale/canary_all7/run/namelist.input --output-dir proofs/v020/s4/fp64_d01d03_1h_thomas_20260621T164055Z/output --proof-dir proofs/v020/s4/fp64_d01d03_1h_thomas_20260621T164055Z/proofs --scratch-dir proofs/v020/s4/fp64_d01d03_1h_thomas_20260621T164055Z/scratch --max-dom 3 --hours 1"
1782061153,2026-06-21T17:59:13+01:00,3140666,3140664,Sl,0,115,19.7,19446996,47373704,"python -m gpuwrf run --input-dir <DATA_ROOT>/wrf_downscale/canary_all7/run --namelist <DATA_ROOT>/wrf_downscale/canary_all7/run/namelist.input --output-dir proofs/v020/s4/fp64_d01d03_1h_thomas_20260621T164055Z/output --proof-dir proofs/v020/s4/fp64_d01d03_1h_thomas_20260621T164055Z/proofs --scratch-dir proofs/v020/s4/fp64_d01d03_1h_thomas_20260621T164055Z/scratch --max-dom 3 --hours 1"
1782061153,2026-06-21T17:59:13+01:00,3178911,3140666,R,1,100,0.7,776312,816380,"<USER_HOME>/miniconda3/lib/python3.13/site-packages/nvidia/cu13/bin/ptxas /tmp/tempfile-user-battlestation-f1546bc0ef990486-3140666-654c671eb2b3b -o /tmp/tempfile-user-battlestation-f1546bc0ef990486-3140666-654c671eb510b -arch sm_120a --warn-on-spills"
1782061155,2026-06-21T17:59:15+01:00,3140664,3140601,S,0,0.0,0.0,1736,2784,"/usr/bin/time -f wall_s=%e\nmaxrss_kib=%M -o proofs/v020/s4/fp64_d01d03_1h_thomas_20260621T164055Z/time.txt taskset -c 0-3 python -m gpuwrf run --input-dir <DATA_ROOT>/wrf_downscale/canary_all7/run --namelist <DATA_ROOT>/wrf_downscale/canary_all7/run/namelist.input --output-dir proofs/v020/s4/fp64_d01d03_1h_thomas_20260621T164055Z/output --proof-dir proofs/v020/s4/fp64_d01d03_1h_thomas_20260621T164055Z/proofs --scratch-dir proofs/v020/s4/fp64_d01d03_1h_thomas_20260621T164055Z/scratch --max-dom 3 --hours 1"
1782061155,2026-06-21T17:59:15+01:00,3140666,3140664,Sl,0,114,19.7,19446996,47373704,"python -m gpuwrf run --input-dir <DATA_ROOT>/wrf_downscale/canary_all7/run --namelist <DATA_ROOT>/wrf_downscale/canary_all7/run/namelist.input --output-dir proofs/v020/s4/fp64_d01d03_1h_thomas_20260621T164055Z/output --proof-dir proofs/v020/s4/fp64_d01d03_1h_thomas_20260621T164055Z/proofs --scratch-dir proofs/v020/s4/fp64_d01d03_1h_thomas_20260621T164055Z/scratch --max-dom 3 --hours 1"
1782061155,2026-06-21T17:59:15+01:00,3178911,3140666,R,1,99.7,1.4,1407668,1441384,"<USER_HOME>/miniconda3/lib/python3.13/site-packages/nvidia/cu13/bin/ptxas /tmp/tempfile-user-battlestation-f1546bc0ef990486-3140666-654c671eb2b3b -o /tmp/tempfile-user-battlestation-f1546bc0ef990486-3140666-654c671eb510b -arch sm_120a --warn-on-spills"
1782061157,2026-06-21T17:59:17+01:00,3140664,3140601,S,0,0.0,0.0,1736,2784,"/usr/bin/time -f wall_s=%e\nmaxrss_kib=%M -o proofs/v020/s4/fp64_d01d03_1h_thomas_20260621T164055Z/time.txt taskset -c 0-3 python -m gpuwrf run --input-dir <DATA_ROOT>/wrf_downscale/canary_all7/run --namelist <DATA_ROOT>/wrf_downscale/canary_all7/run/namelist.input --output-dir proofs/v020/s4/fp64_d01d03_1h_thomas_20260621T164055Z/output --proof-dir proofs/v020/s4/fp64_d01d03_1h_thomas_20260621T164055Z/proofs --scratch-dir proofs/v020/s4/fp64_d01d03_1h_thomas_20260621T164055Z/scratch --max-dom 3 --hours 1"
1782061157,2026-06-21T17:59:17+01:00,3140666,3140664,Sl,0,114,19.7,19446996,47373704,"python -m gpuwrf run --input-dir <DATA_ROOT>/wrf_downscale/canary_all7/run --namelist <DATA_ROOT>/wrf_downscale/canary_all7/run/namelist.input --output-dir proofs/v020/s4/fp64_d01d03_1h_thomas_20260621T164055Z/output --proof-dir proofs/v020/s4/fp64_d01d03_1h_thomas_20260621T164055Z/proofs --scratch-dir proofs/v020/s4/fp64_d01d03_1h_thomas_20260621T164055Z/scratch --max-dom 3 --hours 1"
1782061157,2026-06-21T17:59:17+01:00,3178911,3140666,R,1,99.6,1.4,1444932,1477220,"<USER_HOME>/miniconda3/lib/python3.13/site-packages/nvidia/cu13/bin/ptxas /tmp/tempfile-user-battlestation-f1546bc0ef990486-3140666-654c671eb2b3b -o /tmp/tempfile-user-battlestation-f1546bc0ef990486-3140666-654c671eb510b -arch sm_120a --warn-on-spills"
1782061159,2026-06-21T17:59:19+01:00,3140664,3140601,S,0,0.0,0.0,1736,2784,"/usr/bin/time -f wall_s=%e\nmaxrss_kib=%M -o proofs/v020/s4/fp64_d01d03_1h_thomas_20260621T164055Z/time.txt taskset -c 0-3 python -m gpuwrf run --input-dir <DATA_ROOT>/wrf_downscale/canary_all7/run --namelist <DATA_ROOT>/wrf_downscale/canary_all7/run/namelist.input --output-dir proofs/v020/s4/fp64_d01d03_1h_thomas_20260621T164055Z/output --proof-dir proofs/v020/s4/fp64_d01d03_1h_thomas_20260621T164055Z/proofs --scratch-dir proofs/v020/s4/fp64_d01d03_1h_thomas_20260621T164055Z/scratch --max-dom 3 --hours 1"
1782061159,2026-06-21T17:59:19+01:00,3140666,3140664,Sl,0,114,19.7,19446996,47373704,"python -m gpuwrf run --input-dir <DATA_ROOT>/wrf_downscale/canary_all7/run --namelist <DATA_ROOT>/wrf_downscale/canary_all7/run/namelist.input --output-dir proofs/v020/s4/fp64_d01d03_1h_thomas_20260621T164055Z/output --proof-dir proofs/v020/s4/fp64_d01d03_1h_thomas_20260621T164055Z/proofs --scratch-dir proofs/v020/s4/fp64_d01d03_1h_thomas_20260621T164055Z/scratch --max-dom 3 --hours 1"
1782061159,2026-06-21T17:59:19+01:00,3178911,3140666,R,1,99.7,1.5,1502248,1534364,"<USER_HOME>/miniconda3/lib/python3.13/site-packages/nvidia/cu13/bin/ptxas /tmp/tempfile-user-battlestation-f1546bc0ef990486-3140666-654c671eb2b3b -o /tmp/tempfile-user-battlestation-f1546bc0ef990486-3140666-654c671eb510b -arch sm_120a --warn-on-spills"
1782061161,2026-06-21T17:59:21+01:00,3140664,3140601,S,0,0.0,0.0,1736,2784,"/usr/bin/time -f wall_s=%e\nmaxrss_kib=%M -o proofs/v020/s4/fp64_d01d03_1h_thomas_20260621T164055Z/time.txt taskset -c 0-3 python -m gpuwrf run --input-dir <DATA_ROOT>/wrf_downscale/canary_all7/run --namelist <DATA_ROOT>/wrf_downscale/canary_all7/run/namelist.input --output-dir proofs/v020/s4/fp64_d01d03_1h_thomas_20260621T164055Z/output --proof-dir proofs/v020/s4/fp64_d01d03_1h_thomas_20260621T164055Z/proofs --scratch-dir proofs/v020/s4/fp64_d01d03_1h_thomas_20260621T164055Z/scratch --max-dom 3 --hours 1"
1782061161,2026-06-21T17:59:21+01:00,3140666,3140664,Sl,0,114,19.7,19446920,47373704,"python -m gpuwrf run --input-dir <DATA_ROOT>/wrf_downscale/canary_all7/run --namelist <DATA_ROOT>/wrf_downscale/canary_all7/run/namelist.input --output-dir proofs/v020/s4/fp64_d01d03_1h_thomas_20260621T164055Z/output --proof-dir proofs/v020/s4/fp64_d01d03_1h_thomas_20260621T164055Z/proofs --scratch-dir proofs/v020/s4/fp64_d01d03_1h_thomas_20260621T164055Z/scratch --max-dom 3 --hours 1"
1782061161,2026-06-21T17:59:21+01:00,3178911,3140666,R,1,99.7,1.5,1502524,1534364,"<USER_HOME>/miniconda3/lib/python3.13/site-packages/nvidia/cu13/bin/ptxas /tmp/tempfile-user-battlestation-f1546bc0ef990486-3140666-654c671eb2b3b -o /tmp/tempfile-user-battlestation-f1546bc0ef990486-3140666-654c671eb510b -arch sm_120a --warn-on-spills"
1782061164,2026-06-21T17:59:24+01:00,3140664,3140601,S,0,0.0,0.0,1736,2784,"/usr/bin/time -f wall_s=%e\nmaxrss_kib=%M -o proofs/v020/s4/fp64_d01d03_1h_thomas_20260621T164055Z/time.txt taskset -c 0-3 python -m gpuwrf run --input-dir <DATA_ROOT>/wrf_downscale/canary_all7/run --namelist <DATA_ROOT>/wrf_downscale/canary_all7/run/namelist.input --output-dir proofs/v020/s4/fp64_d01d03_1h_thomas_20260621T164055Z/output --proof-dir proofs/v020/s4/fp64_d01d03_1h_thomas_20260621T164055Z/proofs --scratch-dir proofs/v020/s4/fp64_d01d03_1h_thomas_20260621T164055Z/scratch --max-dom 3 --hours 1"
1782061164,2026-06-21T17:59:24+01:00,3140666,3140664,Sl,0,114,19.7,19446788,47373704,"python -m gpuwrf run --input-dir <DATA_ROOT>/wrf_downscale/canary_all7/run --namelist <DATA_ROOT>/wrf_downscale/canary_all7/run/namelist.input --output-dir proofs/v020/s4/fp64_d01d03_1h_thomas_20260621T164055Z/output --proof-dir proofs/v020/s4/fp64_d01d03_1h_thomas_20260621T164055Z/proofs --scratch-dir proofs/v020/s4/fp64_d01d03_1h_thomas_20260621T164055Z/scratch --max-dom 3 --hours 1"
1782061164,2026-06-21T17:59:24+01:00,3178911,3140666,R,1,99.5,1.5,1536756,1568768,"<USER_HOME>/miniconda3/lib/python3.13/site-packages/nvidia/cu13/bin/ptxas /tmp/tempfile-user-battlestation-f1546bc0ef990486-3140666-654c671eb2b3b -o /tmp/tempfile-user-battlestation-f1546bc0ef990486-3140666-654c671eb510b -arch sm_120a --warn-on-spills"
1782061166,2026-06-21T17:59:26+01:00,3140664,3140601,S,0,0.0,0.0,1736,2784,"/usr/bin/time -f wall_s=%e\nmaxrss_kib=%M -o proofs/v020/s4/fp64_d01d03_1h_thomas_20260621T164055Z/time.txt taskset -c 0-3 python -m gpuwrf run --input-dir <DATA_ROOT>/wrf_downscale/canary_all7/run --namelist <DATA_ROOT>/wrf_downscale/canary_all7/run/namelist.input --output-dir proofs/v020/s4/fp64_d01d03_1h_thomas_20260621T164055Z/output --proof-dir proofs/v020/s4/fp64_d01d03_1h_thomas_20260621T164055Z/proofs --scratch-dir proofs/v020/s4/fp64_d01d03_1h_thomas_20260621T164055Z/scratch --max-dom 3 --hours 1"
1782061166,2026-06-21T17:59:26+01:00,3140666,3140664,Sl,0,113,19.7,19446788,47373704,"python -m gpuwrf run --input-dir <DATA_ROOT>/wrf_downscale/canary_all7/run --namelist <DATA_ROOT>/wrf_downscale/canary_all7/run/namelist.input --output-dir proofs/v020/s4/fp64_d01d03_1h_thomas_20260621T164055Z/output --proof-dir proofs/v020/s4/fp64_d01d03_1h_thomas_20260621T164055Z/proofs --scratch-dir proofs/v020/s4/fp64_d01d03_1h_thomas_20260621T164055Z/scratch --max-dom 3 --hours 1"
1782061166,2026-06-21T17:59:26+01:00,3178911,3140666,R,1,99.7,1.5,1570792,1603276,"<USER_HOME>/miniconda3/lib/python3.13/site-packages/nvidia/cu13/bin/ptxas /tmp/tempfile-user-battlestation-f1546bc0ef990486-3140666-654c671eb2b3b -o /tmp/tempfile-user-battlestation-f1546bc0ef990486-3140666-654c671eb510b -arch sm_120a --warn-on-spills"
1782061168,2026-06-21T17:59:28+01:00,3140664,3140601,S,0,0.0,0.0,1736,2784,"/usr/bin/time -f wall_s=%e\nmaxrss_kib=%M -o proofs/v020/s4/fp64_d01d03_1h_thomas_20260621T164055Z/time.txt taskset -c 0-3 python -m gpuwrf run --input-dir <DATA_ROOT>/wrf_downscale/canary_all7/run --namelist <DATA_ROOT>/wrf_downscale/canary_all7/run/namelist.input --output-dir proofs/v020/s4/fp64_d01d03_1h_thomas_20260621T164055Z/output --proof-dir proofs/v020/s4/fp64_d01d03_1h_thomas_20260621T164055Z/proofs --scratch-dir proofs/v020/s4/fp64_d01d03_1h_thomas_20260621T164055Z/scratch --max-dom 3 --hours 1"
1782061168,2026-06-21T17:59:28+01:00,3140666,3140664,Sl,0,113,19.7,19446788,47373704,"python -m gpuwrf run --input-dir <DATA_ROOT>/wrf_downscale/canary_all7/run --namelist <DATA_ROOT>/wrf_downscale/canary_all7/run/namelist.input --output-dir proofs/v020/s4/fp64_d01d03_1h_thomas_20260621T164055Z/output --proof-dir proofs/v020/s4/fp64_d01d03_1h_thomas_20260621T164055Z/proofs --scratch-dir proofs/v020/s4/fp64_d01d03_1h_thomas_20260621T164055Z/scratch --max-dom 3 --hours 1"
1782061168,2026-06-21T17:59:28+01:00,3178911,3140666,R,1,99.7,1.6,1606736,1657392,"<USER_HOME>/miniconda3/lib/python3.13/site-packages/nvidia/cu13/bin/ptxas /tmp/tempfile-user-battlestation-f1546bc0ef990486-3140666-654c671eb2b3b -o /tmp/tempfile-user-battlestation-f1546bc0ef990486-3140666-654c671eb510b -arch sm_120a --warn-on-spills"
1782061170,2026-06-21T17:59:30+01:00,3140664,3140601,S,0,0.0,0.0,1736,2784,"/usr/bin/time -f wall_s=%e\nmaxrss_kib=%M -o proofs/v020/s4/fp64_d01d03_1h_thomas_20260621T164055Z/time.txt taskset -c 0-3 python -m gpuwrf run --input-dir <DATA_ROOT>/wrf_downscale/canary_all7/run --namelist <DATA_ROOT>/wrf_downscale/canary_all7/run/namelist.input --output-dir proofs/v020/s4/fp64_d01d03_1h_thomas_20260621T164055Z/output --proof-dir proofs/v020/s4/fp64_d01d03_1h_thomas_20260621T164055Z/proofs --scratch-dir proofs/v020/s4/fp64_d01d03_1h_thomas_20260621T164055Z/scratch --max-dom 3 --hours 1"
1782061170,2026-06-21T17:59:30+01:00,3140666,3140664,Sl,0,113,19.7,19446788,47373704,"python -m gpuwrf run --input-dir <DATA_ROOT>/wrf_downscale/canary_all7/run --namelist <DATA_ROOT>/wrf_downscale/canary_all7/run/namelist.input --output-dir proofs/v020/s4/fp64_d01d03_1h_thomas_20260621T164055Z/output --proof-dir proofs/v020/s4/fp64_d01d03_1h_thomas_20260621T164055Z/proofs --scratch-dir proofs/v020/s4/fp64_d01d03_1h_thomas_20260621T164055Z/scratch --max-dom 3 --hours 1"
1782061170,2026-06-21T17:59:30+01:00,3178911,3140666,R,1,99.7,1.6,1630260,1670360,"<USER_HOME>/miniconda3/lib/python3.13/site-packages/nvidia/cu13/bin/ptxas /tmp/tempfile-user-battlestation-f1546bc0ef990486-3140666-654c671eb2b3b -o /tmp/tempfile-user-battlestation-f1546bc0ef990486-3140666-654c671eb510b -arch sm_120a --warn-on-spills"
1782061172,2026-06-21T17:59:32+01:00,3140664,3140601,S,0,0.0,0.0,1736,2784,"/usr/bin/time -f wall_s=%e\nmaxrss_kib=%M -o proofs/v020/s4/fp64_d01d03_1h_thomas_20260621T164055Z/time.txt taskset -c 0-3 python -m gpuwrf run --input-dir <DATA_ROOT>/wrf_downscale/canary_all7/run --namelist <DATA_ROOT>/wrf_downscale/canary_all7/run/namelist.input --output-dir proofs/v020/s4/fp64_d01d03_1h_thomas_20260621T164055Z/output --proof-dir proofs/v020/s4/fp64_d01d03_1h_thomas_20260621T164055Z/proofs --scratch-dir proofs/v020/s4/fp64_d01d03_1h_thomas_20260621T164055Z/scratch --max-dom 3 --hours 1"
1782061172,2026-06-21T17:59:32+01:00,3140666,3140664,Sl,0,113,19.7,19446788,47373704,"python -m gpuwrf run --input-dir <DATA_ROOT>/wrf_downscale/canary_all7/run --namelist <DATA_ROOT>/wrf_downscale/canary_all7/run/namelist.input --output-dir proofs/v020/s4/fp64_d01d03_1h_thomas_20260621T164055Z/output --proof-dir proofs/v020/s4/fp64_d01d03_1h_thomas_20260621T164055Z/proofs --scratch-dir proofs/v020/s4/fp64_d01d03_1h_thomas_20260621T164055Z/scratch --max-dom 3 --hours 1"
1782061172,2026-06-21T17:59:32+01:00,3178911,3140666,R,1,99.6,1.6,1656120,1695776,"<USER_HOME>/miniconda3/lib/python3.13/site-packages/nvidia/cu13/bin/ptxas /tmp/tempfile-user-battlestation-f1546bc0ef990486-3140666-654c671eb2b3b -o /tmp/tempfile-user-battlestation-f1546bc0ef990486-3140666-654c671eb510b -arch sm_120a --warn-on-spills"
1782061175,2026-06-21T17:59:35+01:00,3140664,3140601,S,0,0.0,0.0,1736,2784,"/usr/bin/time -f wall_s=%e\nmaxrss_kib=%M -o proofs/v020/s4/fp64_d01d03_1h_thomas_20260621T164055Z/time.txt taskset -c 0-3 python -m gpuwrf run --input-dir <DATA_ROOT>/wrf_downscale/canary_all7/run --namelist <DATA_ROOT>/wrf_downscale/canary_all7/run/namelist.input --output-dir proofs/v020/s4/fp64_d01d03_1h_thomas_20260621T164055Z/output --proof-dir proofs/v020/s4/fp64_d01d03_1h_thomas_20260621T164055Z/proofs --scratch-dir proofs/v020/s4/fp64_d01d03_1h_thomas_20260621T164055Z/scratch --max-dom 3 --hours 1"
1782061175,2026-06-21T17:59:35+01:00,3140666,3140664,Sl,0,112,19.7,19446788,47373704,"python -m gpuwrf run --input-dir <DATA_ROOT>/wrf_downscale/canary_all7/run --namelist <DATA_ROOT>/wrf_downscale/canary_all7/run/namelist.input --output-dir proofs/v020/s4/fp64_d01d03_1h_thomas_20260621T164055Z/output --proof-dir proofs/v020/s4/fp64_d01d03_1h_thomas_20260621T164055Z/proofs --scratch-dir proofs/v020/s4/fp64_d01d03_1h_thomas_20260621T164055Z/scratch --max-dom 3 --hours 1"
1782061175,2026-06-21T17:59:35+01:00,3178911,3140666,R,1,99.6,1.7,1673796,1706056,"<USER_HOME>/miniconda3/lib/python3.13/site-packages/nvidia/cu13/bin/ptxas /tmp/tempfile-user-battlestation-f1546bc0ef990486-3140666-654c671eb2b3b -o /tmp/tempfile-user-battlestation-f1546bc0ef990486-3140666-654c671eb510b -arch sm_120a --warn-on-spills"
1782061177,2026-06-21T17:59:37+01:00,3140664,3140601,S,0,0.0,0.0,1736,2784,"/usr/bin/time -f wall_s=%e\nmaxrss_kib=%M -o proofs/v020/s4/fp64_d01d03_1h_thomas_20260621T164055Z/time.txt taskset -c 0-3 python -m gpuwrf run --input-dir <DATA_ROOT>/wrf_downscale/canary_all7/run --namelist <DATA_ROOT>/wrf_downscale/canary_all7/run/namelist.input --output-dir proofs/v020/s4/fp64_d01d03_1h_thomas_20260621T164055Z/output --proof-dir proofs/v020/s4/fp64_d01d03_1h_thomas_20260621T164055Z/proofs --scratch-dir proofs/v020/s4/fp64_d01d03_1h_thomas_20260621T164055Z/scratch --max-dom 3 --hours 1"
1782061177,2026-06-21T17:59:37+01:00,3140666,3140664,Sl,0,112,19.7,19446788,47373704,"python -m gpuwrf run --input-dir <DATA_ROOT>/wrf_downscale/canary_all7/run --namelist <DATA_ROOT>/wrf_downscale/canary_all7/run/namelist.input --output-dir proofs/v020/s4/fp64_d01d03_1h_thomas_20260621T164055Z/output --proof-dir proofs/v020/s4/fp64_d01d03_1h_thomas_20260621T164055Z/proofs --scratch-dir proofs/v020/s4/fp64_d01d03_1h_thomas_20260621T164055Z/scratch --max-dom 3 --hours 1"
1782061177,2026-06-21T17:59:37+01:00,3178911,3140666,R,1,99.6,1.7,1706208,1738272,"<USER_HOME>/miniconda3/lib/python3.13/site-packages/nvidia/cu13/bin/ptxas /tmp/tempfile-user-battlestation-f1546bc0ef990486-3140666-654c671eb2b3b -o /tmp/tempfile-user-battlestation-f1546bc0ef990486-3140666-654c671eb510b -arch sm_120a --warn-on-spills"
1782061179,2026-06-21T17:59:39+01:00,3140664,3140601,S,0,0.0,0.0,1736,2784,"/usr/bin/time -f wall_s=%e\nmaxrss_kib=%M -o proofs/v020/s4/fp64_d01d03_1h_thomas_20260621T164055Z/time.txt taskset -c 0-3 python -m gpuwrf run --input-dir <DATA_ROOT>/wrf_downscale/canary_all7/run --namelist <DATA_ROOT>/wrf_downscale/canary_all7/run/namelist.input --output-dir proofs/v020/s4/fp64_d01d03_1h_thomas_20260621T164055Z/output --proof-dir proofs/v020/s4/fp64_d01d03_1h_thomas_20260621T164055Z/proofs --scratch-dir proofs/v020/s4/fp64_d01d03_1h_thomas_20260621T164055Z/scratch --max-dom 3 --hours 1"
1782061179,2026-06-21T17:59:39+01:00,3140666,3140664,Sl,0,112,19.7,19446788,47373704,"python -m gpuwrf run --input-dir <DATA_ROOT>/wrf_downscale/canary_all7/run --namelist <DATA_ROOT>/wrf_downscale/canary_all7/run/namelist.input --output-dir proofs/v020/s4/fp64_d01d03_1h_thomas_20260621T164055Z/output --proof-dir proofs/v020/s4/fp64_d01d03_1h_thomas_20260621T164055Z/proofs --scratch-dir proofs/v020/s4/fp64_d01d03_1h_thomas_20260621T164055Z/scratch --max-dom 3 --hours 1"
1782061179,2026-06-21T17:59:39+01:00,3178911,3140666,R,1,99.6,1.7,1711124,1743392,"<USER_HOME>/miniconda3/lib/python3.13/site-packages/nvidia/cu13/bin/ptxas /tmp/tempfile-user-battlestation-f1546bc0ef990486-3140666-654c671eb2b3b -o /tmp/tempfile-user-battlestation-f1546bc0ef990486-3140666-654c671eb510b -arch sm_120a --warn-on-spills"
1782061181,2026-06-21T17:59:41+01:00,3140664,3140601,S,0,0.0,0.0,1736,2784,"/usr/bin/time -f wall_s=%e\nmaxrss_kib=%M -o proofs/v020/s4/fp64_d01d03_1h_thomas_20260621T164055Z/time.txt taskset -c 0-3 python -m gpuwrf run --input-dir <DATA_ROOT>/wrf_downscale/canary_all7/run --namelist <DATA_ROOT>/wrf_downscale/canary_all7/run/namelist.input --output-dir proofs/v020/s4/fp64_d01d03_1h_thomas_20260621T164055Z/output --proof-dir proofs/v020/s4/fp64_d01d03_1h_thomas_20260621T164055Z/proofs --scratch-dir proofs/v020/s4/fp64_d01d03_1h_thomas_20260621T164055Z/scratch --max-dom 3 --hours 1"
1782061181,2026-06-21T17:59:41+01:00,3140666,3140664,Sl,0,112,19.7,19446788,47373704,"python -m gpuwrf run --input-dir <DATA_ROOT>/wrf_downscale/canary_all7/run --namelist <DATA_ROOT>/wrf_downscale/canary_all7/run/namelist.input --output-dir proofs/v020/s4/fp64_d01d03_1h_thomas_20260621T164055Z/output --proof-dir proofs/v020/s4/fp64_d01d03_1h_thomas_20260621T164055Z/proofs --scratch-dir proofs/v020/s4/fp64_d01d03_1h_thomas_20260621T164055Z/scratch --max-dom 3 --hours 1"
1782061181,2026-06-21T17:59:41+01:00,3178911,3140666,R,0,99.6,1.7,1741836,1774324,"<USER_HOME>/miniconda3/lib/python3.13/site-packages/nvidia/cu13/bin/ptxas /tmp/tempfile-user-battlestation-f1546bc0ef990486-3140666-654c671eb2b3b -o /tmp/tempfile-user-battlestation-f1546bc0ef990486-3140666-654c671eb510b -arch sm_120a --warn-on-spills"
1782061183,2026-06-21T17:59:43+01:00,3140664,3140601,S,0,0.0,0.0,1736,2784,"/usr/bin/time -f wall_s=%e\nmaxrss_kib=%M -o proofs/v020/s4/fp64_d01d03_1h_thomas_20260621T164055Z/time.txt taskset -c 0-3 python -m gpuwrf run --input-dir <DATA_ROOT>/wrf_downscale/canary_all7/run --namelist <DATA_ROOT>/wrf_downscale/canary_all7/run/namelist.input --output-dir proofs/v020/s4/fp64_d01d03_1h_thomas_20260621T164055Z/output --proof-dir proofs/v020/s4/fp64_d01d03_1h_thomas_20260621T164055Z/proofs --scratch-dir proofs/v020/s4/fp64_d01d03_1h_thomas_20260621T164055Z/scratch --max-dom 3 --hours 1"
1782061183,2026-06-21T17:59:43+01:00,3140666,3140664,Sl,0,112,19.7,19446788,47373704,"python -m gpuwrf run --input-dir <DATA_ROOT>/wrf_downscale/canary_all7/run --namelist <DATA_ROOT>/wrf_downscale/canary_all7/run/namelist.input --output-dir proofs/v020/s4/fp64_d01d03_1h_thomas_20260621T164055Z/output --proof-dir proofs/v020/s4/fp64_d01d03_1h_thomas_20260621T164055Z/proofs --scratch-dir proofs/v020/s4/fp64_d01d03_1h_thomas_20260621T164055Z/scratch --max-dom 3 --hours 1"
1782061183,2026-06-21T17:59:43+01:00,3178911,3140666,R,0,99.6,1.7,1766024,1798224,"<USER_HOME>/miniconda3/lib/python3.13/site-packages/nvidia/cu13/bin/ptxas /tmp/tempfile-user-battlestation-f1546bc0ef990486-3140666-654c671eb2b3b -o /tmp/tempfile-user-battlestation-f1546bc0ef990486-3140666-654c671eb510b -arch sm_120a --warn-on-spills"
1782061185,2026-06-21T17:59:45+01:00,3140664,3140601,S,0,0.0,0.0,1736,2784,"/usr/bin/time -f wall_s=%e\nmaxrss_kib=%M -o proofs/v020/s4/fp64_d01d03_1h_thomas_20260621T164055Z/time.txt taskset -c 0-3 python -m gpuwrf run --input-dir <DATA_ROOT>/wrf_downscale/canary_all7/run --namelist <DATA_ROOT>/wrf_downscale/canary_all7/run/namelist.input --output-dir proofs/v020/s4/fp64_d01d03_1h_thomas_20260621T164055Z/output --proof-dir proofs/v020/s4/fp64_d01d03_1h_thomas_20260621T164055Z/proofs --scratch-dir proofs/v020/s4/fp64_d01d03_1h_thomas_20260621T164055Z/scratch --max-dom 3 --hours 1"
1782061185,2026-06-21T17:59:45+01:00,3140666,3140664,Sl,3,111,19.7,19446788,47373704,"python -m gpuwrf run --input-dir <DATA_ROOT>/wrf_downscale/canary_all7/run --namelist <DATA_ROOT>/wrf_downscale/canary_all7/run/namelist.input --output-dir proofs/v020/s4/fp64_d01d03_1h_thomas_20260621T164055Z/output --proof-dir proofs/v020/s4/fp64_d01d03_1h_thomas_20260621T164055Z/proofs --scratch-dir proofs/v020/s4/fp64_d01d03_1h_thomas_20260621T164055Z/scratch --max-dom 3 --hours 1"
1782061185,2026-06-21T17:59:45+01:00,3178911,3140666,R,0,99.7,1.8,1807224,1839424,"<USER_HOME>/miniconda3/lib/python3.13/site-packages/nvidia/cu13/bin/ptxas /tmp/tempfile-user-battlestation-f1546bc0ef990486-3140666-654c671eb2b3b -o /tmp/tempfile-user-battlestation-f1546bc0ef990486-3140666-654c671eb510b -arch sm_120a --warn-on-spills"
1782061187,2026-06-21T17:59:47+01:00,3140664,3140601,S,0,0.0,0.0,1736,2784,"/usr/bin/time -f wall_s=%e\nmaxrss_kib=%M -o proofs/v020/s4/fp64_d01d03_1h_thomas_20260621T164055Z/time.txt taskset -c 0-3 python -m gpuwrf run --input-dir <DATA_ROOT>/wrf_downscale/canary_all7/run --namelist <DATA_ROOT>/wrf_downscale/canary_all7/run/namelist.input --output-dir proofs/v020/s4/fp64_d01d03_1h_thomas_20260621T164055Z/output --proof-dir proofs/v020/s4/fp64_d01d03_1h_thomas_20260621T164055Z/proofs --scratch-dir proofs/v020/s4/fp64_d01d03_1h_thomas_20260621T164055Z/scratch --max-dom 3 --hours 1"
1782061187,2026-06-21T17:59:47+01:00,3140666,3140664,Sl,3,111,19.7,19446788,47373704,"python -m gpuwrf run --input-dir <DATA_ROOT>/wrf_downscale/canary_all7/run --namelist <DATA_ROOT>/wrf_downscale/canary_all7/run/namelist.input --output-dir proofs/v020/s4/fp64_d01d03_1h_thomas_20260621T164055Z/output --proof-dir proofs/v020/s4/fp64_d01d03_1h_thomas_20260621T164055Z/proofs --scratch-dir proofs/v020/s4/fp64_d01d03_1h_thomas_20260621T164055Z/scratch --max-dom 3 --hours 1"
1782061187,2026-06-21T17:59:47+01:00,3178911,3140666,R,0,99.7,1.8,1828620,1861472,"<USER_HOME>/miniconda3/lib/python3.13/site-packages/nvidia/cu13/bin/ptxas /tmp/tempfile-user-battlestation-f1546bc0ef990486-3140666-654c671eb2b3b -o /tmp/tempfile-user-battlestation-f1546bc0ef990486-3140666-654c671eb510b -arch sm_120a --warn-on-spills"
1782061189,2026-06-21T17:59:49+01:00,3140664,3140601,S,0,0.0,0.0,1736,2784,"/usr/bin/time -f wall_s=%e\nmaxrss_kib=%M -o proofs/v020/s4/fp64_d01d03_1h_thomas_20260621T164055Z/time.txt taskset -c 0-3 python -m gpuwrf run --input-dir <DATA_ROOT>/wrf_downscale/canary_all7/run --namelist <DATA_ROOT>/wrf_downscale/canary_all7/run/namelist.input --output-dir proofs/v020/s4/fp64_d01d03_1h_thomas_20260621T164055Z/output --proof-dir proofs/v020/s4/fp64_d01d03_1h_thomas_20260621T164055Z/proofs --scratch-dir proofs/v020/s4/fp64_d01d03_1h_thomas_20260621T164055Z/scratch --max-dom 3 --hours 1"
1782061189,2026-06-21T17:59:49+01:00,3140666,3140664,Sl,3,111,19.7,19446788,47373704,"python -m gpuwrf run --input-dir <DATA_ROOT>/wrf_downscale/canary_all7/run --namelist <DATA_ROOT>/wrf_downscale/canary_all7/run/namelist.input --output-dir proofs/v020/s4/fp64_d01d03_1h_thomas_20260621T164055Z/output --proof-dir proofs/v020/s4/fp64_d01d03_1h_thomas_20260621T164055Z/proofs --scratch-dir proofs/v020/s4/fp64_d01d03_1h_thomas_20260621T164055Z/scratch --max-dom 3 --hours 1"
1782061189,2026-06-21T17:59:49+01:00,3178911,3140666,R,0,99.7,1.9,1883816,1916328,"<USER_HOME>/miniconda3/lib/python3.13/site-packages/nvidia/cu13/bin/ptxas /tmp/tempfile-user-battlestation-f1546bc0ef990486-3140666-654c671eb2b3b -o /tmp/tempfile-user-battlestation-f1546bc0ef990486-3140666-654c671eb510b -arch sm_120a --warn-on-spills"
1782061192,2026-06-21T17:59:52+01:00,3140664,3140601,S,0,0.0,0.0,1736,2784,"/usr/bin/time -f wall_s=%e\nmaxrss_kib=%M -o proofs/v020/s4/fp64_d01d03_1h_thomas_20260621T164055Z/time.txt taskset -c 0-3 python -m gpuwrf run --input-dir <DATA_ROOT>/wrf_downscale/canary_all7/run --namelist <DATA_ROOT>/wrf_downscale/canary_all7/run/namelist.input --output-dir proofs/v020/s4/fp64_d01d03_1h_thomas_20260621T164055Z/output --proof-dir proofs/v020/s4/fp64_d01d03_1h_thomas_20260621T164055Z/proofs --scratch-dir proofs/v020/s4/fp64_d01d03_1h_thomas_20260621T164055Z/scratch --max-dom 3 --hours 1"
1782061192,2026-06-21T17:59:52+01:00,3140666,3140664,Sl,3,111,19.7,19446788,47373704,"python -m gpuwrf run --input-dir <DATA_ROOT>/wrf_downscale/canary_all7/run --namelist <DATA_ROOT>/wrf_downscale/canary_all7/run/namelist.input --output-dir proofs/v020/s4/fp64_d01d03_1h_thomas_20260621T164055Z/output --proof-dir proofs/v020/s4/fp64_d01d03_1h_thomas_20260621T164055Z/proofs --scratch-dir proofs/v020/s4/fp64_d01d03_1h_thomas_20260621T164055Z/scratch --max-dom 3 --hours 1"
1782061192,2026-06-21T17:59:52+01:00,3178911,3140666,R,0,99.7,1.9,1883824,1916328,"<USER_HOME>/miniconda3/lib/python3.13/site-packages/nvidia/cu13/bin/ptxas /tmp/tempfile-user-battlestation-f1546bc0ef990486-3140666-654c671eb2b3b -o /tmp/tempfile-user-battlestation-f1546bc0ef990486-3140666-654c671eb510b -arch sm_120a --warn-on-spills"
1782061194,2026-06-21T17:59:54+01:00,3140664,3140601,S,0,0.0,0.0,1736,2784,"/usr/bin/time -f wall_s=%e\nmaxrss_kib=%M -o proofs/v020/s4/fp64_d01d03_1h_thomas_20260621T164055Z/time.txt taskset -c 0-3 python -m gpuwrf run --input-dir <DATA_ROOT>/wrf_downscale/canary_all7/run --namelist <DATA_ROOT>/wrf_downscale/canary_all7/run/namelist.input --output-dir proofs/v020/s4/fp64_d01d03_1h_thomas_20260621T164055Z/output --proof-dir proofs/v020/s4/fp64_d01d03_1h_thomas_20260621T164055Z/proofs --scratch-dir proofs/v020/s4/fp64_d01d03_1h_thomas_20260621T164055Z/scratch --max-dom 3 --hours 1"
1782061194,2026-06-21T17:59:54+01:00,3140666,3140664,Sl,3,111,19.7,19446788,47373704,"python -m gpuwrf run --input-dir <DATA_ROOT>/wrf_downscale/canary_all7/run --namelist <DATA_ROOT>/wrf_downscale/canary_all7/run/namelist.input --output-dir proofs/v020/s4/fp64_d01d03_1h_thomas_20260621T164055Z/output --proof-dir proofs/v020/s4/fp64_d01d03_1h_thomas_20260621T164055Z/proofs --scratch-dir proofs/v020/s4/fp64_d01d03_1h_thomas_20260621T164055Z/scratch --max-dom 3 --hours 1"
1782061194,2026-06-21T17:59:54+01:00,3178911,3140666,R,0,99.7,1.9,1889368,1921448,"<USER_HOME>/miniconda3/lib/python3.13/site-packages/nvidia/cu13/bin/ptxas /tmp/tempfile-user-battlestation-f1546bc0ef990486-3140666-654c671eb2b3b -o /tmp/tempfile-user-battlestation-f1546bc0ef990486-3140666-654c671eb510b -arch sm_120a --warn-on-spills"
1782061196,2026-06-21T17:59:56+01:00,3140664,3140601,S,0,0.0,0.0,1736,2784,"/usr/bin/time -f wall_s=%e\nmaxrss_kib=%M -o proofs/v020/s4/fp64_d01d03_1h_thomas_20260621T164055Z/time.txt taskset -c 0-3 python -m gpuwrf run --input-dir <DATA_ROOT>/wrf_downscale/canary_all7/run --namelist <DATA_ROOT>/wrf_downscale/canary_all7/run/namelist.input --output-dir proofs/v020/s4/fp64_d01d03_1h_thomas_20260621T164055Z/output --proof-dir proofs/v020/s4/fp64_d01d03_1h_thomas_20260621T164055Z/proofs --scratch-dir proofs/v020/s4/fp64_d01d03_1h_thomas_20260621T164055Z/scratch --max-dom 3 --hours 1"
1782061196,2026-06-21T17:59:56+01:00,3140666,3140664,Sl,3,110,19.7,19446788,47373704,"python -m gpuwrf run --input-dir <DATA_ROOT>/wrf_downscale/canary_all7/run --namelist <DATA_ROOT>/wrf_downscale/canary_all7/run/namelist.input --output-dir proofs/v020/s4/fp64_d01d03_1h_thomas_20260621T164055Z/output --proof-dir proofs/v020/s4/fp64_d01d03_1h_thomas_20260621T164055Z/proofs --scratch-dir proofs/v020/s4/fp64_d01d03_1h_thomas_20260621T164055Z/scratch --max-dom 3 --hours 1"
1782061196,2026-06-21T17:59:56+01:00,3178911,3140666,R,1,99.7,1.9,1925732,1958060,"<USER_HOME>/miniconda3/lib/python3.13/site-packages/nvidia/cu13/bin/ptxas /tmp/tempfile-user-battlestation-f1546bc0ef990486-3140666-654c671eb2b3b -o /tmp/tempfile-user-battlestation-f1546bc0ef990486-3140666-654c671eb510b -arch sm_120a --warn-on-spills"
1782061198,2026-06-21T17:59:58+01:00,3140664,3140601,S,0,0.0,0.0,1736,2784,"/usr/bin/time -f wall_s=%e\nmaxrss_kib=%M -o proofs/v020/s4/fp64_d01d03_1h_thomas_20260621T164055Z/time.txt taskset -c 0-3 python -m gpuwrf run --input-dir <DATA_ROOT>/wrf_downscale/canary_all7/run --namelist <DATA_ROOT>/wrf_downscale/canary_all7/run/namelist.input --output-dir proofs/v020/s4/fp64_d01d03_1h_thomas_20260621T164055Z/output --proof-dir proofs/v020/s4/fp64_d01d03_1h_thomas_20260621T164055Z/proofs --scratch-dir proofs/v020/s4/fp64_d01d03_1h_thomas_20260621T164055Z/scratch --max-dom 3 --hours 1"
1782061198,2026-06-21T17:59:58+01:00,3140666,3140664,Sl,3,110,19.7,19446788,47373704,"python -m gpuwrf run --input-dir <DATA_ROOT>/wrf_downscale/canary_all7/run --namelist <DATA_ROOT>/wrf_downscale/canary_all7/run/namelist.input --output-dir proofs/v020/s4/fp64_d01d03_1h_thomas_20260621T164055Z/output --proof-dir proofs/v020/s4/fp64_d01d03_1h_thomas_20260621T164055Z/proofs --scratch-dir proofs/v020/s4/fp64_d01d03_1h_thomas_20260621T164055Z/scratch --max-dom 3 --hours 1"
1782061198,2026-06-21T17:59:58+01:00,3178911,3140666,R,1,99.7,1.9,1948652,1981092,"<USER_HOME>/miniconda3/lib/python3.13/site-packages/nvidia/cu13/bin/ptxas /tmp/tempfile-user-battlestation-f1546bc0ef990486-3140666-654c671eb2b3b -o /tmp/tempfile-user-battlestation-f1546bc0ef990486-3140666-654c671eb510b -arch sm_120a --warn-on-spills"
1782061200,2026-06-21T18:00:00+01:00,3140664,3140601,S,0,0.0,0.0,1736,2784,"/usr/bin/time -f wall_s=%e\nmaxrss_kib=%M -o proofs/v020/s4/fp64_d01d03_1h_thomas_20260621T164055Z/time.txt taskset -c 0-3 python -m gpuwrf run --input-dir <DATA_ROOT>/wrf_downscale/canary_all7/run --namelist <DATA_ROOT>/wrf_downscale/canary_all7/run/namelist.input --output-dir proofs/v020/s4/fp64_d01d03_1h_thomas_20260621T164055Z/output --proof-dir proofs/v020/s4/fp64_d01d03_1h_thomas_20260621T164055Z/proofs --scratch-dir proofs/v020/s4/fp64_d01d03_1h_thomas_20260621T164055Z/scratch --max-dom 3 --hours 1"
1782061200,2026-06-21T18:00:00+01:00,3140666,3140664,Sl,3,110,19.7,19446788,47373704,"python -m gpuwrf run --input-dir <DATA_ROOT>/wrf_downscale/canary_all7/run --namelist <DATA_ROOT>/wrf_downscale/canary_all7/run/namelist.input --output-dir proofs/v020/s4/fp64_d01d03_1h_thomas_20260621T164055Z/output --proof-dir proofs/v020/s4/fp64_d01d03_1h_thomas_20260621T164055Z/proofs --scratch-dir proofs/v020/s4/fp64_d01d03_1h_thomas_20260621T164055Z/scratch --max-dom 3 --hours 1"
1782061200,2026-06-21T18:00:00+01:00,3178911,3140666,R,1,99.7,1.9,1958620,1990732,"<USER_HOME>/miniconda3/lib/python3.13/site-packages/nvidia/cu13/bin/ptxas /tmp/tempfile-user-battlestation-f1546bc0ef990486-3140666-654c671eb2b3b -o /tmp/tempfile-user-battlestation-f1546bc0ef990486-3140666-654c671eb510b -arch sm_120a --warn-on-spills"
1782061202,2026-06-21T18:00:02+01:00,3140664,3140601,S,0,0.0,0.0,1736,2784,"/usr/bin/time -f wall_s=%e\nmaxrss_kib=%M -o proofs/v020/s4/fp64_d01d03_1h_thomas_20260621T164055Z/time.txt taskset -c 0-3 python -m gpuwrf run --input-dir <DATA_ROOT>/wrf_downscale/canary_all7/run --namelist <DATA_ROOT>/wrf_downscale/canary_all7/run/namelist.input --output-dir proofs/v020/s4/fp64_d01d03_1h_thomas_20260621T164055Z/output --proof-dir proofs/v020/s4/fp64_d01d03_1h_thomas_20260621T164055Z/proofs --scratch-dir proofs/v020/s4/fp64_d01d03_1h_thomas_20260621T164055Z/scratch --max-dom 3 --hours 1"
1782061202,2026-06-21T18:00:02+01:00,3140666,3140664,Sl,3,110,19.7,19446788,47373704,"python -m gpuwrf run --input-dir <DATA_ROOT>/wrf_downscale/canary_all7/run --namelist <DATA_ROOT>/wrf_downscale/canary_all7/run/namelist.input --output-dir proofs/v020/s4/fp64_d01d03_1h_thomas_20260621T164055Z/output --proof-dir proofs/v020/s4/fp64_d01d03_1h_thomas_20260621T164055Z/proofs --scratch-dir proofs/v020/s4/fp64_d01d03_1h_thomas_20260621T164055Z/scratch --max-dom 3 --hours 1"
1782061202,2026-06-21T18:00:02+01:00,3178911,3140666,R,1,99.7,2.0,1976132,2008936,"<USER_HOME>/miniconda3/lib/python3.13/site-packages/nvidia/cu13/bin/ptxas /tmp/tempfile-user-battlestation-f1546bc0ef990486-3140666-654c671eb2b3b -o /tmp/tempfile-user-battlestation-f1546bc0ef990486-3140666-654c671eb510b -arch sm_120a --warn-on-spills"
1782061204,2026-06-21T18:00:04+01:00,3140664,3140601,S,0,0.0,0.0,1736,2784,"/usr/bin/time -f wall_s=%e\nmaxrss_kib=%M -o proofs/v020/s4/fp64_d01d03_1h_thomas_20260621T164055Z/time.txt taskset -c 0-3 python -m gpuwrf run --input-dir <DATA_ROOT>/wrf_downscale/canary_all7/run --namelist <DATA_ROOT>/wrf_downscale/canary_all7/run/namelist.input --output-dir proofs/v020/s4/fp64_d01d03_1h_thomas_20260621T164055Z/output --proof-dir proofs/v020/s4/fp64_d01d03_1h_thomas_20260621T164055Z/proofs --scratch-dir proofs/v020/s4/fp64_d01d03_1h_thomas_20260621T164055Z/scratch --max-dom 3 --hours 1"
1782061204,2026-06-21T18:00:04+01:00,3140666,3140664,Sl,3,110,19.7,19446788,47373704,"python -m gpuwrf run --input-dir <DATA_ROOT>/wrf_downscale/canary_all7/run --namelist <DATA_ROOT>/wrf_downscale/canary_all7/run/namelist.input --output-dir proofs/v020/s4/fp64_d01d03_1h_thomas_20260621T164055Z/output --proof-dir proofs/v020/s4/fp64_d01d03_1h_thomas_20260621T164055Z/proofs --scratch-dir proofs/v020/s4/fp64_d01d03_1h_thomas_20260621T164055Z/scratch --max-dom 3 --hours 1"
1782061204,2026-06-21T18:00:04+01:00,3178911,3140666,R,1,99.6,2.0,2002676,2034480,"<USER_HOME>/miniconda3/lib/python3.13/site-packages/nvidia/cu13/bin/ptxas /tmp/tempfile-user-battlestation-f1546bc0ef990486-3140666-654c671eb2b3b -o /tmp/tempfile-user-battlestation-f1546bc0ef990486-3140666-654c671eb510b -arch sm_120a --warn-on-spills"
1782061206,2026-06-21T18:00:07+01:00,3140664,3140601,S,0,0.0,0.0,1736,2784,"/usr/bin/time -f wall_s=%e\nmaxrss_kib=%M -o proofs/v020/s4/fp64_d01d03_1h_thomas_20260621T164055Z/time.txt taskset -c 0-3 python -m gpuwrf run --input-dir <DATA_ROOT>/wrf_downscale/canary_all7/run --namelist <DATA_ROOT>/wrf_downscale/canary_all7/run/namelist.input --output-dir proofs/v020/s4/fp64_d01d03_1h_thomas_20260621T164055Z/output --proof-dir proofs/v020/s4/fp64_d01d03_1h_thomas_20260621T164055Z/proofs --scratch-dir proofs/v020/s4/fp64_d01d03_1h_thomas_20260621T164055Z/scratch --max-dom 3 --hours 1"
1782061206,2026-06-21T18:00:07+01:00,3140666,3140664,Sl,3,109,19.7,19446788,47373704,"python -m gpuwrf run --input-dir <DATA_ROOT>/wrf_downscale/canary_all7/run --namelist <DATA_ROOT>/wrf_downscale/canary_all7/run/namelist.input --output-dir proofs/v020/s4/fp64_d01d03_1h_thomas_20260621T164055Z/output --proof-dir proofs/v020/s4/fp64_d01d03_1h_thomas_20260621T164055Z/proofs --scratch-dir proofs/v020/s4/fp64_d01d03_1h_thomas_20260621T164055Z/scratch --max-dom 3 --hours 1"
1782061206,2026-06-21T18:00:07+01:00,3178911,3140666,R,1,99.7,2.0,2022172,2054616,"<USER_HOME>/miniconda3/lib/python3.13/site-packages/nvidia/cu13/bin/ptxas /tmp/tempfile-user-battlestation-f1546bc0ef990486-3140666-654c671eb2b3b -o /tmp/tempfile-user-battlestation-f1546bc0ef990486-3140666-654c671eb510b -arch sm_120a --warn-on-spills"
1782061209,2026-06-21T18:00:09+01:00,3140664,3140601,S,0,0.0,0.0,1736,2784,"/usr/bin/time -f wall_s=%e\nmaxrss_kib=%M -o proofs/v020/s4/fp64_d01d03_1h_thomas_20260621T164055Z/time.txt taskset -c 0-3 python -m gpuwrf run --input-dir <DATA_ROOT>/wrf_downscale/canary_all7/run --namelist <DATA_ROOT>/wrf_downscale/canary_all7/run/namelist.input --output-dir proofs/v020/s4/fp64_d01d03_1h_thomas_20260621T164055Z/output --proof-dir proofs/v020/s4/fp64_d01d03_1h_thomas_20260621T164055Z/proofs --scratch-dir proofs/v020/s4/fp64_d01d03_1h_thomas_20260621T164055Z/scratch --max-dom 3 --hours 1"
1782061209,2026-06-21T18:00:09+01:00,3140666,3140664,Sl,3,109,19.7,19446788,47373704,"python -m gpuwrf run --input-dir <DATA_ROOT>/wrf_downscale/canary_all7/run --namelist <DATA_ROOT>/wrf_downscale/canary_all7/run/namelist.input --output-dir proofs/v020/s4/fp64_d01d03_1h_thomas_20260621T164055Z/output --proof-dir proofs/v020/s4/fp64_d01d03_1h_thomas_20260621T164055Z/proofs --scratch-dir proofs/v020/s4/fp64_d01d03_1h_thomas_20260621T164055Z/scratch --max-dom 3 --hours 1"
1782061209,2026-06-21T18:00:09+01:00,3178911,3140666,R,1,99.6,2.0,2055896,2088264,"<USER_HOME>/miniconda3/lib/python3.13/site-packages/nvidia/cu13/bin/ptxas /tmp/tempfile-user-battlestation-f1546bc0ef990486-3140666-654c671eb2b3b -o /tmp/tempfile-user-battlestation-f1546bc0ef990486-3140666-654c671eb510b -arch sm_120a --warn-on-spills"
1782061211,2026-06-21T18:00:11+01:00,3140664,3140601,S,0,0.0,0.0,1736,2784,"/usr/bin/time -f wall_s=%e\nmaxrss_kib=%M -o proofs/v020/s4/fp64_d01d03_1h_thomas_20260621T164055Z/time.txt taskset -c 0-3 python -m gpuwrf run --input-dir <DATA_ROOT>/wrf_downscale/canary_all7/run --namelist <DATA_ROOT>/wrf_downscale/canary_all7/run/namelist.input --output-dir proofs/v020/s4/fp64_d01d03_1h_thomas_20260621T164055Z/output --proof-dir proofs/v020/s4/fp64_d01d03_1h_thomas_20260621T164055Z/proofs --scratch-dir proofs/v020/s4/fp64_d01d03_1h_thomas_20260621T164055Z/scratch --max-dom 3 --hours 1"
1782061211,2026-06-21T18:00:11+01:00,3140666,3140664,Sl,2,109,19.7,19446788,47373704,"python -m gpuwrf run --input-dir <DATA_ROOT>/wrf_downscale/canary_all7/run --namelist <DATA_ROOT>/wrf_downscale/canary_all7/run/namelist.input --output-dir proofs/v020/s4/fp64_d01d03_1h_thomas_20260621T164055Z/output --proof-dir proofs/v020/s4/fp64_d01d03_1h_thomas_20260621T164055Z/proofs --scratch-dir proofs/v020/s4/fp64_d01d03_1h_thomas_20260621T164055Z/scratch --max-dom 3 --hours 1"
1782061211,2026-06-21T18:00:11+01:00,3178911,3140666,R,1,99.6,2.0,2065516,2097488,"<USER_HOME>/miniconda3/lib/python3.13/site-packages/nvidia/cu13/bin/ptxas /tmp/tempfile-user-battlestation-f1546bc0ef990486-3140666-654c671eb2b3b -o /tmp/tempfile-user-battlestation-f1546bc0ef990486-3140666-654c671eb510b -arch sm_120a --warn-on-spills"
1782061213,2026-06-21T18:00:13+01:00,3140664,3140601,S,0,0.0,0.0,1736,2784,"/usr/bin/time -f wall_s=%e\nmaxrss_kib=%M -o proofs/v020/s4/fp64_d01d03_1h_thomas_20260621T164055Z/time.txt taskset -c 0-3 python -m gpuwrf run --input-dir <DATA_ROOT>/wrf_downscale/canary_all7/run --namelist <DATA_ROOT>/wrf_downscale/canary_all7/run/namelist.input --output-dir proofs/v020/s4/fp64_d01d03_1h_thomas_20260621T164055Z/output --proof-dir proofs/v020/s4/fp64_d01d03_1h_thomas_20260621T164055Z/proofs --scratch-dir proofs/v020/s4/fp64_d01d03_1h_thomas_20260621T164055Z/scratch --max-dom 3 --hours 1"
1782061213,2026-06-21T18:00:13+01:00,3140666,3140664,Sl,2,109,19.7,19446788,47373704,"python -m gpuwrf run --input-dir <DATA_ROOT>/wrf_downscale/canary_all7/run --namelist <DATA_ROOT>/wrf_downscale/canary_all7/run/namelist.input --output-dir proofs/v020/s4/fp64_d01d03_1h_thomas_20260621T164055Z/output --proof-dir proofs/v020/s4/fp64_d01d03_1h_thomas_20260621T164055Z/proofs --scratch-dir proofs/v020/s4/fp64_d01d03_1h_thomas_20260621T164055Z/scratch --max-dom 3 --hours 1"
1782061213,2026-06-21T18:00:13+01:00,3178911,3140666,R,1,99.6,2.1,2095356,2127132,"<USER_HOME>/miniconda3/lib/python3.13/site-packages/nvidia/cu13/bin/ptxas /tmp/tempfile-user-battlestation-f1546bc0ef990486-3140666-654c671eb2b3b -o /tmp/tempfile-user-battlestation-f1546bc0ef990486-3140666-654c671eb510b -arch sm_120a --warn-on-spills"
1782061215,2026-06-21T18:00:15+01:00,3140664,3140601,S,0,0.0,0.0,1736,2784,"/usr/bin/time -f wall_s=%e\nmaxrss_kib=%M -o proofs/v020/s4/fp64_d01d03_1h_thomas_20260621T164055Z/time.txt taskset -c 0-3 python -m gpuwrf run --input-dir <DATA_ROOT>/wrf_downscale/canary_all7/run --namelist <DATA_ROOT>/wrf_downscale/canary_all7/run/namelist.input --output-dir proofs/v020/s4/fp64_d01d03_1h_thomas_20260621T164055Z/output --proof-dir proofs/v020/s4/fp64_d01d03_1h_thomas_20260621T164055Z/proofs --scratch-dir proofs/v020/s4/fp64_d01d03_1h_thomas_20260621T164055Z/scratch --max-dom 3 --hours 1"
1782061215,2026-06-21T18:00:15+01:00,3140666,3140664,Sl,3,109,19.7,19446788,47373704,"python -m gpuwrf run --input-dir <DATA_ROOT>/wrf_downscale/canary_all7/run --namelist <DATA_ROOT>/wrf_downscale/canary_all7/run/namelist.input --output-dir proofs/v020/s4/fp64_d01d03_1h_thomas_20260621T164055Z/output --proof-dir proofs/v020/s4/fp64_d01d03_1h_thomas_20260621T164055Z/proofs --scratch-dir proofs/v020/s4/fp64_d01d03_1h_thomas_20260621T164055Z/scratch --max-dom 3 --hours 1"
1782061215,2026-06-21T18:00:15+01:00,3178911,3140666,R,1,99.6,2.1,2127152,2158928,"<USER_HOME>/miniconda3/lib/python3.13/site-packages/nvidia/cu13/bin/ptxas /tmp/tempfile-user-battlestation-f1546bc0ef990486-3140666-654c671eb2b3b -o /tmp/tempfile-user-battlestation-f1546bc0ef990486-3140666-654c671eb510b -arch sm_120a --warn-on-spills"
1782061217,2026-06-21T18:00:17+01:00,3140664,3140601,S,0,0.0,0.0,1736,2784,"/usr/bin/time -f wall_s=%e\nmaxrss_kib=%M -o proofs/v020/s4/fp64_d01d03_1h_thomas_20260621T164055Z/time.txt taskset -c 0-3 python -m gpuwrf run --input-dir <DATA_ROOT>/wrf_downscale/canary_all7/run --namelist <DATA_ROOT>/wrf_downscale/canary_all7/run/namelist.input --output-dir proofs/v020/s4/fp64_d01d03_1h_thomas_20260621T164055Z/output --proof-dir proofs/v020/s4/fp64_d01d03_1h_thomas_20260621T164055Z/proofs --scratch-dir proofs/v020/s4/fp64_d01d03_1h_thomas_20260621T164055Z/scratch --max-dom 3 --hours 1"
1782061217,2026-06-21T18:00:17+01:00,3140666,3140664,Sl,3,108,19.7,19446788,47373704,"python -m gpuwrf run --input-dir <DATA_ROOT>/wrf_downscale/canary_all7/run --namelist <DATA_ROOT>/wrf_downscale/canary_all7/run/namelist.input --output-dir proofs/v020/s4/fp64_d01d03_1h_thomas_20260621T164055Z/output --proof-dir proofs/v020/s4/fp64_d01d03_1h_thomas_20260621T164055Z/proofs --scratch-dir proofs/v020/s4/fp64_d01d03_1h_thomas_20260621T164055Z/scratch --max-dom 3 --hours 1"
1782061217,2026-06-21T18:00:17+01:00,3178911,3140666,R,1,99.6,2.2,2194012,2226520,"<USER_HOME>/miniconda3/lib/python3.13/site-packages/nvidia/cu13/bin/ptxas /tmp/tempfile-user-battlestation-f1546bc0ef990486-3140666-654c671eb2b3b -o /tmp/tempfile-user-battlestation-f1546bc0ef990486-3140666-654c671eb510b -arch sm_120a --warn-on-spills"
1782061220,2026-06-21T18:00:20+01:00,3140664,3140601,S,0,0.0,0.0,1736,2784,"/usr/bin/time -f wall_s=%e\nmaxrss_kib=%M -o proofs/v020/s4/fp64_d01d03_1h_thomas_20260621T164055Z/time.txt taskset -c 0-3 python -m gpuwrf run --input-dir <DATA_ROOT>/wrf_downscale/canary_all7/run --namelist <DATA_ROOT>/wrf_downscale/canary_all7/run/namelist.input --output-dir proofs/v020/s4/fp64_d01d03_1h_thomas_20260621T164055Z/output --proof-dir proofs/v020/s4/fp64_d01d03_1h_thomas_20260621T164055Z/proofs --scratch-dir proofs/v020/s4/fp64_d01d03_1h_thomas_20260621T164055Z/scratch --max-dom 3 --hours 1"
1782061220,2026-06-21T18:00:20+01:00,3140666,3140664,Sl,1,108,19.7,19446788,47373704,"python -m gpuwrf run --input-dir <DATA_ROOT>/wrf_downscale/canary_all7/run --namelist <DATA_ROOT>/wrf_downscale/canary_all7/run/namelist.input --output-dir proofs/v020/s4/fp64_d01d03_1h_thomas_20260621T164055Z/output --proof-dir proofs/v020/s4/fp64_d01d03_1h_thomas_20260621T164055Z/proofs --scratch-dir proofs/v020/s4/fp64_d01d03_1h_thomas_20260621T164055Z/scratch --max-dom 3 --hours 1"
1782061220,2026-06-21T18:00:20+01:00,3178911,3140666,R,1,99.6,2.2,2209284,2241168,"<USER_HOME>/miniconda3/lib/python3.13/site-packages/nvidia/cu13/bin/ptxas /tmp/tempfile-user-battlestation-f1546bc0ef990486-3140666-654c671eb2b3b -o /tmp/tempfile-user-battlestation-f1546bc0ef990486-3140666-654c671eb510b -arch sm_120a --warn-on-spills"
1782061223,2026-06-21T18:00:23+01:00,3140664,3140601,S,0,0.0,0.0,1736,2784,"/usr/bin/time -f wall_s=%e\nmaxrss_kib=%M -o proofs/v020/s4/fp64_d01d03_1h_thomas_20260621T164055Z/time.txt taskset -c 0-3 python -m gpuwrf run --input-dir <DATA_ROOT>/wrf_downscale/canary_all7/run --namelist <DATA_ROOT>/wrf_downscale/canary_all7/run/namelist.input --output-dir proofs/v020/s4/fp64_d01d03_1h_thomas_20260621T164055Z/output --proof-dir proofs/v020/s4/fp64_d01d03_1h_thomas_20260621T164055Z/proofs --scratch-dir proofs/v020/s4/fp64_d01d03_1h_thomas_20260621T164055Z/scratch --max-dom 3 --hours 1"
1782061223,2026-06-21T18:00:23+01:00,3140666,3140664,Sl,1,108,19.7,19446788,47373704,"python -m gpuwrf run --input-dir <DATA_ROOT>/wrf_downscale/canary_all7/run --namelist <DATA_ROOT>/wrf_downscale/canary_all7/run/namelist.input --output-dir proofs/v020/s4/fp64_d01d03_1h_thomas_20260621T164055Z/output --proof-dir proofs/v020/s4/fp64_d01d03_1h_thomas_20260621T164055Z/proofs --scratch-dir proofs/v020/s4/fp64_d01d03_1h_thomas_20260621T164055Z/scratch --max-dom 3 --hours 1"
1782061223,2026-06-21T18:00:23+01:00,3178911,3140666,R,1,99.6,2.2,2227540,2259516,"<USER_HOME>/miniconda3/lib/python3.13/site-packages/nvidia/cu13/bin/ptxas /tmp/tempfile-user-battlestation-f1546bc0ef990486-3140666-654c671eb2b3b -o /tmp/tempfile-user-battlestation-f1546bc0ef990486-3140666-654c671eb510b -arch sm_120a --warn-on-spills"
1782061225,2026-06-21T18:00:25+01:00,3140664,3140601,S,0,0.0,0.0,1736,2784,"/usr/bin/time -f wall_s=%e\nmaxrss_kib=%M -o proofs/v020/s4/fp64_d01d03_1h_thomas_20260621T164055Z/time.txt taskset -c 0-3 python -m gpuwrf run --input-dir <DATA_ROOT>/wrf_downscale/canary_all7/run --namelist <DATA_ROOT>/wrf_downscale/canary_all7/run/namelist.input --output-dir proofs/v020/s4/fp64_d01d03_1h_thomas_20260621T164055Z/output --proof-dir proofs/v020/s4/fp64_d01d03_1h_thomas_20260621T164055Z/proofs --scratch-dir proofs/v020/s4/fp64_d01d03_1h_thomas_20260621T164055Z/scratch --max-dom 3 --hours 1"
1782061225,2026-06-21T18:00:25+01:00,3140666,3140664,Sl,0,108,19.7,19446788,47373704,"python -m gpuwrf run --input-dir <DATA_ROOT>/wrf_downscale/canary_all7/run --namelist <DATA_ROOT>/wrf_downscale/canary_all7/run/namelist.input --output-dir proofs/v020/s4/fp64_d01d03_1h_thomas_20260621T164055Z/output --proof-dir proofs/v020/s4/fp64_d01d03_1h_thomas_20260621T164055Z/proofs --scratch-dir proofs/v020/s4/fp64_d01d03_1h_thomas_20260621T164055Z/scratch --max-dom 3 --hours 1"
1782061225,2026-06-21T18:00:25+01:00,3178911,3140666,R,1,99.6,2.2,2243332,2275188,"<USER_HOME>/miniconda3/lib/python3.13/site-packages/nvidia/cu13/bin/ptxas /tmp/tempfile-user-battlestation-f1546bc0ef990486-3140666-654c671eb2b3b -o /tmp/tempfile-user-battlestation-f1546bc0ef990486-3140666-654c671eb510b -arch sm_120a --warn-on-spills"
1782061229,2026-06-21T18:00:29+01:00,3140664,3140601,S,0,0.0,0.0,1736,2784,"/usr/bin/time -f wall_s=%e\nmaxrss_kib=%M -o proofs/v020/s4/fp64_d01d03_1h_thomas_20260621T164055Z/time.txt taskset -c 0-3 python -m gpuwrf run --input-dir <DATA_ROOT>/wrf_downscale/canary_all7/run --namelist <DATA_ROOT>/wrf_downscale/canary_all7/run/namelist.input --output-dir proofs/v020/s4/fp64_d01d03_1h_thomas_20260621T164055Z/output --proof-dir proofs/v020/s4/fp64_d01d03_1h_thomas_20260621T164055Z/proofs --scratch-dir proofs/v020/s4/fp64_d01d03_1h_thomas_20260621T164055Z/scratch --max-dom 3 --hours 1"
1782061229,2026-06-21T18:00:29+01:00,3140666,3140664,Sl,0,107,19.7,19426452,47373704,"python -m gpuwrf run --input-dir <DATA_ROOT>/wrf_downscale/canary_all7/run --namelist <DATA_ROOT>/wrf_downscale/canary_all7/run/namelist.input --output-dir proofs/v020/s4/fp64_d01d03_1h_thomas_20260621T164055Z/output --proof-dir proofs/v020/s4/fp64_d01d03_1h_thomas_20260621T164055Z/proofs --scratch-dir proofs/v020/s4/fp64_d01d03_1h_thomas_20260621T164055Z/scratch --max-dom 3 --hours 1"
1782061229,2026-06-21T18:00:29+01:00,3178911,3140666,R,0,96.0,2.3,2276504,2308376,"<USER_HOME>/miniconda3/lib/python3.13/site-packages/nvidia/cu13/bin/ptxas /tmp/tempfile-user-battlestation-f1546bc0ef990486-3140666-654c671eb2b3b -o /tmp/tempfile-user-battlestation-f1546bc0ef990486-3140666-654c671eb510b -arch sm_120a --warn-on-spills"
1782061232,2026-06-21T18:00:32+01:00,3140664,3140601,S,0,0.0,0.0,1736,2784,"/usr/bin/time -f wall_s=%e\nmaxrss_kib=%M -o proofs/v020/s4/fp64_d01d03_1h_thomas_20260621T164055Z/time.txt taskset -c 0-3 python -m gpuwrf run --input-dir <DATA_ROOT>/wrf_downscale/canary_all7/run --namelist <DATA_ROOT>/wrf_downscale/canary_all7/run/namelist.input --output-dir proofs/v020/s4/fp64_d01d03_1h_thomas_20260621T164055Z/output --proof-dir proofs/v020/s4/fp64_d01d03_1h_thomas_20260621T164055Z/proofs --scratch-dir proofs/v020/s4/fp64_d01d03_1h_thomas_20260621T164055Z/scratch --max-dom 3 --hours 1"
1782061232,2026-06-21T18:00:32+01:00,3140666,3140664,Sl,0,107,19.7,19426452,47373704,"python -m gpuwrf run --input-dir <DATA_ROOT>/wrf_downscale/canary_all7/run --namelist <DATA_ROOT>/wrf_downscale/canary_all7/run/namelist.input --output-dir proofs/v020/s4/fp64_d01d03_1h_thomas_20260621T164055Z/output --proof-dir proofs/v020/s4/fp64_d01d03_1h_thomas_20260621T164055Z/proofs --scratch-dir proofs/v020/s4/fp64_d01d03_1h_thomas_20260621T164055Z/scratch --max-dom 3 --hours 1"
1782061232,2026-06-21T18:00:32+01:00,3178911,3140666,R,1,95.7,2.3,2338568,2370352,"<USER_HOME>/miniconda3/lib/python3.13/site-packages/nvidia/cu13/bin/ptxas /tmp/tempfile-user-battlestation-f1546bc0ef990486-3140666-654c671eb2b3b -o /tmp/tempfile-user-battlestation-f1546bc0ef990486-3140666-654c671eb510b -arch sm_120a --warn-on-spills"
1782061236,2026-06-21T18:00:36+01:00,3140664,3140601,S,0,0.0,0.0,1736,2784,"/usr/bin/time -f wall_s=%e\nmaxrss_kib=%M -o proofs/v020/s4/fp64_d01d03_1h_thomas_20260621T164055Z/time.txt taskset -c 0-3 python -m gpuwrf run --input-dir <DATA_ROOT>/wrf_downscale/canary_all7/run --namelist <DATA_ROOT>/wrf_downscale/canary_all7/run/namelist.input --output-dir proofs/v020/s4/fp64_d01d03_1h_thomas_20260621T164055Z/output --proof-dir proofs/v020/s4/fp64_d01d03_1h_thomas_20260621T164055Z/proofs --scratch-dir proofs/v020/s4/fp64_d01d03_1h_thomas_20260621T164055Z/scratch --max-dom 3 --hours 1"
1782061236,2026-06-21T18:00:36+01:00,3140666,3140664,Sl,0,107,19.7,19426448,47373704,"python -m gpuwrf run --input-dir <DATA_ROOT>/wrf_downscale/canary_all7/run --namelist <DATA_ROOT>/wrf_downscale/canary_all7/run/namelist.input --output-dir proofs/v020/s4/fp64_d01d03_1h_thomas_20260621T164055Z/output --proof-dir proofs/v020/s4/fp64_d01d03_1h_thomas_20260621T164055Z/proofs --scratch-dir proofs/v020/s4/fp64_d01d03_1h_thomas_20260621T164055Z/scratch --max-dom 3 --hours 1"
1782061236,2026-06-21T18:00:36+01:00,3178911,3140666,R,3,95.0,2.6,2587004,2615580,"<USER_HOME>/miniconda3/lib/python3.13/site-packages/nvidia/cu13/bin/ptxas /tmp/tempfile-user-battlestation-f1546bc0ef990486-3140666-654c671eb2b3b -o /tmp/tempfile-user-battlestation-f1546bc0ef990486-3140666-654c671eb510b -arch sm_120a --warn-on-spills"
1782061238,2026-06-21T18:00:38+01:00,3140664,3140601,S,0,0.0,0.0,1736,2784,"/usr/bin/time -f wall_s=%e\nmaxrss_kib=%M -o proofs/v020/s4/fp64_d01d03_1h_thomas_20260621T164055Z/time.txt taskset -c 0-3 python -m gpuwrf run --input-dir <DATA_ROOT>/wrf_downscale/canary_all7/run --namelist <DATA_ROOT>/wrf_downscale/canary_all7/run/namelist.input --output-dir proofs/v020/s4/fp64_d01d03_1h_thomas_20260621T164055Z/output --proof-dir proofs/v020/s4/fp64_d01d03_1h_thomas_20260621T164055Z/proofs --scratch-dir proofs/v020/s4/fp64_d01d03_1h_thomas_20260621T164055Z/scratch --max-dom 3 --hours 1"
1782061238,2026-06-21T18:00:38+01:00,3140666,3140664,Sl,0,106,19.7,19426448,47373704,"python -m gpuwrf run --input-dir <DATA_ROOT>/wrf_downscale/canary_all7/run --namelist <DATA_ROOT>/wrf_downscale/canary_all7/run/namelist.input --output-dir proofs/v020/s4/fp64_d01d03_1h_thomas_20260621T164055Z/output --proof-dir proofs/v020/s4/fp64_d01d03_1h_thomas_20260621T164055Z/proofs --scratch-dir proofs/v020/s4/fp64_d01d03_1h_thomas_20260621T164055Z/scratch --max-dom 3 --hours 1"
1782061238,2026-06-21T18:00:38+01:00,3178911,3140666,R,3,95.1,2.6,2599184,2627868,"<USER_HOME>/miniconda3/lib/python3.13/site-packages/nvidia/cu13/bin/ptxas /tmp/tempfile-user-battlestation-f1546bc0ef990486-3140666-654c671eb2b3b -o /tmp/tempfile-user-battlestation-f1546bc0ef990486-3140666-654c671eb510b -arch sm_120a --warn-on-spills"
1782061240,2026-06-21T18:00:40+01:00,3140664,3140601,S,0,0.0,0.0,1736,2784,"/usr/bin/time -f wall_s=%e\nmaxrss_kib=%M -o proofs/v020/s4/fp64_d01d03_1h_thomas_20260621T164055Z/time.txt taskset -c 0-3 python -m gpuwrf run --input-dir <DATA_ROOT>/wrf_downscale/canary_all7/run --namelist <DATA_ROOT>/wrf_downscale/canary_all7/run/namelist.input --output-dir proofs/v020/s4/fp64_d01d03_1h_thomas_20260621T164055Z/output --proof-dir proofs/v020/s4/fp64_d01d03_1h_thomas_20260621T164055Z/proofs --scratch-dir proofs/v020/s4/fp64_d01d03_1h_thomas_20260621T164055Z/scratch --max-dom 3 --hours 1"
1782061240,2026-06-21T18:00:40+01:00,3140666,3140664,Sl,0,106,19.7,19426448,47373704,"python -m gpuwrf run --input-dir <DATA_ROOT>/wrf_downscale/canary_all7/run --namelist <DATA_ROOT>/wrf_downscale/canary_all7/run/namelist.input --output-dir proofs/v020/s4/fp64_d01d03_1h_thomas_20260621T164055Z/output --proof-dir proofs/v020/s4/fp64_d01d03_1h_thomas_20260621T164055Z/proofs --scratch-dir proofs/v020/s4/fp64_d01d03_1h_thomas_20260621T164055Z/scratch --max-dom 3 --hours 1"
1782061240,2026-06-21T18:00:40+01:00,3178911,3140666,R,3,95.2,2.6,2620968,2649372,"<USER_HOME>/miniconda3/lib/python3.13/site-packages/nvidia/cu13/bin/ptxas /tmp/tempfile-user-battlestation-f1546bc0ef990486-3140666-654c671eb2b3b -o /tmp/tempfile-user-battlestation-f1546bc0ef990486-3140666-654c671eb510b -arch sm_120a --warn-on-spills"
1782061242,2026-06-21T18:00:42+01:00,3140664,3140601,S,0,0.0,0.0,1736,2784,"/usr/bin/time -f wall_s=%e\nmaxrss_kib=%M -o proofs/v020/s4/fp64_d01d03_1h_thomas_20260621T164055Z/time.txt taskset -c 0-3 python -m gpuwrf run --input-dir <DATA_ROOT>/wrf_downscale/canary_all7/run --namelist <DATA_ROOT>/wrf_downscale/canary_all7/run/namelist.input --output-dir proofs/v020/s4/fp64_d01d03_1h_thomas_20260621T164055Z/output --proof-dir proofs/v020/s4/fp64_d01d03_1h_thomas_20260621T164055Z/proofs --scratch-dir proofs/v020/s4/fp64_d01d03_1h_thomas_20260621T164055Z/scratch --max-dom 3 --hours 1"
1782061242,2026-06-21T18:00:42+01:00,3140666,3140664,Rl,1,106,19.8,19550924,47514140,"python -m gpuwrf run --input-dir <DATA_ROOT>/wrf_downscale/canary_all7/run --namelist <DATA_ROOT>/wrf_downscale/canary_all7/run/namelist.input --output-dir proofs/v020/s4/fp64_d01d03_1h_thomas_20260621T164055Z/output --proof-dir proofs/v020/s4/fp64_d01d03_1h_thomas_20260621T164055Z/proofs --scratch-dir proofs/v020/s4/fp64_d01d03_1h_thomas_20260621T164055Z/scratch --max-dom 3 --hours 1"
1782061244,2026-06-21T18:00:44+01:00,3140664,3140601,S,0,0.0,0.0,1736,2784,"/usr/bin/time -f wall_s=%e\nmaxrss_kib=%M -o proofs/v020/s4/fp64_d01d03_1h_thomas_20260621T164055Z/time.txt taskset -c 0-3 python -m gpuwrf run --input-dir <DATA_ROOT>/wrf_downscale/canary_all7/run --namelist <DATA_ROOT>/wrf_downscale/canary_all7/run/namelist.input --output-dir proofs/v020/s4/fp64_d01d03_1h_thomas_20260621T164055Z/output --proof-dir proofs/v020/s4/fp64_d01d03_1h_thomas_20260621T164055Z/proofs --scratch-dir proofs/v020/s4/fp64_d01d03_1h_thomas_20260621T164055Z/scratch --max-dom 3 --hours 1"
1782061244,2026-06-21T18:00:44+01:00,3140666,3140664,Rl,1,106,19.8,19494152,47456840,"python -m gpuwrf run --input-dir <DATA_ROOT>/wrf_downscale/canary_all7/run --namelist <DATA_ROOT>/wrf_downscale/canary_all7/run/namelist.input --output-dir proofs/v020/s4/fp64_d01d03_1h_thomas_20260621T164055Z/output --proof-dir proofs/v020/s4/fp64_d01d03_1h_thomas_20260621T164055Z/proofs --scratch-dir proofs/v020/s4/fp64_d01d03_1h_thomas_20260621T164055Z/scratch --max-dom 3 --hours 1"
1782061246,2026-06-21T18:00:46+01:00,3140664,3140601,S,0,0.0,0.0,1736,2784,"/usr/bin/time -f wall_s=%e\nmaxrss_kib=%M -o proofs/v020/s4/fp64_d01d03_1h_thomas_20260621T164055Z/time.txt taskset -c 0-3 python -m gpuwrf run --input-dir <DATA_ROOT>/wrf_downscale/canary_all7/run --namelist <DATA_ROOT>/wrf_downscale/canary_all7/run/namelist.input --output-dir proofs/v020/s4/fp64_d01d03_1h_thomas_20260621T164055Z/output --proof-dir proofs/v020/s4/fp64_d01d03_1h_thomas_20260621T164055Z/proofs --scratch-dir proofs/v020/s4/fp64_d01d03_1h_thomas_20260621T164055Z/scratch --max-dom 3 --hours 1"
1782061246,2026-06-21T18:00:46+01:00,3140666,3140664,Rl,1,106,19.8,19493236,47456840,"python -m gpuwrf run --input-dir <DATA_ROOT>/wrf_downscale/canary_all7/run --namelist <DATA_ROOT>/wrf_downscale/canary_all7/run/namelist.input --output-dir proofs/v020/s4/fp64_d01d03_1h_thomas_20260621T164055Z/output --proof-dir proofs/v020/s4/fp64_d01d03_1h_thomas_20260621T164055Z/proofs --scratch-dir proofs/v020/s4/fp64_d01d03_1h_thomas_20260621T164055Z/scratch --max-dom 3 --hours 1"
1782061248,2026-06-21T18:00:48+01:00,3140664,3140601,S,0,0.0,0.0,1736,2784,"/usr/bin/time -f wall_s=%e\nmaxrss_kib=%M -o proofs/v020/s4/fp64_d01d03_1h_thomas_20260621T164055Z/time.txt taskset -c 0-3 python -m gpuwrf run --input-dir <DATA_ROOT>/wrf_downscale/canary_all7/run --namelist <DATA_ROOT>/wrf_downscale/canary_all7/run/namelist.input --output-dir proofs/v020/s4/fp64_d01d03_1h_thomas_20260621T164055Z/output --proof-dir proofs/v020/s4/fp64_d01d03_1h_thomas_20260621T164055Z/proofs --scratch-dir proofs/v020/s4/fp64_d01d03_1h_thomas_20260621T164055Z/scratch --max-dom 3 --hours 1"
1782061248,2026-06-21T18:00:48+01:00,3140666,3140664,Rl,1,106,19.8,19493256,47456840,"python -m gpuwrf run --input-dir <DATA_ROOT>/wrf_downscale/canary_all7/run --namelist <DATA_ROOT>/wrf_downscale/canary_all7/run/namelist.input --output-dir proofs/v020/s4/fp64_d01d03_1h_thomas_20260621T164055Z/output --proof-dir proofs/v020/s4/fp64_d01d03_1h_thomas_20260621T164055Z/proofs --scratch-dir proofs/v020/s4/fp64_d01d03_1h_thomas_20260621T164055Z/scratch --max-dom 3 --hours 1"
1782061250,2026-06-21T18:00:50+01:00,3140664,3140601,S,0,0.0,0.0,1736,2784,"/usr/bin/time -f wall_s=%e\nmaxrss_kib=%M -o proofs/v020/s4/fp64_d01d03_1h_thomas_20260621T164055Z/time.txt taskset -c 0-3 python -m gpuwrf run --input-dir <DATA_ROOT>/wrf_downscale/canary_all7/run --namelist <DATA_ROOT>/wrf_downscale/canary_all7/run/namelist.input --output-dir proofs/v020/s4/fp64_d01d03_1h_thomas_20260621T164055Z/output --proof-dir proofs/v020/s4/fp64_d01d03_1h_thomas_20260621T164055Z/proofs --scratch-dir proofs/v020/s4/fp64_d01d03_1h_thomas_20260621T164055Z/scratch --max-dom 3 --hours 1"
1782061250,2026-06-21T18:00:50+01:00,3140666,3140664,Rl,1,106,19.8,19505636,47467164,"python -m gpuwrf run --input-dir <DATA_ROOT>/wrf_downscale/canary_all7/run --namelist <DATA_ROOT>/wrf_downscale/canary_all7/run/namelist.input --output-dir proofs/v020/s4/fp64_d01d03_1h_thomas_20260621T164055Z/output --proof-dir proofs/v020/s4/fp64_d01d03_1h_thomas_20260621T164055Z/proofs --scratch-dir proofs/v020/s4/fp64_d01d03_1h_thomas_20260621T164055Z/scratch --max-dom 3 --hours 1"
1782061253,2026-06-21T18:00:53+01:00,3140664,3140601,S,0,0.0,0.0,1736,2784,"/usr/bin/time -f wall_s=%e\nmaxrss_kib=%M -o proofs/v020/s4/fp64_d01d03_1h_thomas_20260621T164055Z/time.txt taskset -c 0-3 python -m gpuwrf run --input-dir <DATA_ROOT>/wrf_downscale/canary_all7/run --namelist <DATA_ROOT>/wrf_downscale/canary_all7/run/namelist.input --output-dir proofs/v020/s4/fp64_d01d03_1h_thomas_20260621T164055Z/output --proof-dir proofs/v020/s4/fp64_d01d03_1h_thomas_20260621T164055Z/proofs --scratch-dir proofs/v020/s4/fp64_d01d03_1h_thomas_20260621T164055Z/scratch --max-dom 3 --hours 1"
1782061253,2026-06-21T18:00:53+01:00,3140666,3140664,Rl,1,106,19.8,19505656,47467164,"python -m gpuwrf run --input-dir <DATA_ROOT>/wrf_downscale/canary_all7/run --namelist <DATA_ROOT>/wrf_downscale/canary_all7/run/namelist.input --output-dir proofs/v020/s4/fp64_d01d03_1h_thomas_20260621T164055Z/output --proof-dir proofs/v020/s4/fp64_d01d03_1h_thomas_20260621T164055Z/proofs --scratch-dir proofs/v020/s4/fp64_d01d03_1h_thomas_20260621T164055Z/scratch --max-dom 3 --hours 1"
1782061255,2026-06-21T18:00:55+01:00,3140664,3140601,S,0,0.0,0.0,1736,2784,"/usr/bin/time -f wall_s=%e\nmaxrss_kib=%M -o proofs/v020/s4/fp64_d01d03_1h_thomas_20260621T164055Z/time.txt taskset -c 0-3 python -m gpuwrf run --input-dir <DATA_ROOT>/wrf_downscale/canary_all7/run --namelist <DATA_ROOT>/wrf_downscale/canary_all7/run/namelist.input --output-dir proofs/v020/s4/fp64_d01d03_1h_thomas_20260621T164055Z/output --proof-dir proofs/v020/s4/fp64_d01d03_1h_thomas_20260621T164055Z/proofs --scratch-dir proofs/v020/s4/fp64_d01d03_1h_thomas_20260621T164055Z/scratch --max-dom 3 --hours 1"
1782061255,2026-06-21T18:00:55+01:00,3140666,3140664,Rl,1,106,19.8,19505656,47467164,"python -m gpuwrf run --input-dir <DATA_ROOT>/wrf_downscale/canary_all7/run --namelist <DATA_ROOT>/wrf_downscale/canary_all7/run/namelist.input --output-dir proofs/v020/s4/fp64_d01d03_1h_thomas_20260621T164055Z/output --proof-dir proofs/v020/s4/fp64_d01d03_1h_thomas_20260621T164055Z/proofs --scratch-dir proofs/v020/s4/fp64_d01d03_1h_thomas_20260621T164055Z/scratch --max-dom 3 --hours 1"
1782061257,2026-06-21T18:00:57+01:00,3140664,3140601,S,0,0.0,0.0,1736,2784,"/usr/bin/time -f wall_s=%e\nmaxrss_kib=%M -o proofs/v020/s4/fp64_d01d03_1h_thomas_20260621T164055Z/time.txt taskset -c 0-3 python -m gpuwrf run --input-dir <DATA_ROOT>/wrf_downscale/canary_all7/run --namelist <DATA_ROOT>/wrf_downscale/canary_all7/run/namelist.input --output-dir proofs/v020/s4/fp64_d01d03_1h_thomas_20260621T164055Z/output --proof-dir proofs/v020/s4/fp64_d01d03_1h_thomas_20260621T164055Z/proofs --scratch-dir proofs/v020/s4/fp64_d01d03_1h_thomas_20260621T164055Z/scratch --max-dom 3 --hours 1"
1782061257,2026-06-21T18:00:57+01:00,3140666,3140664,Rl,1,106,19.8,19505656,47467164,"python -m gpuwrf run --input-dir <DATA_ROOT>/wrf_downscale/canary_all7/run --namelist <DATA_ROOT>/wrf_downscale/canary_all7/run/namelist.input --output-dir proofs/v020/s4/fp64_d01d03_1h_thomas_20260621T164055Z/output --proof-dir proofs/v020/s4/fp64_d01d03_1h_thomas_20260621T164055Z/proofs --scratch-dir proofs/v020/s4/fp64_d01d03_1h_thomas_20260621T164055Z/scratch --max-dom 3 --hours 1"
1782061259,2026-06-21T18:00:59+01:00,3140664,3140601,S,0,0.0,0.0,1736,2784,"/usr/bin/time -f wall_s=%e\nmaxrss_kib=%M -o proofs/v020/s4/fp64_d01d03_1h_thomas_20260621T164055Z/time.txt taskset -c 0-3 python -m gpuwrf run --input-dir <DATA_ROOT>/wrf_downscale/canary_all7/run --namelist <DATA_ROOT>/wrf_downscale/canary_all7/run/namelist.input --output-dir proofs/v020/s4/fp64_d01d03_1h_thomas_20260621T164055Z/output --proof-dir proofs/v020/s4/fp64_d01d03_1h_thomas_20260621T164055Z/proofs --scratch-dir proofs/v020/s4/fp64_d01d03_1h_thomas_20260621T164055Z/scratch --max-dom 3 --hours 1"
1782061259,2026-06-21T18:00:59+01:00,3140666,3140664,Rl,0,106,19.8,19505656,47467164,"python -m gpuwrf run --input-dir <DATA_ROOT>/wrf_downscale/canary_all7/run --namelist <DATA_ROOT>/wrf_downscale/canary_all7/run/namelist.input --output-dir proofs/v020/s4/fp64_d01d03_1h_thomas_20260621T164055Z/output --proof-dir proofs/v020/s4/fp64_d01d03_1h_thomas_20260621T164055Z/proofs --scratch-dir proofs/v020/s4/fp64_d01d03_1h_thomas_20260621T164055Z/scratch --max-dom 3 --hours 1"
1782061261,2026-06-21T18:01:01+01:00,3140664,3140601,S,0,0.0,0.0,1736,2784,"/usr/bin/time -f wall_s=%e\nmaxrss_kib=%M -o proofs/v020/s4/fp64_d01d03_1h_thomas_20260621T164055Z/time.txt taskset -c 0-3 python -m gpuwrf run --input-dir <DATA_ROOT>/wrf_downscale/canary_all7/run --namelist <DATA_ROOT>/wrf_downscale/canary_all7/run/namelist.input --output-dir proofs/v020/s4/fp64_d01d03_1h_thomas_20260621T164055Z/output --proof-dir proofs/v020/s4/fp64_d01d03_1h_thomas_20260621T164055Z/proofs --scratch-dir proofs/v020/s4/fp64_d01d03_1h_thomas_20260621T164055Z/scratch --max-dom 3 --hours 1"
1782061261,2026-06-21T18:01:01+01:00,3140666,3140664,Rl,0,106,19.8,19505656,47467164,"python -m gpuwrf run --input-dir <DATA_ROOT>/wrf_downscale/canary_all7/run --namelist <DATA_ROOT>/wrf_downscale/canary_all7/run/namelist.input --output-dir proofs/v020/s4/fp64_d01d03_1h_thomas_20260621T164055Z/output --proof-dir proofs/v020/s4/fp64_d01d03_1h_thomas_20260621T164055Z/proofs --scratch-dir proofs/v020/s4/fp64_d01d03_1h_thomas_20260621T164055Z/scratch --max-dom 3 --hours 1"
1782061263,2026-06-21T18:01:03+01:00,3140664,3140601,S,0,0.0,0.0,1736,2784,"/usr/bin/time -f wall_s=%e\nmaxrss_kib=%M -o proofs/v020/s4/fp64_d01d03_1h_thomas_20260621T164055Z/time.txt taskset -c 0-3 python -m gpuwrf run --input-dir <DATA_ROOT>/wrf_downscale/canary_all7/run --namelist <DATA_ROOT>/wrf_downscale/canary_all7/run/namelist.input --output-dir proofs/v020/s4/fp64_d01d03_1h_thomas_20260621T164055Z/output --proof-dir proofs/v020/s4/fp64_d01d03_1h_thomas_20260621T164055Z/proofs --scratch-dir proofs/v020/s4/fp64_d01d03_1h_thomas_20260621T164055Z/scratch --max-dom 3 --hours 1"
1782061263,2026-06-21T18:01:03+01:00,3140666,3140664,Rl,0,106,19.8,19512732,47467164,"python -m gpuwrf run --input-dir <DATA_ROOT>/wrf_downscale/canary_all7/run --namelist <DATA_ROOT>/wrf_downscale/canary_all7/run/namelist.input --output-dir proofs/v020/s4/fp64_d01d03_1h_thomas_20260621T164055Z/output --proof-dir proofs/v020/s4/fp64_d01d03_1h_thomas_20260621T164055Z/proofs --scratch-dir proofs/v020/s4/fp64_d01d03_1h_thomas_20260621T164055Z/scratch --max-dom 3 --hours 1"
1782061265,2026-06-21T18:01:05+01:00,3140664,3140601,S,0,0.0,0.0,1736,2784,"/usr/bin/time -f wall_s=%e\nmaxrss_kib=%M -o proofs/v020/s4/fp64_d01d03_1h_thomas_20260621T164055Z/time.txt taskset -c 0-3 python -m gpuwrf run --input-dir <DATA_ROOT>/wrf_downscale/canary_all7/run --namelist <DATA_ROOT>/wrf_downscale/canary_all7/run/namelist.input --output-dir proofs/v020/s4/fp64_d01d03_1h_thomas_20260621T164055Z/output --proof-dir proofs/v020/s4/fp64_d01d03_1h_thomas_20260621T164055Z/proofs --scratch-dir proofs/v020/s4/fp64_d01d03_1h_thomas_20260621T164055Z/scratch --max-dom 3 --hours 1"
1782061265,2026-06-21T18:01:05+01:00,3140666,3140664,Rl,0,106,19.8,19554204,47508636,"python -m gpuwrf run --input-dir <DATA_ROOT>/wrf_downscale/canary_all7/run --namelist <DATA_ROOT>/wrf_downscale/canary_all7/run/namelist.input --output-dir proofs/v020/s4/fp64_d01d03_1h_thomas_20260621T164055Z/output --proof-dir proofs/v020/s4/fp64_d01d03_1h_thomas_20260621T164055Z/proofs --scratch-dir proofs/v020/s4/fp64_d01d03_1h_thomas_20260621T164055Z/scratch --max-dom 3 --hours 1"
1782061267,2026-06-21T18:01:07+01:00,3140664,3140601,S,0,0.0,0.0,1736,2784,"/usr/bin/time -f wall_s=%e\nmaxrss_kib=%M -o proofs/v020/s4/fp64_d01d03_1h_thomas_20260621T164055Z/time.txt taskset -c 0-3 python -m gpuwrf run --input-dir <DATA_ROOT>/wrf_downscale/canary_all7/run --namelist <DATA_ROOT>/wrf_downscale/canary_all7/run/namelist.input --output-dir proofs/v020/s4/fp64_d01d03_1h_thomas_20260621T164055Z/output --proof-dir proofs/v020/s4/fp64_d01d03_1h_thomas_20260621T164055Z/proofs --scratch-dir proofs/v020/s4/fp64_d01d03_1h_thomas_20260621T164055Z/scratch --max-dom 3 --hours 1"
1782061267,2026-06-21T18:01:07+01:00,3140666,3140664,Rl,0,106,19.8,19554204,47508636,"python -m gpuwrf run --input-dir <DATA_ROOT>/wrf_downscale/canary_all7/run --namelist <DATA_ROOT>/wrf_downscale/canary_all7/run/namelist.input --output-dir proofs/v020/s4/fp64_d01d03_1h_thomas_20260621T164055Z/output --proof-dir proofs/v020/s4/fp64_d01d03_1h_thomas_20260621T164055Z/proofs --scratch-dir proofs/v020/s4/fp64_d01d03_1h_thomas_20260621T164055Z/scratch --max-dom 3 --hours 1"
1782061269,2026-06-21T18:01:09+01:00,3140664,3140601,S,0,0.0,0.0,1736,2784,"/usr/bin/time -f wall_s=%e\nmaxrss_kib=%M -o proofs/v020/s4/fp64_d01d03_1h_thomas_20260621T164055Z/time.txt taskset -c 0-3 python -m gpuwrf run --input-dir <DATA_ROOT>/wrf_downscale/canary_all7/run --namelist <DATA_ROOT>/wrf_downscale/canary_all7/run/namelist.input --output-dir proofs/v020/s4/fp64_d01d03_1h_thomas_20260621T164055Z/output --proof-dir proofs/v020/s4/fp64_d01d03_1h_thomas_20260621T164055Z/proofs --scratch-dir proofs/v020/s4/fp64_d01d03_1h_thomas_20260621T164055Z/scratch --max-dom 3 --hours 1"
1782061269,2026-06-21T18:01:09+01:00,3140666,3140664,Rl,0,106,19.9,19595828,47550108,"python -m gpuwrf run --input-dir <DATA_ROOT>/wrf_downscale/canary_all7/run --namelist <DATA_ROOT>/wrf_downscale/canary_all7/run/namelist.input --output-dir proofs/v020/s4/fp64_d01d03_1h_thomas_20260621T164055Z/output --proof-dir proofs/v020/s4/fp64_d01d03_1h_thomas_20260621T164055Z/proofs --scratch-dir proofs/v020/s4/fp64_d01d03_1h_thomas_20260621T164055Z/scratch --max-dom 3 --hours 1"
1782061272,2026-06-21T18:01:12+01:00,3140664,3140601,S,0,0.0,0.0,1736,2784,"/usr/bin/time -f wall_s=%e\nmaxrss_kib=%M -o proofs/v020/s4/fp64_d01d03_1h_thomas_20260621T164055Z/time.txt taskset -c 0-3 python -m gpuwrf run --input-dir <DATA_ROOT>/wrf_downscale/canary_all7/run --namelist <DATA_ROOT>/wrf_downscale/canary_all7/run/namelist.input --output-dir proofs/v020/s4/fp64_d01d03_1h_thomas_20260621T164055Z/output --proof-dir proofs/v020/s4/fp64_d01d03_1h_thomas_20260621T164055Z/proofs --scratch-dir proofs/v020/s4/fp64_d01d03_1h_thomas_20260621T164055Z/scratch --max-dom 3 --hours 1"
1782061272,2026-06-21T18:01:12+01:00,3140666,3140664,Rl,0,106,20.0,19731036,47851344,"python -m gpuwrf run --input-dir <DATA_ROOT>/wrf_downscale/canary_all7/run --namelist <DATA_ROOT>/wrf_downscale/canary_all7/run/namelist.input --output-dir proofs/v020/s4/fp64_d01d03_1h_thomas_20260621T164055Z/output --proof-dir proofs/v020/s4/fp64_d01d03_1h_thomas_20260621T164055Z/proofs --scratch-dir proofs/v020/s4/fp64_d01d03_1h_thomas_20260621T164055Z/scratch --max-dom 3 --hours 1"
1782061274,2026-06-21T18:01:14+01:00,3140664,3140601,S,0,0.0,0.0,1736,2784,"/usr/bin/time -f wall_s=%e\nmaxrss_kib=%M -o proofs/v020/s4/fp64_d01d03_1h_thomas_20260621T164055Z/time.txt taskset -c 0-3 python -m gpuwrf run --input-dir <DATA_ROOT>/wrf_downscale/canary_all7/run --namelist <DATA_ROOT>/wrf_downscale/canary_all7/run/namelist.input --output-dir proofs/v020/s4/fp64_d01d03_1h_thomas_20260621T164055Z/output --proof-dir proofs/v020/s4/fp64_d01d03_1h_thomas_20260621T164055Z/proofs --scratch-dir proofs/v020/s4/fp64_d01d03_1h_thomas_20260621T164055Z/scratch --max-dom 3 --hours 1"
1782061274,2026-06-21T18:01:14+01:00,3140666,3140664,Rl,0,106,19.7,19420472,47371764,"python -m gpuwrf run --input-dir <DATA_ROOT>/wrf_downscale/canary_all7/run --namelist <DATA_ROOT>/wrf_downscale/canary_all7/run/namelist.input --output-dir proofs/v020/s4/fp64_d01d03_1h_thomas_20260621T164055Z/output --proof-dir proofs/v020/s4/fp64_d01d03_1h_thomas_20260621T164055Z/proofs --scratch-dir proofs/v020/s4/fp64_d01d03_1h_thomas_20260621T164055Z/scratch --max-dom 3 --hours 1"
1782061276,2026-06-21T18:01:16+01:00,3140664,3140601,S,0,0.0,0.0,1736,2784,"/usr/bin/time -f wall_s=%e\nmaxrss_kib=%M -o proofs/v020/s4/fp64_d01d03_1h_thomas_20260621T164055Z/time.txt taskset -c 0-3 python -m gpuwrf run --input-dir <DATA_ROOT>/wrf_downscale/canary_all7/run --namelist <DATA_ROOT>/wrf_downscale/canary_all7/run/namelist.input --output-dir proofs/v020/s4/fp64_d01d03_1h_thomas_20260621T164055Z/output --proof-dir proofs/v020/s4/fp64_d01d03_1h_thomas_20260621T164055Z/proofs --scratch-dir proofs/v020/s4/fp64_d01d03_1h_thomas_20260621T164055Z/scratch --max-dom 3 --hours 1"
1782061276,2026-06-21T18:01:16+01:00,3140666,3140664,Rl,0,106,19.9,19598416,47549576,"python -m gpuwrf run --input-dir <DATA_ROOT>/wrf_downscale/canary_all7/run --namelist <DATA_ROOT>/wrf_downscale/canary_all7/run/namelist.input --output-dir proofs/v020/s4/fp64_d01d03_1h_thomas_20260621T164055Z/output --proof-dir proofs/v020/s4/fp64_d01d03_1h_thomas_20260621T164055Z/proofs --scratch-dir proofs/v020/s4/fp64_d01d03_1h_thomas_20260621T164055Z/scratch --max-dom 3 --hours 1"
1782061278,2026-06-21T18:01:18+01:00,3140664,3140601,S,0,0.0,0.0,1736,2784,"/usr/bin/time -f wall_s=%e\nmaxrss_kib=%M -o proofs/v020/s4/fp64_d01d03_1h_thomas_20260621T164055Z/time.txt taskset -c 0-3 python -m gpuwrf run --input-dir <DATA_ROOT>/wrf_downscale/canary_all7/run --namelist <DATA_ROOT>/wrf_downscale/canary_all7/run/namelist.input --output-dir proofs/v020/s4/fp64_d01d03_1h_thomas_20260621T164055Z/output --proof-dir proofs/v020/s4/fp64_d01d03_1h_thomas_20260621T164055Z/proofs --scratch-dir proofs/v020/s4/fp64_d01d03_1h_thomas_20260621T164055Z/scratch --max-dom 3 --hours 1"
1782061278,2026-06-21T18:01:18+01:00,3140666,3140664,Rl,0,106,20.2,19948084,47899240,"python -m gpuwrf run --input-dir <DATA_ROOT>/wrf_downscale/canary_all7/run --namelist <DATA_ROOT>/wrf_downscale/canary_all7/run/namelist.input --output-dir proofs/v020/s4/fp64_d01d03_1h_thomas_20260621T164055Z/output --proof-dir proofs/v020/s4/fp64_d01d03_1h_thomas_20260621T164055Z/proofs --scratch-dir proofs/v020/s4/fp64_d01d03_1h_thomas_20260621T164055Z/scratch --max-dom 3 --hours 1"
1782061280,2026-06-21T18:01:20+01:00,3140664,3140601,S,0,0.0,0.0,1736,2784,"/usr/bin/time -f wall_s=%e\nmaxrss_kib=%M -o proofs/v020/s4/fp64_d01d03_1h_thomas_20260621T164055Z/time.txt taskset -c 0-3 python -m gpuwrf run --input-dir <DATA_ROOT>/wrf_downscale/canary_all7/run --namelist <DATA_ROOT>/wrf_downscale/canary_all7/run/namelist.input --output-dir proofs/v020/s4/fp64_d01d03_1h_thomas_20260621T164055Z/output --proof-dir proofs/v020/s4/fp64_d01d03_1h_thomas_20260621T164055Z/proofs --scratch-dir proofs/v020/s4/fp64_d01d03_1h_thomas_20260621T164055Z/scratch --max-dom 3 --hours 1"
1782061280,2026-06-21T18:01:20+01:00,3140666,3140664,Rl,0,106,20.8,20501564,48844040,"python -m gpuwrf run --input-dir <DATA_ROOT>/wrf_downscale/canary_all7/run --namelist <DATA_ROOT>/wrf_downscale/canary_all7/run/namelist.input --output-dir proofs/v020/s4/fp64_d01d03_1h_thomas_20260621T164055Z/output --proof-dir proofs/v020/s4/fp64_d01d03_1h_thomas_20260621T164055Z/proofs --scratch-dir proofs/v020/s4/fp64_d01d03_1h_thomas_20260621T164055Z/scratch --max-dom 3 --hours 1"
1782061282,2026-06-21T18:01:22+01:00,3140664,3140601,S,0,0.0,0.0,1736,2784,"/usr/bin/time -f wall_s=%e\nmaxrss_kib=%M -o proofs/v020/s4/fp64_d01d03_1h_thomas_20260621T164055Z/time.txt taskset -c 0-3 python -m gpuwrf run --input-dir <DATA_ROOT>/wrf_downscale/canary_all7/run --namelist <DATA_ROOT>/wrf_downscale/canary_all7/run/namelist.input --output-dir proofs/v020/s4/fp64_d01d03_1h_thomas_20260621T164055Z/output --proof-dir proofs/v020/s4/fp64_d01d03_1h_thomas_20260621T164055Z/proofs --scratch-dir proofs/v020/s4/fp64_d01d03_1h_thomas_20260621T164055Z/scratch --max-dom 3 --hours 1"
1782061282,2026-06-21T18:01:22+01:00,3140666,3140664,Dl,2,106,19.8,19509268,47457884,"python -m gpuwrf run --input-dir <DATA_ROOT>/wrf_downscale/canary_all7/run --namelist <DATA_ROOT>/wrf_downscale/canary_all7/run/namelist.input --output-dir proofs/v020/s4/fp64_d01d03_1h_thomas_20260621T164055Z/output --proof-dir proofs/v020/s4/fp64_d01d03_1h_thomas_20260621T164055Z/proofs --scratch-dir proofs/v020/s4/fp64_d01d03_1h_thomas_20260621T164055Z/scratch --max-dom 3 --hours 1"
1782061284,2026-06-21T18:01:24+01:00,3140664,3140601,S,0,0.0,0.0,1736,2784,"/usr/bin/time -f wall_s=%e\nmaxrss_kib=%M -o proofs/v020/s4/fp64_d01d03_1h_thomas_20260621T164055Z/time.txt taskset -c 0-3 python -m gpuwrf run --input-dir <DATA_ROOT>/wrf_downscale/canary_all7/run --namelist <DATA_ROOT>/wrf_downscale/canary_all7/run/namelist.input --output-dir proofs/v020/s4/fp64_d01d03_1h_thomas_20260621T164055Z/output --proof-dir proofs/v020/s4/fp64_d01d03_1h_thomas_20260621T164055Z/proofs --scratch-dir proofs/v020/s4/fp64_d01d03_1h_thomas_20260621T164055Z/scratch --max-dom 3 --hours 1"
1782061284,2026-06-21T18:01:24+01:00,3140666,3140664,Rl,3,106,19.8,19509456,47457900,"python -m gpuwrf run --input-dir <DATA_ROOT>/wrf_downscale/canary_all7/run --namelist <DATA_ROOT>/wrf_downscale/canary_all7/run/namelist.input --output-dir proofs/v020/s4/fp64_d01d03_1h_thomas_20260621T164055Z/output --proof-dir proofs/v020/s4/fp64_d01d03_1h_thomas_20260621T164055Z/proofs --scratch-dir proofs/v020/s4/fp64_d01d03_1h_thomas_20260621T164055Z/scratch --max-dom 3 --hours 1"
1782061286,2026-06-21T18:01:26+01:00,3140664,3140601,S,0,0.0,0.0,1736,2784,"/usr/bin/time -f wall_s=%e\nmaxrss_kib=%M -o proofs/v020/s4/fp64_d01d03_1h_thomas_20260621T164055Z/time.txt taskset -c 0-3 python -m gpuwrf run --input-dir <DATA_ROOT>/wrf_downscale/canary_all7/run --namelist <DATA_ROOT>/wrf_downscale/canary_all7/run/namelist.input --output-dir proofs/v020/s4/fp64_d01d03_1h_thomas_20260621T164055Z/output --proof-dir proofs/v020/s4/fp64_d01d03_1h_thomas_20260621T164055Z/proofs --scratch-dir proofs/v020/s4/fp64_d01d03_1h_thomas_20260621T164055Z/scratch --max-dom 3 --hours 1"
1782061286,2026-06-21T18:01:26+01:00,3140666,3140664,Rl,3,106,19.8,19510280,47457900,"python -m gpuwrf run --input-dir <DATA_ROOT>/wrf_downscale/canary_all7/run --namelist <DATA_ROOT>/wrf_downscale/canary_all7/run/namelist.input --output-dir proofs/v020/s4/fp64_d01d03_1h_thomas_20260621T164055Z/output --proof-dir proofs/v020/s4/fp64_d01d03_1h_thomas_20260621T164055Z/proofs --scratch-dir proofs/v020/s4/fp64_d01d03_1h_thomas_20260621T164055Z/scratch --max-dom 3 --hours 1"
1782061288,2026-06-21T18:01:28+01:00,3140664,3140601,S,0,0.0,0.0,1736,2784,"/usr/bin/time -f wall_s=%e\nmaxrss_kib=%M -o proofs/v020/s4/fp64_d01d03_1h_thomas_20260621T164055Z/time.txt taskset -c 0-3 python -m gpuwrf run --input-dir <DATA_ROOT>/wrf_downscale/canary_all7/run --namelist <DATA_ROOT>/wrf_downscale/canary_all7/run/namelist.input --output-dir proofs/v020/s4/fp64_d01d03_1h_thomas_20260621T164055Z/output --proof-dir proofs/v020/s4/fp64_d01d03_1h_thomas_20260621T164055Z/proofs --scratch-dir proofs/v020/s4/fp64_d01d03_1h_thomas_20260621T164055Z/scratch --max-dom 3 --hours 1"
1782061288,2026-06-21T18:01:28+01:00,3140666,3140664,Rl,3,106,19.8,19510376,47458940,"python -m gpuwrf run --input-dir <DATA_ROOT>/wrf_downscale/canary_all7/run --namelist <DATA_ROOT>/wrf_downscale/canary_all7/run/namelist.input --output-dir proofs/v020/s4/fp64_d01d03_1h_thomas_20260621T164055Z/output --proof-dir proofs/v020/s4/fp64_d01d03_1h_thomas_20260621T164055Z/proofs --scratch-dir proofs/v020/s4/fp64_d01d03_1h_thomas_20260621T164055Z/scratch --max-dom 3 --hours 1"
1782061291,2026-06-21T18:01:31+01:00,3140664,3140601,S,0,0.0,0.0,1736,2784,"/usr/bin/time -f wall_s=%e\nmaxrss_kib=%M -o proofs/v020/s4/fp64_d01d03_1h_thomas_20260621T164055Z/time.txt taskset -c 0-3 python -m gpuwrf run --input-dir <DATA_ROOT>/wrf_downscale/canary_all7/run --namelist <DATA_ROOT>/wrf_downscale/canary_all7/run/namelist.input --output-dir proofs/v020/s4/fp64_d01d03_1h_thomas_20260621T164055Z/output --proof-dir proofs/v020/s4/fp64_d01d03_1h_thomas_20260621T164055Z/proofs --scratch-dir proofs/v020/s4/fp64_d01d03_1h_thomas_20260621T164055Z/scratch --max-dom 3 --hours 1"
1782061291,2026-06-21T18:01:31+01:00,3140666,3140664,Rl,3,106,19.8,19511000,47458908,"python -m gpuwrf run --input-dir <DATA_ROOT>/wrf_downscale/canary_all7/run --namelist <DATA_ROOT>/wrf_downscale/canary_all7/run/namelist.input --output-dir proofs/v020/s4/fp64_d01d03_1h_thomas_20260621T164055Z/output --proof-dir proofs/v020/s4/fp64_d01d03_1h_thomas_20260621T164055Z/proofs --scratch-dir proofs/v020/s4/fp64_d01d03_1h_thomas_20260621T164055Z/scratch --max-dom 3 --hours 1"
1782061293,2026-06-21T18:01:33+01:00,3140664,3140601,S,0,0.0,0.0,1736,2784,"/usr/bin/time -f wall_s=%e\nmaxrss_kib=%M -o proofs/v020/s4/fp64_d01d03_1h_thomas_20260621T164055Z/time.txt taskset -c 0-3 python -m gpuwrf run --input-dir <DATA_ROOT>/wrf_downscale/canary_all7/run --namelist <DATA_ROOT>/wrf_downscale/canary_all7/run/namelist.input --output-dir proofs/v020/s4/fp64_d01d03_1h_thomas_20260621T164055Z/output --proof-dir proofs/v020/s4/fp64_d01d03_1h_thomas_20260621T164055Z/proofs --scratch-dir proofs/v020/s4/fp64_d01d03_1h_thomas_20260621T164055Z/scratch --max-dom 3 --hours 1"
1782061293,2026-06-21T18:01:33+01:00,3140666,3140664,Rl,0,106,19.8,19511084,47458908,"python -m gpuwrf run --input-dir <DATA_ROOT>/wrf_downscale/canary_all7/run --namelist <DATA_ROOT>/wrf_downscale/canary_all7/run/namelist.input --output-dir proofs/v020/s4/fp64_d01d03_1h_thomas_20260621T164055Z/output --proof-dir proofs/v020/s4/fp64_d01d03_1h_thomas_20260621T164055Z/proofs --scratch-dir proofs/v020/s4/fp64_d01d03_1h_thomas_20260621T164055Z/scratch --max-dom 3 --hours 1"
1782061295,2026-06-21T18:01:35+01:00,3140664,3140601,S,0,0.0,0.0,1736,2784,"/usr/bin/time -f wall_s=%e\nmaxrss_kib=%M -o proofs/v020/s4/fp64_d01d03_1h_thomas_20260621T164055Z/time.txt taskset -c 0-3 python -m gpuwrf run --input-dir <DATA_ROOT>/wrf_downscale/canary_all7/run --namelist <DATA_ROOT>/wrf_downscale/canary_all7/run/namelist.input --output-dir proofs/v020/s4/fp64_d01d03_1h_thomas_20260621T164055Z/output --proof-dir proofs/v020/s4/fp64_d01d03_1h_thomas_20260621T164055Z/proofs --scratch-dir proofs/v020/s4/fp64_d01d03_1h_thomas_20260621T164055Z/scratch --max-dom 3 --hours 1"
1782061295,2026-06-21T18:01:35+01:00,3140666,3140664,Rl,0,106,21.3,20981524,48929248,"python -m gpuwrf run --input-dir <DATA_ROOT>/wrf_downscale/canary_all7/run --namelist <DATA_ROOT>/wrf_downscale/canary_all7/run/namelist.input --output-dir proofs/v020/s4/fp64_d01d03_1h_thomas_20260621T164055Z/output --proof-dir proofs/v020/s4/fp64_d01d03_1h_thomas_20260621T164055Z/proofs --scratch-dir proofs/v020/s4/fp64_d01d03_1h_thomas_20260621T164055Z/scratch --max-dom 3 --hours 1"
1782061297,2026-06-21T18:01:37+01:00,3140664,3140601,S,0,0.0,0.0,1736,2784,"/usr/bin/time -f wall_s=%e\nmaxrss_kib=%M -o proofs/v020/s4/fp64_d01d03_1h_thomas_20260621T164055Z/time.txt taskset -c 0-3 python -m gpuwrf run --input-dir <DATA_ROOT>/wrf_downscale/canary_all7/run --namelist <DATA_ROOT>/wrf_downscale/canary_all7/run/namelist.input --output-dir proofs/v020/s4/fp64_d01d03_1h_thomas_20260621T164055Z/output --proof-dir proofs/v020/s4/fp64_d01d03_1h_thomas_20260621T164055Z/proofs --scratch-dir proofs/v020/s4/fp64_d01d03_1h_thomas_20260621T164055Z/scratch --max-dom 3 --hours 1"
1782061297,2026-06-21T18:01:37+01:00,3140666,3140664,Rl,0,106,21.7,21410720,49358284,"python -m gpuwrf run --input-dir <DATA_ROOT>/wrf_downscale/canary_all7/run --namelist <DATA_ROOT>/wrf_downscale/canary_all7/run/namelist.input --output-dir proofs/v020/s4/fp64_d01d03_1h_thomas_20260621T164055Z/output --proof-dir proofs/v020/s4/fp64_d01d03_1h_thomas_20260621T164055Z/proofs --scratch-dir proofs/v020/s4/fp64_d01d03_1h_thomas_20260621T164055Z/scratch --max-dom 3 --hours 1"
1782061299,2026-06-21T18:01:39+01:00,3140664,3140601,S,0,0.0,0.0,1736,2784,"/usr/bin/time -f wall_s=%e\nmaxrss_kib=%M -o proofs/v020/s4/fp64_d01d03_1h_thomas_20260621T164055Z/time.txt taskset -c 0-3 python -m gpuwrf run --input-dir <DATA_ROOT>/wrf_downscale/canary_all7/run --namelist <DATA_ROOT>/wrf_downscale/canary_all7/run/namelist.input --output-dir proofs/v020/s4/fp64_d01d03_1h_thomas_20260621T164055Z/output --proof-dir proofs/v020/s4/fp64_d01d03_1h_thomas_20260621T164055Z/proofs --scratch-dir proofs/v020/s4/fp64_d01d03_1h_thomas_20260621T164055Z/scratch --max-dom 3 --hours 1"
1782061299,2026-06-21T18:01:39+01:00,3140666,3140664,Rl,0,106,21.9,21562868,49510240,"python -m gpuwrf run --input-dir <DATA_ROOT>/wrf_downscale/canary_all7/run --namelist <DATA_ROOT>/wrf_downscale/canary_all7/run/namelist.input --output-dir proofs/v020/s4/fp64_d01d03_1h_thomas_20260621T164055Z/output --proof-dir proofs/v020/s4/fp64_d01d03_1h_thomas_20260621T164055Z/proofs --scratch-dir proofs/v020/s4/fp64_d01d03_1h_thomas_20260621T164055Z/scratch --max-dom 3 --hours 1"
1782061301,2026-06-21T18:01:41+01:00,3140664,3140601,S,0,0.0,0.0,1736,2784,"/usr/bin/time -f wall_s=%e\nmaxrss_kib=%M -o proofs/v020/s4/fp64_d01d03_1h_thomas_20260621T164055Z/time.txt taskset -c 0-3 python -m gpuwrf run --input-dir <DATA_ROOT>/wrf_downscale/canary_all7/run --namelist <DATA_ROOT>/wrf_downscale/canary_all7/run/namelist.input --output-dir proofs/v020/s4/fp64_d01d03_1h_thomas_20260621T164055Z/output --proof-dir proofs/v020/s4/fp64_d01d03_1h_thomas_20260621T164055Z/proofs --scratch-dir proofs/v020/s4/fp64_d01d03_1h_thomas_20260621T164055Z/scratch --max-dom 3 --hours 1"
1782061301,2026-06-21T18:01:41+01:00,3140666,3140664,Rl,0,106,22.0,21725664,49672948,"python -m gpuwrf run --input-dir <DATA_ROOT>/wrf_downscale/canary_all7/run --namelist <DATA_ROOT>/wrf_downscale/canary_all7/run/namelist.input --output-dir proofs/v020/s4/fp64_d01d03_1h_thomas_20260621T164055Z/output --proof-dir proofs/v020/s4/fp64_d01d03_1h_thomas_20260621T164055Z/proofs --scratch-dir proofs/v020/s4/fp64_d01d03_1h_thomas_20260621T164055Z/scratch --max-dom 3 --hours 1"
1782061303,2026-06-21T18:01:43+01:00,3140664,3140601,S,0,0.0,0.0,1736,2784,"/usr/bin/time -f wall_s=%e\nmaxrss_kib=%M -o proofs/v020/s4/fp64_d01d03_1h_thomas_20260621T164055Z/time.txt taskset -c 0-3 python -m gpuwrf run --input-dir <DATA_ROOT>/wrf_downscale/canary_all7/run --namelist <DATA_ROOT>/wrf_downscale/canary_all7/run/namelist.input --output-dir proofs/v020/s4/fp64_d01d03_1h_thomas_20260621T164055Z/output --proof-dir proofs/v020/s4/fp64_d01d03_1h_thomas_20260621T164055Z/proofs --scratch-dir proofs/v020/s4/fp64_d01d03_1h_thomas_20260621T164055Z/scratch --max-dom 3 --hours 1"
1782061303,2026-06-21T18:01:43+01:00,3140666,3140664,Dl,1,106,22.1,21804100,49748184,"python -m gpuwrf run --input-dir <DATA_ROOT>/wrf_downscale/canary_all7/run --namelist <DATA_ROOT>/wrf_downscale/canary_all7/run/namelist.input --output-dir proofs/v020/s4/fp64_d01d03_1h_thomas_20260621T164055Z/output --proof-dir proofs/v020/s4/fp64_d01d03_1h_thomas_20260621T164055Z/proofs --scratch-dir proofs/v020/s4/fp64_d01d03_1h_thomas_20260621T164055Z/scratch --max-dom 3 --hours 1"
1782061305,2026-06-21T18:01:45+01:00,3140664,3140601,S,0,0.0,0.0,1736,2784,"/usr/bin/time -f wall_s=%e\nmaxrss_kib=%M -o proofs/v020/s4/fp64_d01d03_1h_thomas_20260621T164055Z/time.txt taskset -c 0-3 python -m gpuwrf run --input-dir <DATA_ROOT>/wrf_downscale/canary_all7/run --namelist <DATA_ROOT>/wrf_downscale/canary_all7/run/namelist.input --output-dir proofs/v020/s4/fp64_d01d03_1h_thomas_20260621T164055Z/output --proof-dir proofs/v020/s4/fp64_d01d03_1h_thomas_20260621T164055Z/proofs --scratch-dir proofs/v020/s4/fp64_d01d03_1h_thomas_20260621T164055Z/scratch --max-dom 3 --hours 1"
1782061305,2026-06-21T18:01:45+01:00,3140666,3140664,Rl,3,106,22.1,21807360,49748184,"python -m gpuwrf run --input-dir <DATA_ROOT>/wrf_downscale/canary_all7/run --namelist <DATA_ROOT>/wrf_downscale/canary_all7/run/namelist.input --output-dir proofs/v020/s4/fp64_d01d03_1h_thomas_20260621T164055Z/output --proof-dir proofs/v020/s4/fp64_d01d03_1h_thomas_20260621T164055Z/proofs --scratch-dir proofs/v020/s4/fp64_d01d03_1h_thomas_20260621T164055Z/scratch --max-dom 3 --hours 1"
1782061307,2026-06-21T18:01:47+01:00,3140664,3140601,S,0,0.0,0.0,1736,2784,"/usr/bin/time -f wall_s=%e\nmaxrss_kib=%M -o proofs/v020/s4/fp64_d01d03_1h_thomas_20260621T164055Z/time.txt taskset -c 0-3 python -m gpuwrf run --input-dir <DATA_ROOT>/wrf_downscale/canary_all7/run --namelist <DATA_ROOT>/wrf_downscale/canary_all7/run/namelist.input --output-dir proofs/v020/s4/fp64_d01d03_1h_thomas_20260621T164055Z/output --proof-dir proofs/v020/s4/fp64_d01d03_1h_thomas_20260621T164055Z/proofs --scratch-dir proofs/v020/s4/fp64_d01d03_1h_thomas_20260621T164055Z/scratch --max-dom 3 --hours 1"
1782061307,2026-06-21T18:01:47+01:00,3140666,3140664,Rl,3,106,22.1,21807384,49748184,"python -m gpuwrf run --input-dir <DATA_ROOT>/wrf_downscale/canary_all7/run --namelist <DATA_ROOT>/wrf_downscale/canary_all7/run/namelist.input --output-dir proofs/v020/s4/fp64_d01d03_1h_thomas_20260621T164055Z/output --proof-dir proofs/v020/s4/fp64_d01d03_1h_thomas_20260621T164055Z/proofs --scratch-dir proofs/v020/s4/fp64_d01d03_1h_thomas_20260621T164055Z/scratch --max-dom 3 --hours 1"
1782061310,2026-06-21T18:01:50+01:00,3140664,3140601,S,0,0.0,0.0,1736,2784,"/usr/bin/time -f wall_s=%e\nmaxrss_kib=%M -o proofs/v020/s4/fp64_d01d03_1h_thomas_20260621T164055Z/time.txt taskset -c 0-3 python -m gpuwrf run --input-dir <DATA_ROOT>/wrf_downscale/canary_all7/run --namelist <DATA_ROOT>/wrf_downscale/canary_all7/run/namelist.input --output-dir proofs/v020/s4/fp64_d01d03_1h_thomas_20260621T164055Z/output --proof-dir proofs/v020/s4/fp64_d01d03_1h_thomas_20260621T164055Z/proofs --scratch-dir proofs/v020/s4/fp64_d01d03_1h_thomas_20260621T164055Z/scratch --max-dom 3 --hours 1"
1782061310,2026-06-21T18:01:50+01:00,3140666,3140664,Rl,3,106,22.1,21807388,49748184,"python -m gpuwrf run --input-dir <DATA_ROOT>/wrf_downscale/canary_all7/run --namelist <DATA_ROOT>/wrf_downscale/canary_all7/run/namelist.input --output-dir proofs/v020/s4/fp64_d01d03_1h_thomas_20260621T164055Z/output --proof-dir proofs/v020/s4/fp64_d01d03_1h_thomas_20260621T164055Z/proofs --scratch-dir proofs/v020/s4/fp64_d01d03_1h_thomas_20260621T164055Z/scratch --max-dom 3 --hours 1"
1782061312,2026-06-21T18:01:52+01:00,3140664,3140601,S,0,0.0,0.0,1736,2784,"/usr/bin/time -f wall_s=%e\nmaxrss_kib=%M -o proofs/v020/s4/fp64_d01d03_1h_thomas_20260621T164055Z/time.txt taskset -c 0-3 python -m gpuwrf run --input-dir <DATA_ROOT>/wrf_downscale/canary_all7/run --namelist <DATA_ROOT>/wrf_downscale/canary_all7/run/namelist.input --output-dir proofs/v020/s4/fp64_d01d03_1h_thomas_20260621T164055Z/output --proof-dir proofs/v020/s4/fp64_d01d03_1h_thomas_20260621T164055Z/proofs --scratch-dir proofs/v020/s4/fp64_d01d03_1h_thomas_20260621T164055Z/scratch --max-dom 3 --hours 1"
1782061312,2026-06-21T18:01:52+01:00,3140666,3140664,Rl,3,106,22.3,21947840,49888620,"python -m gpuwrf run --input-dir <DATA_ROOT>/wrf_downscale/canary_all7/run --namelist <DATA_ROOT>/wrf_downscale/canary_all7/run/namelist.input --output-dir proofs/v020/s4/fp64_d01d03_1h_thomas_20260621T164055Z/output --proof-dir proofs/v020/s4/fp64_d01d03_1h_thomas_20260621T164055Z/proofs --scratch-dir proofs/v020/s4/fp64_d01d03_1h_thomas_20260621T164055Z/scratch --max-dom 3 --hours 1"
1782061314,2026-06-21T18:01:54+01:00,3140664,3140601,S,0,0.0,0.0,1736,2784,"/usr/bin/time -f wall_s=%e\nmaxrss_kib=%M -o proofs/v020/s4/fp64_d01d03_1h_thomas_20260621T164055Z/time.txt taskset -c 0-3 python -m gpuwrf run --input-dir <DATA_ROOT>/wrf_downscale/canary_all7/run --namelist <DATA_ROOT>/wrf_downscale/canary_all7/run/namelist.input --output-dir proofs/v020/s4/fp64_d01d03_1h_thomas_20260621T164055Z/output --proof-dir proofs/v020/s4/fp64_d01d03_1h_thomas_20260621T164055Z/proofs --scratch-dir proofs/v020/s4/fp64_d01d03_1h_thomas_20260621T164055Z/scratch --max-dom 3 --hours 1"
1782061314,2026-06-21T18:01:54+01:00,3140666,3140664,Rl,3,106,22.3,21947856,49888620,"python -m gpuwrf run --input-dir <DATA_ROOT>/wrf_downscale/canary_all7/run --namelist <DATA_ROOT>/wrf_downscale/canary_all7/run/namelist.input --output-dir proofs/v020/s4/fp64_d01d03_1h_thomas_20260621T164055Z/output --proof-dir proofs/v020/s4/fp64_d01d03_1h_thomas_20260621T164055Z/proofs --scratch-dir proofs/v020/s4/fp64_d01d03_1h_thomas_20260621T164055Z/scratch --max-dom 3 --hours 1"
1782061316,2026-06-21T18:01:56+01:00,3140664,3140601,S,0,0.0,0.0,1736,2784,"/usr/bin/time -f wall_s=%e\nmaxrss_kib=%M -o proofs/v020/s4/fp64_d01d03_1h_thomas_20260621T164055Z/time.txt taskset -c 0-3 python -m gpuwrf run --input-dir <DATA_ROOT>/wrf_downscale/canary_all7/run --namelist <DATA_ROOT>/wrf_downscale/canary_all7/run/namelist.input --output-dir proofs/v020/s4/fp64_d01d03_1h_thomas_20260621T164055Z/output --proof-dir proofs/v020/s4/fp64_d01d03_1h_thomas_20260621T164055Z/proofs --scratch-dir proofs/v020/s4/fp64_d01d03_1h_thomas_20260621T164055Z/scratch --max-dom 3 --hours 1"
1782061316,2026-06-21T18:01:56+01:00,3140666,3140664,Rl,3,106,22.3,21947856,49888620,"python -m gpuwrf run --input-dir <DATA_ROOT>/wrf_downscale/canary_all7/run --namelist <DATA_ROOT>/wrf_downscale/canary_all7/run/namelist.input --output-dir proofs/v020/s4/fp64_d01d03_1h_thomas_20260621T164055Z/output --proof-dir proofs/v020/s4/fp64_d01d03_1h_thomas_20260621T164055Z/proofs --scratch-dir proofs/v020/s4/fp64_d01d03_1h_thomas_20260621T164055Z/scratch --max-dom 3 --hours 1"
1782061318,2026-06-21T18:01:58+01:00,3140664,3140601,S,0,0.0,0.0,1736,2784,"/usr/bin/time -f wall_s=%e\nmaxrss_kib=%M -o proofs/v020/s4/fp64_d01d03_1h_thomas_20260621T164055Z/time.txt taskset -c 0-3 python -m gpuwrf run --input-dir <DATA_ROOT>/wrf_downscale/canary_all7/run --namelist <DATA_ROOT>/wrf_downscale/canary_all7/run/namelist.input --output-dir proofs/v020/s4/fp64_d01d03_1h_thomas_20260621T164055Z/output --proof-dir proofs/v020/s4/fp64_d01d03_1h_thomas_20260621T164055Z/proofs --scratch-dir proofs/v020/s4/fp64_d01d03_1h_thomas_20260621T164055Z/scratch --max-dom 3 --hours 1"
1782061318,2026-06-21T18:01:58+01:00,3140666,3140664,Rl,3,106,22.3,21947856,49888620,"python -m gpuwrf run --input-dir <DATA_ROOT>/wrf_downscale/canary_all7/run --namelist <DATA_ROOT>/wrf_downscale/canary_all7/run/namelist.input --output-dir proofs/v020/s4/fp64_d01d03_1h_thomas_20260621T164055Z/output --proof-dir proofs/v020/s4/fp64_d01d03_1h_thomas_20260621T164055Z/proofs --scratch-dir proofs/v020/s4/fp64_d01d03_1h_thomas_20260621T164055Z/scratch --max-dom 3 --hours 1"
1782061320,2026-06-21T18:02:00+01:00,3140664,3140601,S,0,0.0,0.0,1736,2784,"/usr/bin/time -f wall_s=%e\nmaxrss_kib=%M -o proofs/v020/s4/fp64_d01d03_1h_thomas_20260621T164055Z/time.txt taskset -c 0-3 python -m gpuwrf run --input-dir <DATA_ROOT>/wrf_downscale/canary_all7/run --namelist <DATA_ROOT>/wrf_downscale/canary_all7/run/namelist.input --output-dir proofs/v020/s4/fp64_d01d03_1h_thomas_20260621T164055Z/output --proof-dir proofs/v020/s4/fp64_d01d03_1h_thomas_20260621T164055Z/proofs --scratch-dir proofs/v020/s4/fp64_d01d03_1h_thomas_20260621T164055Z/scratch --max-dom 3 --hours 1"
1782061320,2026-06-21T18:02:00+01:00,3140666,3140664,Rl,3,106,22.3,21957236,49905084,"python -m gpuwrf run --input-dir <DATA_ROOT>/wrf_downscale/canary_all7/run --namelist <DATA_ROOT>/wrf_downscale/canary_all7/run/namelist.input --output-dir proofs/v020/s4/fp64_d01d03_1h_thomas_20260621T164055Z/output --proof-dir proofs/v020/s4/fp64_d01d03_1h_thomas_20260621T164055Z/proofs --scratch-dir proofs/v020/s4/fp64_d01d03_1h_thomas_20260621T164055Z/scratch --max-dom 3 --hours 1"
1782061322,2026-06-21T18:02:02+01:00,3140664,3140601,S,0,0.0,0.0,1736,2784,"/usr/bin/time -f wall_s=%e\nmaxrss_kib=%M -o proofs/v020/s4/fp64_d01d03_1h_thomas_20260621T164055Z/time.txt taskset -c 0-3 python -m gpuwrf run --input-dir <DATA_ROOT>/wrf_downscale/canary_all7/run --namelist <DATA_ROOT>/wrf_downscale/canary_all7/run/namelist.input --output-dir proofs/v020/s4/fp64_d01d03_1h_thomas_20260621T164055Z/output --proof-dir proofs/v020/s4/fp64_d01d03_1h_thomas_20260621T164055Z/proofs --scratch-dir proofs/v020/s4/fp64_d01d03_1h_thomas_20260621T164055Z/scratch --max-dom 3 --hours 1"
1782061322,2026-06-21T18:02:02+01:00,3140666,3140664,Rl,3,106,22.3,21957240,49905084,"python -m gpuwrf run --input-dir <DATA_ROOT>/wrf_downscale/canary_all7/run --namelist <DATA_ROOT>/wrf_downscale/canary_all7/run/namelist.input --output-dir proofs/v020/s4/fp64_d01d03_1h_thomas_20260621T164055Z/output --proof-dir proofs/v020/s4/fp64_d01d03_1h_thomas_20260621T164055Z/proofs --scratch-dir proofs/v020/s4/fp64_d01d03_1h_thomas_20260621T164055Z/scratch --max-dom 3 --hours 1"
1782061324,2026-06-21T18:02:04+01:00,3140664,3140601,S,0,0.0,0.0,1736,2784,"/usr/bin/time -f wall_s=%e\nmaxrss_kib=%M -o proofs/v020/s4/fp64_d01d03_1h_thomas_20260621T164055Z/time.txt taskset -c 0-3 python -m gpuwrf run --input-dir <DATA_ROOT>/wrf_downscale/canary_all7/run --namelist <DATA_ROOT>/wrf_downscale/canary_all7/run/namelist.input --output-dir proofs/v020/s4/fp64_d01d03_1h_thomas_20260621T164055Z/output --proof-dir proofs/v020/s4/fp64_d01d03_1h_thomas_20260621T164055Z/proofs --scratch-dir proofs/v020/s4/fp64_d01d03_1h_thomas_20260621T164055Z/scratch --max-dom 3 --hours 1"
1782061324,2026-06-21T18:02:04+01:00,3140666,3140664,Rl,3,106,22.3,21957240,49905084,"python -m gpuwrf run --input-dir <DATA_ROOT>/wrf_downscale/canary_all7/run --namelist <DATA_ROOT>/wrf_downscale/canary_all7/run/namelist.input --output-dir proofs/v020/s4/fp64_d01d03_1h_thomas_20260621T164055Z/output --proof-dir proofs/v020/s4/fp64_d01d03_1h_thomas_20260621T164055Z/proofs --scratch-dir proofs/v020/s4/fp64_d01d03_1h_thomas_20260621T164055Z/scratch --max-dom 3 --hours 1"
1782061326,2026-06-21T18:02:06+01:00,3140664,3140601,S,0,0.0,0.0,1736,2784,"/usr/bin/time -f wall_s=%e\nmaxrss_kib=%M -o proofs/v020/s4/fp64_d01d03_1h_thomas_20260621T164055Z/time.txt taskset -c 0-3 python -m gpuwrf run --input-dir <DATA_ROOT>/wrf_downscale/canary_all7/run --namelist <DATA_ROOT>/wrf_downscale/canary_all7/run/namelist.input --output-dir proofs/v020/s4/fp64_d01d03_1h_thomas_20260621T164055Z/output --proof-dir proofs/v020/s4/fp64_d01d03_1h_thomas_20260621T164055Z/proofs --scratch-dir proofs/v020/s4/fp64_d01d03_1h_thomas_20260621T164055Z/scratch --max-dom 3 --hours 1"
1782061326,2026-06-21T18:02:06+01:00,3140666,3140664,Rl,3,106,22.3,21957240,49905084,"python -m gpuwrf run --input-dir <DATA_ROOT>/wrf_downscale/canary_all7/run --namelist <DATA_ROOT>/wrf_downscale/canary_all7/run/namelist.input --output-dir proofs/v020/s4/fp64_d01d03_1h_thomas_20260621T164055Z/output --proof-dir proofs/v020/s4/fp64_d01d03_1h_thomas_20260621T164055Z/proofs --scratch-dir proofs/v020/s4/fp64_d01d03_1h_thomas_20260621T164055Z/scratch --max-dom 3 --hours 1"
1782061328,2026-06-21T18:02:08+01:00,3140664,3140601,S,0,0.0,0.0,1736,2784,"/usr/bin/time -f wall_s=%e\nmaxrss_kib=%M -o proofs/v020/s4/fp64_d01d03_1h_thomas_20260621T164055Z/time.txt taskset -c 0-3 python -m gpuwrf run --input-dir <DATA_ROOT>/wrf_downscale/canary_all7/run --namelist <DATA_ROOT>/wrf_downscale/canary_all7/run/namelist.input --output-dir proofs/v020/s4/fp64_d01d03_1h_thomas_20260621T164055Z/output --proof-dir proofs/v020/s4/fp64_d01d03_1h_thomas_20260621T164055Z/proofs --scratch-dir proofs/v020/s4/fp64_d01d03_1h_thomas_20260621T164055Z/scratch --max-dom 3 --hours 1"
1782061328,2026-06-21T18:02:08+01:00,3140666,3140664,Rl,3,106,22.3,21957240,49905084,"python -m gpuwrf run --input-dir <DATA_ROOT>/wrf_downscale/canary_all7/run --namelist <DATA_ROOT>/wrf_downscale/canary_all7/run/namelist.input --output-dir proofs/v020/s4/fp64_d01d03_1h_thomas_20260621T164055Z/output --proof-dir proofs/v020/s4/fp64_d01d03_1h_thomas_20260621T164055Z/proofs --scratch-dir proofs/v020/s4/fp64_d01d03_1h_thomas_20260621T164055Z/scratch --max-dom 3 --hours 1"
1782061331,2026-06-21T18:02:11+01:00,3140664,3140601,S,0,0.0,0.0,1736,2784,"/usr/bin/time -f wall_s=%e\nmaxrss_kib=%M -o proofs/v020/s4/fp64_d01d03_1h_thomas_20260621T164055Z/time.txt taskset -c 0-3 python -m gpuwrf run --input-dir <DATA_ROOT>/wrf_downscale/canary_all7/run --namelist <DATA_ROOT>/wrf_downscale/canary_all7/run/namelist.input --output-dir proofs/v020/s4/fp64_d01d03_1h_thomas_20260621T164055Z/output --proof-dir proofs/v020/s4/fp64_d01d03_1h_thomas_20260621T164055Z/proofs --scratch-dir proofs/v020/s4/fp64_d01d03_1h_thomas_20260621T164055Z/scratch --max-dom 3 --hours 1"
1782061331,2026-06-21T18:02:11+01:00,3140666,3140664,Rl,3,106,22.3,21957240,49905084,"python -m gpuwrf run --input-dir <DATA_ROOT>/wrf_downscale/canary_all7/run --namelist <DATA_ROOT>/wrf_downscale/canary_all7/run/namelist.input --output-dir proofs/v020/s4/fp64_d01d03_1h_thomas_20260621T164055Z/output --proof-dir proofs/v020/s4/fp64_d01d03_1h_thomas_20260621T164055Z/proofs --scratch-dir proofs/v020/s4/fp64_d01d03_1h_thomas_20260621T164055Z/scratch --max-dom 3 --hours 1"
1782061333,2026-06-21T18:02:13+01:00,3140664,3140601,S,0,0.0,0.0,1736,2784,"/usr/bin/time -f wall_s=%e\nmaxrss_kib=%M -o proofs/v020/s4/fp64_d01d03_1h_thomas_20260621T164055Z/time.txt taskset -c 0-3 python -m gpuwrf run --input-dir <DATA_ROOT>/wrf_downscale/canary_all7/run --namelist <DATA_ROOT>/wrf_downscale/canary_all7/run/namelist.input --output-dir proofs/v020/s4/fp64_d01d03_1h_thomas_20260621T164055Z/output --proof-dir proofs/v020/s4/fp64_d01d03_1h_thomas_20260621T164055Z/proofs --scratch-dir proofs/v020/s4/fp64_d01d03_1h_thomas_20260621T164055Z/scratch --max-dom 3 --hours 1"
1782061333,2026-06-21T18:02:13+01:00,3140666,3140664,Rl,3,106,22.3,21964324,49905084,"python -m gpuwrf run --input-dir <DATA_ROOT>/wrf_downscale/canary_all7/run --namelist <DATA_ROOT>/wrf_downscale/canary_all7/run/namelist.input --output-dir proofs/v020/s4/fp64_d01d03_1h_thomas_20260621T164055Z/output --proof-dir proofs/v020/s4/fp64_d01d03_1h_thomas_20260621T164055Z/proofs --scratch-dir proofs/v020/s4/fp64_d01d03_1h_thomas_20260621T164055Z/scratch --max-dom 3 --hours 1"
1782061335,2026-06-21T18:02:15+01:00,3140664,3140601,S,0,0.0,0.0,1736,2784,"/usr/bin/time -f wall_s=%e\nmaxrss_kib=%M -o proofs/v020/s4/fp64_d01d03_1h_thomas_20260621T164055Z/time.txt taskset -c 0-3 python -m gpuwrf run --input-dir <DATA_ROOT>/wrf_downscale/canary_all7/run --namelist <DATA_ROOT>/wrf_downscale/canary_all7/run/namelist.input --output-dir proofs/v020/s4/fp64_d01d03_1h_thomas_20260621T164055Z/output --proof-dir proofs/v020/s4/fp64_d01d03_1h_thomas_20260621T164055Z/proofs --scratch-dir proofs/v020/s4/fp64_d01d03_1h_thomas_20260621T164055Z/scratch --max-dom 3 --hours 1"
1782061335,2026-06-21T18:02:15+01:00,3140666,3140664,Rl,3,106,22.3,22005796,49946556,"python -m gpuwrf run --input-dir <DATA_ROOT>/wrf_downscale/canary_all7/run --namelist <DATA_ROOT>/wrf_downscale/canary_all7/run/namelist.input --output-dir proofs/v020/s4/fp64_d01d03_1h_thomas_20260621T164055Z/output --proof-dir proofs/v020/s4/fp64_d01d03_1h_thomas_20260621T164055Z/proofs --scratch-dir proofs/v020/s4/fp64_d01d03_1h_thomas_20260621T164055Z/scratch --max-dom 3 --hours 1"
1782061337,2026-06-21T18:02:17+01:00,3140664,3140601,S,0,0.0,0.0,1736,2784,"/usr/bin/time -f wall_s=%e\nmaxrss_kib=%M -o proofs/v020/s4/fp64_d01d03_1h_thomas_20260621T164055Z/time.txt taskset -c 0-3 python -m gpuwrf run --input-dir <DATA_ROOT>/wrf_downscale/canary_all7/run --namelist <DATA_ROOT>/wrf_downscale/canary_all7/run/namelist.input --output-dir proofs/v020/s4/fp64_d01d03_1h_thomas_20260621T164055Z/output --proof-dir proofs/v020/s4/fp64_d01d03_1h_thomas_20260621T164055Z/proofs --scratch-dir proofs/v020/s4/fp64_d01d03_1h_thomas_20260621T164055Z/scratch --max-dom 3 --hours 1"
1782061337,2026-06-21T18:02:17+01:00,3140666,3140664,Rl,3,106,22.4,22047268,49988028,"python -m gpuwrf run --input-dir <DATA_ROOT>/wrf_downscale/canary_all7/run --namelist <DATA_ROOT>/wrf_downscale/canary_all7/run/namelist.input --output-dir proofs/v020/s4/fp64_d01d03_1h_thomas_20260621T164055Z/output --proof-dir proofs/v020/s4/fp64_d01d03_1h_thomas_20260621T164055Z/proofs --scratch-dir proofs/v020/s4/fp64_d01d03_1h_thomas_20260621T164055Z/scratch --max-dom 3 --hours 1"
1782061339,2026-06-21T18:02:19+01:00,3140664,3140601,S,0,0.0,0.0,1736,2784,"/usr/bin/time -f wall_s=%e\nmaxrss_kib=%M -o proofs/v020/s4/fp64_d01d03_1h_thomas_20260621T164055Z/time.txt taskset -c 0-3 python -m gpuwrf run --input-dir <DATA_ROOT>/wrf_downscale/canary_all7/run --namelist <DATA_ROOT>/wrf_downscale/canary_all7/run/namelist.input --output-dir proofs/v020/s4/fp64_d01d03_1h_thomas_20260621T164055Z/output --proof-dir proofs/v020/s4/fp64_d01d03_1h_thomas_20260621T164055Z/proofs --scratch-dir proofs/v020/s4/fp64_d01d03_1h_thomas_20260621T164055Z/scratch --max-dom 3 --hours 1"
1782061339,2026-06-21T18:02:19+01:00,3140666,3140664,Rl,3,106,22.1,21786320,49727080,"python -m gpuwrf run --input-dir <DATA_ROOT>/wrf_downscale/canary_all7/run --namelist <DATA_ROOT>/wrf_downscale/canary_all7/run/namelist.input --output-dir proofs/v020/s4/fp64_d01d03_1h_thomas_20260621T164055Z/output --proof-dir proofs/v020/s4/fp64_d01d03_1h_thomas_20260621T164055Z/proofs --scratch-dir proofs/v020/s4/fp64_d01d03_1h_thomas_20260621T164055Z/scratch --max-dom 3 --hours 1"
1782061341,2026-06-21T18:02:21+01:00,3140664,3140601,S,0,0.0,0.0,1736,2784,"/usr/bin/time -f wall_s=%e\nmaxrss_kib=%M -o proofs/v020/s4/fp64_d01d03_1h_thomas_20260621T164055Z/time.txt taskset -c 0-3 python -m gpuwrf run --input-dir <DATA_ROOT>/wrf_downscale/canary_all7/run --namelist <DATA_ROOT>/wrf_downscale/canary_all7/run/namelist.input --output-dir proofs/v020/s4/fp64_d01d03_1h_thomas_20260621T164055Z/output --proof-dir proofs/v020/s4/fp64_d01d03_1h_thomas_20260621T164055Z/proofs --scratch-dir proofs/v020/s4/fp64_d01d03_1h_thomas_20260621T164055Z/scratch --max-dom 3 --hours 1"
1782061341,2026-06-21T18:02:21+01:00,3140666,3140664,Rl,0,106,20.6,20316092,48256740,"python -m gpuwrf run --input-dir <DATA_ROOT>/wrf_downscale/canary_all7/run --namelist <DATA_ROOT>/wrf_downscale/canary_all7/run/namelist.input --output-dir proofs/v020/s4/fp64_d01d03_1h_thomas_20260621T164055Z/output --proof-dir proofs/v020/s4/fp64_d01d03_1h_thomas_20260621T164055Z/proofs --scratch-dir proofs/v020/s4/fp64_d01d03_1h_thomas_20260621T164055Z/scratch --max-dom 3 --hours 1"
1782061343,2026-06-21T18:02:23+01:00,3140664,3140601,S,0,0.0,0.0,1736,2784,"/usr/bin/time -f wall_s=%e\nmaxrss_kib=%M -o proofs/v020/s4/fp64_d01d03_1h_thomas_20260621T164055Z/time.txt taskset -c 0-3 python -m gpuwrf run --input-dir <DATA_ROOT>/wrf_downscale/canary_all7/run --namelist <DATA_ROOT>/wrf_downscale/canary_all7/run/namelist.input --output-dir proofs/v020/s4/fp64_d01d03_1h_thomas_20260621T164055Z/output --proof-dir proofs/v020/s4/fp64_d01d03_1h_thomas_20260621T164055Z/proofs --scratch-dir proofs/v020/s4/fp64_d01d03_1h_thomas_20260621T164055Z/scratch --max-dom 3 --hours 1"
1782061343,2026-06-21T18:02:23+01:00,3140666,3140664,Rl,0,105,20.6,20316116,53204708,"python -m gpuwrf run --input-dir <DATA_ROOT>/wrf_downscale/canary_all7/run --namelist <DATA_ROOT>/wrf_downscale/canary_all7/run/namelist.input --output-dir proofs/v020/s4/fp64_d01d03_1h_thomas_20260621T164055Z/output --proof-dir proofs/v020/s4/fp64_d01d03_1h_thomas_20260621T164055Z/proofs --scratch-dir proofs/v020/s4/fp64_d01d03_1h_thomas_20260621T164055Z/scratch --max-dom 3 --hours 1"
1782061345,2026-06-21T18:02:25+01:00,3140664,3140601,S,0,0.0,0.0,1736,2784,"/usr/bin/time -f wall_s=%e\nmaxrss_kib=%M -o proofs/v020/s4/fp64_d01d03_1h_thomas_20260621T164055Z/time.txt taskset -c 0-3 python -m gpuwrf run --input-dir <DATA_ROOT>/wrf_downscale/canary_all7/run --namelist <DATA_ROOT>/wrf_downscale/canary_all7/run/namelist.input --output-dir proofs/v020/s4/fp64_d01d03_1h_thomas_20260621T164055Z/output --proof-dir proofs/v020/s4/fp64_d01d03_1h_thomas_20260621T164055Z/proofs --scratch-dir proofs/v020/s4/fp64_d01d03_1h_thomas_20260621T164055Z/scratch --max-dom 3 --hours 1"
1782061345,2026-06-21T18:02:25+01:00,3140666,3140664,Rl,2,105,20.6,20316136,53204708,"python -m gpuwrf run --input-dir <DATA_ROOT>/wrf_downscale/canary_all7/run --namelist <DATA_ROOT>/wrf_downscale/canary_all7/run/namelist.input --output-dir proofs/v020/s4/fp64_d01d03_1h_thomas_20260621T164055Z/output --proof-dir proofs/v020/s4/fp64_d01d03_1h_thomas_20260621T164055Z/proofs --scratch-dir proofs/v020/s4/fp64_d01d03_1h_thomas_20260621T164055Z/scratch --max-dom 3 --hours 1"
1782061348,2026-06-21T18:02:28+01:00,3140664,3140601,S,0,0.0,0.0,1736,2784,"/usr/bin/time -f wall_s=%e\nmaxrss_kib=%M -o proofs/v020/s4/fp64_d01d03_1h_thomas_20260621T164055Z/time.txt taskset -c 0-3 python -m gpuwrf run --input-dir <DATA_ROOT>/wrf_downscale/canary_all7/run --namelist <DATA_ROOT>/wrf_downscale/canary_all7/run/namelist.input --output-dir proofs/v020/s4/fp64_d01d03_1h_thomas_20260621T164055Z/output --proof-dir proofs/v020/s4/fp64_d01d03_1h_thomas_20260621T164055Z/proofs --scratch-dir proofs/v020/s4/fp64_d01d03_1h_thomas_20260621T164055Z/scratch --max-dom 3 --hours 1"
1782061348,2026-06-21T18:02:28+01:00,3140666,3140664,Rl,2,105,20.6,20316120,53204708,"python -m gpuwrf run --input-dir <DATA_ROOT>/wrf_downscale/canary_all7/run --namelist <DATA_ROOT>/wrf_downscale/canary_all7/run/namelist.input --output-dir proofs/v020/s4/fp64_d01d03_1h_thomas_20260621T164055Z/output --proof-dir proofs/v020/s4/fp64_d01d03_1h_thomas_20260621T164055Z/proofs --scratch-dir proofs/v020/s4/fp64_d01d03_1h_thomas_20260621T164055Z/scratch --max-dom 3 --hours 1"
1782061350,2026-06-21T18:02:30+01:00,3140664,3140601,S,0,0.0,0.0,1736,2784,"/usr/bin/time -f wall_s=%e\nmaxrss_kib=%M -o proofs/v020/s4/fp64_d01d03_1h_thomas_20260621T164055Z/time.txt taskset -c 0-3 python -m gpuwrf run --input-dir <DATA_ROOT>/wrf_downscale/canary_all7/run --namelist <DATA_ROOT>/wrf_downscale/canary_all7/run/namelist.input --output-dir proofs/v020/s4/fp64_d01d03_1h_thomas_20260621T164055Z/output --proof-dir proofs/v020/s4/fp64_d01d03_1h_thomas_20260621T164055Z/proofs --scratch-dir proofs/v020/s4/fp64_d01d03_1h_thomas_20260621T164055Z/scratch --max-dom 3 --hours 1"
1782061350,2026-06-21T18:02:30+01:00,3140666,3140664,Rl,2,105,20.6,20316124,53204708,"python -m gpuwrf run --input-dir <DATA_ROOT>/wrf_downscale/canary_all7/run --namelist <DATA_ROOT>/wrf_downscale/canary_all7/run/namelist.input --output-dir proofs/v020/s4/fp64_d01d03_1h_thomas_20260621T164055Z/output --proof-dir proofs/v020/s4/fp64_d01d03_1h_thomas_20260621T164055Z/proofs --scratch-dir proofs/v020/s4/fp64_d01d03_1h_thomas_20260621T164055Z/scratch --max-dom 3 --hours 1"
1782061352,2026-06-21T18:02:32+01:00,3140664,3140601,S,0,0.0,0.0,1736,2784,"/usr/bin/time -f wall_s=%e\nmaxrss_kib=%M -o proofs/v020/s4/fp64_d01d03_1h_thomas_20260621T164055Z/time.txt taskset -c 0-3 python -m gpuwrf run --input-dir <DATA_ROOT>/wrf_downscale/canary_all7/run --namelist <DATA_ROOT>/wrf_downscale/canary_all7/run/namelist.input --output-dir proofs/v020/s4/fp64_d01d03_1h_thomas_20260621T164055Z/output --proof-dir proofs/v020/s4/fp64_d01d03_1h_thomas_20260621T164055Z/proofs --scratch-dir proofs/v020/s4/fp64_d01d03_1h_thomas_20260621T164055Z/scratch --max-dom 3 --hours 1"
1782061352,2026-06-21T18:02:32+01:00,3140666,3140664,Rl,0,105,20.6,20316140,53204708,"python -m gpuwrf run --input-dir <DATA_ROOT>/wrf_downscale/canary_all7/run --namelist <DATA_ROOT>/wrf_downscale/canary_all7/run/namelist.input --output-dir proofs/v020/s4/fp64_d01d03_1h_thomas_20260621T164055Z/output --proof-dir proofs/v020/s4/fp64_d01d03_1h_thomas_20260621T164055Z/proofs --scratch-dir proofs/v020/s4/fp64_d01d03_1h_thomas_20260621T164055Z/scratch --max-dom 3 --hours 1"
1782061359,2026-06-21T18:02:39+01:00,3140664,3140601,S,0,0.0,0.0,1736,2784,"/usr/bin/time -f wall_s=%e\nmaxrss_kib=%M -o proofs/v020/s4/fp64_d01d03_1h_thomas_20260621T164055Z/time.txt taskset -c 0-3 python -m gpuwrf run --input-dir <DATA_ROOT>/wrf_downscale/canary_all7/run --namelist <DATA_ROOT>/wrf_downscale/canary_all7/run/namelist.input --output-dir proofs/v020/s4/fp64_d01d03_1h_thomas_20260621T164055Z/output --proof-dir proofs/v020/s4/fp64_d01d03_1h_thomas_20260621T164055Z/proofs --scratch-dir proofs/v020/s4/fp64_d01d03_1h_thomas_20260621T164055Z/scratch --max-dom 3 --hours 1"
1782061359,2026-06-21T18:02:39+01:00,3140666,3140664,Rl,3,105,20.6,20316140,53204708,"python -m gpuwrf run --input-dir <DATA_ROOT>/wrf_downscale/canary_all7/run --namelist <DATA_ROOT>/wrf_downscale/canary_all7/run/namelist.input --output-dir proofs/v020/s4/fp64_d01d03_1h_thomas_20260621T164055Z/output --proof-dir proofs/v020/s4/fp64_d01d03_1h_thomas_20260621T164055Z/proofs --scratch-dir proofs/v020/s4/fp64_d01d03_1h_thomas_20260621T164055Z/scratch --max-dom 3 --hours 1"
1782061361,2026-06-21T18:02:41+01:00,3140664,3140601,S,0,0.0,0.0,1736,2784,"/usr/bin/time -f wall_s=%e\nmaxrss_kib=%M -o proofs/v020/s4/fp64_d01d03_1h_thomas_20260621T164055Z/time.txt taskset -c 0-3 python -m gpuwrf run --input-dir <DATA_ROOT>/wrf_downscale/canary_all7/run --namelist <DATA_ROOT>/wrf_downscale/canary_all7/run/namelist.input --output-dir proofs/v020/s4/fp64_d01d03_1h_thomas_20260621T164055Z/output --proof-dir proofs/v020/s4/fp64_d01d03_1h_thomas_20260621T164055Z/proofs --scratch-dir proofs/v020/s4/fp64_d01d03_1h_thomas_20260621T164055Z/scratch --max-dom 3 --hours 1"
1782061361,2026-06-21T18:02:41+01:00,3140666,3140664,Rl,3,105,20.6,20316140,53204708,"python -m gpuwrf run --input-dir <DATA_ROOT>/wrf_downscale/canary_all7/run --namelist <DATA_ROOT>/wrf_downscale/canary_all7/run/namelist.input --output-dir proofs/v020/s4/fp64_d01d03_1h_thomas_20260621T164055Z/output --proof-dir proofs/v020/s4/fp64_d01d03_1h_thomas_20260621T164055Z/proofs --scratch-dir proofs/v020/s4/fp64_d01d03_1h_thomas_20260621T164055Z/scratch --max-dom 3 --hours 1"
1782061364,2026-06-21T18:02:44+01:00,3140664,3140601,S,0,0.0,0.0,1736,2784,"/usr/bin/time -f wall_s=%e\nmaxrss_kib=%M -o proofs/v020/s4/fp64_d01d03_1h_thomas_20260621T164055Z/time.txt taskset -c 0-3 python -m gpuwrf run --input-dir <DATA_ROOT>/wrf_downscale/canary_all7/run --namelist <DATA_ROOT>/wrf_downscale/canary_all7/run/namelist.input --output-dir proofs/v020/s4/fp64_d01d03_1h_thomas_20260621T164055Z/output --proof-dir proofs/v020/s4/fp64_d01d03_1h_thomas_20260621T164055Z/proofs --scratch-dir proofs/v020/s4/fp64_d01d03_1h_thomas_20260621T164055Z/scratch --max-dom 3 --hours 1"
1782061364,2026-06-21T18:02:44+01:00,3140666,3140664,Rl,0,105,20.6,20316140,53204708,"python -m gpuwrf run --input-dir <DATA_ROOT>/wrf_downscale/canary_all7/run --namelist <DATA_ROOT>/wrf_downscale/canary_all7/run/namelist.input --output-dir proofs/v020/s4/fp64_d01d03_1h_thomas_20260621T164055Z/output --proof-dir proofs/v020/s4/fp64_d01d03_1h_thomas_20260621T164055Z/proofs --scratch-dir proofs/v020/s4/fp64_d01d03_1h_thomas_20260621T164055Z/scratch --max-dom 3 --hours 1"
1782061366,2026-06-21T18:02:46+01:00,3140664,3140601,S,0,0.0,0.0,1736,2784,"/usr/bin/time -f wall_s=%e\nmaxrss_kib=%M -o proofs/v020/s4/fp64_d01d03_1h_thomas_20260621T164055Z/time.txt taskset -c 0-3 python -m gpuwrf run --input-dir <DATA_ROOT>/wrf_downscale/canary_all7/run --namelist <DATA_ROOT>/wrf_downscale/canary_all7/run/namelist.input --output-dir proofs/v020/s4/fp64_d01d03_1h_thomas_20260621T164055Z/output --proof-dir proofs/v020/s4/fp64_d01d03_1h_thomas_20260621T164055Z/proofs --scratch-dir proofs/v020/s4/fp64_d01d03_1h_thomas_20260621T164055Z/scratch --max-dom 3 --hours 1"
1782061366,2026-06-21T18:02:46+01:00,3140666,3140664,Rl,0,105,20.6,20316140,53204708,"python -m gpuwrf run --input-dir <DATA_ROOT>/wrf_downscale/canary_all7/run --namelist <DATA_ROOT>/wrf_downscale/canary_all7/run/namelist.input --output-dir proofs/v020/s4/fp64_d01d03_1h_thomas_20260621T164055Z/output --proof-dir proofs/v020/s4/fp64_d01d03_1h_thomas_20260621T164055Z/proofs --scratch-dir proofs/v020/s4/fp64_d01d03_1h_thomas_20260621T164055Z/scratch --max-dom 3 --hours 1"
1782061368,2026-06-21T18:02:48+01:00,3140664,3140601,S,0,0.0,0.0,1736,2784,"/usr/bin/time -f wall_s=%e\nmaxrss_kib=%M -o proofs/v020/s4/fp64_d01d03_1h_thomas_20260621T164055Z/time.txt taskset -c 0-3 python -m gpuwrf run --input-dir <DATA_ROOT>/wrf_downscale/canary_all7/run --namelist <DATA_ROOT>/wrf_downscale/canary_all7/run/namelist.input --output-dir proofs/v020/s4/fp64_d01d03_1h_thomas_20260621T164055Z/output --proof-dir proofs/v020/s4/fp64_d01d03_1h_thomas_20260621T164055Z/proofs --scratch-dir proofs/v020/s4/fp64_d01d03_1h_thomas_20260621T164055Z/scratch --max-dom 3 --hours 1"
1782061368,2026-06-21T18:02:48+01:00,3140666,3140664,Rl,2,105,20.6,20316148,53204708,"python -m gpuwrf run --input-dir <DATA_ROOT>/wrf_downscale/canary_all7/run --namelist <DATA_ROOT>/wrf_downscale/canary_all7/run/namelist.input --output-dir proofs/v020/s4/fp64_d01d03_1h_thomas_20260621T164055Z/output --proof-dir proofs/v020/s4/fp64_d01d03_1h_thomas_20260621T164055Z/proofs --scratch-dir proofs/v020/s4/fp64_d01d03_1h_thomas_20260621T164055Z/scratch --max-dom 3 --hours 1"
1782061370,2026-06-21T18:02:50+01:00,3140664,3140601,S,0,0.0,0.0,1736,2784,"/usr/bin/time -f wall_s=%e\nmaxrss_kib=%M -o proofs/v020/s4/fp64_d01d03_1h_thomas_20260621T164055Z/time.txt taskset -c 0-3 python -m gpuwrf run --input-dir <DATA_ROOT>/wrf_downscale/canary_all7/run --namelist <DATA_ROOT>/wrf_downscale/canary_all7/run/namelist.input --output-dir proofs/v020/s4/fp64_d01d03_1h_thomas_20260621T164055Z/output --proof-dir proofs/v020/s4/fp64_d01d03_1h_thomas_20260621T164055Z/proofs --scratch-dir proofs/v020/s4/fp64_d01d03_1h_thomas_20260621T164055Z/scratch --max-dom 3 --hours 1"
1782061370,2026-06-21T18:02:50+01:00,3140666,3140664,Rl,3,105,20.6,20316148,53204708,"python -m gpuwrf run --input-dir <DATA_ROOT>/wrf_downscale/canary_all7/run --namelist <DATA_ROOT>/wrf_downscale/canary_all7/run/namelist.input --output-dir proofs/v020/s4/fp64_d01d03_1h_thomas_20260621T164055Z/output --proof-dir proofs/v020/s4/fp64_d01d03_1h_thomas_20260621T164055Z/proofs --scratch-dir proofs/v020/s4/fp64_d01d03_1h_thomas_20260621T164055Z/scratch --max-dom 3 --hours 1"
1782061373,2026-06-21T18:02:53+01:00,3140664,3140601,S,0,0.0,0.0,1736,2784,"/usr/bin/time -f wall_s=%e\nmaxrss_kib=%M -o proofs/v020/s4/fp64_d01d03_1h_thomas_20260621T164055Z/time.txt taskset -c 0-3 python -m gpuwrf run --input-dir <DATA_ROOT>/wrf_downscale/canary_all7/run --namelist <DATA_ROOT>/wrf_downscale/canary_all7/run/namelist.input --output-dir proofs/v020/s4/fp64_d01d03_1h_thomas_20260621T164055Z/output --proof-dir proofs/v020/s4/fp64_d01d03_1h_thomas_20260621T164055Z/proofs --scratch-dir proofs/v020/s4/fp64_d01d03_1h_thomas_20260621T164055Z/scratch --max-dom 3 --hours 1"
1782061373,2026-06-21T18:02:53+01:00,3140666,3140664,Rl,2,105,20.6,20316148,53204708,"python -m gpuwrf run --input-dir <DATA_ROOT>/wrf_downscale/canary_all7/run --namelist <DATA_ROOT>/wrf_downscale/canary_all7/run/namelist.input --output-dir proofs/v020/s4/fp64_d01d03_1h_thomas_20260621T164055Z/output --proof-dir proofs/v020/s4/fp64_d01d03_1h_thomas_20260621T164055Z/proofs --scratch-dir proofs/v020/s4/fp64_d01d03_1h_thomas_20260621T164055Z/scratch --max-dom 3 --hours 1"
1782061375,2026-06-21T18:02:55+01:00,3140664,3140601,S,0,0.0,0.0,1736,2784,"/usr/bin/time -f wall_s=%e\nmaxrss_kib=%M -o proofs/v020/s4/fp64_d01d03_1h_thomas_20260621T164055Z/time.txt taskset -c 0-3 python -m gpuwrf run --input-dir <DATA_ROOT>/wrf_downscale/canary_all7/run --namelist <DATA_ROOT>/wrf_downscale/canary_all7/run/namelist.input --output-dir proofs/v020/s4/fp64_d01d03_1h_thomas_20260621T164055Z/output --proof-dir proofs/v020/s4/fp64_d01d03_1h_thomas_20260621T164055Z/proofs --scratch-dir proofs/v020/s4/fp64_d01d03_1h_thomas_20260621T164055Z/scratch --max-dom 3 --hours 1"
1782061375,2026-06-21T18:02:55+01:00,3140666,3140664,Rl,0,105,20.6,20316148,53204708,"python -m gpuwrf run --input-dir <DATA_ROOT>/wrf_downscale/canary_all7/run --namelist <DATA_ROOT>/wrf_downscale/canary_all7/run/namelist.input --output-dir proofs/v020/s4/fp64_d01d03_1h_thomas_20260621T164055Z/output --proof-dir proofs/v020/s4/fp64_d01d03_1h_thomas_20260621T164055Z/proofs --scratch-dir proofs/v020/s4/fp64_d01d03_1h_thomas_20260621T164055Z/scratch --max-dom 3 --hours 1"
1782061378,2026-06-21T18:02:58+01:00,3140664,3140601,S,0,0.0,0.0,1736,2784,"/usr/bin/time -f wall_s=%e\nmaxrss_kib=%M -o proofs/v020/s4/fp64_d01d03_1h_thomas_20260621T164055Z/time.txt taskset -c 0-3 python -m gpuwrf run --input-dir <DATA_ROOT>/wrf_downscale/canary_all7/run --namelist <DATA_ROOT>/wrf_downscale/canary_all7/run/namelist.input --output-dir proofs/v020/s4/fp64_d01d03_1h_thomas_20260621T164055Z/output --proof-dir proofs/v020/s4/fp64_d01d03_1h_thomas_20260621T164055Z/proofs --scratch-dir proofs/v020/s4/fp64_d01d03_1h_thomas_20260621T164055Z/scratch --max-dom 3 --hours 1"
1782061378,2026-06-21T18:02:58+01:00,3140666,3140664,Rl,3,105,20.6,20316148,53204708,"python -m gpuwrf run --input-dir <DATA_ROOT>/wrf_downscale/canary_all7/run --namelist <DATA_ROOT>/wrf_downscale/canary_all7/run/namelist.input --output-dir proofs/v020/s4/fp64_d01d03_1h_thomas_20260621T164055Z/output --proof-dir proofs/v020/s4/fp64_d01d03_1h_thomas_20260621T164055Z/proofs --scratch-dir proofs/v020/s4/fp64_d01d03_1h_thomas_20260621T164055Z/scratch --max-dom 3 --hours 1"
1782061380,2026-06-21T18:03:00+01:00,3140664,3140601,S,0,0.0,0.0,1736,2784,"/usr/bin/time -f wall_s=%e\nmaxrss_kib=%M -o proofs/v020/s4/fp64_d01d03_1h_thomas_20260621T164055Z/time.txt taskset -c 0-3 python -m gpuwrf run --input-dir <DATA_ROOT>/wrf_downscale/canary_all7/run --namelist <DATA_ROOT>/wrf_downscale/canary_all7/run/namelist.input --output-dir proofs/v020/s4/fp64_d01d03_1h_thomas_20260621T164055Z/output --proof-dir proofs/v020/s4/fp64_d01d03_1h_thomas_20260621T164055Z/proofs --scratch-dir proofs/v020/s4/fp64_d01d03_1h_thomas_20260621T164055Z/scratch --max-dom 3 --hours 1"
1782061380,2026-06-21T18:03:00+01:00,3140666,3140664,Rl,3,105,20.6,20316148,53204708,"python -m gpuwrf run --input-dir <DATA_ROOT>/wrf_downscale/canary_all7/run --namelist <DATA_ROOT>/wrf_downscale/canary_all7/run/namelist.input --output-dir proofs/v020/s4/fp64_d01d03_1h_thomas_20260621T164055Z/output --proof-dir proofs/v020/s4/fp64_d01d03_1h_thomas_20260621T164055Z/proofs --scratch-dir proofs/v020/s4/fp64_d01d03_1h_thomas_20260621T164055Z/scratch --max-dom 3 --hours 1"
1782061382,2026-06-21T18:03:02+01:00,3140664,3140601,S,0,0.0,0.0,1736,2784,"/usr/bin/time -f wall_s=%e\nmaxrss_kib=%M -o proofs/v020/s4/fp64_d01d03_1h_thomas_20260621T164055Z/time.txt taskset -c 0-3 python -m gpuwrf run --input-dir <DATA_ROOT>/wrf_downscale/canary_all7/run --namelist <DATA_ROOT>/wrf_downscale/canary_all7/run/namelist.input --output-dir proofs/v020/s4/fp64_d01d03_1h_thomas_20260621T164055Z/output --proof-dir proofs/v020/s4/fp64_d01d03_1h_thomas_20260621T164055Z/proofs --scratch-dir proofs/v020/s4/fp64_d01d03_1h_thomas_20260621T164055Z/scratch --max-dom 3 --hours 1"
1782061382,2026-06-21T18:03:02+01:00,3140666,3140664,Rl,3,105,20.6,20316148,53204708,"python -m gpuwrf run --input-dir <DATA_ROOT>/wrf_downscale/canary_all7/run --namelist <DATA_ROOT>/wrf_downscale/canary_all7/run/namelist.input --output-dir proofs/v020/s4/fp64_d01d03_1h_thomas_20260621T164055Z/output --proof-dir proofs/v020/s4/fp64_d01d03_1h_thomas_20260621T164055Z/proofs --scratch-dir proofs/v020/s4/fp64_d01d03_1h_thomas_20260621T164055Z/scratch --max-dom 3 --hours 1"
1782061386,2026-06-21T18:03:06+01:00,3140664,3140601,S,0,0.0,0.0,1736,2784,"/usr/bin/time -f wall_s=%e\nmaxrss_kib=%M -o proofs/v020/s4/fp64_d01d03_1h_thomas_20260621T164055Z/time.txt taskset -c 0-3 python -m gpuwrf run --input-dir <DATA_ROOT>/wrf_downscale/canary_all7/run --namelist <DATA_ROOT>/wrf_downscale/canary_all7/run/namelist.input --output-dir proofs/v020/s4/fp64_d01d03_1h_thomas_20260621T164055Z/output --proof-dir proofs/v020/s4/fp64_d01d03_1h_thomas_20260621T164055Z/proofs --scratch-dir proofs/v020/s4/fp64_d01d03_1h_thomas_20260621T164055Z/scratch --max-dom 3 --hours 1"
1782061386,2026-06-21T18:03:06+01:00,3140666,3140664,Rl,0,105,20.6,20316148,53204708,"python -m gpuwrf run --input-dir <DATA_ROOT>/wrf_downscale/canary_all7/run --namelist <DATA_ROOT>/wrf_downscale/canary_all7/run/namelist.input --output-dir proofs/v020/s4/fp64_d01d03_1h_thomas_20260621T164055Z/output --proof-dir proofs/v020/s4/fp64_d01d03_1h_thomas_20260621T164055Z/proofs --scratch-dir proofs/v020/s4/fp64_d01d03_1h_thomas_20260621T164055Z/scratch --max-dom 3 --hours 1"
1782061388,2026-06-21T18:03:08+01:00,3140664,3140601,S,0,0.0,0.0,1736,2784,"/usr/bin/time -f wall_s=%e\nmaxrss_kib=%M -o proofs/v020/s4/fp64_d01d03_1h_thomas_20260621T164055Z/time.txt taskset -c 0-3 python -m gpuwrf run --input-dir <DATA_ROOT>/wrf_downscale/canary_all7/run --namelist <DATA_ROOT>/wrf_downscale/canary_all7/run/namelist.input --output-dir proofs/v020/s4/fp64_d01d03_1h_thomas_20260621T164055Z/output --proof-dir proofs/v020/s4/fp64_d01d03_1h_thomas_20260621T164055Z/proofs --scratch-dir proofs/v020/s4/fp64_d01d03_1h_thomas_20260621T164055Z/scratch --max-dom 3 --hours 1"
1782061388,2026-06-21T18:03:08+01:00,3140666,3140664,Rl,2,105,20.6,20316148,53204708,"python -m gpuwrf run --input-dir <DATA_ROOT>/wrf_downscale/canary_all7/run --namelist <DATA_ROOT>/wrf_downscale/canary_all7/run/namelist.input --output-dir proofs/v020/s4/fp64_d01d03_1h_thomas_20260621T164055Z/output --proof-dir proofs/v020/s4/fp64_d01d03_1h_thomas_20260621T164055Z/proofs --scratch-dir proofs/v020/s4/fp64_d01d03_1h_thomas_20260621T164055Z/scratch --max-dom 3 --hours 1"
1782061390,2026-06-21T18:03:10+01:00,3140664,3140601,S,0,0.0,0.0,1736,2784,"/usr/bin/time -f wall_s=%e\nmaxrss_kib=%M -o proofs/v020/s4/fp64_d01d03_1h_thomas_20260621T164055Z/time.txt taskset -c 0-3 python -m gpuwrf run --input-dir <DATA_ROOT>/wrf_downscale/canary_all7/run --namelist <DATA_ROOT>/wrf_downscale/canary_all7/run/namelist.input --output-dir proofs/v020/s4/fp64_d01d03_1h_thomas_20260621T164055Z/output --proof-dir proofs/v020/s4/fp64_d01d03_1h_thomas_20260621T164055Z/proofs --scratch-dir proofs/v020/s4/fp64_d01d03_1h_thomas_20260621T164055Z/scratch --max-dom 3 --hours 1"
1782061390,2026-06-21T18:03:10+01:00,3140666,3140664,Rl,0,105,20.6,20316148,53204708,"python -m gpuwrf run --input-dir <DATA_ROOT>/wrf_downscale/canary_all7/run --namelist <DATA_ROOT>/wrf_downscale/canary_all7/run/namelist.input --output-dir proofs/v020/s4/fp64_d01d03_1h_thomas_20260621T164055Z/output --proof-dir proofs/v020/s4/fp64_d01d03_1h_thomas_20260621T164055Z/proofs --scratch-dir proofs/v020/s4/fp64_d01d03_1h_thomas_20260621T164055Z/scratch --max-dom 3 --hours 1"
1782061395,2026-06-21T18:03:15+01:00,3140664,3140601,S,0,0.0,0.0,1736,2784,"/usr/bin/time -f wall_s=%e\nmaxrss_kib=%M -o proofs/v020/s4/fp64_d01d03_1h_thomas_20260621T164055Z/time.txt taskset -c 0-3 python -m gpuwrf run --input-dir <DATA_ROOT>/wrf_downscale/canary_all7/run --namelist <DATA_ROOT>/wrf_downscale/canary_all7/run/namelist.input --output-dir proofs/v020/s4/fp64_d01d03_1h_thomas_20260621T164055Z/output --proof-dir proofs/v020/s4/fp64_d01d03_1h_thomas_20260621T164055Z/proofs --scratch-dir proofs/v020/s4/fp64_d01d03_1h_thomas_20260621T164055Z/scratch --max-dom 3 --hours 1"
1782061395,2026-06-21T18:03:15+01:00,3140666,3140664,Rl,1,105,20.6,20316148,53204708,"python -m gpuwrf run --input-dir <DATA_ROOT>/wrf_downscale/canary_all7/run --namelist <DATA_ROOT>/wrf_downscale/canary_all7/run/namelist.input --output-dir proofs/v020/s4/fp64_d01d03_1h_thomas_20260621T164055Z/output --proof-dir proofs/v020/s4/fp64_d01d03_1h_thomas_20260621T164055Z/proofs --scratch-dir proofs/v020/s4/fp64_d01d03_1h_thomas_20260621T164055Z/scratch --max-dom 3 --hours 1"
1782061397,2026-06-21T18:03:17+01:00,3140664,3140601,S,0,0.0,0.0,1736,2784,"/usr/bin/time -f wall_s=%e\nmaxrss_kib=%M -o proofs/v020/s4/fp64_d01d03_1h_thomas_20260621T164055Z/time.txt taskset -c 0-3 python -m gpuwrf run --input-dir <DATA_ROOT>/wrf_downscale/canary_all7/run --namelist <DATA_ROOT>/wrf_downscale/canary_all7/run/namelist.input --output-dir proofs/v020/s4/fp64_d01d03_1h_thomas_20260621T164055Z/output --proof-dir proofs/v020/s4/fp64_d01d03_1h_thomas_20260621T164055Z/proofs --scratch-dir proofs/v020/s4/fp64_d01d03_1h_thomas_20260621T164055Z/scratch --max-dom 3 --hours 1"
1782061397,2026-06-21T18:03:17+01:00,3140666,3140664,Rl,2,105,20.6,20316148,53204708,"python -m gpuwrf run --input-dir <DATA_ROOT>/wrf_downscale/canary_all7/run --namelist <DATA_ROOT>/wrf_downscale/canary_all7/run/namelist.input --output-dir proofs/v020/s4/fp64_d01d03_1h_thomas_20260621T164055Z/output --proof-dir proofs/v020/s4/fp64_d01d03_1h_thomas_20260621T164055Z/proofs --scratch-dir proofs/v020/s4/fp64_d01d03_1h_thomas_20260621T164055Z/scratch --max-dom 3 --hours 1"
1782061399,2026-06-21T18:03:19+01:00,3140664,3140601,S,0,0.0,0.0,1736,2784,"/usr/bin/time -f wall_s=%e\nmaxrss_kib=%M -o proofs/v020/s4/fp64_d01d03_1h_thomas_20260621T164055Z/time.txt taskset -c 0-3 python -m gpuwrf run --input-dir <DATA_ROOT>/wrf_downscale/canary_all7/run --namelist <DATA_ROOT>/wrf_downscale/canary_all7/run/namelist.input --output-dir proofs/v020/s4/fp64_d01d03_1h_thomas_20260621T164055Z/output --proof-dir proofs/v020/s4/fp64_d01d03_1h_thomas_20260621T164055Z/proofs --scratch-dir proofs/v020/s4/fp64_d01d03_1h_thomas_20260621T164055Z/scratch --max-dom 3 --hours 1"
1782061399,2026-06-21T18:03:19+01:00,3140666,3140664,Rl,0,105,20.6,20316148,53204708,"python -m gpuwrf run --input-dir <DATA_ROOT>/wrf_downscale/canary_all7/run --namelist <DATA_ROOT>/wrf_downscale/canary_all7/run/namelist.input --output-dir proofs/v020/s4/fp64_d01d03_1h_thomas_20260621T164055Z/output --proof-dir proofs/v020/s4/fp64_d01d03_1h_thomas_20260621T164055Z/proofs --scratch-dir proofs/v020/s4/fp64_d01d03_1h_thomas_20260621T164055Z/scratch --max-dom 3 --hours 1"
1782061401,2026-06-21T18:03:21+01:00,3140664,3140601,S,0,0.0,0.0,1736,2784,"/usr/bin/time -f wall_s=%e\nmaxrss_kib=%M -o proofs/v020/s4/fp64_d01d03_1h_thomas_20260621T164055Z/time.txt taskset -c 0-3 python -m gpuwrf run --input-dir <DATA_ROOT>/wrf_downscale/canary_all7/run --namelist <DATA_ROOT>/wrf_downscale/canary_all7/run/namelist.input --output-dir proofs/v020/s4/fp64_d01d03_1h_thomas_20260621T164055Z/output --proof-dir proofs/v020/s4/fp64_d01d03_1h_thomas_20260621T164055Z/proofs --scratch-dir proofs/v020/s4/fp64_d01d03_1h_thomas_20260621T164055Z/scratch --max-dom 3 --hours 1"
1782061401,2026-06-21T18:03:21+01:00,3140666,3140664,Rl,2,105,20.6,20316148,58152676,"python -m gpuwrf run --input-dir <DATA_ROOT>/wrf_downscale/canary_all7/run --namelist <DATA_ROOT>/wrf_downscale/canary_all7/run/namelist.input --output-dir proofs/v020/s4/fp64_d01d03_1h_thomas_20260621T164055Z/output --proof-dir proofs/v020/s4/fp64_d01d03_1h_thomas_20260621T164055Z/proofs --scratch-dir proofs/v020/s4/fp64_d01d03_1h_thomas_20260621T164055Z/scratch --max-dom 3 --hours 1"
1782061403,2026-06-21T18:03:23+01:00,3140664,3140601,S,0,0.0,0.0,1736,2784,"/usr/bin/time -f wall_s=%e\nmaxrss_kib=%M -o proofs/v020/s4/fp64_d01d03_1h_thomas_20260621T164055Z/time.txt taskset -c 0-3 python -m gpuwrf run --input-dir <DATA_ROOT>/wrf_downscale/canary_all7/run --namelist <DATA_ROOT>/wrf_downscale/canary_all7/run/namelist.input --output-dir proofs/v020/s4/fp64_d01d03_1h_thomas_20260621T164055Z/output --proof-dir proofs/v020/s4/fp64_d01d03_1h_thomas_20260621T164055Z/proofs --scratch-dir proofs/v020/s4/fp64_d01d03_1h_thomas_20260621T164055Z/scratch --max-dom 3 --hours 1"
1782061403,2026-06-21T18:03:23+01:00,3140666,3140664,Rl,0,105,20.6,20316148,53204708,"python -m gpuwrf run --input-dir <DATA_ROOT>/wrf_downscale/canary_all7/run --namelist <DATA_ROOT>/wrf_downscale/canary_all7/run/namelist.input --output-dir proofs/v020/s4/fp64_d01d03_1h_thomas_20260621T164055Z/output --proof-dir proofs/v020/s4/fp64_d01d03_1h_thomas_20260621T164055Z/proofs --scratch-dir proofs/v020/s4/fp64_d01d03_1h_thomas_20260621T164055Z/scratch --max-dom 3 --hours 1"
1782061408,2026-06-21T18:03:28+01:00,3140664,3140601,S,0,0.0,0.0,1736,2784,"/usr/bin/time -f wall_s=%e\nmaxrss_kib=%M -o proofs/v020/s4/fp64_d01d03_1h_thomas_20260621T164055Z/time.txt taskset -c 0-3 python -m gpuwrf run --input-dir <DATA_ROOT>/wrf_downscale/canary_all7/run --namelist <DATA_ROOT>/wrf_downscale/canary_all7/run/namelist.input --output-dir proofs/v020/s4/fp64_d01d03_1h_thomas_20260621T164055Z/output --proof-dir proofs/v020/s4/fp64_d01d03_1h_thomas_20260621T164055Z/proofs --scratch-dir proofs/v020/s4/fp64_d01d03_1h_thomas_20260621T164055Z/scratch --max-dom 3 --hours 1"
1782061408,2026-06-21T18:03:28+01:00,3140666,3140664,Rl,2,105,20.6,20316148,53204708,"python -m gpuwrf run --input-dir <DATA_ROOT>/wrf_downscale/canary_all7/run --namelist <DATA_ROOT>/wrf_downscale/canary_all7/run/namelist.input --output-dir proofs/v020/s4/fp64_d01d03_1h_thomas_20260621T164055Z/output --proof-dir proofs/v020/s4/fp64_d01d03_1h_thomas_20260621T164055Z/proofs --scratch-dir proofs/v020/s4/fp64_d01d03_1h_thomas_20260621T164055Z/scratch --max-dom 3 --hours 1"
1782061410,2026-06-21T18:03:30+01:00,3140664,3140601,S,0,0.0,0.0,1736,2784,"/usr/bin/time -f wall_s=%e\nmaxrss_kib=%M -o proofs/v020/s4/fp64_d01d03_1h_thomas_20260621T164055Z/time.txt taskset -c 0-3 python -m gpuwrf run --input-dir <DATA_ROOT>/wrf_downscale/canary_all7/run --namelist <DATA_ROOT>/wrf_downscale/canary_all7/run/namelist.input --output-dir proofs/v020/s4/fp64_d01d03_1h_thomas_20260621T164055Z/output --proof-dir proofs/v020/s4/fp64_d01d03_1h_thomas_20260621T164055Z/proofs --scratch-dir proofs/v020/s4/fp64_d01d03_1h_thomas_20260621T164055Z/scratch --max-dom 3 --hours 1"
1782061410,2026-06-21T18:03:30+01:00,3140666,3140664,Rl,0,105,20.6,20316148,53204708,"python -m gpuwrf run --input-dir <DATA_ROOT>/wrf_downscale/canary_all7/run --namelist <DATA_ROOT>/wrf_downscale/canary_all7/run/namelist.input --output-dir proofs/v020/s4/fp64_d01d03_1h_thomas_20260621T164055Z/output --proof-dir proofs/v020/s4/fp64_d01d03_1h_thomas_20260621T164055Z/proofs --scratch-dir proofs/v020/s4/fp64_d01d03_1h_thomas_20260621T164055Z/scratch --max-dom 3 --hours 1"
1782061412,2026-06-21T18:03:32+01:00,3140664,3140601,S,0,0.0,0.0,1736,2784,"/usr/bin/time -f wall_s=%e\nmaxrss_kib=%M -o proofs/v020/s4/fp64_d01d03_1h_thomas_20260621T164055Z/time.txt taskset -c 0-3 python -m gpuwrf run --input-dir <DATA_ROOT>/wrf_downscale/canary_all7/run --namelist <DATA_ROOT>/wrf_downscale/canary_all7/run/namelist.input --output-dir proofs/v020/s4/fp64_d01d03_1h_thomas_20260621T164055Z/output --proof-dir proofs/v020/s4/fp64_d01d03_1h_thomas_20260621T164055Z/proofs --scratch-dir proofs/v020/s4/fp64_d01d03_1h_thomas_20260621T164055Z/scratch --max-dom 3 --hours 1"
1782061412,2026-06-21T18:03:32+01:00,3140666,3140664,Rl,1,105,20.6,20316148,53204708,"python -m gpuwrf run --input-dir <DATA_ROOT>/wrf_downscale/canary_all7/run --namelist <DATA_ROOT>/wrf_downscale/canary_all7/run/namelist.input --output-dir proofs/v020/s4/fp64_d01d03_1h_thomas_20260621T164055Z/output --proof-dir proofs/v020/s4/fp64_d01d03_1h_thomas_20260621T164055Z/proofs --scratch-dir proofs/v020/s4/fp64_d01d03_1h_thomas_20260621T164055Z/scratch --max-dom 3 --hours 1"
1782061414,2026-06-21T18:03:34+01:00,3140664,3140601,S,0,0.0,0.0,1736,2784,"/usr/bin/time -f wall_s=%e\nmaxrss_kib=%M -o proofs/v020/s4/fp64_d01d03_1h_thomas_20260621T164055Z/time.txt taskset -c 0-3 python -m gpuwrf run --input-dir <DATA_ROOT>/wrf_downscale/canary_all7/run --namelist <DATA_ROOT>/wrf_downscale/canary_all7/run/namelist.input --output-dir proofs/v020/s4/fp64_d01d03_1h_thomas_20260621T164055Z/output --proof-dir proofs/v020/s4/fp64_d01d03_1h_thomas_20260621T164055Z/proofs --scratch-dir proofs/v020/s4/fp64_d01d03_1h_thomas_20260621T164055Z/scratch --max-dom 3 --hours 1"
1782061414,2026-06-21T18:03:34+01:00,3140666,3140664,Rl,2,105,20.6,20316136,53204708,"python -m gpuwrf run --input-dir <DATA_ROOT>/wrf_downscale/canary_all7/run --namelist <DATA_ROOT>/wrf_downscale/canary_all7/run/namelist.input --output-dir proofs/v020/s4/fp64_d01d03_1h_thomas_20260621T164055Z/output --proof-dir proofs/v020/s4/fp64_d01d03_1h_thomas_20260621T164055Z/proofs --scratch-dir proofs/v020/s4/fp64_d01d03_1h_thomas_20260621T164055Z/scratch --max-dom 3 --hours 1"
1782061419,2026-06-21T18:03:39+01:00,3140664,3140601,S,0,0.0,0.0,1736,2784,"/usr/bin/time -f wall_s=%e\nmaxrss_kib=%M -o proofs/v020/s4/fp64_d01d03_1h_thomas_20260621T164055Z/time.txt taskset -c 0-3 python -m gpuwrf run --input-dir <DATA_ROOT>/wrf_downscale/canary_all7/run --namelist <DATA_ROOT>/wrf_downscale/canary_all7/run/namelist.input --output-dir proofs/v020/s4/fp64_d01d03_1h_thomas_20260621T164055Z/output --proof-dir proofs/v020/s4/fp64_d01d03_1h_thomas_20260621T164055Z/proofs --scratch-dir proofs/v020/s4/fp64_d01d03_1h_thomas_20260621T164055Z/scratch --max-dom 3 --hours 1"
1782061419,2026-06-21T18:03:39+01:00,3140666,3140664,Rl,3,105,20.6,20316136,53204708,"python -m gpuwrf run --input-dir <DATA_ROOT>/wrf_downscale/canary_all7/run --namelist <DATA_ROOT>/wrf_downscale/canary_all7/run/namelist.input --output-dir proofs/v020/s4/fp64_d01d03_1h_thomas_20260621T164055Z/output --proof-dir proofs/v020/s4/fp64_d01d03_1h_thomas_20260621T164055Z/proofs --scratch-dir proofs/v020/s4/fp64_d01d03_1h_thomas_20260621T164055Z/scratch --max-dom 3 --hours 1"
1782061422,2026-06-21T18:03:42+01:00,3140664,3140601,S,0,0.0,0.0,1736,2784,"/usr/bin/time -f wall_s=%e\nmaxrss_kib=%M -o proofs/v020/s4/fp64_d01d03_1h_thomas_20260621T164055Z/time.txt taskset -c 0-3 python -m gpuwrf run --input-dir <DATA_ROOT>/wrf_downscale/canary_all7/run --namelist <DATA_ROOT>/wrf_downscale/canary_all7/run/namelist.input --output-dir proofs/v020/s4/fp64_d01d03_1h_thomas_20260621T164055Z/output --proof-dir proofs/v020/s4/fp64_d01d03_1h_thomas_20260621T164055Z/proofs --scratch-dir proofs/v020/s4/fp64_d01d03_1h_thomas_20260621T164055Z/scratch --max-dom 3 --hours 1"
1782061422,2026-06-21T18:03:42+01:00,3140666,3140664,Rl,2,105,20.6,20316136,58152676,"python -m gpuwrf run --input-dir <DATA_ROOT>/wrf_downscale/canary_all7/run --namelist <DATA_ROOT>/wrf_downscale/canary_all7/run/namelist.input --output-dir proofs/v020/s4/fp64_d01d03_1h_thomas_20260621T164055Z/output --proof-dir proofs/v020/s4/fp64_d01d03_1h_thomas_20260621T164055Z/proofs --scratch-dir proofs/v020/s4/fp64_d01d03_1h_thomas_20260621T164055Z/scratch --max-dom 3 --hours 1"
1782061424,2026-06-21T18:03:44+01:00,3140664,3140601,S,0,0.0,0.0,1736,2784,"/usr/bin/time -f wall_s=%e\nmaxrss_kib=%M -o proofs/v020/s4/fp64_d01d03_1h_thomas_20260621T164055Z/time.txt taskset -c 0-3 python -m gpuwrf run --input-dir <DATA_ROOT>/wrf_downscale/canary_all7/run --namelist <DATA_ROOT>/wrf_downscale/canary_all7/run/namelist.input --output-dir proofs/v020/s4/fp64_d01d03_1h_thomas_20260621T164055Z/output --proof-dir proofs/v020/s4/fp64_d01d03_1h_thomas_20260621T164055Z/proofs --scratch-dir proofs/v020/s4/fp64_d01d03_1h_thomas_20260621T164055Z/scratch --max-dom 3 --hours 1"
1782061424,2026-06-21T18:03:44+01:00,3140666,3140664,Rl,0,105,20.6,20316136,53204708,"python -m gpuwrf run --input-dir <DATA_ROOT>/wrf_downscale/canary_all7/run --namelist <DATA_ROOT>/wrf_downscale/canary_all7/run/namelist.input --output-dir proofs/v020/s4/fp64_d01d03_1h_thomas_20260621T164055Z/output --proof-dir proofs/v020/s4/fp64_d01d03_1h_thomas_20260621T164055Z/proofs --scratch-dir proofs/v020/s4/fp64_d01d03_1h_thomas_20260621T164055Z/scratch --max-dom 3 --hours 1"
1782061426,2026-06-21T18:03:46+01:00,3140664,3140601,S,0,0.0,0.0,1736,2784,"/usr/bin/time -f wall_s=%e\nmaxrss_kib=%M -o proofs/v020/s4/fp64_d01d03_1h_thomas_20260621T164055Z/time.txt taskset -c 0-3 python -m gpuwrf run --input-dir <DATA_ROOT>/wrf_downscale/canary_all7/run --namelist <DATA_ROOT>/wrf_downscale/canary_all7/run/namelist.input --output-dir proofs/v020/s4/fp64_d01d03_1h_thomas_20260621T164055Z/output --proof-dir proofs/v020/s4/fp64_d01d03_1h_thomas_20260621T164055Z/proofs --scratch-dir proofs/v020/s4/fp64_d01d03_1h_thomas_20260621T164055Z/scratch --max-dom 3 --hours 1"
1782061426,2026-06-21T18:03:46+01:00,3140666,3140664,Rl,1,105,20.6,20316136,58152676,"python -m gpuwrf run --input-dir <DATA_ROOT>/wrf_downscale/canary_all7/run --namelist <DATA_ROOT>/wrf_downscale/canary_all7/run/namelist.input --output-dir proofs/v020/s4/fp64_d01d03_1h_thomas_20260621T164055Z/output --proof-dir proofs/v020/s4/fp64_d01d03_1h_thomas_20260621T164055Z/proofs --scratch-dir proofs/v020/s4/fp64_d01d03_1h_thomas_20260621T164055Z/scratch --max-dom 3 --hours 1"
1782061431,2026-06-21T18:03:51+01:00,3140664,3140601,S,0,0.0,0.0,1736,2784,"/usr/bin/time -f wall_s=%e\nmaxrss_kib=%M -o proofs/v020/s4/fp64_d01d03_1h_thomas_20260621T164055Z/time.txt taskset -c 0-3 python -m gpuwrf run --input-dir <DATA_ROOT>/wrf_downscale/canary_all7/run --namelist <DATA_ROOT>/wrf_downscale/canary_all7/run/namelist.input --output-dir proofs/v020/s4/fp64_d01d03_1h_thomas_20260621T164055Z/output --proof-dir proofs/v020/s4/fp64_d01d03_1h_thomas_20260621T164055Z/proofs --scratch-dir proofs/v020/s4/fp64_d01d03_1h_thomas_20260621T164055Z/scratch --max-dom 3 --hours 1"
1782061431,2026-06-21T18:03:51+01:00,3140666,3140664,Sl,1,105,20.6,20316136,53204708,"python -m gpuwrf run --input-dir <DATA_ROOT>/wrf_downscale/canary_all7/run --namelist <DATA_ROOT>/wrf_downscale/canary_all7/run/namelist.input --output-dir proofs/v020/s4/fp64_d01d03_1h_thomas_20260621T164055Z/output --proof-dir proofs/v020/s4/fp64_d01d03_1h_thomas_20260621T164055Z/proofs --scratch-dir proofs/v020/s4/fp64_d01d03_1h_thomas_20260621T164055Z/scratch --max-dom 3 --hours 1"
1782061433,2026-06-21T18:03:53+01:00,3140664,3140601,S,0,0.0,0.0,1736,2784,"/usr/bin/time -f wall_s=%e\nmaxrss_kib=%M -o proofs/v020/s4/fp64_d01d03_1h_thomas_20260621T164055Z/time.txt taskset -c 0-3 python -m gpuwrf run --input-dir <DATA_ROOT>/wrf_downscale/canary_all7/run --namelist <DATA_ROOT>/wrf_downscale/canary_all7/run/namelist.input --output-dir proofs/v020/s4/fp64_d01d03_1h_thomas_20260621T164055Z/output --proof-dir proofs/v020/s4/fp64_d01d03_1h_thomas_20260621T164055Z/proofs --scratch-dir proofs/v020/s4/fp64_d01d03_1h_thomas_20260621T164055Z/scratch --max-dom 3 --hours 1"
1782061433,2026-06-21T18:03:53+01:00,3140666,3140664,Rl,1,105,20.6,20316136,58152676,"python -m gpuwrf run --input-dir <DATA_ROOT>/wrf_downscale/canary_all7/run --namelist <DATA_ROOT>/wrf_downscale/canary_all7/run/namelist.input --output-dir proofs/v020/s4/fp64_d01d03_1h_thomas_20260621T164055Z/output --proof-dir proofs/v020/s4/fp64_d01d03_1h_thomas_20260621T164055Z/proofs --scratch-dir proofs/v020/s4/fp64_d01d03_1h_thomas_20260621T164055Z/scratch --max-dom 3 --hours 1"
1782061435,2026-06-21T18:03:55+01:00,3140664,3140601,S,0,0.0,0.0,1736,2784,"/usr/bin/time -f wall_s=%e\nmaxrss_kib=%M -o proofs/v020/s4/fp64_d01d03_1h_thomas_20260621T164055Z/time.txt taskset -c 0-3 python -m gpuwrf run --input-dir <DATA_ROOT>/wrf_downscale/canary_all7/run --namelist <DATA_ROOT>/wrf_downscale/canary_all7/run/namelist.input --output-dir proofs/v020/s4/fp64_d01d03_1h_thomas_20260621T164055Z/output --proof-dir proofs/v020/s4/fp64_d01d03_1h_thomas_20260621T164055Z/proofs --scratch-dir proofs/v020/s4/fp64_d01d03_1h_thomas_20260621T164055Z/scratch --max-dom 3 --hours 1"
1782061435,2026-06-21T18:03:55+01:00,3140666,3140664,Rl,0,105,20.6,20316136,53204708,"python -m gpuwrf run --input-dir <DATA_ROOT>/wrf_downscale/canary_all7/run --namelist <DATA_ROOT>/wrf_downscale/canary_all7/run/namelist.input --output-dir proofs/v020/s4/fp64_d01d03_1h_thomas_20260621T164055Z/output --proof-dir proofs/v020/s4/fp64_d01d03_1h_thomas_20260621T164055Z/proofs --scratch-dir proofs/v020/s4/fp64_d01d03_1h_thomas_20260621T164055Z/scratch --max-dom 3 --hours 1"
1782061437,2026-06-21T18:03:57+01:00,3140664,3140601,S,0,0.0,0.0,1736,2784,"/usr/bin/time -f wall_s=%e\nmaxrss_kib=%M -o proofs/v020/s4/fp64_d01d03_1h_thomas_20260621T164055Z/time.txt taskset -c 0-3 python -m gpuwrf run --input-dir <DATA_ROOT>/wrf_downscale/canary_all7/run --namelist <DATA_ROOT>/wrf_downscale/canary_all7/run/namelist.input --output-dir proofs/v020/s4/fp64_d01d03_1h_thomas_20260621T164055Z/output --proof-dir proofs/v020/s4/fp64_d01d03_1h_thomas_20260621T164055Z/proofs --scratch-dir proofs/v020/s4/fp64_d01d03_1h_thomas_20260621T164055Z/scratch --max-dom 3 --hours 1"
1782061437,2026-06-21T18:03:57+01:00,3140666,3140664,Rl,1,105,20.6,20316136,53204708,"python -m gpuwrf run --input-dir <DATA_ROOT>/wrf_downscale/canary_all7/run --namelist <DATA_ROOT>/wrf_downscale/canary_all7/run/namelist.input --output-dir proofs/v020/s4/fp64_d01d03_1h_thomas_20260621T164055Z/output --proof-dir proofs/v020/s4/fp64_d01d03_1h_thomas_20260621T164055Z/proofs --scratch-dir proofs/v020/s4/fp64_d01d03_1h_thomas_20260621T164055Z/scratch --max-dom 3 --hours 1"
1782061439,2026-06-21T18:03:59+01:00,3140664,3140601,S,0,0.0,0.0,1736,2784,"/usr/bin/time -f wall_s=%e\nmaxrss_kib=%M -o proofs/v020/s4/fp64_d01d03_1h_thomas_20260621T164055Z/time.txt taskset -c 0-3 python -m gpuwrf run --input-dir <DATA_ROOT>/wrf_downscale/canary_all7/run --namelist <DATA_ROOT>/wrf_downscale/canary_all7/run/namelist.input --output-dir proofs/v020/s4/fp64_d01d03_1h_thomas_20260621T164055Z/output --proof-dir proofs/v020/s4/fp64_d01d03_1h_thomas_20260621T164055Z/proofs --scratch-dir proofs/v020/s4/fp64_d01d03_1h_thomas_20260621T164055Z/scratch --max-dom 3 --hours 1"
1782061439,2026-06-21T18:03:59+01:00,3140666,3140664,Rl,0,105,20.6,20316136,58152676,"python -m gpuwrf run --input-dir <DATA_ROOT>/wrf_downscale/canary_all7/run --namelist <DATA_ROOT>/wrf_downscale/canary_all7/run/namelist.input --output-dir proofs/v020/s4/fp64_d01d03_1h_thomas_20260621T164055Z/output --proof-dir proofs/v020/s4/fp64_d01d03_1h_thomas_20260621T164055Z/proofs --scratch-dir proofs/v020/s4/fp64_d01d03_1h_thomas_20260621T164055Z/scratch --max-dom 3 --hours 1"
1782061441,2026-06-21T18:04:01+01:00,3140664,3140601,S,0,0.0,0.0,1736,2784,"/usr/bin/time -f wall_s=%e\nmaxrss_kib=%M -o proofs/v020/s4/fp64_d01d03_1h_thomas_20260621T164055Z/time.txt taskset -c 0-3 python -m gpuwrf run --input-dir <DATA_ROOT>/wrf_downscale/canary_all7/run --namelist <DATA_ROOT>/wrf_downscale/canary_all7/run/namelist.input --output-dir proofs/v020/s4/fp64_d01d03_1h_thomas_20260621T164055Z/output --proof-dir proofs/v020/s4/fp64_d01d03_1h_thomas_20260621T164055Z/proofs --scratch-dir proofs/v020/s4/fp64_d01d03_1h_thomas_20260621T164055Z/scratch --max-dom 3 --hours 1"
1782061441,2026-06-21T18:04:01+01:00,3140666,3140664,Rl,0,105,20.6,20316136,53204708,"python -m gpuwrf run --input-dir <DATA_ROOT>/wrf_downscale/canary_all7/run --namelist <DATA_ROOT>/wrf_downscale/canary_all7/run/namelist.input --output-dir proofs/v020/s4/fp64_d01d03_1h_thomas_20260621T164055Z/output --proof-dir proofs/v020/s4/fp64_d01d03_1h_thomas_20260621T164055Z/proofs --scratch-dir proofs/v020/s4/fp64_d01d03_1h_thomas_20260621T164055Z/scratch --max-dom 3 --hours 1"
1782061443,2026-06-21T18:04:03+01:00,3140664,3140601,S,0,0.0,0.0,1736,2784,"/usr/bin/time -f wall_s=%e\nmaxrss_kib=%M -o proofs/v020/s4/fp64_d01d03_1h_thomas_20260621T164055Z/time.txt taskset -c 0-3 python -m gpuwrf run --input-dir <DATA_ROOT>/wrf_downscale/canary_all7/run --namelist <DATA_ROOT>/wrf_downscale/canary_all7/run/namelist.input --output-dir proofs/v020/s4/fp64_d01d03_1h_thomas_20260621T164055Z/output --proof-dir proofs/v020/s4/fp64_d01d03_1h_thomas_20260621T164055Z/proofs --scratch-dir proofs/v020/s4/fp64_d01d03_1h_thomas_20260621T164055Z/scratch --max-dom 3 --hours 1"
1782061443,2026-06-21T18:04:03+01:00,3140666,3140664,Rl,1,105,20.6,20316136,53204708,"python -m gpuwrf run --input-dir <DATA_ROOT>/wrf_downscale/canary_all7/run --namelist <DATA_ROOT>/wrf_downscale/canary_all7/run/namelist.input --output-dir proofs/v020/s4/fp64_d01d03_1h_thomas_20260621T164055Z/output --proof-dir proofs/v020/s4/fp64_d01d03_1h_thomas_20260621T164055Z/proofs --scratch-dir proofs/v020/s4/fp64_d01d03_1h_thomas_20260621T164055Z/scratch --max-dom 3 --hours 1"
1782061446,2026-06-21T18:04:06+01:00,3140664,3140601,S,0,0.0,0.0,1736,2784,"/usr/bin/time -f wall_s=%e\nmaxrss_kib=%M -o proofs/v020/s4/fp64_d01d03_1h_thomas_20260621T164055Z/time.txt taskset -c 0-3 python -m gpuwrf run --input-dir <DATA_ROOT>/wrf_downscale/canary_all7/run --namelist <DATA_ROOT>/wrf_downscale/canary_all7/run/namelist.input --output-dir proofs/v020/s4/fp64_d01d03_1h_thomas_20260621T164055Z/output --proof-dir proofs/v020/s4/fp64_d01d03_1h_thomas_20260621T164055Z/proofs --scratch-dir proofs/v020/s4/fp64_d01d03_1h_thomas_20260621T164055Z/scratch --max-dom 3 --hours 1"
1782061446,2026-06-21T18:04:06+01:00,3140666,3140664,Rl,3,105,20.6,20316136,53204708,"python -m gpuwrf run --input-dir <DATA_ROOT>/wrf_downscale/canary_all7/run --namelist <DATA_ROOT>/wrf_downscale/canary_all7/run/namelist.input --output-dir proofs/v020/s4/fp64_d01d03_1h_thomas_20260621T164055Z/output --proof-dir proofs/v020/s4/fp64_d01d03_1h_thomas_20260621T164055Z/proofs --scratch-dir proofs/v020/s4/fp64_d01d03_1h_thomas_20260621T164055Z/scratch --max-dom 3 --hours 1"
1782061448,2026-06-21T18:04:08+01:00,3140664,3140601,S,0,0.0,0.0,1736,2784,"/usr/bin/time -f wall_s=%e\nmaxrss_kib=%M -o proofs/v020/s4/fp64_d01d03_1h_thomas_20260621T164055Z/time.txt taskset -c 0-3 python -m gpuwrf run --input-dir <DATA_ROOT>/wrf_downscale/canary_all7/run --namelist <DATA_ROOT>/wrf_downscale/canary_all7/run/namelist.input --output-dir proofs/v020/s4/fp64_d01d03_1h_thomas_20260621T164055Z/output --proof-dir proofs/v020/s4/fp64_d01d03_1h_thomas_20260621T164055Z/proofs --scratch-dir proofs/v020/s4/fp64_d01d03_1h_thomas_20260621T164055Z/scratch --max-dom 3 --hours 1"
1782061448,2026-06-21T18:04:08+01:00,3140666,3140664,Rl,2,105,20.6,20316136,53204708,"python -m gpuwrf run --input-dir <DATA_ROOT>/wrf_downscale/canary_all7/run --namelist <DATA_ROOT>/wrf_downscale/canary_all7/run/namelist.input --output-dir proofs/v020/s4/fp64_d01d03_1h_thomas_20260621T164055Z/output --proof-dir proofs/v020/s4/fp64_d01d03_1h_thomas_20260621T164055Z/proofs --scratch-dir proofs/v020/s4/fp64_d01d03_1h_thomas_20260621T164055Z/scratch --max-dom 3 --hours 1"
1782061450,2026-06-21T18:04:10+01:00,3140664,3140601,S,0,0.0,0.0,1736,2784,"/usr/bin/time -f wall_s=%e\nmaxrss_kib=%M -o proofs/v020/s4/fp64_d01d03_1h_thomas_20260621T164055Z/time.txt taskset -c 0-3 python -m gpuwrf run --input-dir <DATA_ROOT>/wrf_downscale/canary_all7/run --namelist <DATA_ROOT>/wrf_downscale/canary_all7/run/namelist.input --output-dir proofs/v020/s4/fp64_d01d03_1h_thomas_20260621T164055Z/output --proof-dir proofs/v020/s4/fp64_d01d03_1h_thomas_20260621T164055Z/proofs --scratch-dir proofs/v020/s4/fp64_d01d03_1h_thomas_20260621T164055Z/scratch --max-dom 3 --hours 1"
1782061450,2026-06-21T18:04:10+01:00,3140666,3140664,Rl,2,105,20.6,20316136,53204708,"python -m gpuwrf run --input-dir <DATA_ROOT>/wrf_downscale/canary_all7/run --namelist <DATA_ROOT>/wrf_downscale/canary_all7/run/namelist.input --output-dir proofs/v020/s4/fp64_d01d03_1h_thomas_20260621T164055Z/output --proof-dir proofs/v020/s4/fp64_d01d03_1h_thomas_20260621T164055Z/proofs --scratch-dir proofs/v020/s4/fp64_d01d03_1h_thomas_20260621T164055Z/scratch --max-dom 3 --hours 1"
1782061452,2026-06-21T18:04:12+01:00,3140664,3140601,S,0,0.0,0.0,1736,2784,"/usr/bin/time -f wall_s=%e\nmaxrss_kib=%M -o proofs/v020/s4/fp64_d01d03_1h_thomas_20260621T164055Z/time.txt taskset -c 0-3 python -m gpuwrf run --input-dir <DATA_ROOT>/wrf_downscale/canary_all7/run --namelist <DATA_ROOT>/wrf_downscale/canary_all7/run/namelist.input --output-dir proofs/v020/s4/fp64_d01d03_1h_thomas_20260621T164055Z/output --proof-dir proofs/v020/s4/fp64_d01d03_1h_thomas_20260621T164055Z/proofs --scratch-dir proofs/v020/s4/fp64_d01d03_1h_thomas_20260621T164055Z/scratch --max-dom 3 --hours 1"
1782061452,2026-06-21T18:04:12+01:00,3140666,3140664,Rl,0,105,20.6,20316136,53204708,"python -m gpuwrf run --input-dir <DATA_ROOT>/wrf_downscale/canary_all7/run --namelist <DATA_ROOT>/wrf_downscale/canary_all7/run/namelist.input --output-dir proofs/v020/s4/fp64_d01d03_1h_thomas_20260621T164055Z/output --proof-dir proofs/v020/s4/fp64_d01d03_1h_thomas_20260621T164055Z/proofs --scratch-dir proofs/v020/s4/fp64_d01d03_1h_thomas_20260621T164055Z/scratch --max-dom 3 --hours 1"
1782061454,2026-06-21T18:04:14+01:00,3140664,3140601,S,0,0.0,0.0,1736,2784,"/usr/bin/time -f wall_s=%e\nmaxrss_kib=%M -o proofs/v020/s4/fp64_d01d03_1h_thomas_20260621T164055Z/time.txt taskset -c 0-3 python -m gpuwrf run --input-dir <DATA_ROOT>/wrf_downscale/canary_all7/run --namelist <DATA_ROOT>/wrf_downscale/canary_all7/run/namelist.input --output-dir proofs/v020/s4/fp64_d01d03_1h_thomas_20260621T164055Z/output --proof-dir proofs/v020/s4/fp64_d01d03_1h_thomas_20260621T164055Z/proofs --scratch-dir proofs/v020/s4/fp64_d01d03_1h_thomas_20260621T164055Z/scratch --max-dom 3 --hours 1"
1782061454,2026-06-21T18:04:14+01:00,3140666,3140664,Rl,3,105,20.6,20316136,53204708,"python -m gpuwrf run --input-dir <DATA_ROOT>/wrf_downscale/canary_all7/run --namelist <DATA_ROOT>/wrf_downscale/canary_all7/run/namelist.input --output-dir proofs/v020/s4/fp64_d01d03_1h_thomas_20260621T164055Z/output --proof-dir proofs/v020/s4/fp64_d01d03_1h_thomas_20260621T164055Z/proofs --scratch-dir proofs/v020/s4/fp64_d01d03_1h_thomas_20260621T164055Z/scratch --max-dom 3 --hours 1"
1782061456,2026-06-21T18:04:16+01:00,3140664,3140601,S,0,0.0,0.0,1736,2784,"/usr/bin/time -f wall_s=%e\nmaxrss_kib=%M -o proofs/v020/s4/fp64_d01d03_1h_thomas_20260621T164055Z/time.txt taskset -c 0-3 python -m gpuwrf run --input-dir <DATA_ROOT>/wrf_downscale/canary_all7/run --namelist <DATA_ROOT>/wrf_downscale/canary_all7/run/namelist.input --output-dir proofs/v020/s4/fp64_d01d03_1h_thomas_20260621T164055Z/output --proof-dir proofs/v020/s4/fp64_d01d03_1h_thomas_20260621T164055Z/proofs --scratch-dir proofs/v020/s4/fp64_d01d03_1h_thomas_20260621T164055Z/scratch --max-dom 3 --hours 1"
1782061456,2026-06-21T18:04:16+01:00,3140666,3140664,Rl,1,105,20.6,20316136,53204708,"python -m gpuwrf run --input-dir <DATA_ROOT>/wrf_downscale/canary_all7/run --namelist <DATA_ROOT>/wrf_downscale/canary_all7/run/namelist.input --output-dir proofs/v020/s4/fp64_d01d03_1h_thomas_20260621T164055Z/output --proof-dir proofs/v020/s4/fp64_d01d03_1h_thomas_20260621T164055Z/proofs --scratch-dir proofs/v020/s4/fp64_d01d03_1h_thomas_20260621T164055Z/scratch --max-dom 3 --hours 1"
1782061458,2026-06-21T18:04:18+01:00,3140664,3140601,S,0,0.0,0.0,1736,2784,"/usr/bin/time -f wall_s=%e\nmaxrss_kib=%M -o proofs/v020/s4/fp64_d01d03_1h_thomas_20260621T164055Z/time.txt taskset -c 0-3 python -m gpuwrf run --input-dir <DATA_ROOT>/wrf_downscale/canary_all7/run --namelist <DATA_ROOT>/wrf_downscale/canary_all7/run/namelist.input --output-dir proofs/v020/s4/fp64_d01d03_1h_thomas_20260621T164055Z/output --proof-dir proofs/v020/s4/fp64_d01d03_1h_thomas_20260621T164055Z/proofs --scratch-dir proofs/v020/s4/fp64_d01d03_1h_thomas_20260621T164055Z/scratch --max-dom 3 --hours 1"
1782061458,2026-06-21T18:04:18+01:00,3140666,3140664,Rl,3,105,20.6,20316136,53204708,"python -m gpuwrf run --input-dir <DATA_ROOT>/wrf_downscale/canary_all7/run --namelist <DATA_ROOT>/wrf_downscale/canary_all7/run/namelist.input --output-dir proofs/v020/s4/fp64_d01d03_1h_thomas_20260621T164055Z/output --proof-dir proofs/v020/s4/fp64_d01d03_1h_thomas_20260621T164055Z/proofs --scratch-dir proofs/v020/s4/fp64_d01d03_1h_thomas_20260621T164055Z/scratch --max-dom 3 --hours 1"
1782061460,2026-06-21T18:04:20+01:00,3140664,3140601,S,0,0.0,0.0,1736,2784,"/usr/bin/time -f wall_s=%e\nmaxrss_kib=%M -o proofs/v020/s4/fp64_d01d03_1h_thomas_20260621T164055Z/time.txt taskset -c 0-3 python -m gpuwrf run --input-dir <DATA_ROOT>/wrf_downscale/canary_all7/run --namelist <DATA_ROOT>/wrf_downscale/canary_all7/run/namelist.input --output-dir proofs/v020/s4/fp64_d01d03_1h_thomas_20260621T164055Z/output --proof-dir proofs/v020/s4/fp64_d01d03_1h_thomas_20260621T164055Z/proofs --scratch-dir proofs/v020/s4/fp64_d01d03_1h_thomas_20260621T164055Z/scratch --max-dom 3 --hours 1"
1782061460,2026-06-21T18:04:20+01:00,3140666,3140664,Rl,0,105,20.6,20316136,53204708,"python -m gpuwrf run --input-dir <DATA_ROOT>/wrf_downscale/canary_all7/run --namelist <DATA_ROOT>/wrf_downscale/canary_all7/run/namelist.input --output-dir proofs/v020/s4/fp64_d01d03_1h_thomas_20260621T164055Z/output --proof-dir proofs/v020/s4/fp64_d01d03_1h_thomas_20260621T164055Z/proofs --scratch-dir proofs/v020/s4/fp64_d01d03_1h_thomas_20260621T164055Z/scratch --max-dom 3 --hours 1"
1782061462,2026-06-21T18:04:22+01:00,3140664,3140601,S,0,0.0,0.0,1736,2784,"/usr/bin/time -f wall_s=%e\nmaxrss_kib=%M -o proofs/v020/s4/fp64_d01d03_1h_thomas_20260621T164055Z/time.txt taskset -c 0-3 python -m gpuwrf run --input-dir <DATA_ROOT>/wrf_downscale/canary_all7/run --namelist <DATA_ROOT>/wrf_downscale/canary_all7/run/namelist.input --output-dir proofs/v020/s4/fp64_d01d03_1h_thomas_20260621T164055Z/output --proof-dir proofs/v020/s4/fp64_d01d03_1h_thomas_20260621T164055Z/proofs --scratch-dir proofs/v020/s4/fp64_d01d03_1h_thomas_20260621T164055Z/scratch --max-dom 3 --hours 1"
1782061462,2026-06-21T18:04:22+01:00,3140666,3140664,Rl,3,105,20.6,20316136,53204708,"python -m gpuwrf run --input-dir <DATA_ROOT>/wrf_downscale/canary_all7/run --namelist <DATA_ROOT>/wrf_downscale/canary_all7/run/namelist.input --output-dir proofs/v020/s4/fp64_d01d03_1h_thomas_20260621T164055Z/output --proof-dir proofs/v020/s4/fp64_d01d03_1h_thomas_20260621T164055Z/proofs --scratch-dir proofs/v020/s4/fp64_d01d03_1h_thomas_20260621T164055Z/scratch --max-dom 3 --hours 1"
1782061465,2026-06-21T18:04:25+01:00,3140664,3140601,S,0,0.0,0.0,1736,2784,"/usr/bin/time -f wall_s=%e\nmaxrss_kib=%M -o proofs/v020/s4/fp64_d01d03_1h_thomas_20260621T164055Z/time.txt taskset -c 0-3 python -m gpuwrf run --input-dir <DATA_ROOT>/wrf_downscale/canary_all7/run --namelist <DATA_ROOT>/wrf_downscale/canary_all7/run/namelist.input --output-dir proofs/v020/s4/fp64_d01d03_1h_thomas_20260621T164055Z/output --proof-dir proofs/v020/s4/fp64_d01d03_1h_thomas_20260621T164055Z/proofs --scratch-dir proofs/v020/s4/fp64_d01d03_1h_thomas_20260621T164055Z/scratch --max-dom 3 --hours 1"
1782061465,2026-06-21T18:04:25+01:00,3140666,3140664,Rl,3,105,20.6,20316136,53204708,"python -m gpuwrf run --input-dir <DATA_ROOT>/wrf_downscale/canary_all7/run --namelist <DATA_ROOT>/wrf_downscale/canary_all7/run/namelist.input --output-dir proofs/v020/s4/fp64_d01d03_1h_thomas_20260621T164055Z/output --proof-dir proofs/v020/s4/fp64_d01d03_1h_thomas_20260621T164055Z/proofs --scratch-dir proofs/v020/s4/fp64_d01d03_1h_thomas_20260621T164055Z/scratch --max-dom 3 --hours 1"
1782061467,2026-06-21T18:04:27+01:00,3140664,3140601,S,0,0.0,0.0,1736,2784,"/usr/bin/time -f wall_s=%e\nmaxrss_kib=%M -o proofs/v020/s4/fp64_d01d03_1h_thomas_20260621T164055Z/time.txt taskset -c 0-3 python -m gpuwrf run --input-dir <DATA_ROOT>/wrf_downscale/canary_all7/run --namelist <DATA_ROOT>/wrf_downscale/canary_all7/run/namelist.input --output-dir proofs/v020/s4/fp64_d01d03_1h_thomas_20260621T164055Z/output --proof-dir proofs/v020/s4/fp64_d01d03_1h_thomas_20260621T164055Z/proofs --scratch-dir proofs/v020/s4/fp64_d01d03_1h_thomas_20260621T164055Z/scratch --max-dom 3 --hours 1"
1782061467,2026-06-21T18:04:27+01:00,3140666,3140664,Rl,3,105,20.6,20316136,53204708,"python -m gpuwrf run --input-dir <DATA_ROOT>/wrf_downscale/canary_all7/run --namelist <DATA_ROOT>/wrf_downscale/canary_all7/run/namelist.input --output-dir proofs/v020/s4/fp64_d01d03_1h_thomas_20260621T164055Z/output --proof-dir proofs/v020/s4/fp64_d01d03_1h_thomas_20260621T164055Z/proofs --scratch-dir proofs/v020/s4/fp64_d01d03_1h_thomas_20260621T164055Z/scratch --max-dom 3 --hours 1"
1782061470,2026-06-21T18:04:30+01:00,3140664,3140601,S,0,0.0,0.0,1736,2784,"/usr/bin/time -f wall_s=%e\nmaxrss_kib=%M -o proofs/v020/s4/fp64_d01d03_1h_thomas_20260621T164055Z/time.txt taskset -c 0-3 python -m gpuwrf run --input-dir <DATA_ROOT>/wrf_downscale/canary_all7/run --namelist <DATA_ROOT>/wrf_downscale/canary_all7/run/namelist.input --output-dir proofs/v020/s4/fp64_d01d03_1h_thomas_20260621T164055Z/output --proof-dir proofs/v020/s4/fp64_d01d03_1h_thomas_20260621T164055Z/proofs --scratch-dir proofs/v020/s4/fp64_d01d03_1h_thomas_20260621T164055Z/scratch --max-dom 3 --hours 1"
1782061470,2026-06-21T18:04:30+01:00,3140666,3140664,Rl,1,105,20.6,20316136,53204708,"python -m gpuwrf run --input-dir <DATA_ROOT>/wrf_downscale/canary_all7/run --namelist <DATA_ROOT>/wrf_downscale/canary_all7/run/namelist.input --output-dir proofs/v020/s4/fp64_d01d03_1h_thomas_20260621T164055Z/output --proof-dir proofs/v020/s4/fp64_d01d03_1h_thomas_20260621T164055Z/proofs --scratch-dir proofs/v020/s4/fp64_d01d03_1h_thomas_20260621T164055Z/scratch --max-dom 3 --hours 1"
1782061472,2026-06-21T18:04:32+01:00,3140664,3140601,S,0,0.0,0.0,1736,2784,"/usr/bin/time -f wall_s=%e\nmaxrss_kib=%M -o proofs/v020/s4/fp64_d01d03_1h_thomas_20260621T164055Z/time.txt taskset -c 0-3 python -m gpuwrf run --input-dir <DATA_ROOT>/wrf_downscale/canary_all7/run --namelist <DATA_ROOT>/wrf_downscale/canary_all7/run/namelist.input --output-dir proofs/v020/s4/fp64_d01d03_1h_thomas_20260621T164055Z/output --proof-dir proofs/v020/s4/fp64_d01d03_1h_thomas_20260621T164055Z/proofs --scratch-dir proofs/v020/s4/fp64_d01d03_1h_thomas_20260621T164055Z/scratch --max-dom 3 --hours 1"
1782061472,2026-06-21T18:04:32+01:00,3140666,3140664,Rl,2,105,20.6,20316136,53204708,"python -m gpuwrf run --input-dir <DATA_ROOT>/wrf_downscale/canary_all7/run --namelist <DATA_ROOT>/wrf_downscale/canary_all7/run/namelist.input --output-dir proofs/v020/s4/fp64_d01d03_1h_thomas_20260621T164055Z/output --proof-dir proofs/v020/s4/fp64_d01d03_1h_thomas_20260621T164055Z/proofs --scratch-dir proofs/v020/s4/fp64_d01d03_1h_thomas_20260621T164055Z/scratch --max-dom 3 --hours 1"
1782061474,2026-06-21T18:04:34+01:00,3140664,3140601,S,0,0.0,0.0,1736,2784,"/usr/bin/time -f wall_s=%e\nmaxrss_kib=%M -o proofs/v020/s4/fp64_d01d03_1h_thomas_20260621T164055Z/time.txt taskset -c 0-3 python -m gpuwrf run --input-dir <DATA_ROOT>/wrf_downscale/canary_all7/run --namelist <DATA_ROOT>/wrf_downscale/canary_all7/run/namelist.input --output-dir proofs/v020/s4/fp64_d01d03_1h_thomas_20260621T164055Z/output --proof-dir proofs/v020/s4/fp64_d01d03_1h_thomas_20260621T164055Z/proofs --scratch-dir proofs/v020/s4/fp64_d01d03_1h_thomas_20260621T164055Z/scratch --max-dom 3 --hours 1"
1782061474,2026-06-21T18:04:34+01:00,3140666,3140664,Rl,2,105,20.6,20316136,53204708,"python -m gpuwrf run --input-dir <DATA_ROOT>/wrf_downscale/canary_all7/run --namelist <DATA_ROOT>/wrf_downscale/canary_all7/run/namelist.input --output-dir proofs/v020/s4/fp64_d01d03_1h_thomas_20260621T164055Z/output --proof-dir proofs/v020/s4/fp64_d01d03_1h_thomas_20260621T164055Z/proofs --scratch-dir proofs/v020/s4/fp64_d01d03_1h_thomas_20260621T164055Z/scratch --max-dom 3 --hours 1"
1782061476,2026-06-21T18:04:36+01:00,3140664,3140601,S,0,0.0,0.0,1736,2784,"/usr/bin/time -f wall_s=%e\nmaxrss_kib=%M -o proofs/v020/s4/fp64_d01d03_1h_thomas_20260621T164055Z/time.txt taskset -c 0-3 python -m gpuwrf run --input-dir <DATA_ROOT>/wrf_downscale/canary_all7/run --namelist <DATA_ROOT>/wrf_downscale/canary_all7/run/namelist.input --output-dir proofs/v020/s4/fp64_d01d03_1h_thomas_20260621T164055Z/output --proof-dir proofs/v020/s4/fp64_d01d03_1h_thomas_20260621T164055Z/proofs --scratch-dir proofs/v020/s4/fp64_d01d03_1h_thomas_20260621T164055Z/scratch --max-dom 3 --hours 1"
1782061476,2026-06-21T18:04:36+01:00,3140666,3140664,Zl,3,105,0.0,0,0,"[python] <defunct>"
