{
  "schema": "V016CoupledCoverageGate",
  "family": "mp",
  "option": 14,
  "hours": 1,
  "case": "Switzerland d01 reinit h36 replay, 128x128x44, dt=18s, single-domain, fp64",
  "baseline": "mp=8/bl=5/sf_sfclay=5/cu=0/ra=4/4/use_noahmp=False",
  "candidate": {
    "mp_physics": 14
  },
  "all_finite": true,
  "first_nonfinite_hour": null,
  "bounds_violations": [],
  "per_hour_wall_s": [
    102.74
  ],
  "steady_ms_per_step": 513.7,
  "peak_vram_gib": 6.762,
  "field_deltas_vs_baseline": {
    "family_perturbs_dynamics": false,
    "gated_fields": {
      "p": {
        "rmse": 2.8552309154143756,
        "max_abs": 32.609251146554016,
        "manifest_field": "PSFC",
        "manifest_rmse_limit": 120.0,
        "rmse_over_limit": 0.023793590961786463
      },
      "qv": {
        "rmse": 4.294302375902713e-05,
        "max_abs": 0.0007491015929939051,
        "manifest_field": "QVAPOR",
        "manifest_rmse_limit": 0.001,
        "rmse_over_limit": 0.04294302375902712
      },
      "rain_acc": {
        "rmse": 0.13890275898770804,
        "max_abs": 1.3402988921466947,
        "manifest_field": "RAINNC",
        "manifest_rmse_limit": 1.0,
        "rmse_over_limit": 0.13890275898770804
      },
      "theta": {
        "rmse": 0.10274393845385689,
        "max_abs": 1.2018482764703435,
        "manifest_field": "T",
        "manifest_rmse_limit": 1.5,
        "rmse_over_limit": 0.06849595896923792
      },
      "u": {
        "rmse": 0.20309975669175329,
        "max_abs": 3.509489305903445,
        "manifest_field": "U",
        "manifest_rmse_limit": 1.8,
        "rmse_over_limit": 0.11283319816208516
      },
      "v": {
        "rmse": 0.17509227098317345,
        "max_abs": 2.8595246957703884,
        "manifest_field": "V",
        "manifest_rmse_limit": 1.8,
        "rmse_over_limit": 0.09727348387954081
      },
      "w": {
        "rmse": 0.02161097640652756,
        "max_abs": 0.441902674120665,
        "manifest_field": "W",
        "manifest_rmse_limit": 0.3,
        "rmse_over_limit": 0.07203658802175854
      }
    },
    "worst_dynamics_rmse_over_limit": 0.11283319816208516,
    "hard_gate_fails": [],
    "review_flags": [],
    "ungated_top": {
      "Ni": {
        "rmse": 31220.396634018583,
        "max_abs": 1685033.125
      },
      "Nr": {
        "rmse": 28425.824805888704,
        "max_abs": 10961783.805546151
      },
      "Nn": {
        "rmse": 18578.765489361274,
        "max_abs": 2402609.0
      },
      "Nc": {
        "rmse": 9083.544552959445,
        "max_abs": 2395223.75
      },
      "mu_perturbation": {
        "rmse": 5.993651180448068,
        "max_abs": 33.05362825869969
      },
      "mu": {
        "rmse": 5.993651180448057,
        "max_abs": 33.053628258698154
      },
      "mu_total": {
        "rmse": 5.993651180448057,
        "max_abs": 33.053628258698154
      },
      "ph_perturbation": {
        "rmse": 3.2615243721822136,
        "max_abs": 33.295709249428114
      },
      "ph": {
        "rmse": 3.261524372182213,
        "max_abs": 33.29570924942709
      },
      "ph_total": {
        "rmse": 3.261524372182213,
        "max_abs": 33.29570924942709
      },
      "p_perturbation": {
        "rmse": 2.855230915414376,
        "max_abs": 32.609251146554016
      },
      "p_total": {
        "rmse": 2.8552309154143756,
        "max_abs": 32.609251146554016
      },
      "Ng": {
        "rmse": 0.4743944353173659,
        "max_abs": 63.356320511833864
      },
      "qke": {
        "rmse": 0.33690415820254915,
        "max_abs": 12.333581858193277
      },
      "snow_acc": {
        "rmse": 0.05883512777885276,
        "max_abs": 1.0954669679017497
      },
      "tau_v": {
        "rmse": 0.030543346265626697,
        "max_abs": 0.24838833005746475
      },
      "tau_u": {
        "rmse": 0.02962877057035002,
        "max_abs": 0.22853231335704605
      },
      "ustar": {
        "rmse": 0.022978939185242648,
        "max_abs": 0.23360954867461944
      },
      "theta_flux": {
        "rmse": 0.007402071542722909,
        "max_abs": 0.04941517191529071
      },
      "fltv": {
        "rmse": 0.007309235785849184,
        "max_abs": 0.049031217063925686
      }
    }
  },
  "verdict": "PASS"
}
