{
  "schema": "V016CoupledCoverageGate",
  "family": "mp",
  "option": 3,
  "hours": 1,
  "case": "Switzerland d01 reinit h36 replay, 128x128x44, dt=18s, single-domain, fp64",
  "baseline": "mp=8/bl=5/sf_sfclay=5/cu=0/ra=4/4/use_noahmp=False",
  "candidate": {
    "mp_physics": 3
  },
  "all_finite": true,
  "first_nonfinite_hour": null,
  "bounds_violations": [],
  "per_hour_wall_s": [
    76.319
  ],
  "steady_ms_per_step": 381.6,
  "peak_vram_gib": 6.655,
  "field_deltas_vs_baseline": {
    "family_perturbs_dynamics": false,
    "gated_fields": {
      "p": {
        "rmse": 4.2647752784392905,
        "max_abs": 45.9608912718395,
        "manifest_field": "PSFC",
        "manifest_rmse_limit": 120.0,
        "rmse_over_limit": 0.03553979398699409
      },
      "qv": {
        "rmse": 4.837278127186493e-05,
        "max_abs": 0.0007438867250491796,
        "manifest_field": "QVAPOR",
        "manifest_rmse_limit": 0.001,
        "rmse_over_limit": 0.04837278127186493
      },
      "rain_acc": {
        "rmse": 0.13122927765535494,
        "max_abs": 1.410884017884654,
        "manifest_field": "RAINNC",
        "manifest_rmse_limit": 1.0,
        "rmse_over_limit": 0.13122927765535494
      },
      "theta": {
        "rmse": 0.12167827646607879,
        "max_abs": 1.5697183212304822,
        "manifest_field": "T",
        "manifest_rmse_limit": 1.5,
        "rmse_over_limit": 0.08111885097738586
      },
      "u": {
        "rmse": 0.2366298718416594,
        "max_abs": 4.1922397016993695,
        "manifest_field": "U",
        "manifest_rmse_limit": 1.8,
        "rmse_over_limit": 0.131461039912033
      },
      "v": {
        "rmse": 0.20532902531149147,
        "max_abs": 3.624177763618631,
        "manifest_field": "V",
        "manifest_rmse_limit": 1.8,
        "rmse_over_limit": 0.11407168072860636
      },
      "w": {
        "rmse": 0.024911529500584742,
        "max_abs": 0.5640563726286882,
        "manifest_field": "W",
        "manifest_rmse_limit": 0.3,
        "rmse_over_limit": 0.08303843166861581
      }
    },
    "worst_dynamics_rmse_over_limit": 0.131461039912033,
    "hard_gate_fails": [],
    "review_flags": [],
    "ungated_top": {
      "Ni": {
        "rmse": 31220.396634018583,
        "max_abs": 1685033.125
      },
      "Nr": {
        "rmse": 28472.99183454015,
        "max_abs": 10964136.905469
      },
      "mu": {
        "rmse": 9.024101459252902,
        "max_abs": 46.32150436109805
      },
      "mu_total": {
        "rmse": 9.024101459252902,
        "max_abs": 46.32150436109805
      },
      "mu_perturbation": {
        "rmse": 9.024101459252812,
        "max_abs": 46.32150436109532
      },
      "ph": {
        "rmse": 4.30718175180575,
        "max_abs": 41.40007698669797
      },
      "ph_total": {
        "rmse": 4.30718175180575,
        "max_abs": 41.40007698669797
      },
      "ph_perturbation": {
        "rmse": 4.307181751805744,
        "max_abs": 41.400076986698195
      },
      "p_perturbation": {
        "rmse": 4.264775278439291,
        "max_abs": 45.9608912718395
      },
      "p_total": {
        "rmse": 4.2647752784392905,
        "max_abs": 45.9608912718395
      },
      "Ng": {
        "rmse": 0.4743944353173659,
        "max_abs": 63.356320511833864
      },
      "qke": {
        "rmse": 0.3167990733463296,
        "max_abs": 12.70736950977106
      },
      "snow_acc": {
        "rmse": 0.05942350494366719,
        "max_abs": 1.2070537639059553
      },
      "tau_u": {
        "rmse": 0.038449986076144624,
        "max_abs": 0.3445551502147506
      },
      "tau_v": {
        "rmse": 0.03809828954967807,
        "max_abs": 0.30977640931156913
      },
      "ustar": {
        "rmse": 0.03177837676471725,
        "max_abs": 0.32969235226639126
      },
      "theta_flux": {
        "rmse": 0.006081169651402508,
        "max_abs": 0.037717544189996205
      },
      "fltv": {
        "rmse": 0.005994328526239767,
        "max_abs": 0.03706472534005828
      },
      "graupel_acc": {
        "rmse": 0.0017035391189609546,
        "max_abs": 0.09450740100375664
      },
      "rhosfc": {
        "rmse": 0.0007004027938557953,
        "max_abs": 0.0037881135940551758
      }
    }
  },
  "verdict": "PASS"
}
