{
  "scheme": "Goddard GCE 4-ice (mp_physics=7)",
  "scalars": {
    "CASE": 6,
    "KX": 40,
    "DT": 90.0,
    "RAINNC": 0.0,
    "RAINNCV": 0.0,
    "SNOWNC": 0.0,
    "SNOWNCV": 0.0,
    "GRAUPELNC": 0.0,
    "GRAUPELNCV": 0.0,
    "HAILNC": 0.0,
    "HAILNCV": 0.0,
    "SR": 0.0
  },
  "columns": {
    "T_IN": [
      293.9894898704906,
      291.4567835907966,
      288.6324528657831,
      285.6263241422322,
      282.484306095765,
      279.2325587953143,
      275.8882663725924,
      274.0246594728098,
      272.1981300280723,
      270.3165479148876,
      268.3820466750693,
      266.3963461505924,
      264.3608595761722,
      262.2767668243176,
      260.1450663181227,
      257.9666129292613,
      255.7421463361831,
      253.4723126865173,
      251.1576814330959,
      248.7987586099217,
      246.3959974295548,
      243.9498068309219,
      241.4605584366551,
      238.9285922619834,
      236.3542214346398,
      233.7377361257435,
      231.0794068478041,
      228.3794872430681,
      225.638216460207,
      222.8558211976914,
      220.0325174766482,
      217.168512193565,
      214.2640044931836,
      211.3191869938373,
      208.3342468909651,
      205.309366959347,
      202.2447264705266,
      199.1405020387825,
      195.996868406732,
      192.8139991800833
    ],
    "QV_IN": [
      0.01605796485896914,
      0.01409937855298304,
      0.01215867062039635,
      0.01034732092764825,
      0.008704459713126016,
      0.007243084389438495,
      0.005963126451407767,
      0.005155223906630637,
      0.004460643894708408,
      0.003850609142449731,
      0.003316465325388702,
      0.002849888004924866,
      0.002443108420158759,
      0.002089027122424821,
      0.001781254411947335,
      0.001514103499275931,
      0.001282554158564498,
      0.001082199246914265,
      0.0009091827420459351,
      0.0007601352990083005,
      0.0006321113953315724,
      0.0005225307076839989,
      0.0004291253028212955,
      0.0003498934380258786,
      0.0002830601862085649,
      0.0002270446816345512,
      0.0001804334894218679,
      0.0001419594096544989,
      0.0001104849152609386,
      8.498937607347233e-05,
      6.455922700873939e-05,
      4.838028541951902e-05,
      3.573150200376568e-05,
      2.597953267683162e-05,
      1.85736374586836e-05,
      1.304053895738731e-05,
      8.978999998582871e-06,
      6.054000331015831e-06,
      3.990499756334115e-06,
      2.566864085276565e-06
    ],
    "QC_IN": [
      1.423032130674772e-06,
      2.767961159905361e-06,
      4.936080906156511e-06,
      7.562794594944141e-06,
      9.596348381924254e-06,
      9.822873052235246e-06,
      7.944377047176274e-06,
      4.989285247914068e-06,
      2.396967263764352e-06,
      0.0,
      0.0,
      0.0,
      0.0,
      0.0,
      0.0,
      0.0,
      0.0,
      0.0,
      0.0,
      0.0,
      0.0,
      0.0,
      0.0,
      0.0,
      0.0,
      0.0,
      0.0,
      0.0,
      0.0,
      0.0,
      0.0,
      0.0,
      0.0,
      0.0,
      0.0,
      0.0,
      0.0,
      0.0,
      0.0,
      0.0
    ],
    "QR_IN": [
      0.0,
      0.0,
      0.0,
      0.0,
      0.0,
      0.0,
      0.0,
      0.0,
      0.0,
      0.0,
      0.0,
      0.0,
      0.0,
      0.0,
      0.0,
      0.0,
      0.0,
      0.0,
      0.0,
      0.0,
      0.0,
      0.0,
      0.0,
      0.0,
      0.0,
      0.0,
      0.0,
      0.0,
      0.0,
      0.0,
      0.0,
      0.0,
      0.0,
      0.0,
      0.0,
      0.0,
      0.0,
      0.0,
      0.0,
      0.0
    ],
    "QI_IN": [
      0.0,
      0.0,
      0.0,
      0.0,
      0.0,
      0.0,
      0.0,
      0.0,
      0.0,
      0.0,
      0.0,
      0.0,
      0.0,
      0.0,
      0.0,
      0.0,
      0.0,
      0.0,
      0.0,
      0.0,
      0.0,
      0.0,
      0.0,
      0.0,
      0.0,
      0.0,
      0.0,
      0.0,
      0.0,
      0.0,
      0.0,
      0.0,
      0.0,
      0.0,
      0.0,
      0.0,
      0.0,
      0.0,
      0.0,
      0.0
    ],
    "QS_IN": [
      0.0,
      0.0,
      0.0,
      0.0,
      0.0,
      0.0,
      0.0,
      0.0,
      0.0,
      0.0,
      0.0,
      0.0,
      0.0,
      0.0,
      0.0,
      0.0,
      0.0,
      0.0,
      0.0,
      0.0,
      0.0,
      0.0,
      0.0,
      0.0,
      0.0,
      0.0,
      0.0,
      0.0,
      0.0,
      0.0,
      0.0,
      0.0,
      0.0,
      0.0,
      0.0,
      0.0,
      0.0,
      0.0,
      0.0,
      0.0
    ],
    "QG_IN": [
      0.0,
      0.0,
      0.0,
      0.0,
      0.0,
      0.0,
      0.0,
      0.0,
      0.0,
      0.0,
      0.0,
      0.0,
      0.0,
      0.0,
      0.0,
      0.0,
      0.0,
      0.0,
      0.0,
      0.0,
      0.0,
      0.0,
      0.0,
      0.0,
      0.0,
      0.0,
      0.0,
      0.0,
      0.0,
      0.0,
      0.0,
      0.0,
      0.0,
      0.0,
      0.0,
      0.0,
      0.0,
      0.0,
      0.0,
      0.0
    ],
    "QH_IN": [
      0.0,
      0.0,
      0.0,
      0.0,
      0.0,
      0.0,
      0.0,
      0.0,
      0.0,
      0.0,
      0.0,
      0.0,
      0.0,
      0.0,
      0.0,
      0.0,
      0.0,
      0.0,
      0.0,
      0.0,
      0.0,
      0.0,
      0.0,
      0.0,
      0.0,
      0.0,
      0.0,
      0.0,
      0.0,
      0.0,
      0.0,
      0.0,
      0.0,
      0.0,
      0.0,
      0.0,
      0.0,
      0.0,
      0.0,
      0.0
    ],
    "PII": [
      0.9965745419338665,
      0.9879890969179546,
      0.9784150944602817,
      0.9682248276007871,
      0.9575739189686949,
      0.9465510467637773,
      0.9352144622799743,
      0.9236707092484941,
      0.9119606374437546,
      0.9001115088696543,
      0.8881452913701489,
      0.8760801677664389,
      0.8639314466116749,
      0.8517121945045472,
      0.8394336906206813,
      0.8271057630197414,
      0.8147370435889213,
      0.8023351653234986,
      0.7899069176940082,
      0.7774583708722925,
      0.7649949763749111,
      0.7525216495494421,
      0.7400428378781333,
      0.7275625780637172,
      0.7150845441450133,
      0.7026120883706799,
      0.6901482761768047,
      0.677695916327383,
      0.6652575870587868,
      0.6528356589013908,
      0.640432314720581,
      0.6280495674162657,
      0.6156892756381893,
      0.6033531578090462,
      0.591042804695111,
      0.5787596907222152,
      0.5665051842013918,
      0.5542805566018154,
      0.5420869909875269,
      0.5299255897178191
    ],
    "DEN": [
      1.159714271123685,
      1.136238179378827,
      1.110210285700072,
      1.082712029222012,
      1.054227882527723,
      1.025056590959655,
      0.9954109192893299,
      0.9600181515106722,
      0.9246407932839615,
      0.8897479639819901,
      0.8554288049264182,
      0.8217532808068336,
      0.788776220911575,
      0.75654027140947,
      0.7250781307178538,
      0.6944142895865426,
      0.6645664147936277,
      0.6355464675536476,
      0.6073616189073988,
      0.5800150062683416,
      0.5535063635121927,
      0.5278325490359436,
      0.5029879906489385,
      0.4789650621416577,
      0.4557544033894892,
      0.4333451935659637,
      0.4117253852564152,
      0.3908819058441405,
      0.3708008313965921,
      0.3514675373470214,
      0.3328668295033431,
      0.3149830582888835,
      0.2978002186048985,
      0.2813020372835529,
      0.2654720497572245,
      0.2502936672929805,
      0.2357502359191086,
      0.2218250879943237,
      0.2085015872314551,
      0.1957631678787052
    ],