{
  "columns": {
    "DZ": [
      200.957524225555,
      254.3655574225876,
      279.372371651905,
      296.9609103047603,
      310.765067211393,
      322.2278484712306,
      332.0835518397932,
      340.7609078542748,
      348.5336251589715,
      355.5878483543343,
      362.0563026341829,
      368.0371712190049,
      373.6052583140367,
      378.8189505881501,
      383.7247499615278,
      388.360332532221,
      392.7566761230519,
      396.9395787295989,
      400.9307667352678,
      404.7487196799957,
      408.4092947471818,
      411.9262069009073,
      415.311403133127,
      418.5753577945943,
      421.7273082666834,
      424.7754449448094,
      427.7270658176785,
      430.5887033142826,
      433.3662292119207,
      436.0649420292302,
      438.6896403176233,
      441.2446845101185
    ],
    "P": [
      98877.34022864261,
      96360.10780515811,
      93466.73368934481,
      90411.9236682456,
      87269.92551607708,
      84089.36272421083,
      80903.31510793045,
      77732.11722783576,
      74591.04171757476,
      71491.87865414601,
      68443.8825474957,
      65454.38367710014,
      62529.20573765405,
      59672.96424359307,
      56889.28760799196,
      54180.98587793019,
      51550.18273369693,
      48998.42089841864,
      46526.74778452601,
      44135.78610915797,
      41825.7928464296,
      39596.7089703211,
      37448.20181358099,
      35379.70142612638,
      33390.43199912301,
      31479.43918875771,
      29645.61400088864,
      27887.7137670715,
      26204.38064221702,
      24594.1579762388,
      23055.50485080053,
      21586.80902359209
    ],
    "PI": [
      0.9967794566474706,
      0.9894622327274495,
      0.9808809602210984,
      0.9716124249520369,
      0.9618429651656557,
      0.9516942514760103,
      0.9412492912721597,
      0.930557040139469,
      0.9196546340399433,
      0.9085713955942754,
      0.8973311694145242,
      0.8859537851519861,
      0.8744560260591343,
      0.8628522989083444,
      0.8511551141988547,
      0.8393754407472359,
      0.8275229741570589,
      0.8156063444668056,
      0.8036332797273209,
      0.791610736924019,
      0.7795450082219232,
      0.7674418082359842,
      0.7553063464852383,
      0.7431433881188054,
      0.7309573052445116,
      0.7187521206456233,
      0.706531545271971,
      0.6942990105950082,
      0.6820576966927222,
      0.6698105567595886,
      0.6575603386048853,
      0.6453096035997157
    ],
    "QV": [
      0.01340155722874638,
      0.01213856570798036,
      0.01080876790808456,
      0.009535939865011799,
      0.00835577955131077,
      0.007281568597435519,
      0.006316117481996034,
      0.005456645164634281,
      0.004697298351378802,
      0.00403060963633421,
      0.003448392019196962,
      0.002942301412292878,
      0.002504190311409232,
      0.002126324650513327,
      0.001801508921449809,
      0.001523149179618133,
      0.001285274063914443,
      0.001082527815348266,
      0.0009101451387429156,
      0.0007639148770453336,
      0.0006401374276989607,
      0.0005355793613509806,
      0.0004474276355296172,
      0.0003732450168730102,
      0.0003109277571479711,
      0.0002586661555151301,
      0.0002149083423626427,
      0.0001783274091655169,
      0.000147791862333831,
      0.0001223392804218108,
      0.0001011529909235584,
      8.35415457284161e-05
    ],
    "RQCBLTEN": [
      0.0,
      0.0,
      0.0,
      0.0,
      0.0,
      0.0,
      0.0,
      0.0,
      0.0,
      0.0,
      0.0,
      0.0,
      0.0,
      0.0,
      0.0,
      0.0,
      0.0,
      0.0,
      0.0,
      0.0,
      0.0,
      0.0,
      0.0,
      0.0,
      0.0,
      0.0,
      0.0,
      0.0,
      0.0,
      0.0,
      0.0,
      0.0
    ],
    "RQVBLTEN": [
      -7.513241326539416e-07,
      -5.1675372729107e-07,
      -2.403795600635211e-08,
      2.850695261885667e-07,
      4.009260463459814e-07,
      3.562665860527229e-07,
      1.912780658541102e-07,
      1.365228883310586e-08,
      2.70722919675064e-10,
      2.377969714369155e-10,
      2.104747691563345e-10,
      1.848915058418112e-10,
      1.614114958373737e-10,
      1.40174502716277e-10,
      1.211799402757047e-10,
      1.043416181418805e-10,
      8.952345893497154e-11,
      7.656305757752721e-11,
      6.528723383312021e-11,
      5.552219601324496e-11,
      4.710002539806546e-11,
      3.986262956098974e-11,
      3.366395243122464e-11,
      2.83709904098588e-11,
      2.386400165566681e-11,
      2.003618305384816e-11,
      1.679300977201513e-11,
      1.40513754822231e-11,
      1.173863023747809e-11,
      9.79158569591468e-12,
      8.164586526888358e-12,
      3.993566536085501e-11
    ],
    "RTHBLTEN": [
      0.001158129142593042,
      -1.474420971416544e-05,
      -6.204487204104378e-07,
      0.0002800739141765968,
      0.0003659133255801268,
      -0.0002183590025832669,
      -0.0001549120384742828,
      -9.879014319377618e-06,
      3.757089327057944e-08,
      2.960386019167643e-08,
      2.02267879971852e-08,
      1.234639300601184e-08,
      5.590991180337152e-09,
      -3.003543746576254e-10,
      -5.515568306831811e-09,
      -1.01933213057808e-08,
      -1.443811032658888e-08,
      -1.833013968410848e-08,
      -2.193200157453724e-08,
      -2.529328065885855e-08,
      -2.845380764434923e-08,
      -3.144600121255944e-08,
      -3.429657172225075e-08,
      -3.702779357228024e-08,
      -3.965846000851798e-08,
      -4.220459815652162e-08,
      -4.468003524628495e-08,
      -4.709683150767383e-08,
      -4.946561090038465e-08,
      -5.179617515870729e-08,
      -5.533631059419328e-08,
      -4.675495736915171e-06
    ],
    "RUBLTEN": [
      -2.693407997740316e-05,
      0.0001211967950706031,
      3.537104862692726e-05,
      -4.201994581650344e-05,
      -8.929044141462079e-05,
      -9.835683810307897e-05,
      -6.273261419417567e-05,
      -4.372157175902558e-06,
      3.044114175546989e-08,
      2.855634980332885e-08,
      2.581035819145446e-08,
      2.354870658471953e-08,
      2.165358884790673e-08,
      2.004230822786705e-08,
      1.86553250032991e-08,
      1.744868199556511e-08,
      1.638922008477077e-08,
      1.545145380532631e-08,
      1.461547262474975e-08,
      1.386549473754902e-08,
      1.31888490351173e-08,
      1.257524406087877e-08,
      1.201623380057507e-08,
      1.150482115500987e-08,
      1.103515974894738e-08,
      1.060232598012097e-08,
      1.020214378163094e-08,
      9.831047294757884e-09,
      9.485973280950096e-09,
      9.164161340891042e-09,
      8.449952263826314e-09,
      -1.499923412673354e-06
    ],
    "RVBLTEN": [
      -6.73351999435079e-06,
      3.029919876765079e-05,
      8.842762156731816e-06,
      -1.050498645412586e-05,
      -2.23226103536552e-05,
      -2.458920952576974e-05,
      -1.568315354854392e-05,
      -1.09303929397564e-06,
      7.610285438867473e-09,
      7.139087450832212e-09,
      6.452589547863615e-09,
      5.887176646179882e-09,
      5.413397211976682e-09,
      5.010577056966762e-09,
      4.663831250824776e-09,
      4.362170498891279e-09,
      4.097305021192691e-09,
      3.862863451331577e-09,
      3.653868156187438e-09,
      3.466373684387254e-09,
      3.297212258779325e-09,
      3.143811015219692e-09,
      3.004058450143769e-09,
      2.876205288752468e-09,
      2.758789937236846e-09,
      2.650581495030243e-09,
      2.550535945407735e-09,
      2.457761823689471e-09,
      2.371493320237524e-09,
      2.29104033522276e-09,
      2.112488065956579e-09,
      -3.749808531683385e-07
    ],