{
  "columns": {
    "DZ": [
      200.957524225555,
      254.3655574225876,
      279.372371651905,
      296.9609103047603,
      310.765067211393,
      322.2278484712306,
      332.0835518397932,
      340.7609078542748,
      348.5336251589715,
      355.5878483543343,
      362.0563026341829,
      368.0371712190049,
      373.6052583140367,
      378.8189505881501,
      383.7247499615278,
      388.360332532221,
      392.7566761230519,
      396.9395787295989,
      400.9307667352678,
      404.7487196799957,
      408.4092947471818,
      411.9262069009073,
      415.311403133127,
      418.5753577945943,
      421.7273082666834,
      424.7754449448094,
      427.7270658176785,
      430.5887033142826,
      433.3662292119207,
      436.0649420292302,
      438.6896403176233,
      441.2446845101185
    ],
    "P": [
      98358.9270199246,
      95802.06961287357,
      92866.72584205825,
      89774.71321522293,
      86604.67576570844,
      83401.14211663761,
      80192.65298139908,
      76999.70194078526,
      73837.67730267669,
      70718.4570502184,
      67651.36553076695,
      64643.79108518723,
      61701.60781922685,
      58829.47667030184,
      56031.06812696456,
      53309.23188255487,
      50666.12924433433,
      48103.33860248337,
      45621.94090356976,
      43222.58994936351,
      40905.57095514664,
      38670.84986991093,
      36518.11531869384,
      34446.8145746228,
      32456.18464259649,
      30545.27929798558,
      28712.99274612175,
      26958.08043414843,
      25279.17744406977,
      23674.81481624077,
      22143.43409020931,
      20683.40030052583
    ],
    "PI": [
      0.9952834786269982,
      0.9878216500741375,
      0.9790777500863659,
      0.9696509697404756,
      0.959742371019435,
      0.9494622752917349,
      0.9388795515142511,
      0.9280434252235821,
      0.9169911631591716,
      0.9057521315166122,
      0.8943501632966845,
      0.8828050425219208,
      0.8711334874182639,
      0.8593498306664248,
      0.8474665069622893,
      0.8354944128034908,
      0.823443178552179,
      0.8113213784687037,
      0.7991366957619898,
      0.7868960542972493,
      0.7746057251146607,
      0.7622714135992728,
      0.7498983315691027,
      0.73749125745439,
      0.7250545869649041,
      0.7125923760816775,
      0.7001083777980298,
      0.6876060737281524,
      0.6750887014700331,
      0.6625592784325818,
      0.6500206227001321,
      0.6374753714008511
    ],
    "QV": [
      0.007565663176455319,
      0.006666809258162939,
      0.005748165943193699,
      0.004897810454380131,
      0.004137019031049354,
      0.003469963663210249,
      0.002893280430517231,
      0.002400050350837924,
      0.001981826735439562,
      0.00162975502943939,
      0.00133520403761673,
      0.001090111925160458,
      0.0008871586854486491,
      0.0007198314899691712,
      0.0005824244330247301,
      0.0004699993773147362,
      0.0003783253058453122,
      0.0003038075228003449,
      0.0002434140008019194,
      0.0001946034393114689,
      0.0001552577465939797,
      0.0001236204079718123,
      9.824137095133962e-05,
      7.792853650398657e-05,
      6.170560692792427e-05,
      4.877584189488139e-05,
      3.849117114773094e-05,
      3.032607329189529e-05,
      2.385563280881138e-05,
      1.873721601308587e-05,
      1.469525016077101e-05,
      1.150864073983968e-05
    ],
    "RQCBLTEN": [
      0.0,
      0.0,
      0.0,
      0.0,
      0.0,
      0.0,
      0.0,
      0.0,
      0.0,
      0.0,
      0.0,
      0.0,
      0.0,
      0.0,
      0.0,
      0.0,
      0.0,
      0.0,
      0.0,
      0.0,
      0.0,
      0.0,
      0.0,
      0.0,
      0.0,
      0.0,
      0.0,
      0.0,
      0.0,
      0.0,
      0.0,
      0.0
    ],
    "RQVBLTEN": [
      -2.287529265892809e-07,
      3.1318954483004e-08,
      1.264147811027043e-07,
      3.51294735163934e-08,
      3.150874651686522e-10,
      2.804961457150065e-10,
      2.513352207851709e-10,
      2.201465302552272e-10,
      1.898291853496987e-10,
      1.617870230327956e-10,
      1.366264656803024e-10,
      1.145138164613714e-10,
      9.537204216383676e-11,
      7.89947221314866e-11,
      6.511383360574755e-11,
      5.34403584377421e-11,
      4.368828264741045e-11,
      3.558821803015616e-11,
      2.889447596118866e-11,
      2.338802144732133e-11,
      1.887687784112075e-11,
      1.519500909148606e-11,
      1.220035250883846e-11,
      9.772440392715257e-12,
      7.809891388971936e-12,
      6.227946259519162e-12,
      4.95615121626709e-12,
      3.93624413380366e-12,
      3.120267453189968e-12,
      2.468911761259247e-12,
      1.95163219890539e-12,
      7.221343399381964e-12
    ],
    "RTHBLTEN": [
      0.0001134359625200467,
      1.230008279351661e-06,
      6.435972131213882e-06,
      -2.331901400255432e-05,
      1.124168966663051e-07,
      8.911935025695609e-08,
      6.669571766857597e-08,
      5.016155844295263e-08,
      3.738618698041992e-08,
      2.715272459435887e-08,
      1.871580161600267e-08,
      1.159334265492214e-08,
      5.45987586439642e-09,
      8.784928814768837e-11,
      -4.686553406761485e-09,
      -8.984249175755829e-09,
      -1.289646079586566e-08,
      -1.649335809017191e-08,
      -1.982987447083959e-08,
      -2.2949705153308e-08,
      -2.588813389020739e-08,
      -2.867404168405061e-08,
      -3.13313880001088e-08,
      -3.388028839507541e-08,
      -3.633783897058461e-08,
      -3.871873047349096e-08,
      -4.103572243877963e-08,
      -4.330002329156808e-08,
      -4.552157012802152e-08,
      -4.770956027301869e-08,
      -5.097726815566268e-08,
      -4.177012873844499e-06
    ],
    "RUBLTEN": [
      -0.0001279369912797682,
      -7.699104452877729e-06,
      -3.731465079094646e-05,
      -1.244290455551707e-05,
      3.587900775740375e-08,
      3.310908512540086e-08,
      2.792426541849598e-08,
      2.415081796769414e-08,
      2.128006720466165e-08,
      1.902169930456665e-08,
      1.719813262912595e-08,
      1.569453263646399e-08,
      1.443330178337495e-08,
      1.336009670301526e-08,
      1.243571385127022e-08,
      1.163115463202284e-08,
      1.092450447141384e-08,
      1.029889210949856e-08,
      9.741116580030962e-09,
      9.2406995536957e-09,
      8.78921741313358e-09,
      8.379820778022425e-09,
      8.006882638393146e-09,
      7.665737289386243e-09,
      7.352483229657499e-09,
      7.063832792771526e-09,
      6.796995677404993e-09,
      6.549588560389452e-09,
      6.319563183865284e-09,
      6.105074120317984e-09,
      5.630445043536269e-09,
      -9.973354976544614e-07
    ],
    "RVBLTEN": [
      -3.198424781994206e-05,
      -1.924776113219432e-06,
      -9.328662697736614e-06,
      -3.110726138879268e-06,
      8.969751939350938e-09,
      8.277271281350215e-09,
      6.981066354623995e-09,
      6.037704491923534e-09,
      5.320016801165413e-09,
      4.755424826141664e-09,
      4.299533157281488e-09,
      3.923633159115998e-09,
      3.608325445843737e-09,
      3.340024175753816e-09,
      3.108928462817554e-09,
      2.907788658005709e-09,
      2.731126117853459e-09,
      2.57472302737464e-09,
      2.43527914500774e-09,
      2.310174888423925e-09,
      2.197304353283395e-09,
      2.094955194505606e-09,
      2.001720659598286e-09,
      1.916434322346561e-09,
      1.838120807414375e-09,
      1.765958198192881e-09,
      1.699248919351248e-09,
      1.637397140097363e-09,
      1.579890795966321e-09,
      1.526268530079496e-09,
      1.407611260884067e-09,
      -2.493338744136153e-07
    ],