{
  "columns": {
    "DZ": [
      200.957524225555,
      254.3655574225876,
      279.372371651905,
      296.9609103047603,
      310.765067211393,
      322.2278484712306,
      332.0835518397932,
      340.7609078542748,
      348.5336251589715,
      355.5878483543343,
      362.0563026341829,
      368.0371712190049,
      373.6052583140367,
      378.8189505881501,
      383.7247499615278,
      388.360332532221,
      392.7566761230519,
      396.9395787295989,
      400.9307667352678,
      404.7487196799957,
      408.4092947471818,
      411.9262069009073,
      415.311403133127,
      418.5753577945943,
      421.7273082666834,
      424.7754449448094,
      427.7270658176785,
      430.5887033142826,
      433.3662292119207,
      436.0649420292302,
      438.6896403176233,
      441.2446845101185
    ],
    "P": [
      99679.59091600752,
      97167.00682434849,
      94278.1002092702,
      91226.92848802026,
      88085.5679193064,
      84897.53330769797,
      81696.88829225388,
      78508.11805932038,
      75346.62867366805,
      72224.38112967298,
      69150.82871155933,
      66133.5205578083,
      63178.51292921355,
      60290.66234207957,
      57473.84228359962,
      54731.10834319399,
      52064.82724955349,
      49476.77986293343,
      46968.24486717029,
      44540.06782347712,
      42192.7188937842,
      39926.34163568578,
      37740.7946500558,
      35635.68742693104,
      33610.4114235977,
      31664.16718155998,
      29795.98812049466,
      28004.76152026994,
      26289.24710499129,
      24648.09356779689,
      23079.8533161157,
      21582.99567030153
    ],
    "PI": [
      0.9990834959808836,
      0.9918224855335463,
      0.983306265480026,
      0.9741068257475419,
      0.9644028885570284,
      0.9542986430607086,
      0.9438779953676155,
      0.933201848842677,
      0.922306731880237,
      0.911221485218205,
      0.899969570514909,
      0.8885705144275365,
      0.8770408629363298,
      0.8653948401441816,
      0.8536448195624846,
      0.8418016714151586,
      0.8298750250886889,
      0.8178734717721732,
      0.8058047238521293,
      0.7936757423345618,
      0.7814928401592478,
      0.7692617670166453,
      0.7569877797497412,
      0.744675701364941,
      0.7323299709289012,
      0.7199546860912202,
      0.7075536395807329,
      0.6951303507324325,
      0.682688092883589,
      0.67022991731137,
      0.6577586742562395,
      0.6452770314757623
    ],
    "QV": [
      0.01539346462741783,
      0.014102906535608,
      0.01272716905348964,
      0.01139193536035418,
      0.010135410681883,
      0.008973770141291674,
      0.00791276104131256,
      0.006952376979920749,
      0.006089262484259362,
      0.005318115418566615,
      0.004632564050368365,
      0.004025736656059694,
      0.003490637450547656,
      0.003020394363712073,
      0.002608419252667961,
      0.002248507104883089,
      0.001934892322601903,
      0.001662274779352182,
      0.001425824735999584,
      0.001221173211753427,
      0.001044392633409477,
      0.0008919712990784649,
      0.0007607842433366141,
      0.0006480623829645441,
      0.0005513612911961078,
      0.0004685305483646682,
      0.0003976843155893139,
      0.0003371735519733548,
      0.0002855601270292903,
      0.0002415929553497876,
      0.0002041861897099722,
      0.0001723994439469169
    ],
    "RQCBLTEN": [
      0.0,
      0.0,
      0.0,
      0.0,
      0.0,
      0.0,
      0.0,
      0.0,
      0.0,
      0.0,
      0.0,
      0.0,
      0.0,
      0.0,
      0.0,
      0.0,
      0.0,
      0.0,
      0.0,
      0.0,
      0.0,
      0.0,
      0.0,
      0.0,
      0.0,
      0.0,
      0.0,
      0.0,
      0.0,
      0.0,
      0.0,
      0.0
    ],
    "RQVBLTEN": [
      -1.432479304179791e-06,
      -9.458115626084177e-07,
      -3.046059973001285e-07,
      1.608171104683972e-07,
      4.316223250861965e-07,
      5.30919715357392e-07,
      4.929698679432178e-07,
      3.542932838746755e-07,
      1.495614568424447e-07,
      3.862330643043347e-09,
      2.200829219677532e-10,
      1.961528935662029e-10,
      1.746865326905713e-10,
      1.547564196257602e-10,
      1.364876956066729e-10,
      1.199072644127164e-10,
      1.049785272617982e-10,
      9.162507348973656e-11,
      7.974686319648395e-11,
      6.923134036899171e-11,
      5.996104767216903e-11,
      5.181878861822229e-11,
      4.469105167678964e-11,
      3.847019558651539e-11,
      3.305575082230278e-11,
      2.835509291738922e-11,
      2.428367362699498e-11,
      2.076494598736549e-11,
      1.773008313200369e-11,
      1.511756870764604e-11,
      1.288954748734613e-11,
      7.23586148755563e-11
    ],
    "RTHBLTEN": [
      0.001988224989074411,
      6.791893956688348e-05,
      -4.22869906792972e-05,
      5.026227783310749e-05,
      0.0004639622762281472,
      0.0005563186197088841,
      -0.0002574443388980937,
      -0.000281932908345405,
      -0.0001410483968021018,
      -2.226397077102037e-06,
      1.557159157965014e-08,
      9.658494033520895e-09,
      3.955431686574524e-09,
      -1.007622495927888e-09,
      -5.394500266203251e-09,
      -9.325947456891e-09,
      -1.289269548388126e-08,
      -1.616417641936861e-08,
      -1.919440793349641e-08,
      -2.202602503572494e-08,
      -2.469316194823711e-08,
      -2.722348682727772e-08,
      -2.963970867013389e-08,
      -3.196068420238524e-08,
      -3.420225581196632e-08,
      -3.637788468885009e-08,
      -3.849913702347887e-08,
      -4.057606456181847e-08,
      -4.261750072414226e-08,
      -4.463157834000503e-08,
      -4.768661151736858e-08,
      -3.99036055123081e-06
    ],
    "RUBLTEN": [
      0.0001759909091601915,
      0.0002677311792593414,
      0.0001408705442940657,
      1.671648997200551e-05,
      -8.152565840577886e-05,
      -0.0001454953302901648,
      -0.0001690576471714555,
      -0.0001466811570551396,
      -7.306314194492163e-05,
      -1.148486028161126e-06,
      3.391508802685906e-08,
      3.126954736624536e-08,
      2.873415514415001e-08,
      2.659039652167886e-08,
      2.475294410923349e-08,
      2.315947592220387e-08,
      2.17635229689724e-08,
      2.052975527355727e-08,
      1.943084549556791e-08,
      1.84453304482209e-08,
      1.755612017243872e-08,
      1.67494380143296e-08,
      1.601405369792512e-08,
      1.534071900621825e-08,
      1.472174752474113e-08,
      1.415069563748261e-08,
      1.362211981733215e-08,
      1.313138747368233e-08,
      1.267452972205282e-08,
      1.224796628562785e-08,
      1.128043877566635e-08,
      -2.030853875526854e-06
    ],
    "RVBLTEN": [
      4.399772729004788e-05,
      6.693279481483534e-05,
      3.521763607351643e-05,
      4.179122493001379e-06,
      -2.038141460144472e-05,
      -3.63738325725412e-05,
      -4.226441179286389e-05,
      -3.667028926378491e-05,
      -1.826578548623041e-05,
      -2.871215070402814e-07,
      8.478772006714764e-09,
      7.81738684156134e-09,
      7.183538786037502e-09,
      6.647599130419716e-09,
      6.188236027308373e-09,
      5.789868980550968e-09,
      5.4408807422431e-09,
      5.132438818389318e-09,
      4.857711373891978e-09,
      4.611332612055226e-09,
      4.38903004310968e-09,
      4.187359503582399e-09,
      4.003513424481279e-09,
      3.835179751554563e-09,
      3.680436881185282e-09,
      3.537673909370653e-09,
      3.405529954333038e-09,
      3.282846868420582e-09,
      3.168632430513204e-09,
      3.061991571406963e-09,
      2.820109693916587e-09,
      -5.077134688817134e-07
    ],