{
  "case": "ADR-031 S2 -- advance_w implicit-w solve fp32 oracle (real b6 column)",
  "column_fixture": "wrf_step010_history_interp_full_timestep.nc",
  "nz": 44,
  "dt_substep_s": 2.0,
  "epssm": 0.1,
  "stage_constants": {
    "c2a_max": 191942.70985883058,
    "alt_min": 0.7405514112309947,
    "alt_max": 11.345926008492217
  },
  "by_terrain_slope": {
    "flat": {
      "terrain_slope": 0.0,
      "w_surface_BC": 0.0,
      "ref_w_max_abs": 209478560.1858998,
      "min_thomas_pivot": 1.5103126855516438,
      "naive_fp32": {
        "w_err": {
          "max_abs": 514.0641342997551,
          "rms": 122.22567008971872
        },
        "ph_err": {
          "max_abs": 0.057752303870074684,
          "rms": 0.013692695082712682
        },
        "w_rel_to_scale": 2.4540178901533104e-06,
        "finite": true
      },
      "mixed_perturb_fp32": {
        "w_err": {
          "max_abs": 522.0641342997551,
          "rms": 122.75470903124763
        },
        "ph_err": {
          "max_abs": 0.059705428870074684,
          "rms": 0.013774875318229742
        },
        "w_rel_to_scale": 2.4922079559667308e-06,
        "finite": true
      },
      "improvement_naive_to_mixed_x": 0.984676212222986
    },
    "moderate": {
      "terrain_slope": 0.15,
      "w_surface_BC": 2.2499999999999996,
      "ref_w_max_abs": 209478560.1858998,
      "min_thomas_pivot": 1.5103126855516438,
      "naive_fp32": {
        "w_err": {
          "max_abs": 514.0641342997551,
          "rms": 122.22567008971872
        },
        "ph_err": {
          "max_abs": 0.057752303870074684,
          "rms": 0.013692695082712682
        },
        "w_rel_to_scale": 2.4540178901533104e-06,
        "finite": true
      },
      "mixed_perturb_fp32": {
        "w_err": {
          "max_abs": 522.0641342997551,
          "rms": 122.75470903124763
        },
        "ph_err": {
          "max_abs": 0.059705428870074684,
          "rms": 0.013774875318229742
        },
        "w_rel_to_scale": 2.4922079559667308e-06,
        "finite": true
      },
      "improvement_naive_to_mixed_x": 0.984676212222986
    },
    "steep": {
      "terrain_slope": 0.6,
      "w_surface_BC": 8.999999999999998,
      "ref_w_max_abs": 209478560.1858998,
      "min_thomas_pivot": 1.5103126855516438,
      "naive_fp32": {
        "w_err": {
          "max_abs": 514.0641342997551,
          "rms": 122.22567008971872
        },
        "ph_err": {
          "max_abs": 0.057752303870074684,
          "rms": 0.013692695082712682
        },
        "w_rel_to_scale": 2.4540178901533104e-06,
        "finite": true
      },
      "mixed_perturb_fp32": {
        "w_err": {
          "max_abs": 522.0641342997551,
          "rms": 122.75470903124763
        },
        "ph_err": {
          "max_abs": 0.059705428870074684,
          "rms": 0.013774875318229742
        },
        "w_rel_to_scale": 2.4922079559667308e-06,
        "finite": true
      },
      "improvement_naive_to_mixed_x": 0.984676212222986
    }
  },
  "advance_w_is_well_conditioned": {
    "note": "Unlike the EOS bracket, the implicit-w Thomas solve has NO catastrophic cancellation (pivots ~O(1)); the fp32 error is the working-set representation floor, not an amplified one. NAIVE~=MIXED here is EXPECTED and reassuring -- the stability risk is the steep k0 surface-w mode (finiteness / non-escalation), not precision loss.",
    "fp32_working_set_floor_rel": 2.907181046220284e-08,
    "naive_finite_all_slopes": true
  },
  "gate_S2_advance_w": {
    "threshold_statement": "STABILITY gate: MIXED (a/alpha/gamma + c2a stage-constant fp64, per-substep w solve fp32) must (1) stay FINITE at all terrain slopes incl. the STEEP k0 surface-w mode, (2) keep healthy Thomas pivots (>1e-6, no factorization collapse), (3) keep w-error / |w_scale| <= 50x fp32-eps (5.96e-06) -- the fp32 working-set floor, and (4) NOT escalate with terrain steepness (steep <= 2x flat). The implicit-w solve has no EOS-style amplifier, so naive~=mixed is expected.",
    "fp32_eps": 1.1920928955078125e-07,
    "gate_rel_threshold": 5.9604644775390625e-06,
    "steep_mixed_w_rel_to_scale": 2.4922079559667308e-06,
    "flat_mixed_w_rel_to_scale": 2.4922079559667308e-06,
    "steep_naive_w_rel_to_scale": 2.4540178901533104e-06,
    "mixed_finite_all_slopes": true,
    "non_escalating_with_terrain": true,
    "thomas_pivots_healthy": true,
    "min_thomas_pivot_steep": 1.5103126855516438,
    "min_thomas_pivot_flat": 1.5103126855516438,
    "GATE_PASS": true
  }
}
