{
  "schema": "V016FullWsTransientMemoryProbe",
  "scope": "transient (XLA temp) memory + HLO fp64/fp32 buffer-byte split, fp64 vs fullws, real Switzerland d01 op step",
  "device": "cpu:0",
  "tile": [
    1,
    1
  ],
  "ncol": 16384,
  "steps": 4,
  "fullws_fields": [
    "p",
    "p_total",
    "p_perturbation",
    "ph",
    "ph_total",
    "ph_perturbation",
    "w"
  ],
  "fullws_enabled_at_import": true,
  "results": {
    "fp64": {
      "memory_analysis": {
        "temp_size_bytes": 5562461240,
        "temp_size_mib": 5304.776420593262,
        "argument_size_mib": 366.2969055175781,
        "output_size_mib": 366.29736328125,
        "generated_code_size_mib": 0.0,
        "alias_size_mib": 0.0
      },
      "hlo_buffer_bytes": {
        "bytes_by_dtype_mib": {
          "f64": 838563.7363510132,
          "s32": 37165.313274383545,
          "f32": 3139.615119934082,
          "s64": 62.18983459472656
        },
        "decls_by_dtype": {
          "f64": 217634,
          "s32": 2651,
          "f32": 25068,
          "s64": 381
        },
        "f64_mib": 838563.7363510132,
        "f32_mib": 3139.615119934082,
        "f64_fraction_of_float": 0.9962699267925602,
        "hlo_chars": 44247806
      },
      "available": true
    },
    "fullws": {
      "memory_analysis": {
        "temp_size_bytes": 5640521872,
        "temp_size_mib": 5379.220840454102,
        "argument_size_mib": 246.66336059570312,
        "output_size_mib": 246.663818359375,
        "generated_code_size_mib": 0.0,
        "alias_size_mib": 0.0
      },
      "hlo_buffer_bytes": {
        "bytes_by_dtype_mib": {
          "f32": 148563.24745178223,
          "f64": 767543.0246429443,
          "s32": 45305.313274383545,
          "s64": 62.18983459472656
        },
        "decls_by_dtype": {
          "f32": 152931,
          "f64": 132315,
          "s32": 5611,
          "s64": 381
        },
        "f64_mib": 767543.0246429443,
        "f32_mib": 148563.24745178223,
        "f64_fraction_of_float": 0.8378318629867206,
        "hlo_chars": 54949962
      },
      "available": true
    }
  }
}
