{
  "scalars": {
    "CASE": 3,
    "KX": 40,
    "DT": 54.0,
    "DX": 9000.0,
    "STEPCU": 5,
    "TRIGGER": 1,
    "RAINCV": 0.01621450670063496,
    "PRATEC": 0.000300268642604351,
    "NCA": 2376.0,
    "CUTOP": 40.0,
    "CUBOT": 3.0,
    "SHALL": 0.0,
    "TIMEC": 2376.0
  },
  "columns": {
    "T": [
      301.8926086425781,
      299.0016479492188,
      295.7061767578125,
      292.1532287597656,
      289.2053833007812,
      286.3057861328125,
      283.2919311523438,
      280.1753234863281,
      276.9646301269531,
      273.6666870117188,
      270.2868957519531,
      266.8297729492188,
      263.2990112304688,
      259.6978454589844,
      256.029052734375,
      252.294921875,
      248.4976196289062,
      244.6389465332031,
      240.7205505371094,
      236.7438812255859,
      232.7102203369141,
      228.6207885742188,
      224.4766235351562,
      220.2786865234375,
      216.0278778076172,
      211.7249908447266,
      207.3708038330078,
      202.9660339355469,
      198.5113067626953,
      194.0072631835938,
      189.4544982910156,
      184.8536071777344,
      180.2051544189453,
      175.5096588134766,
      170.7676391601562,
      165.9796752929688,
      161.1462554931641,
      156.2679443359375,
      151.3452606201172,
      146.3787536621094
    ],
    "QV": [
      0.02363984100520611,
      0.02052708156406879,
      0.01741636544466019,
      0.01452570036053658,
      0.0123435091227293,
      0.01048305723816156,
      0.00883764959871769,
      0.007395227439701557,
      0.006140484008938074,
      0.005056984722614288,
      0.004128239583224058,
      0.003338367445394397,
      0.002672206144779921,
      0.002115529030561447,
      0.001655000960454345,
      0.001278174226172268,
      0.0009735340136103332,
      0.0007304626051336527,
      0.0005392798921093345,
      0.0003912316751666367,
      0.0002785134129226208,
      0.0001942582457559183,
      0.0001325255434494466,
      8.826640987535939e-05,
      5.727583993575536e-05,
      3.61269703716971e-05,
      2.209369631600566e-05,
      1.306296508118976e-05,
      7.443142749252729e-06,
      4.072325282322709e-06,
      2.130695520463632e-06,
      1.061147258951678e-06,
      9.999999974752427e-07,
      9.999999974752427e-07,
      9.999999974752427e-07,
      9.999999974752427e-07,
      9.999999974752427e-07,
      9.999999974752427e-07,
      9.999999974752427e-07,
      9.999999974752427e-07
    ],
    "P": [
      99516.4609375,
      96220.765625,
      92559.8671875,
      88725.578125,
      84815.7890625,
      80887.234375,
      76976.296875,
      73109.1484375,
      69305.484375,
      65580.453125,
      61945.8203125,
      58410.75390625,
      54982.359375,
      51666.05859375,
      48465.90234375,
      45384.78125,
      42424.60546875,
      39586.4609375,
      36870.7109375,
      34277.10546875,
      31804.869140625,
      29452.767578125,
      27219.1796875,
      25102.12890625,
      23099.35546875,
      21208.349609375,
      19426.373046875,
      17750.5234375,
      16177.7294921875,
      14704.7880859375,
      13328.40625,
      12045.1826171875,
      10851.6650390625,
      9744.337890625,
      8719.654296875,
      7774.046875,
      6903.92822265625,
      6105.71923828125,
      5375.8486328125,
      4710.76171875
    ],
    "DZ": [
      227.2029266357422,
      301.7225036621094,
      343.5479125976562,
      369.8827514648438,
      389.65869140625,
      405.6849365234375,
      419.2508544921875,
      431.06640625,
      441.566162109375,
      451.03662109375,
      459.678955078125,
      467.63818359375,
      475.0234375,
      481.92041015625,
      488.39453125,
      494.4990234375,
      500.279296875,
      505.76953125,
      511.00146484375,
      515.99951171875,
      520.787109375,
      525.3818359375,
      529.798828125,
      534.056640625,
      538.1640625,
      542.1328125,
      545.9755859375,
      549.6962890625,
      553.306640625,
      556.814453125,
      560.220703125,
      563.5390625,
      566.767578125,
      569.9169921875,
      572.98828125,
      575.984375,
      578.9140625,
      581.775390625,
      584.57421875,
      587.31640625
    ],
    "RHO": [
      1.132303595542908,
      1.10745644569397,
      1.079209685325623,
      1.048908352851868,
      1.014241337776184,
      0.9781574010848999,
      0.9417023062705994,
      0.9051313400268555,
      0.8686463236808777,
      0.8324100971221924,
      0.7965562343597412,
      0.7611951231956482,
      0.7264190316200256,
      0.6923039555549622,
      0.6589134335517883,
      0.6263000965118408,
      0.5945066213607788,
      0.5635679960250854,
      0.5335118770599365,
      0.5043594837188721,
      0.4761269092559814,
      0.4488251805305481,
      0.4224613606929779,
      0.3970387578010559,
      0.3725572824478149,
      0.3490144014358521,
      0.3264046609401703,
      0.3047210574150085,
      0.2839542925357819,
      0.2640935480594635,
      0.2451268285512924,
      0.2270404845476151,
      0.2098200619220734,
      0.1934501826763153,
      0.1779145747423172,
      0.1631962358951569,
      0.1492773443460464,
      0.1361397057771683,
      0.1237644851207733,
      0.1121323481202126
    ],
    "U": [
      0.1363217532634735,
      0.4983887672424316,
      0.9106462597846985,
      1.35450553894043,
      1.822096109390259,
      2.308917999267578,
      2.812018871307373,
      3.329298496246338,
      3.859178066253662,
      4.400422096252441,
      4.95203685760498,
      5.51320219039917,
      6.083230495452881,
      6.661535263061523,
      7.247608661651611,
      7.841007709503174,
      8.4413423538208,
      9.04826545715332,
      9.661467552185059,
      10.28066730499268,
      10.90561199188232,
      11.53606986999512,
      12.1718282699585,
      12.81269645690918,
      13.45849418640137,
      14.10905265808105,
      14.76422309875488,
      15.42385959625244,
      16.08782577514648,
      16.75600433349609,
      17.42826843261719,
      18.10451507568359,
      18.78463745117188,
      19.46853828430176,
      20.15612411499023,
      20.84730529785156,
      21.54200172424316,
      22.24013137817383,
      22.94162178039551,
      23.64640045166016
    ],
    "V": [
      0.0,
      0.0,
      0.0,
      0.0,
      0.0,
      0.0,
      0.0,
      0.0,
      0.0,
      0.0,
      0.0,
      0.0,
      0.0,
      0.0,
      0.0,
      0.0,
      0.0,
      0.0,
      0.0,
      0.0,
      0.0,
      0.0,
      0.0,
      0.0,
      0.0,
      0.0,
      0.0,
      0.0,
      0.0,
      0.0,
      0.0,
      0.0,
      0.0,
      0.0,
      0.0,
      0.0,
      0.0,
      0.0,
      0.0,
      0.0
    ],
    "W0AVG": [
      0.1632836014032364,
      0.2722793221473694,
      0.4165027141571045,
      0.5479673147201538,
      0.5963433384895325,
      0.5213793516159058,
      0.3575442433357239,
      0.188403308391571,
      0.07490770518779755,
      0.02210661023855209,
      0.004770579747855663,
      0.0007424631039611995,
      8.227307989727706e-05,
      6.413612481992459e-06,
      3.477752272829093e-07,
      1.297791651921898e-08,
      3.299233386488964e-10,
      5.658755582171882e-12,
      6.487926786525461e-14,
      4.928497202499405e-16,
      2.459450738629936e-18,
      7.996430106351845e-21,
      1.680543045233798e-23,
      2.265354142967691e-26,
      1.944125618926665e-29,
      1.054545239140687e-32,
      3.590028552286903e-36,
      7.618103049363295e-40,
      9.949219096706201e-44,
      0.0,
      0.0,
      0.0,
      0.0,
      0.0,
      0.0,
      0.0,
      0.0,
      0.0,
      0.0,
      0.00816418044269085
    ],