{
  "scalars": {
    "CASE": 3,
    "KX": 40,
    "DT": 54.0,
    "DX": 9000.0,
    "STEPCU": 5,
    "TRIGGER": 1,
    "RAINCV": 0.1699147820472717,
    "PRATEC": 0.003146570175886154,
    "NCA": 2376.0,
    "CUTOP": 33.0,
    "CUBOT": 3.0,
    "SHALL": 0.0,
    "TIMEC": 2376.0
  },
  "columns": {
    "T": [
      300.892578125,
      297.9984436035156,
      294.6998291015625,
      291.1439514160156,
      288.7778625488281,
      286.6111145019531,
      284.3449401855469,
      281.9869079589844,
      279.5426330566406,
      277.0162658691406,
      274.4112243652344,
      271.7301635742188,
      268.9753723144531,
      266.1486206054688,
      263.2515869140625,
      260.2855224609375,
      257.2516174316406,
      254.15087890625,
      250.9842071533203,
      247.7524261474609,
      244.4562225341797,
      241.0962829589844,
      237.6731719970703,
      234.1874389648438,
      230.6395263671875,
      227.0299987792969,
      223.3591918945312,
      219.6275939941406,
      215.8355560302734,
      211.9833831787109,
      208.0715179443359,
      204.1002655029297,
      200.0699310302734,
      195.9808502197266,
      191.8333892822266,
      187.6278228759766,
      183.3644866943359,
      179.0437316894531,
      174.6658782958984,
      170.2312622070312
    ],
    "QV": [
      0.02176699414849281,
      0.01888122409582138,
      0.01600005105137825,
      0.01332547143101692,
      0.01141133066266775,
      0.009823916479945183,
      0.008434169925749302,
      0.007223482243716717,
      0.006171584129333496,
      0.00525869894772768,
      0.004466877318918705,
      0.003780244383960962,
      0.003185122273862362,
      0.002669842215254903,
      0.002224545460194349,
      0.001840809127315879,
      0.001511457841843367,
      0.001230250927619636,
      0.0009917046409100294,
      0.0007909118430688977,
      0.0006234214524738491,
      0.0004851472040172666,
      0.0003723139234352857,
      0.0002814278996083885,
      0.0002092596987495199,
      0.0001528524735476822,
      0.0001095151455956511,
      7.684067531954497e-05,
      5.270485780783929e-05,
      3.526973523548804e-05,
      2.297812352480832e-05,
      1.453940240025986e-05,
      8.91123909241287e-06,
      5.274659542919835e-06,
      3.005116241183714e-06,
      1.641690005271812e-06,
      9.999999974752427e-07,
      9.999999974752427e-07,
      9.999999974752427e-07,
      9.999999974752427e-07
    ],
    "P": [
      99512.234375,
      96202.2578125,
      92526.421875,
      88677.5,
      84761.5078125,
      80837.3671875,
      76941.2734375,
      73098.8359375,
      69328.984375,
      65645.921875,
      62060.40234375,
      58580.515625,
      55212.27734375,
      51960.02734375,
      48826.75,
      45814.32421875,
      42923.6796875,
      40154.98828125,
      37507.765625,
      34980.984375,
      32573.15234375,
      30282.390625,
      28106.501953125,
      26043.0,
      24089.18359375,
      22242.16796875,
      20498.904296875,
      18856.240234375,
      17310.916015625,
      15859.6005859375,
      14498.9287109375,
      13225.48046875,
      12035.8408203125,
      10926.578125,
      9894.279296875,
      8935.5546875,
      8047.03515625,
      7225.40185546875,
      6467.376953125,
      5769.73291015625
    ],
    "DZ": [
      227.2029266357422,
      301.7225036621094,
      343.5479125976562,
      369.8827514648438,
      389.65869140625,
      405.6849365234375,
      419.2508544921875,
      431.06640625,
      441.566162109375,
      451.03662109375,
      459.678955078125,
      467.63818359375,
      475.0234375,
      481.92041015625,
      488.39453125,
      494.4990234375,
      500.279296875,
      505.76953125,
      511.00146484375,
      515.99951171875,
      520.787109375,
      525.3818359375,
      529.798828125,
      534.056640625,
      538.1640625,
      542.1328125,
      545.9755859375,
      549.6962890625,
      553.306640625,
      556.814453125,
      560.220703125,
      563.5390625,
      566.767578125,
      569.9169921875,
      572.98828125,
      575.984375,
      578.9140625,
      581.775390625,
      584.57421875,
      587.31640625
    ],
    "RHO": [
      1.137295126914978,
      1.112070202827454,
      1.083426713943481,
      1.052735686302185,
      1.015664100646973,
      0.9769018292427063,
      0.9380167126655579,
      0.8992830514907837,
      0.8609111309051514,
      0.8230651617050171,
      0.78587406873703,
      0.7494392395019531,
      0.7138403058052063,
      0.679139256477356,
      0.6453835964202881,
      0.6126092672348022,
      0.5808419585227966,
      0.5500994920730591,
      0.5203925967216492,
      0.491726279258728,
      0.4641006588935852,
      0.4375117123126984,
      0.4119518399238586,
      0.3874103724956512,
      0.3638741374015808,
      0.3413277566432953,
      0.3197540044784546,
      0.2991341650485992,
      0.2794481515884399,
      0.2606748938560486,
      0.2427925318479538,
      0.2257782816886902,
      0.2096092402935028,
      0.1942617297172546,
      0.179712101817131,
      0.1659365147352219,
      0.1529109328985214,
      0.140611469745636,
      0.129014328122139,
      0.1180957406759262
    ],
    "U": [
      0.1363217532634735,
      0.4983887672424316,
      0.9106462597846985,
      1.35450553894043,
      1.822096109390259,
      2.308917999267578,
      2.812018871307373,
      3.329298496246338,
      3.859178066253662,
      4.400422096252441,
      4.95203685760498,
      5.51320219039917,
      6.083230495452881,
      6.661535263061523,
      7.247608661651611,
      7.841007709503174,
      8.4413423538208,
      9.04826545715332,
      9.661467552185059,
      10.28066730499268,
      10.90561199188232,
      11.53606986999512,
      12.1718282699585,
      12.81269645690918,
      13.45849418640137,
      14.10905265808105,
      14.76422309875488,
      15.42385959625244,
      16.08782577514648,
      16.75600433349609,
      17.42826843261719,
      18.10451507568359,
      18.78463745117188,
      19.46853828430176,
      20.15612411499023,
      20.84730529785156,
      21.54200172424316,
      22.24013137817383,
      22.94162178039551,
      23.64640045166016
    ],
    "V": [
      0.0,
      0.0,
      0.0,
      0.0,
      0.0,
      0.0,
      0.0,
      0.0,
      0.0,
      0.0,
      0.0,
      0.0,
      0.0,
      0.0,
      0.0,
      0.0,
      0.0,
      0.0,
      0.0,
      0.0,
      0.0,
      0.0,
      0.0,
      0.0,
      0.0,
      0.0,
      0.0,
      0.0,
      0.0,
      0.0,
      0.0,
      0.0,
      0.0,
      0.0,
      0.0,
      0.0,
      0.0,
      0.0,
      0.0,
      0.0
    ],
    "W0AVG": [
      0.1496766209602356,
      0.2495893687009811,
      0.3817941546440125,
      0.502303421497345,
      0.5466480255126953,
      0.4779310822486877,
      0.3277488946914673,
      0.1727030426263809,
      0.06866540014743805,
      0.0202643908560276,
      0.004373031202703714,
      0.0006805912125855684,
      7.541697414126247e-05,
      5.879145646758843e-06,
      3.187939512372395e-07,
      1.189642340193586e-08,
      3.024296924003522e-10,
      5.187192255590167e-12,
      5.947265656293041e-14,
      4.517788925825924e-16,
      2.254496682740069e-18,
      7.330060190345088e-21,
      1.54049783090736e-23,
      2.076574797967645e-26,
      1.782115037835319e-29,
      9.666665304359604e-33,
      3.290859715523565e-36,
      6.98325879308558e-40,
      9.248569864543793e-44,
      0.0,
      0.0,
      0.0,
      0.0,
      0.0,
      0.0,
      0.0,
      0.0,
      0.0,
      0.0,
      0.007483831141144037
    ],