{
  "cell_level": {
    "cell_tol": {
      "T2": 2.0,
      "U10": 2.5,
      "V10": 2.5
    },
    "field_stats": {
      "T2": {
        "bias": -0.05091370028285012,
        "by_lead_block": {
          "0-6h": {
            "bias": -0.02518100591908794,
            "frac_within_tol": 0.9504478749761769,
            "mae": 0.4953929376938422,
            "max": 8.67315673828125,
            "n_cells": 62964,
            "p95": 1.9775619506835922,
            "p99": 5.732624816894535,
            "rmse": 1.0235793792696497
          },
          "12-24h": {
            "bias": -0.14972477263367076,
            "frac_within_tol": 0.9771218474048663,
            "mae": 0.4198489328797228,
            "max": 8.462738037109375,
            "n_cells": 125928,
            "p95": 1.1327392578124993,
            "p99": 2.999832763671872,
            "rmse": 0.6987199575880205
          },
          "6-12h": {
            "bias": 0.12097575005502896,
            "frac_within_tol": 0.9301029159519726,
            "mae": 0.620035296435823,
            "max": 10.372650146484375,
            "n_cells": 62964,
            "p95": 3.151138305664062,
            "p99": 7.406580505371099,
            "rmse": 1.3890728989756351
          }
        },
        "frac_within_tol": 0.9586986214344705,
        "mae": 0.48878152497227767,
        "max": 10.372650146484375,
        "n_cells": 251856,
        "p95": 1.5423812866210938,
        "p99": 5.117604064941455,
        "pearson_r": 0.7411324877715706,
        "rmse": 0.9941903015266025
      },
      "U10": {
        "bias": -0.9444586806406557,
        "by_lead_block": {
          "0-6h": {
            "bias": -0.4427778854348568,
            "frac_within_tol": 0.9171590114986341,
            "mae": 1.1171021258078742,
            "max": 10.047298669815063,
            "n_cells": 62964,
            "p95": 2.9054089454934,
            "p99": 4.383742185533055,
            "rmse": 1.499756242221222
          },
          "12-24h": {
            "bias": -1.4849171974058055,
            "frac_within_tol": 0.7002255256972238,
            "mae": 1.9535360564359854,
            "max": 10.915958642959595,
            "n_cells": 125928,
            "p95": 4.435708475112913,
            "p99": 5.797908697128293,
            "rmse": 2.3575021630809454
          },
          "6-12h": {
            "bias": -0.3652224423161552,
            "frac_within_tol": 0.8368909217965822,
            "mae": 1.5661206358872717,
            "max": 11.969265460968018,
            "n_cells": 62964,
            "p95": 3.633707643300294,
            "p99": 5.4702949476242075,
            "rmse": 1.9359822180779696
          }
        },
        "frac_within_tol": 0.788625246172416,
        "mae": 1.6475737186417792,
        "max": 11.969265460968018,
        "n_cells": 251856,
        "p95": 4.013602942228317,
        "p99": 5.519365574419518,
        "pearson_r": 0.5808860663437044,
        "rmse": 2.068388795213456
      },
      "V10": {
        "bias": 1.036290504525158,
        "by_lead_block": {
          "0-6h": {
            "bias": -0.771042124114428,
            "frac_within_tol": 0.9377104377104377,
            "mae": 1.3042454029552772,
            "max": 16.03420639038086,
            "n_cells": 62964,
            "p95": 2.6470096543431274,
            "p99": 4.298015784025193,
            "rmse": 1.5780627514363916
          },
          "12-24h": {
            "bias": 1.4686457069158438,
            "frac_within_tol": 0.7699955530144209,
            "mae": 1.8437708037986271,
            "max": 11.837875843048096,
            "n_cells": 125928,
            "p95": 5.441712883114813,
            "p99": 7.9102503007650276,
            "rmse": 2.5020102421289336
          },
          "6-12h": {
            "bias": 1.9789127283833723,
            "frac_within_tol": 0.6098564258941618,
            "mae": 2.4434974705879604,
            "max": 15.179140090942383,
            "n_cells": 62964,
            "p95": 6.6124692946672425,
            "p99": 9.595183641910557,
            "rmse": 3.2352241040162424
          }
        },
        "frac_within_tol": 0.7718894924083604,
        "mae": 1.8588211202851228,
        "max": 16.03420639038086,
        "n_cells": 251856,
        "p95": 5.4735913928598166,
        "p99": 8.171633327007296,
        "pearson_r": 0.38974103042794855,
        "rmse": 2.5237406539755063
      }
    },
    "init_time_utc": "2026-05-01T18:00:00+00:00",
    "n_common_lead_hours": 24,
    "run_id": "20260501_18z_l2_72h_20260519T173026Z"
  },
  "cpu_dir": "/mnt/data/canairy_meteo/runs/wrf_l2_backfill_output/20260501_18z_l2_72h_20260519T173026Z",
  "gpu_dir": "/tmp/v0120_powered_tost_runs/l2_d02_20260501_18z_l2_72h_20260519T173026Z",
  "gpu_validation": {
    "dtype_fp64_first_file": false,
    "elapsed_s": 2737.1000423431396,
    "expected_files": 24,
    "n_files": 24,
    "nonfinite_hour_files": [],
    "run_id": "20260501_18z_l2_72h_20260519T173026Z",
    "valid": true
  },
  "init_time_utc": "2026-05-01T18:00:00+00:00",
  "run_id": "20260501_18z_l2_72h_20260519T173026Z",
  "schema": "PoweredTOSTCaseResult",
  "schema_version": 1,
  "tost_pairs": {
    "case_id": "20260501_18z_l2_72h_20260519T173026Z",
    "domain": "d02",
    "forecast_hours": 24,
    "init_time_utc": "2026-05-01T18:00:00+00:00",
    "per_block": {
      "T2": {
        "0-24h": {
          "cpu_rmse": 2.9027375731087957,
          "gpu_rmse": 1.456720003797676,
          "n_pairs": 94,
          "paired_delta_rmse": -1.4460175693111197,
          "status": "OK"
        },
        "24-48h": {
          "n_pairs": 0,
          "status": "EXCLUDED_LOW_N"
        },
        "48-72h": {
          "n_pairs": 0,
          "status": "EXCLUDED_LOW_N"
        }
      },
      "U10": {
        "0-24h": {
          "cpu_rmse": 2.5723013710976637,
          "gpu_rmse": 2.665684619846432,
          "n_pairs": 66,
          "paired_delta_rmse": 0.09338324874876847,
          "status": "OK"
        },
        "24-48h": {
          "n_pairs": 0,
          "status": "EXCLUDED_LOW_N"
        },
        "48-72h": {
          "n_pairs": 0,
          "status": "EXCLUDED_LOW_N"
        }
      },
      "V10": {
        "0-24h": {
          "cpu_rmse": 2.861732283637953,
          "gpu_rmse": 2.9799004706629715,
          "n_pairs": 66,
          "paired_delta_rmse": 0.11816818702501841,
          "status": "OK"
        },
        "24-48h": {
          "n_pairs": 0,
          "status": "EXCLUDED_LOW_N"
        },
        "48-72h": {
          "n_pairs": 0,
          "status": "EXCLUDED_LOW_N"
        }
      }
    },
    "schema": "M20PairedCaseScore",
    "schema_version": 1,
    "self_test_cpu_vs_cpu": false,
    "total_complete_pairs": 226
  }
}
