{
  "generated_utc": "2026-05-29T02:26:39.888235+00:00",
  "commit": "5ab0eccfbede528289921956238344ab32b1e1c8",
  "grid": {
    "nz": 20,
    "ny": 4,
    "nx": 4
  },
  "dts_s": 2.0,
  "dx_m": 1000.0,
  "dy_m": 1000.0,
  "epssm": 0.5,
  "device": [
    "cuda:0"
  ],
  "oracle": "analytic_hydrostatic_adjustment_AC4",
  "theta_perturbation_K": 1.0,
  "warm_level_index": 10,
  "buoyancy_accel_m_s2": 0.0327,
  "dw_expected_order_m_s": 0.0654,
  "w_face_above_warm": 0.3243531513289849,
  "w_face_below_warm": -0.301790887132524,
  "w_abs_max": 0.3243531513289849,
  "ph_top_response": 1.9319601011595687e-07,
  "p_at_warm_level": -148.46711701771468,
  "w_column": [
    0.0,
    -3.79372846538883e-05,
    -0.0001036749091250895,
    -0.00024842889090301144,
    -0.0005984553669199623,
    -0.0014905546723659234,
    -0.003872485116287807,
    -0.010552431532652621,
    -0.03032747476256955,
    -0.09251193564095182,
    -0.301790887132524,
    0.3243531513289849,
    0.08905782524295705,
    0.02215429745802285,
    0.004907962608492659,
    0.0009470655908148087,
    0.00015459970014810345,
    2.0518837005962084e-05,
    2.093435288492089e-06,
    1.5125128863387424e-07,
    1.3129188590958673e-08
  ],
  "ph_column": [
    0.0,
    -0.0005582471436819664,
    -0.0015255762877756918,
    -0.003655631129637813,
    -0.008806270724227246,
    -0.021933512003864564,
    -0.05698361848617507,
    -0.15527903000298332,
    -0.44626879113121093,
    -1.3613131329566062,
    -4.440852904155091,
    4.772856621806012,
    1.3104858984501129,
    0.3260004870948062,
    0.07222066978396947,
    0.01393607016883991,
    0.0022749345876793424,
    0.000301934686542732,
    3.080490027016109e-05,
    2.2256627122474594e-06,
    1.9319601011595687e-07
  ],
  "p_column": [
    -0.021344048851749814,
    -0.03411454702568754,
    -0.0690137299731265,
    -0.15264018681036143,
    -0.35409301191789855,
    -0.8558454671941732,
    -2.159406450994997,
    -5.71157969817892,
    -15.920453754636759,
    -47.06194202794502,
    -148.46711701771468,
    -39.46700326652595,
    -9.488242134408878,
    -2.030633667864169,
    -0.3785089019161093,
    -0.05970644917229727,
    -0.007664896740570331,
    -0.000757819101604207,
    -5.312418806866605e-05,
    -2.2097822822031747e-06
  ],
  "sign_dipole_ok": true,
  "ph_rise_ok": true,
  "magnitude_ok": true,
  "passed": true
}
