{
  "all_finite": true,
  "device": "cuda:0",
  "dt_s": 3.0,
  "final_lead_fields": {
    "RAINNC": {
      "beats_persistence": false,
      "max_abs_error": 0.30058738589286804,
      "mean_error": 0.0008071807648331826,
      "persistence_rmse": 1.4421430816915174e-05,
      "rmse": 0.010429058133062573,
      "skill_score": -722.1638986077671,
      "threshold": null,
      "units": "mm",
      "within_threshold": true
    },
    "T2": {
      "beats_persistence": true,
      "max_abs_error": 3.60418701171875,
      "mean_error": -0.4525487099924395,
      "persistence_rmse": 2.558278781597098,
      "rmse": 0.8836308237848699,
      "skill_score": 0.6545994790945999,
      "threshold": 3.0,
      "units": "K",
      "within_threshold": true
    },
    "U10": {
      "beats_persistence": false,
      "max_abs_error": 11.850071430206299,
      "mean_error": -0.23764168559118204,
      "persistence_rmse": 2.261110985588514,
      "rmse": 2.878884567441732,
      "skill_score": -0.2732168326944935,
      "threshold": 7.5,
      "units": "m s-1",
      "within_threshold": true
    },
    "V10": {
      "beats_persistence": true,
      "max_abs_error": 12.452280640602112,
      "mean_error": -0.8738679188230974,
      "persistence_rmse": 3.4315055950713,
      "rmse": 2.8067222452478697,
      "skill_score": 0.18207265951156004,
      "threshold": 7.5,
      "units": "m s-1",
      "within_threshold": true
    }
  },
  "hours": 6,
  "output_dir": "/tmp/d03_albfix2_runs/d03_20260521_18z_l3_24h_20260522T133443Z_albfix2_6h",
  "persistence_beat_all_leads": {
    "RAINNC": false,
    "T2": true,
    "U10": false,
    "V10": true
  },
  "pipeline_verdict": "PIPELINE_PARTIAL",
  "proofs": {
    "pipeline": "/tmp/d03_albfix2_proofs/pipeline_run_d03_albfix2_6h.json",
    "validation": "/tmp/d03_albfix2_proofs/d03_validation_albfix2_6h.json"
  },
  "run_dir": "/mnt/data/canairy_meteo/runs/wrf_l3/20260521_18z_l3_24h_20260522T133443Z",
  "run_id": "20260521_18z_l3_24h_20260522T133443Z",
  "schema": "V010D03ReplayValidationSummary",
  "schema_version": 1,
  "validation_status": "PASS",
  "verdict": "D03_1KM_VALIDATED",
  "wall_clock_per_forecast_hour_s": 166.1356790798333,
  "wall_clock_total_s": 996.8140744789998
}
