{
  "step": 100,
  "second": 10.0,
  "center_col": 40,
  "rw_tend_full_center": [
    0.0,
    -234.36503601909948,
    -208.64240766584754,
    -204.5666699017975,
    -215.45455623330815,
    -240.527560344086,
    -272.29629587102596,
    -301.2954014185049,
    -318.9172778544821,
    -319.9042595363111,
    -303.7140629726662,
    -274.40736588842924,
    -239.2139472201582,
    -206.33879093668924,
    -182.7347511736602,
    -176.09584164879692,
    -209.28076267762924,
    -270.57680887409566,
    -268.0250593686402,
    -266.27924230859327,
    -266.33175965127776,
    -266.36770166172806,
    -266.4025159156281,
    -266.4373385854233,
    -266.47216158714315,
    -266.5069843105943,
    -266.5418106851769,
    -266.57751049151744,
    -266.5922495976941,
    -266.6117007571214,
    -266.65765852217953,
    -266.70479822531524,
    -266.75099061295475,
    -266.7943195503271,
    -266.83427254844054,
    -266.87135159488713,
    -266.9064772645545,
    -266.9405562080957,
    -267.0007489906703,
    -267.3711355697034,
    -44097.026370038424
  ],
  "rw_tend_work_center": [
    0.0,
    -234.36503601909948,
    -208.64240766584754,
    -204.5666699017975,
    -215.45455623330815,
    -240.527560344086,
    -272.29629587102596,
    -301.2954014185049,
    -318.9172778544821,
    -319.9042595363111,
    -303.7140629726662,
    -274.40736588842924,
    -239.2139472201582,
    -206.33879093668924,
    -182.7347511736602,
    -176.09584164879692,
    -209.28076267762924,
    -270.57680887409566,
    -268.0250593686402,
    -266.27924230859327,
    -266.33175965127776,
    -266.36770166172806,
    -266.4025159156281,
    -266.4373385854233,
    -266.47216158714315,
    -266.5069843105943,
    -266.5418106851769,
    -266.57751049151744,
    -266.5922495976941,
    -266.6117007571214,
    -266.65765852217953,
    -266.70479822531524,
    -266.75099061295475,
    -266.7943195503271,
    -266.83427254844054,
    -266.87135159488713,
    -266.9064772645545,
    -266.9405562080957,
    -267.0007489906703,
    -267.3711355697034,
    -44097.026370038424
  ],
  "insolver_buoy_scale_center": [
    0.0,
    -17432.869302094878,
    -31689.813616748575,
    -40312.09550734607,
    -42097.93805516975,
    -36941.18302765946,
    -25785.838920997645,
    -10442.65549426849,
    6708.176195044444,
    23074.774643813525,
    36224.522276588104,
    44226.98272840355,
    45930.972379022576,
    41139.32499333267,
    30649.061110214996,
    16133.84848763854,
    2000.0715450092168,
    -3.8188683011364635,
    -1.7528983096724011,
    -0.0030650607185620194,
    0.0007817745172493052,
    2.342223775518611e-06,
    -2.0528408645883192e-07,
    -0.0,
    -0.0,
    -0.0,
    -0.0,
    -0.0,
    -0.0,
    -0.0,
    -0.0,
    -0.0,
    -0.0,
    -0.0,
    -0.0,
    -0.0,
    -0.0,
    -0.0,
    -0.0,
    -0.0,
    0.0
  ],
  "grid_p_full_center": [
    -124.65059166819265,
    -121.21779574576067,
    -117.95079973860993,
    -114.76581182521477,
    -111.60790957280551,
    -108.42826104395499,
    -105.20679573400412,
    -101.95656859631708,
    -98.71818896365585,
    -95.54664330536616,
    -92.49508300266461,
    -89.6006336297578,
    -86.87608175663627,
    -84.30902848747792,
    -81.86768975756422,
    -79.50062447769596,
    -77.097134443924,
    -74.58547705809178,
    -72.13936314378225,
    -69.75558579811332,
    -67.42862531092396,
    -65.15770438506297,
    -62.942010025668424,
    -60.780730342376046,
    -58.673057417050586,
    -56.618187306470645,
    -54.61532005376648,
    -52.66365790326381,
    -50.76245168331661,
    -48.910902092007746,
    -47.108172676191316,
    -45.35348274921853,
    -43.64605979397311,
    -41.98513867809379,
    -40.369958883002255,
    -38.799762740542064,
    -37.273794886641554,
    -35.79130249422087,
    -34.351495057093416,
    -32.953165328672185
  ],
  "p_work_center": [
    -124.65059166819265,
    -121.21779574576067,
    -117.95079973860993,
    -114.76581182521477,
    -111.60790957280551,
    -108.42826104395499,
    -105.20679573400412,
    -101.95656859631708,
    -98.71818896365585,
    -95.54664330536616,
    -92.49508300266461,
    -89.6006336297578,
    -86.87608175663627,
    -84.30902848747792,
    -81.86768975756422,
    -79.50062447769596,
    -77.097134443924,
    -74.58547705809178,
    -72.13936314378225,
    -69.75558579811332,
    -67.42862531092396,
    -65.15770438506297,
    -62.942010025668424,
    -60.780730342376046,
    -58.673057417050586,
    -56.618187306470645,
    -54.61532005376648,
    -52.66365790326381,
    -50.76245168331661,
    -48.910902092007746,
    -47.108172676191316,
    -45.35348274921853,
    -43.64605979397311,
    -41.98513867809379,
    -40.369958883002255,
    -38.799762740542064,
    -37.273794886641554,
    -35.79130249422087,
    -34.351495057093416,
    -32.953165328672185
  ],
  "theta_prime_center": [
    0.01825207830955833,
    0.1673340770915388,
    0.4449493199929293,
    0.8087396792443542,
    1.2031628249659434,
    1.5680543310879216,
    1.8477591776409668,
    1.9996023428379885,
    2.0003925849312623,
    1.8499681727349184,
    1.5712396893178493,
    1.2067163149139901,
    0.8120383015456127,
    0.44749755270515834,
    0.16883903718593274,
    0.01878652843731743,
    -5.259169108740025e-05,
    -1.6839675822666322e-05,
    -2.227545792266028e-08,
    7.66453922551591e-09,
    2.114575181622058e-11,
    -2.0463630789890885e-12,
    0.0,
    0.0,
    0.0,
    0.0,
    0.0,
    0.0,
    0.0,
    0.0,
    0.0,
    0.0,
    0.0,
    0.0,
    0.0,
    0.0,
    0.0,
    0.0,
    0.0,
    0.0
  ],
  "max_abs_rw_full": 319.9042595363111,
  "max_abs_rw_work": 319.9042595363111
}