{
  "step": 30,
  "second": 3.0,
  "center_col": 40,
  "grid_p_full_center": [
    -55.99280879362777,
    -54.41706007938774,
    -52.884493273697444,
    -51.38910757067788,
    -49.925597213441506,
    -48.48884183273185,
    -47.075886089820415,
    -45.68638825554808,
    -44.32223855580378,
    -42.98654185461055,
    -41.682349416747456,
    -40.41156158306694,
    -39.17431676846172,
    -37.96898560032423,
    -36.79268842570309,
    -35.641471245246066,
    -34.507320998905925,
    -33.38564106148988,
    -32.29070522953407,
    -31.22201848316763,
    -30.17884804708592,
    -29.160828943706292,
    -28.167594138009008,
    -27.19877834970248,
    -26.254018100466055,
    -25.33295172279759,
    -24.435219369341212,
    -23.560462989626103,
    -22.708327644431847,
    -21.878458749350102,
    -21.070502397516975,
    -20.284107920022507,
    -19.518926572112832,
    -18.774611564920633,
    -18.05081805480586,
    -17.347203130801063,
    -16.663425806003943,
    -15.99914701970556,
    -15.354025101281877,
    -14.727615989071637
  ],
  "rw_tend_center": [
    0.0,
    -115.10992173224965,
    -112.13993701802922,
    -110.58132790747668,
    -110.33200846019419,
    -111.42454218106383,
    -113.31414120401142,
    -115.27264042323581,
    -116.62307257691562,
    -116.94550131334037,
    -116.18759144862372,
    -114.65154064395753,
    -112.8724776099482,
    -111.43800840476301,
    -110.81013743273955,
    -111.43055272283439,
    -114.87070024380319,
    -120.05468757330935,
    -119.88231649508876,
    -119.74935072300245,
    -119.75507278042545,
    -119.75927461160187,
    -119.76346095392532,
    -119.76764697788731,
    -119.7718325078815,
    -119.77601751567609,
    -119.7802019813596,
    -119.78440157314148,
    -119.78799207300715,
    -119.79167890874449,
    -119.79608344782082,
    -119.8005360746182,
    -119.80501599579955,
    -119.8094879645681,
    -119.81392497230839,
    -119.81831083745718,
    -119.82263960402005,
    -119.82691047043913,
    -119.83407662043932,
    -119.91421834904945,
    -19707.536257685577
  ],
  "w_center": [
    0.0,
    -0.0017654765199729163,
    -0.001715969918662681,
    -0.0016874127454597832,
    -0.0016775258250083449,
    -0.0016873223688280785,
    -0.001709677103292099,
    -0.0017347833946135091,
    -0.001753391536201513,
    -0.001759664533233833,
    -0.0017527168840613685,
    -0.0017364442005276537,
    -0.0017178549590373465,
    -0.0017045973362841767,
    -0.0017025346226364996,
    -0.001716916033350041,
    -0.0017683488177682347,
    -0.0018415437502465656,
    -0.001839364334987781,
    -0.0018375155364423767,
    -0.0018375759947949976,
    -0.0018376145540851165,
    -0.0018376529820484746,
    -0.0018376914035441302,
    -0.0018377298169375822,
    -0.0018377682216528211,
    -0.001837806617021068,
    -0.0018378451318110517,
    -0.001837884157409986,
    -0.001832830185948164,
    -0.0018181106137217364,
    -0.001795067807327041,
    -0.0017657179206639446,
    -0.0017324820378419059,
    -0.0016979049566201096,
    -0.0016644138705643686,
    -0.0016341472075546528,
    -0.0016088590604339602,
    -0.0015899088797980466,
    -0.0015807557234851731,
    0.0
  ],
  "ph_pert_center": [
    0.0,
    0.14438537900455295,
    1.508909629527843,
    5.145997820769936,
    11.76019220813214,
    21.600961072378308,
    34.4249389504534,
    49.53329825853506,
    65.87854453667546,
    82.22445239234379,
    97.33476383608755,
    110.16188922635189,
    120.00685066167111,
    126.62608850582734,
    130.26884665884617,
    131.6394285733228,
    131.79007033660807,
    131.79109990784934,
    131.79216293364072,
    131.7932612002735,
    131.79439607369036,
    131.79556870746154,
    131.7967804481004,
    131.79803271765329,
    131.7993270178816,
    131.80066493560804,
    131.80204814847042,
    131.80347843112688,
    131.80495766056245,
    131.80648787923639,
    131.8080712427722,
    131.80970997105175,
    131.81140641492797,
    131.81316306772345,
    131.81498257907487,
    131.8168677691822,
    131.81882164324372,
    131.82084740616216,
    131.822948478047,
    131.82512821420065,
    131.82738277021667
  ],
  "theta_prime_center": [
    0.01830609398081151,
    0.1675541881942877,
    0.4455277537450115,
    0.8096791606623697,
    1.2043466997178598,
    1.5692497781896577,
    1.8486752183750923,
    1.9999684836074039,
    2.000034963780763,
    1.8488608687416104,
    1.5695169409605114,
    1.204643792496256,
    0.8099537095715164,
    0.4457385708673769,
    0.16767769067160998,
    0.01834953161727526,
    -4.138713848078623e-06,
    -1.2970552347724151e-06,
    -1.566604623803869e-10,
    5.3944404498906806e-11,
    0.0,
    0.0,
    0.0,
    0.0,
    0.0,
    0.0,
    0.0,
    0.0,
    0.0,
    0.0,
    0.0,
    0.0,
    0.0,
    0.0,
    0.0,
    0.0,
    0.0,
    0.0,
    0.0,
    0.0
  ],
  "al_full_center": [
    0.0004060358359526049,
    0.0008563608214825801,
    0.0017145316522667198,
    0.002874632081841324,
    0.004179759486949354,
    0.0054441991861691715,
    0.006480978131121093,
    0.007130795374300319,
    0.007287930366917524,
    0.0069190048214052184,
    0.006071393184786522,
    0.004869527330799273,
    0.0034991241976845564,
    0.002181222701988692,
    0.0011395677636663658,
    0.0005660665776122964,
    0.0005041091613626992,
    0.000516168290928287,
    0.0005286358421084303,
    0.0005415295272590301,
    0.0005548681236187352,
    0.0005686716606108242,
    0.0005829612107875734,
    0.000597759027300839,
    0.0006130886235147124,
    0.0006289748583956479,
    0.0006454440286698119,
    0.0006625239674396433,
    0.0006802441905823923,
    0.0006986359373121248,
    0.0007177322928582836,
    0.000737568403995333,
    0.0007581815902711908,
    0.0007796115061576866,
    0.0008019003157469266,
    0.0008250928825002418,
    0.0008492369757918323,
    0.000874383496332965,
    0.0009005864556580817,
    0.0009278968558457198
  ],
  "alt_full_center": [
    0.8701800489538393,
    0.8886508055580845,
    0.908056552171215,
    0.9283113668686576,
    0.94927927614188,
    0.9707964813097587,
    0.9926989676809531,
    1.014851494121815,
    1.0371735643546207,
    1.059658256015091,
    1.0823807028347303,
    1.1054944759026437,
    1.1292158931105272,
    1.1537981435209397,
    1.1794987649400275,
    1.2065452003154593,
    1.2350182255185842,
    1.2645196642001053,
    1.2950173473668458,
    1.326554952358142,
    1.3591785200708635,
    1.3929366077244385,
    1.427880452713044,
    1.4640641492772493,
    1.5015448386763657,
    1.5403829141174785,
    1.5806422417528927,
    1.622390399187969,
    1.6656989331292362,
    1.7106436377705907,
    1.7573048560384603,
    1.8057678058421442,
    1.8561229334938676,
    1.9084662970685278,
    1.9628999825628148,
    2.0195325560719533,
    2.07847955555811,
    2.1398640261856805,
    2.203817103382823,
    2.270478642708008
  ],
  "max_abs_w": 0.0018415437502465656
}