{
  "step": 300,
  "second": 30.0,
  "center_col": 40,
  "grid_p_full_center": [
    -123.60597925630282,
    -120.89626714031328,
    -119.06692966974515,
    -117.29830595113162,
    -115.10254658466147,
    -112.05392769933678,
    -107.99312174461375,
    -103.07171660156746,
    -97.7022325683647,
    -92.43406028726895,
    -87.79781671712408,
    -84.16826459285221,
    -81.68464227668301,
    -80.2440547101287,
    -79.55817252270936,
    -79.15165658766637,
    -78.00062860547769,
    -75.40524523750355,
    -72.90113704610849,
    -70.5043010681984,
    -68.16482249840192,
    -65.88132823628257,
    -63.653194747334055,
    -61.47961746159854,
    -59.35979176609544,
    -57.29291728477256,
    -55.278197064981214,
    -53.31481344634085,
    -51.40253492377815,
    -49.54031285259407,
    -47.72658891321771,
    -45.96069697383791,
    -44.24208306831861,
    -42.57014986999275,
    -40.94420531320429,
    -39.36349587777295,
    -37.827248094159586,
    -36.334690789979504,
    -34.88502196367699,
    -33.47421666361697
  ],
  "rw_tend_center": [
    0.0,
    -39.15562728028797,
    182.32301364730105,
    188.65932633285377,
    58.87401555427585,
    -197.9964832091297,
    -512.2729288625605,
    -794.7318876678227,
    -963.4735354662363,
    -968.0712449215241,
    -803.3803144733365,
    -508.73466769337,
    -153.8860101297127,
    182.52968816332682,
    434.25643646681084,
    528.3306770405432,
    253.08672947472354,
    -296.7917077590921,
    -285.1420399514657,
    -266.3176548041309,
    -266.2783650031977,
    -266.4613141630753,
    -266.5686932714353,
    -266.67462068970514,
    -266.78068353836727,
    -266.8866989529168,
    -266.9928549964326,
    -267.1109293046217,
    -266.95555861613127,
    -266.9192641866646,
    -267.27844107894686,
    -267.5925384296107,
    -267.7982127543417,
    -267.9127144452108,
    -267.9853234558801,
    -268.0514359960542,
    -268.1252634817316,
    -268.2086892563705,
    -268.32533144434984,
    -270.6374984089052,
    -44799.76835022302
  ],
  "w_center": [
    0.0,
    -0.06222802184400676,
    -0.03193221665419648,
    -0.030228124402337016,
    -0.04676636798018579,
    -0.08040102826600669,
    -0.12178391534250889,
    -0.15904947575596687,
    -0.181360013032973,
    -0.18206895936417292,
    -0.16049793842396384,
    -0.1218181621060915,
    -0.07522408199026014,
    -0.031130666818543495,
    0.001635084144456285,
    0.013279240175981208,
    -0.024820904729624987,
    -0.0993524081200046,
    -0.09696153869492538,
    -0.09458098353676377,
    -0.09460482932246733,
    -0.09463185559930012,
    -0.09465253598205609,
    -0.09467315776076898,
    -0.09469378744223059,
    -0.09471441327336945,
    -0.09473505113879649,
    -0.09475721458953425,
    -0.0947506820783717,
    -0.09056190296859984,
    -0.07970304243646006,
    -0.06584334683604523,
    -0.05246270953207249,
    -0.0414606656738867,
    -0.03324081542259746,
    -0.027422733089189837,
    -0.023430430141732815,
    -0.02076654159913773,
    -0.01908114975110548,
    -0.018264983757765082,
    0.0
  ],
  "ph_pert_center": [
    0.0,
    0.09101843401723818,
    1.402906757510975,
    4.988288036649937,
    11.552854145525185,
    21.34739978282468,
    34.129912914245146,
    49.20279265241838,
    65.51946681898788,
    81.84418226961759,
    96.94062795934435,
    109.76064230534132,
    119.60423883097107,
    126.22655082617813,
    129.87538377897917,
    131.2536406308483,
    131.41244898288255,
    131.42170596033125,
    131.43118111101296,
    131.4412104490373,
    131.451857482985,
    131.4631214738011,
    131.47502021957186,
    131.48757363776434,
    131.5008027058044,
    131.5147295888363,
    131.52937772450022,
    131.54477189283574,
    131.56093726267727,
    131.5779250418225,
    131.59577868641065,
    131.61450798584872,
    131.63412750919434,
    131.6546628964803,
    131.676150038257,
    131.6986311105733,
    131.7221516127077,
    131.74675922489504,
    131.77250378957268,
    131.79943510467774,
    131.82738277021667
  ],
  "theta_prime_center": [
    0.01776656282248723,
    0.1653596118051155,
    0.4397563859257616,
    0.8002814905972855,
    1.192465843472121,
    1.5571973346541768,
    1.839365431109968,
    1.9961298692403489,
    2.0034357142891395,
    1.8597817112652137,
    1.5866241334701385,
    1.2252828569181702,
    0.8307541063313693,
    0.4633385120686171,
    0.17937030598386627,
    0.022841572968047785,
    -0.00042532963260555334,
    -0.0001813795200291679,
    -2.4084516212496965e-06,
    6.607422164961463e-07,
    1.6525916635146132e-08,
    -1.5116938811843283e-09,
    -4.8771653382573277e-11,
    1.9326762412674725e-12,
    0.0,
    0.0,
    0.0,
    0.0,
    0.0,
    0.0,
    0.0,
    0.0,
    0.0,
    0.0,
    0.0,
    0.0,
    0.0,
    0.0,
    0.0,
    0.0
  ],
  "al_full_center": [
    0.000831141960090157,
    0.0012907648864200116,
    0.002158783613526427,
    0.003329602191624827,
    0.004646344690735048,
    0.005923257423025388,
    0.0069732693028378276,
    0.007636920717580117,
    0.007808290322704659,
    0.0074537892360453896,
    0.006620606908733546,
    0.005433046832832527,
    0.004076774432663999,
    0.0027728602267819997,
    0.001745156237547572,
    0.0011857853717948462,
    0.0011384834864724728,
    0.0011657915174627539,
    0.001194200896455007,
    0.0012236176426442596,
    0.0012540518459602781,
    0.001285559646312637,
    0.0013181911970185603,
    0.00135199888739639,
    0.0013870381837117857,
    0.0014233678163622066,
    0.0014610499982097987,
    0.0015001499921500983,
    0.0015407543670576205,
    0.0015829321346240276,
    0.0016267376551785838,
    0.0016722557672589609,
    0.0017195814765612993,
    0.0017688154969422941,
    0.0018200621370951422,
    0.0018734302023960287,
    0.0019290347268994077,
    0.001986998376067408,
    0.0020474500810879403,
    0.0021103234786036427
  ],
  "alt_full_center": [
    0.8706051550779769,
    0.889085209623022,
    0.9085008041324746,
    0.928766336978441,
    0.9497458613456656,
    0.9712755395466149,
    0.9931912588526698,
    1.0153576194650948,
    1.0376939243104077,
    1.060193040429731,
    1.0829299165586774,
    1.106057995404677,
    1.1297935433455066,
    1.154389781045733,
    1.1801043534139088,
    1.2071649191096419,
    1.235652599843694,
    1.2651692874266398,
    1.2956829124211924,
    1.3272370404735272,
    1.359877703793205,
    1.3936534957101403,
    1.428615682699275,
    1.464818389137345,
    1.5023187882365627,
    1.541177307075445,
    1.5814578477224326,
    1.6232280252126794,
    1.6665594433057114,
    1.7115279339679026,
    1.7582138614007807,
    1.8067024932054079,
    1.8570843333801577,
    1.9094555010593122,
    1.9639181443841631,
    2.020580893391849,
    2.079559353309217,
    2.1409766410654147,
    2.2049639670082533,
    2.2716610693307655
  ],
  "max_abs_w": 0.18206895936417292
}