{
  "step": 600,
  "second": 60.0,
  "center_col": 40,
  "grid_p_full_center": [
    -79.56205344419868,
    -80.40663665281318,
    -84.52822054710123,
    -88.69712322484702,
    -90.93352175780456,
    -89.45949218721944,
    -83.51399303192738,
    -73.64316170100938,
    -61.55127973551862,
    -49.580594695566106,
    -40.01140864570334,
    -34.43561832739215,
    -33.408972105695284,
    -36.45573461000458,
    -42.36391416905826,
    -49.28349130998686,
    -53.36546155443648,
    -51.696850575455755,
    -49.78361080921604,
    -48.15292810348183,
    -46.57953461672878,
    -45.04128315117123,
    -43.539720639251755,
    -42.07462809869321,
    -40.64547073920403,
    -39.251722690714814,
    -37.89285923233547,
    -36.568271771102445,
    -35.27976962944376,
    -34.02506969224487,
    -32.800369619486446,
    -31.606757387693506,
    -30.445103061385453,
    -29.31524338185409,
    -28.21654294849577,
    -27.14833880720107,
    -26.110035967249132,
    -25.10109023229961,
    -24.121001824361883,
    -23.161527420048515
  ],
  "rw_tend_center": [
    0.0,
    677.7203842707454,
    1561.926113070174,
    1598.1041129719201,
    1081.481951425238,
    34.348044060196614,
    -1280.2301917395812,
    -2488.8546973894654,
    -3230.3960983569864,
    -3274.0735640745575,
    -2592.2962061039248,
    -1360.2795034566177,
    113.69800939713309,
    1493.678293677177,
    2515.0947460525617,
    2923.9197357964786,
    1946.0129856080423,
    -168.06640475551856,
    -276.67294898469356,
    -183.64835444046267,
    -176.28526805424727,
    -177.44119753854298,
    -177.76842199806794,
    -177.96783071727438,
    -178.1705502049934,
    -178.373795834466,
    -178.578120532555,
    -178.82486726697277,
    -177.92961275768076,
    -177.8678266244294,
    -179.4978771596072,
    -180.35484312863485,
    -180.493067337671,
    -180.4342318903898,
    -180.43639176224548,
    -180.52302962021318,
    -180.66164497978056,
    -180.82650228170945,
    -180.9927979311086,
    -186.34363475324503,
    -31008.171631567257
  ],
  "w_center": [
    0.0,
    0.04117706004820713,
    0.2789260616020623,
    0.28661566963211826,
    0.14723208326724752,
    -0.1313195834276105,
    -0.4758792082309961,
    -0.7885661488284619,
    -0.9774981247938295,
    -0.9851449042137826,
    -0.8052702185302814,
    -0.4824041558341657,
    -0.09503665562447175,
    0.26991777013306684,
    0.5416851940299308,
    0.6471321482893492,
    0.3680105049178141,
    -0.2113391122320306,
    -0.21801071388998686,
    -0.1952501490591078,
    -0.1943800133708931,
    -0.19463694925877187,
    -0.19473349648704563,
    -0.19481585474269622,
    -0.19489883317440942,
    -0.19498180937528037,
    -0.19506499189449347,
    -0.19516063180007348,
    -0.19497790130384612,
    -0.1767087186791897,
    -0.13520000189050485,
    -0.09281550170197207,
    -0.06182103269714961,
    -0.04249174409511168,
    -0.031009183883523948,
    -0.02411101381536506,
    -0.019854555609651717,
    -0.017194611307108677,
    -0.015575520935410295,
    -0.01501559642357263,
    0.0
  ],
  "ph_pert_center": [
    0.0,
    0.022109416360468426,
    1.265104250527643,
    4.78012781238136,
    11.274588225992003,
    21.002566120200918,
    33.726193202699086,
    48.75178968018514,
    65.03557350205296,
    81.34284426194708,
    96.43642765312558,
    109.2656610901141,
    119.12700361544242,
    125.7716270708928,
    129.44352464628162,
    130.84222436765162,
    131.01601220939878,
    131.03523972973954,
    131.05456747796944,
    131.07476390226765,
    131.09616830652135,
    131.11873597359266,
    131.14248797891733,
    131.1674613837617,
    131.19369496083297,
    131.2212295434998,
    131.25010834992887,
    131.2803770028342,
    131.31208002241257,
    131.34536705796077,
    131.3803210710509,
    131.41687484639147,
    131.455028765057,
    131.49485063671116,
    131.53643119221195,
    131.57986103684183,
    131.62522836186267,
    131.67262195134967,
    131.72213378488274,
    131.77386178128586,
    131.82738277021667
  ],
  "theta_prime_center": [
    0.01607856291786902,
    0.15851007852694465,
    0.42166594477384933,
    0.7704525010897783,
    1.154206227542204,
    1.5176461836365434,
    1.807859755112247,
    1.9816468474838302,
    2.011935848446285,
    1.8923475976850455,
    1.6390229226972224,
    1.2890388481479818,
    0.895264761830731,
    0.5182726328831109,
    0.21659764756537925,
    0.03828601076139648,
    -0.0007602789298744028,
    -0.0009924630377895483,
    -6.434416820866318e-05,
    1.0019324406584929e-05,
    1.1884749824275787e-06,
    -4.989118451703689e-08,
    -1.0984024356730515e-08,
    5.729816621169448e-11,
    6.52562448522076e-11,
    5.684341886080802e-14,
    0.0,
    0.0,
    0.0,
    0.0,
    0.0,
    0.0,
    0.0,
    0.0,
    0.0,
    0.0,
    0.0,
    0.0,
    0.0,
    0.0
  ],
  "al_full_center": [
    0.0005482502717168556,
    0.0010018863567180223,
    0.0018630786856844524,
    0.0030274284529109023,
    0.004338745128915434,
    0.005611742586049007,
    0.006659416705873667,
    0.00732199157621722,
    0.007492924192521445,
    0.007137845812941771,
    0.006303192627892844,
    0.0051126881025360255,
    0.0037516487762616893,
    0.0024410230348897418,
    0.0014046768653588255,
    0.0008348150402447288,
    0.0007767078751531247,
    0.0007953131592209642,
    0.0008149533965391343,
    0.0008354536357352704,
    0.0008566446335331613,
    0.0008785941586796849,
    0.0009013463804816872,
    0.0009249398535084504,
    0.0009494155994859539,
    0.0009748172748361852,
    0.0010011911711503996,
    0.0010285840687482895,
    0.001057117689909756,
    0.0010868046146197269,
    0.0011175961964214139,
    0.0011495959991753208,
    0.0011829162673532231,
    0.0012176441745836448,
    0.0012538549244717697,
    0.0012916267333591656,
    0.001331045423185702,
    0.001372204834862504,
    0.0014152077507788342,
    0.0014596761259659222
  ],
  "alt_full_center": [
    0.8703222633896036,
    0.88879633109332,
    0.9082050992046327,
    0.9284641632397271,
    0.949438261783846,
    0.9709640247096386,
    0.9928774062557056,
    1.015042690323732,
    1.0373785581802246,
    1.0598770970066276,
    1.0826125022778368,
    1.1057376366743805,
    1.1294684176891043,
    1.1540579438538408,
    1.17976387404172,
    1.2068139487780916,
    1.2352908242323746,
    1.264798809068398,
    1.2953036649212766,
    1.3268488764666182,
    1.359480296580778,
    1.3932465302225074,
    1.4281988378827382,
    1.464391330103457,
    1.501881165652337,
    1.5407287565339192,
    1.5809979888953734,
    1.6227564592892776,
    1.6660758066285635,
    1.7110318064478982,
    1.7577047199420235,
    1.8061798334373242,
    1.8565476681709494,
    1.9089043297369537,
    1.9633519371715398,
    2.019999089922812,
    2.0789613640055036,
    2.14036184752421,
    2.204331724677944,
    2.271010421978128
  ],
  "max_abs_w": 0.9851449042137826
}