{
  "step": 100,
  "second": 10.0,
  "center_col": 40,
  "grid_p_full_center": [
    -124.65059166819265,
    -121.21779574576067,
    -117.95079973860993,
    -114.76581182521477,
    -111.60790957280551,
    -108.42826104395499,
    -105.20679573400412,
    -101.95656859631708,
    -98.71818896365585,
    -95.54664330536616,
    -92.49508300266461,
    -89.6006336297578,
    -86.87608175663627,
    -84.30902848747792,
    -81.86768975756422,
    -79.50062447769596,
    -77.097134443924,
    -74.58547705809178,
    -72.13936314378225,
    -69.75558579811332,
    -67.42862531092396,
    -65.15770438506297,
    -62.942010025668424,
    -60.780730342376046,
    -58.673057417050586,
    -56.618187306470645,
    -54.61532005376648,
    -52.66365790326381,
    -50.76245168331661,
    -48.910902092007746,
    -47.108172676191316,
    -45.35348274921853,
    -43.64605979397311,
    -41.98513867809379,
    -40.369958883002255,
    -38.799762740542064,
    -37.273794886641554,
    -35.79130249422087,
    -34.351495057093416,
    -32.953165328672185
  ],
  "rw_tend_center": [
    0.0,
    -234.36503601909948,
    -208.64240766584754,
    -204.5666699017975,
    -215.45455623330815,
    -240.527560344086,
    -272.29629587102596,
    -301.2954014185049,
    -318.9172778544821,
    -319.9042595363111,
    -303.7140629726662,
    -274.40736588842924,
    -239.2139472201582,
    -206.33879093668924,
    -182.7347511736602,
    -176.09584164879692,
    -209.28076267762924,
    -270.57680887409566,
    -268.0250593686402,
    -266.27924230859327,
    -266.33175965127776,
    -266.36770166172806,
    -266.4025159156281,
    -266.4373385854233,
    -266.47216158714315,
    -266.5069843105943,
    -266.5418106851769,
    -266.57751049151744,
    -266.5922495976941,
    -266.6117007571214,
    -266.65765852217953,
    -266.70479822531524,
    -266.75099061295475,
    -266.7943195503271,
    -266.83427254844054,
    -266.87135159488713,
    -266.9064772645545,
    -266.9405562080957,
    -267.0007489906703,
    -267.3711355697034,
    -44097.026370038424
  ],
  "w_center": [
    0.0,
    -0.02165674303137245,
    -0.02040599787560286,
    -0.02011174795534499,
    -0.020488302565231164,
    -0.02151030663679491,
    -0.02285145243008519,
    -0.024096351908826166,
    -0.024866362492220608,
    -0.024930160387834067,
    -0.024263875538735696,
    -0.023045459319280558,
    -0.021590452626789654,
    -0.020254591193266485,
    -0.019335180912328307,
    -0.019153169371710035,
    -0.020692049570127376,
    -0.02342155638383754,
    -0.023307206403636007,
    -0.023231725424794156,
    -0.023234450708187235,
    -0.023236310565125942,
    -0.023238139063151326,
    -0.023239967810862926,
    -0.02324179651365968,
    -0.023243625152135503,
    -0.023245453791964788,
    -0.023247311882379267,
    -0.02324876791162655,
    -0.022971508922671805,
    -0.022185210201396036,
    -0.02101080550551105,
    -0.019609582924482404,
    -0.018142406221820798,
    -0.016740701397388185,
    -0.015494664492396263,
    -0.014455756599595781,
    -0.013646672292755563,
    -0.013073710780497936,
    -0.01274849109725737,
    0.0
  ],
  "ph_pert_center": [
    0.0,
    0.1305629046453813,
    1.4814835401589392,
    5.105272374293158,
    11.706756331924101,
    21.53570395759654,
    34.3490367570994,
    49.44817469033952,
    65.78580534172153,
    82.12579960604528,
    97.23189899122679,
    110.05641665954016,
    119.90019208536428,
    126.51941814978193,
    130.16305309540573,
    131.53510806228408,
    131.68757590799763,
    131.6906352447189,
    131.69384243241376,
    131.69724331065788,
    131.7008460833893,
    131.70465507208453,
    131.70867660616983,
    131.71291739577174,
    131.71738452607806,
    131.72208548338034,
    131.7270281822241,
    131.73222099431678,
    131.73767270282113,
    131.74339449152953,
    131.7493977840455,
    131.7556922610349,
    131.76228808410073,
    131.76919613060667,
    131.776428228255,
    131.78399727514412,
    131.79191727178397,
    131.80020331482046,
    131.80887159157683,
    131.81793673334684,
    131.82738277021667
  ],
  "theta_prime_center": [
    0.01825207830955833,
    0.1673340770915388,
    0.4449493199929293,
    0.8087396792443542,
    1.2031628249659434,
    1.5680543310879216,
    1.8477591776409668,
    1.9996023428379885,
    2.0003925849312623,
    1.8499681727349184,
    1.5712396893178493,
    1.2067163149139901,
    0.8120383015456127,
    0.44749755270515834,
    0.16883903718593274,
    0.01878652843731743,
    -5.259169108740025e-05,
    -1.6839675822666322e-05,
    -2.227545792266028e-08,
    7.66453922551591e-09,
    2.114575181622058e-11,
    -2.0463630789890885e-12,
    0.0,
    0.0,
    0.0,
    0.0,
    0.0,
    0.0,
    0.0,
    0.0,
    0.0,
    0.0,
    0.0,
    0.0,
    0.0,
    0.0,
    0.0,
    0.0,
    0.0,
    0.0
  ],
  "al_full_center": [
    0.0008391467979342206,
    0.0012987469435710168,
    0.0021666955069014936,
    0.003337110292696408,
    0.004653033199033075,
    0.0059286696090570115,
    0.006976955926039439,
    0.007638503505675092,
    0.00780752121724292,
    0.007450589648106126,
    0.006615079978538765,
    0.0054254615958135,
    0.004067526384225385,
    0.0027624162860023483,
    0.0017339944951533953,
    0.0011742979219416933,
    0.001126796732884018,
    0.0011537893060986368,
    0.0011817187248970523,
    0.0012106064270986558,
    0.001240492854080266,
    0.001271423914958365,
    0.0013034471605247121,
    0.0013366128052504475,
    0.0013709739245878836,
    0.0014065866499067853,
    0.0014435103793041045,
    0.0014818079547787083,
    0.0015215472834910109,
    0.0015627988852208547,
    0.0016056361114222934,
    0.0016501383547267157,
    0.0016963900874888494,
    0.001744481247780387,
    0.0017945075678374829,
    0.0018465709458703344,
    0.0019007798869583358,
    0.0019572500146556745,
    0.002016102252890185,
    0.002077438617484471
  ],
  "alt_full_center": [
    0.8706131599158209,
    0.889093191680173,
    0.9085087160258497,
    0.9287738450795127,
    0.9497525498539637,
    0.9712809517326466,
    0.9931949454758714,
    1.0153592022531899,
    1.037693155204946,
    1.0601898408417918,
    1.0829243896284826,
    1.106050410167658,
    1.129784295297068,
    1.1543793371049533,
    1.1800931916715145,
    1.2071534316597887,
    1.2356409130901056,
    1.2651572852152757,
    1.2956704302496345,
    1.3272240292579816,
    1.3598641448013251,
    1.393639359978786,
    1.4286009386627812,
    1.464803003055199,
    1.502302723977439,
    1.5411605259089898,
    1.5814403081035269,
    1.623209683175308,
    1.6665402362221449,
    1.7115078007184994,
    1.7581927598570244,
    1.8066803757928755,
    1.8570611419910852,
    1.9094311668101505,
    1.9638925898149053,
    2.020554034135323,
    2.079531098469276,
    2.140946892704003,
    2.2049326191800556,
    2.2716281844696464
  ],
  "max_abs_w": 0.024930160387834067
}