timestamp_epoch,timestamp_iso,pid,ppid,stat,psr,pcpu,pmem,rss_kib,vsz_kib,args
1782059287,2026-06-21T17:28:07+01:00,3104514,3104450,S,19,0.0,0.0,1740,2784,"/usr/bin/time -f wall_s=%e\nmaxrss_kib=%M -o proofs/v020/s4/fp64_d01d03_1h_20260621T162807Z/time.txt taskset -c 0-3 python -m gpuwrf run --input-dir <DATA_ROOT>/wrf_downscale/canary_all7/run --namelist <DATA_ROOT>/wrf_downscale/canary_all7/run/namelist.input --output-dir proofs/v020/s4/fp64_d01d03_1h_20260621T162807Z/output --proof-dir proofs/v020/s4/fp64_d01d03_1h_20260621T162807Z/proofs --scratch-dir proofs/v020/s4/fp64_d01d03_1h_20260621T162807Z/scratch --max-dom 3 --hours 1"
1782059287,2026-06-21T17:28:07+01:00,3104516,3104514,Rl,3,172,0.1,109656,485416,"python -m gpuwrf run --input-dir <DATA_ROOT>/wrf_downscale/canary_all7/run --namelist <DATA_ROOT>/wrf_downscale/canary_all7/run/namelist.input --output-dir proofs/v020/s4/fp64_d01d03_1h_20260621T162807Z/output --proof-dir proofs/v020/s4/fp64_d01d03_1h_20260621T162807Z/proofs --scratch-dir proofs/v020/s4/fp64_d01d03_1h_20260621T162807Z/scratch --max-dom 3 --hours 1"
1782059289,2026-06-21T17:28:09+01:00,3104514,3104450,S,19,0.0,0.0,1740,2784,"/usr/bin/time -f wall_s=%e\nmaxrss_kib=%M -o proofs/v020/s4/fp64_d01d03_1h_20260621T162807Z/time.txt taskset -c 0-3 python -m gpuwrf run --input-dir <DATA_ROOT>/wrf_downscale/canary_all7/run --namelist <DATA_ROOT>/wrf_downscale/canary_all7/run/namelist.input --output-dir proofs/v020/s4/fp64_d01d03_1h_20260621T162807Z/output --proof-dir proofs/v020/s4/fp64_d01d03_1h_20260621T162807Z/proofs --scratch-dir proofs/v020/s4/fp64_d01d03_1h_20260621T162807Z/scratch --max-dom 3 --hours 1"
1782059289,2026-06-21T17:28:09+01:00,3104516,3104514,Rl,3,99.0,1.2,1182460,21166328,"python -m gpuwrf run --input-dir <DATA_ROOT>/wrf_downscale/canary_all7/run --namelist <DATA_ROOT>/wrf_downscale/canary_all7/run/namelist.input --output-dir proofs/v020/s4/fp64_d01d03_1h_20260621T162807Z/output --proof-dir proofs/v020/s4/fp64_d01d03_1h_20260621T162807Z/proofs --scratch-dir proofs/v020/s4/fp64_d01d03_1h_20260621T162807Z/scratch --max-dom 3 --hours 1"
1782059291,2026-06-21T17:28:11+01:00,3104514,3104450,S,19,0.0,0.0,1740,2784,"/usr/bin/time -f wall_s=%e\nmaxrss_kib=%M -o proofs/v020/s4/fp64_d01d03_1h_20260621T162807Z/time.txt taskset -c 0-3 python -m gpuwrf run --input-dir <DATA_ROOT>/wrf_downscale/canary_all7/run --namelist <DATA_ROOT>/wrf_downscale/canary_all7/run/namelist.input --output-dir proofs/v020/s4/fp64_d01d03_1h_20260621T162807Z/output --proof-dir proofs/v020/s4/fp64_d01d03_1h_20260621T162807Z/proofs --scratch-dir proofs/v020/s4/fp64_d01d03_1h_20260621T162807Z/scratch --max-dom 3 --hours 1"
1782059291,2026-06-21T17:28:11+01:00,3104516,3104514,Rl,3,100,1.8,1841324,22176680,"python -m gpuwrf run --input-dir <DATA_ROOT>/wrf_downscale/canary_all7/run --namelist <DATA_ROOT>/wrf_downscale/canary_all7/run/namelist.input --output-dir proofs/v020/s4/fp64_d01d03_1h_20260621T162807Z/output --proof-dir proofs/v020/s4/fp64_d01d03_1h_20260621T162807Z/proofs --scratch-dir proofs/v020/s4/fp64_d01d03_1h_20260621T162807Z/scratch --max-dom 3 --hours 1"
1782059293,2026-06-21T17:28:13+01:00,3104514,3104450,S,19,0.0,0.0,1740,2784,"/usr/bin/time -f wall_s=%e\nmaxrss_kib=%M -o proofs/v020/s4/fp64_d01d03_1h_20260621T162807Z/time.txt taskset -c 0-3 python -m gpuwrf run --input-dir <DATA_ROOT>/wrf_downscale/canary_all7/run --namelist <DATA_ROOT>/wrf_downscale/canary_all7/run/namelist.input --output-dir proofs/v020/s4/fp64_d01d03_1h_20260621T162807Z/output --proof-dir proofs/v020/s4/fp64_d01d03_1h_20260621T162807Z/proofs --scratch-dir proofs/v020/s4/fp64_d01d03_1h_20260621T162807Z/scratch --max-dom 3 --hours 1"
1782059293,2026-06-21T17:28:13+01:00,3104516,3104514,Rl,0,100,1.9,1935344,22343312,"python -m gpuwrf run --input-dir <DATA_ROOT>/wrf_downscale/canary_all7/run --namelist <DATA_ROOT>/wrf_downscale/canary_all7/run/namelist.input --output-dir proofs/v020/s4/fp64_d01d03_1h_20260621T162807Z/output --proof-dir proofs/v020/s4/fp64_d01d03_1h_20260621T162807Z/proofs --scratch-dir proofs/v020/s4/fp64_d01d03_1h_20260621T162807Z/scratch --max-dom 3 --hours 1"
1782059296,2026-06-21T17:28:16+01:00,3104514,3104450,S,19,0.0,0.0,1740,2784,"/usr/bin/time -f wall_s=%e\nmaxrss_kib=%M -o proofs/v020/s4/fp64_d01d03_1h_20260621T162807Z/time.txt taskset -c 0-3 python -m gpuwrf run --input-dir <DATA_ROOT>/wrf_downscale/canary_all7/run --namelist <DATA_ROOT>/wrf_downscale/canary_all7/run/namelist.input --output-dir proofs/v020/s4/fp64_d01d03_1h_20260621T162807Z/output --proof-dir proofs/v020/s4/fp64_d01d03_1h_20260621T162807Z/proofs --scratch-dir proofs/v020/s4/fp64_d01d03_1h_20260621T162807Z/scratch --max-dom 3 --hours 1"
1782059296,2026-06-21T17:28:16+01:00,3104516,3104514,Rl,2,100,2.0,2000152,22408012,"python -m gpuwrf run --input-dir <DATA_ROOT>/wrf_downscale/canary_all7/run --namelist <DATA_ROOT>/wrf_downscale/canary_all7/run/namelist.input --output-dir proofs/v020/s4/fp64_d01d03_1h_20260621T162807Z/output --proof-dir proofs/v020/s4/fp64_d01d03_1h_20260621T162807Z/proofs --scratch-dir proofs/v020/s4/fp64_d01d03_1h_20260621T162807Z/scratch --max-dom 3 --hours 1"
1782059298,2026-06-21T17:28:18+01:00,3104514,3104450,S,19,0.0,0.0,1740,2784,"/usr/bin/time -f wall_s=%e\nmaxrss_kib=%M -o proofs/v020/s4/fp64_d01d03_1h_20260621T162807Z/time.txt taskset -c 0-3 python -m gpuwrf run --input-dir <DATA_ROOT>/wrf_downscale/canary_all7/run --namelist <DATA_ROOT>/wrf_downscale/canary_all7/run/namelist.input --output-dir proofs/v020/s4/fp64_d01d03_1h_20260621T162807Z/output --proof-dir proofs/v020/s4/fp64_d01d03_1h_20260621T162807Z/proofs --scratch-dir proofs/v020/s4/fp64_d01d03_1h_20260621T162807Z/scratch --max-dom 3 --hours 1"
1782059298,2026-06-21T17:28:18+01:00,3104516,3104514,Rl,0,101,2.2,2202152,22703832,"python -m gpuwrf run --input-dir <DATA_ROOT>/wrf_downscale/canary_all7/run --namelist <DATA_ROOT>/wrf_downscale/canary_all7/run/namelist.input --output-dir proofs/v020/s4/fp64_d01d03_1h_20260621T162807Z/output --proof-dir proofs/v020/s4/fp64_d01d03_1h_20260621T162807Z/proofs --scratch-dir proofs/v020/s4/fp64_d01d03_1h_20260621T162807Z/scratch --max-dom 3 --hours 1"
1782059300,2026-06-21T17:28:20+01:00,3104514,3104450,S,19,0.0,0.0,1740,2784,"/usr/bin/time -f wall_s=%e\nmaxrss_kib=%M -o proofs/v020/s4/fp64_d01d03_1h_20260621T162807Z/time.txt taskset -c 0-3 python -m gpuwrf run --input-dir <DATA_ROOT>/wrf_downscale/canary_all7/run --namelist <DATA_ROOT>/wrf_downscale/canary_all7/run/namelist.input --output-dir proofs/v020/s4/fp64_d01d03_1h_20260621T162807Z/output --proof-dir proofs/v020/s4/fp64_d01d03_1h_20260621T162807Z/proofs --scratch-dir proofs/v020/s4/fp64_d01d03_1h_20260621T162807Z/scratch --max-dom 3 --hours 1"
1782059300,2026-06-21T17:28:20+01:00,3104516,3104514,Rl,1,102,2.3,2361096,22931020,"python -m gpuwrf run --input-dir <DATA_ROOT>/wrf_downscale/canary_all7/run --namelist <DATA_ROOT>/wrf_downscale/canary_all7/run/namelist.input --output-dir proofs/v020/s4/fp64_d01d03_1h_20260621T162807Z/output --proof-dir proofs/v020/s4/fp64_d01d03_1h_20260621T162807Z/proofs --scratch-dir proofs/v020/s4/fp64_d01d03_1h_20260621T162807Z/scratch --max-dom 3 --hours 1"
1782059302,2026-06-21T17:28:22+01:00,3104514,3104450,S,19,0.0,0.0,1740,2784,"/usr/bin/time -f wall_s=%e\nmaxrss_kib=%M -o proofs/v020/s4/fp64_d01d03_1h_20260621T162807Z/time.txt taskset -c 0-3 python -m gpuwrf run --input-dir <DATA_ROOT>/wrf_downscale/canary_all7/run --namelist <DATA_ROOT>/wrf_downscale/canary_all7/run/namelist.input --output-dir proofs/v020/s4/fp64_d01d03_1h_20260621T162807Z/output --proof-dir proofs/v020/s4/fp64_d01d03_1h_20260621T162807Z/proofs --scratch-dir proofs/v020/s4/fp64_d01d03_1h_20260621T162807Z/scratch --max-dom 3 --hours 1"
1782059302,2026-06-21T17:28:22+01:00,3104516,3104514,Rl,1,104,2.4,2385660,22956264,"python -m gpuwrf run --input-dir <DATA_ROOT>/wrf_downscale/canary_all7/run --namelist <DATA_ROOT>/wrf_downscale/canary_all7/run/namelist.input --output-dir proofs/v020/s4/fp64_d01d03_1h_20260621T162807Z/output --proof-dir proofs/v020/s4/fp64_d01d03_1h_20260621T162807Z/proofs --scratch-dir proofs/v020/s4/fp64_d01d03_1h_20260621T162807Z/scratch --max-dom 3 --hours 1"
1782059304,2026-06-21T17:28:24+01:00,3104514,3104450,S,19,0.0,0.0,1740,2784,"/usr/bin/time -f wall_s=%e\nmaxrss_kib=%M -o proofs/v020/s4/fp64_d01d03_1h_20260621T162807Z/time.txt taskset -c 0-3 python -m gpuwrf run --input-dir <DATA_ROOT>/wrf_downscale/canary_all7/run --namelist <DATA_ROOT>/wrf_downscale/canary_all7/run/namelist.input --output-dir proofs/v020/s4/fp64_d01d03_1h_20260621T162807Z/output --proof-dir proofs/v020/s4/fp64_d01d03_1h_20260621T162807Z/proofs --scratch-dir proofs/v020/s4/fp64_d01d03_1h_20260621T162807Z/scratch --max-dom 3 --hours 1"
1782059304,2026-06-21T17:28:24+01:00,3104516,3104514,Rl,0,105,2.4,2386636,22957056,"python -m gpuwrf run --input-dir <DATA_ROOT>/wrf_downscale/canary_all7/run --namelist <DATA_ROOT>/wrf_downscale/canary_all7/run/namelist.input --output-dir proofs/v020/s4/fp64_d01d03_1h_20260621T162807Z/output --proof-dir proofs/v020/s4/fp64_d01d03_1h_20260621T162807Z/proofs --scratch-dir proofs/v020/s4/fp64_d01d03_1h_20260621T162807Z/scratch --max-dom 3 --hours 1"
1782059306,2026-06-21T17:28:26+01:00,3104514,3104450,S,19,0.0,0.0,1740,2784,"/usr/bin/time -f wall_s=%e\nmaxrss_kib=%M -o proofs/v020/s4/fp64_d01d03_1h_20260621T162807Z/time.txt taskset -c 0-3 python -m gpuwrf run --input-dir <DATA_ROOT>/wrf_downscale/canary_all7/run --namelist <DATA_ROOT>/wrf_downscale/canary_all7/run/namelist.input --output-dir proofs/v020/s4/fp64_d01d03_1h_20260621T162807Z/output --proof-dir proofs/v020/s4/fp64_d01d03_1h_20260621T162807Z/proofs --scratch-dir proofs/v020/s4/fp64_d01d03_1h_20260621T162807Z/scratch --max-dom 3 --hours 1"
1782059306,2026-06-21T17:28:26+01:00,3104516,3104514,Rl,2,105,2.5,2480552,23017784,"python -m gpuwrf run --input-dir <DATA_ROOT>/wrf_downscale/canary_all7/run --namelist <DATA_ROOT>/wrf_downscale/canary_all7/run/namelist.input --output-dir proofs/v020/s4/fp64_d01d03_1h_20260621T162807Z/output --proof-dir proofs/v020/s4/fp64_d01d03_1h_20260621T162807Z/proofs --scratch-dir proofs/v020/s4/fp64_d01d03_1h_20260621T162807Z/scratch --max-dom 3 --hours 1"
1782059308,2026-06-21T17:28:28+01:00,3104514,3104450,S,19,0.0,0.0,1740,2784,"/usr/bin/time -f wall_s=%e\nmaxrss_kib=%M -o proofs/v020/s4/fp64_d01d03_1h_20260621T162807Z/time.txt taskset -c 0-3 python -m gpuwrf run --input-dir <DATA_ROOT>/wrf_downscale/canary_all7/run --namelist <DATA_ROOT>/wrf_downscale/canary_all7/run/namelist.input --output-dir proofs/v020/s4/fp64_d01d03_1h_20260621T162807Z/output --proof-dir proofs/v020/s4/fp64_d01d03_1h_20260621T162807Z/proofs --scratch-dir proofs/v020/s4/fp64_d01d03_1h_20260621T162807Z/scratch --max-dom 3 --hours 1"
1782059308,2026-06-21T17:28:28+01:00,3104516,3104514,Rl,1,103,2.6,2590272,23128408,"python -m gpuwrf run --input-dir <DATA_ROOT>/wrf_downscale/canary_all7/run --namelist <DATA_ROOT>/wrf_downscale/canary_all7/run/namelist.input --output-dir proofs/v020/s4/fp64_d01d03_1h_20260621T162807Z/output --proof-dir proofs/v020/s4/fp64_d01d03_1h_20260621T162807Z/proofs --scratch-dir proofs/v020/s4/fp64_d01d03_1h_20260621T162807Z/scratch --max-dom 3 --hours 1"
1782059310,2026-06-21T17:28:30+01:00,3104514,3104450,S,19,0.0,0.0,1740,2784,"/usr/bin/time -f wall_s=%e\nmaxrss_kib=%M -o proofs/v020/s4/fp64_d01d03_1h_20260621T162807Z/time.txt taskset -c 0-3 python -m gpuwrf run --input-dir <DATA_ROOT>/wrf_downscale/canary_all7/run --namelist <DATA_ROOT>/wrf_downscale/canary_all7/run/namelist.input --output-dir proofs/v020/s4/fp64_d01d03_1h_20260621T162807Z/output --proof-dir proofs/v020/s4/fp64_d01d03_1h_20260621T162807Z/proofs --scratch-dir proofs/v020/s4/fp64_d01d03_1h_20260621T162807Z/scratch --max-dom 3 --hours 1"
1782059310,2026-06-21T17:28:30+01:00,3104516,3104514,Rl,3,102,2.8,2794936,23531796,"python -m gpuwrf run --input-dir <DATA_ROOT>/wrf_downscale/canary_all7/run --namelist <DATA_ROOT>/wrf_downscale/canary_all7/run/namelist.input --output-dir proofs/v020/s4/fp64_d01d03_1h_20260621T162807Z/output --proof-dir proofs/v020/s4/fp64_d01d03_1h_20260621T162807Z/proofs --scratch-dir proofs/v020/s4/fp64_d01d03_1h_20260621T162807Z/scratch --max-dom 3 --hours 1"
1782059312,2026-06-21T17:28:32+01:00,3104514,3104450,S,19,0.0,0.0,1740,2784,"/usr/bin/time -f wall_s=%e\nmaxrss_kib=%M -o proofs/v020/s4/fp64_d01d03_1h_20260621T162807Z/time.txt taskset -c 0-3 python -m gpuwrf run --input-dir <DATA_ROOT>/wrf_downscale/canary_all7/run --namelist <DATA_ROOT>/wrf_downscale/canary_all7/run/namelist.input --output-dir proofs/v020/s4/fp64_d01d03_1h_20260621T162807Z/output --proof-dir proofs/v020/s4/fp64_d01d03_1h_20260621T162807Z/proofs --scratch-dir proofs/v020/s4/fp64_d01d03_1h_20260621T162807Z/scratch --max-dom 3 --hours 1"
1782059312,2026-06-21T17:28:32+01:00,3104516,3104514,Rl,2,102,2.9,2873744,23608560,"python -m gpuwrf run --input-dir <DATA_ROOT>/wrf_downscale/canary_all7/run --namelist <DATA_ROOT>/wrf_downscale/canary_all7/run/namelist.input --output-dir proofs/v020/s4/fp64_d01d03_1h_20260621T162807Z/output --proof-dir proofs/v020/s4/fp64_d01d03_1h_20260621T162807Z/proofs --scratch-dir proofs/v020/s4/fp64_d01d03_1h_20260621T162807Z/scratch --max-dom 3 --hours 1"
1782059314,2026-06-21T17:28:34+01:00,3104514,3104450,S,19,0.0,0.0,1740,2784,"/usr/bin/time -f wall_s=%e\nmaxrss_kib=%M -o proofs/v020/s4/fp64_d01d03_1h_20260621T162807Z/time.txt taskset -c 0-3 python -m gpuwrf run --input-dir <DATA_ROOT>/wrf_downscale/canary_all7/run --namelist <DATA_ROOT>/wrf_downscale/canary_all7/run/namelist.input --output-dir proofs/v020/s4/fp64_d01d03_1h_20260621T162807Z/output --proof-dir proofs/v020/s4/fp64_d01d03_1h_20260621T162807Z/proofs --scratch-dir proofs/v020/s4/fp64_d01d03_1h_20260621T162807Z/scratch --max-dom 3 --hours 1"
1782059314,2026-06-21T17:28:34+01:00,3104516,3104514,Rl,1,102,2.9,2878488,23613688,"python -m gpuwrf run --input-dir <DATA_ROOT>/wrf_downscale/canary_all7/run --namelist <DATA_ROOT>/wrf_downscale/canary_all7/run/namelist.input --output-dir proofs/v020/s4/fp64_d01d03_1h_20260621T162807Z/output --proof-dir proofs/v020/s4/fp64_d01d03_1h_20260621T162807Z/proofs --scratch-dir proofs/v020/s4/fp64_d01d03_1h_20260621T162807Z/scratch --max-dom 3 --hours 1"
1782059317,2026-06-21T17:28:37+01:00,3104514,3104450,S,19,0.0,0.0,1740,2784,"/usr/bin/time -f wall_s=%e\nmaxrss_kib=%M -o proofs/v020/s4/fp64_d01d03_1h_20260621T162807Z/time.txt taskset -c 0-3 python -m gpuwrf run --input-dir <DATA_ROOT>/wrf_downscale/canary_all7/run --namelist <DATA_ROOT>/wrf_downscale/canary_all7/run/namelist.input --output-dir proofs/v020/s4/fp64_d01d03_1h_20260621T162807Z/output --proof-dir proofs/v020/s4/fp64_d01d03_1h_20260621T162807Z/proofs --scratch-dir proofs/v020/s4/fp64_d01d03_1h_20260621T162807Z/scratch --max-dom 3 --hours 1"
1782059317,2026-06-21T17:28:37+01:00,3104516,3104514,Rl,2,102,2.9,2895860,23630576,"python -m gpuwrf run --input-dir <DATA_ROOT>/wrf_downscale/canary_all7/run --namelist <DATA_ROOT>/wrf_downscale/canary_all7/run/namelist.input --output-dir proofs/v020/s4/fp64_d01d03_1h_20260621T162807Z/output --proof-dir proofs/v020/s4/fp64_d01d03_1h_20260621T162807Z/proofs --scratch-dir proofs/v020/s4/fp64_d01d03_1h_20260621T162807Z/scratch --max-dom 3 --hours 1"
1782059319,2026-06-21T17:28:39+01:00,3104514,3104450,S,19,0.0,0.0,1740,2784,"/usr/bin/time -f wall_s=%e\nmaxrss_kib=%M -o proofs/v020/s4/fp64_d01d03_1h_20260621T162807Z/time.txt taskset -c 0-3 python -m gpuwrf run --input-dir <DATA_ROOT>/wrf_downscale/canary_all7/run --namelist <DATA_ROOT>/wrf_downscale/canary_all7/run/namelist.input --output-dir proofs/v020/s4/fp64_d01d03_1h_20260621T162807Z/output --proof-dir proofs/v020/s4/fp64_d01d03_1h_20260621T162807Z/proofs --scratch-dir proofs/v020/s4/fp64_d01d03_1h_20260621T162807Z/scratch --max-dom 3 --hours 1"
1782059319,2026-06-21T17:28:39+01:00,3104516,3104514,Rl,1,102,3.0,2986700,23852572,"python -m gpuwrf run --input-dir <DATA_ROOT>/wrf_downscale/canary_all7/run --namelist <DATA_ROOT>/wrf_downscale/canary_all7/run/namelist.input --output-dir proofs/v020/s4/fp64_d01d03_1h_20260621T162807Z/output --proof-dir proofs/v020/s4/fp64_d01d03_1h_20260621T162807Z/proofs --scratch-dir proofs/v020/s4/fp64_d01d03_1h_20260621T162807Z/scratch --max-dom 3 --hours 1"
1782059321,2026-06-21T17:28:41+01:00,3104514,3104450,S,19,0.0,0.0,1740,2784,"/usr/bin/time -f wall_s=%e\nmaxrss_kib=%M -o proofs/v020/s4/fp64_d01d03_1h_20260621T162807Z/time.txt taskset -c 0-3 python -m gpuwrf run --input-dir <DATA_ROOT>/wrf_downscale/canary_all7/run --namelist <DATA_ROOT>/wrf_downscale/canary_all7/run/namelist.input --output-dir proofs/v020/s4/fp64_d01d03_1h_20260621T162807Z/output --proof-dir proofs/v020/s4/fp64_d01d03_1h_20260621T162807Z/proofs --scratch-dir proofs/v020/s4/fp64_d01d03_1h_20260621T162807Z/scratch --max-dom 3 --hours 1"
1782059321,2026-06-21T17:28:41+01:00,3104516,3104514,Rl,0,102,3.1,3068628,24294664,"python -m gpuwrf run --input-dir <DATA_ROOT>/wrf_downscale/canary_all7/run --namelist <DATA_ROOT>/wrf_downscale/canary_all7/run/namelist.input --output-dir proofs/v020/s4/fp64_d01d03_1h_20260621T162807Z/output --proof-dir proofs/v020/s4/fp64_d01d03_1h_20260621T162807Z/proofs --scratch-dir proofs/v020/s4/fp64_d01d03_1h_20260621T162807Z/scratch --max-dom 3 --hours 1"
1782059323,2026-06-21T17:28:43+01:00,3104514,3104450,S,19,0.0,0.0,1740,2784,"/usr/bin/time -f wall_s=%e\nmaxrss_kib=%M -o proofs/v020/s4/fp64_d01d03_1h_20260621T162807Z/time.txt taskset -c 0-3 python -m gpuwrf run --input-dir <DATA_ROOT>/wrf_downscale/canary_all7/run --namelist <DATA_ROOT>/wrf_downscale/canary_all7/run/namelist.input --output-dir proofs/v020/s4/fp64_d01d03_1h_20260621T162807Z/output --proof-dir proofs/v020/s4/fp64_d01d03_1h_20260621T162807Z/proofs --scratch-dir proofs/v020/s4/fp64_d01d03_1h_20260621T162807Z/scratch --max-dom 3 --hours 1"
1782059323,2026-06-21T17:28:43+01:00,3104516,3104514,Rl,2,101,3.3,3323132,25760480,"python -m gpuwrf run --input-dir <DATA_ROOT>/wrf_downscale/canary_all7/run --namelist <DATA_ROOT>/wrf_downscale/canary_all7/run/namelist.input --output-dir proofs/v020/s4/fp64_d01d03_1h_20260621T162807Z/output --proof-dir proofs/v020/s4/fp64_d01d03_1h_20260621T162807Z/proofs --scratch-dir proofs/v020/s4/fp64_d01d03_1h_20260621T162807Z/scratch --max-dom 3 --hours 1"
1782059325,2026-06-21T17:28:45+01:00,3104514,3104450,S,19,0.0,0.0,1740,2784,"/usr/bin/time -f wall_s=%e\nmaxrss_kib=%M -o proofs/v020/s4/fp64_d01d03_1h_20260621T162807Z/time.txt taskset -c 0-3 python -m gpuwrf run --input-dir <DATA_ROOT>/wrf_downscale/canary_all7/run --namelist <DATA_ROOT>/wrf_downscale/canary_all7/run/namelist.input --output-dir proofs/v020/s4/fp64_d01d03_1h_20260621T162807Z/output --proof-dir proofs/v020/s4/fp64_d01d03_1h_20260621T162807Z/proofs --scratch-dir proofs/v020/s4/fp64_d01d03_1h_20260621T162807Z/scratch --max-dom 3 --hours 1"
1782059325,2026-06-21T17:28:45+01:00,3104516,3104514,Rl,3,101,3.3,3323164,25760480,"python -m gpuwrf run --input-dir <DATA_ROOT>/wrf_downscale/canary_all7/run --namelist <DATA_ROOT>/wrf_downscale/canary_all7/run/namelist.input --output-dir proofs/v020/s4/fp64_d01d03_1h_20260621T162807Z/output --proof-dir proofs/v020/s4/fp64_d01d03_1h_20260621T162807Z/proofs --scratch-dir proofs/v020/s4/fp64_d01d03_1h_20260621T162807Z/scratch --max-dom 3 --hours 1"
1782059327,2026-06-21T17:28:47+01:00,3104514,3104450,S,19,0.0,0.0,1740,2784,"/usr/bin/time -f wall_s=%e\nmaxrss_kib=%M -o proofs/v020/s4/fp64_d01d03_1h_20260621T162807Z/time.txt taskset -c 0-3 python -m gpuwrf run --input-dir <DATA_ROOT>/wrf_downscale/canary_all7/run --namelist <DATA_ROOT>/wrf_downscale/canary_all7/run/namelist.input --output-dir proofs/v020/s4/fp64_d01d03_1h_20260621T162807Z/output --proof-dir proofs/v020/s4/fp64_d01d03_1h_20260621T162807Z/proofs --scratch-dir proofs/v020/s4/fp64_d01d03_1h_20260621T162807Z/scratch --max-dom 3 --hours 1"
1782059327,2026-06-21T17:28:47+01:00,3104516,3104514,Rl,0,101,3.5,3517216,25954116,"python -m gpuwrf run --input-dir <DATA_ROOT>/wrf_downscale/canary_all7/run --namelist <DATA_ROOT>/wrf_downscale/canary_all7/run/namelist.input --output-dir proofs/v020/s4/fp64_d01d03_1h_20260621T162807Z/output --proof-dir proofs/v020/s4/fp64_d01d03_1h_20260621T162807Z/proofs --scratch-dir proofs/v020/s4/fp64_d01d03_1h_20260621T162807Z/scratch --max-dom 3 --hours 1"
1782059329,2026-06-21T17:28:49+01:00,3104514,3104450,S,19,0.0,0.0,1740,2784,"/usr/bin/time -f wall_s=%e\nmaxrss_kib=%M -o proofs/v020/s4/fp64_d01d03_1h_20260621T162807Z/time.txt taskset -c 0-3 python -m gpuwrf run --input-dir <DATA_ROOT>/wrf_downscale/canary_all7/run --namelist <DATA_ROOT>/wrf_downscale/canary_all7/run/namelist.input --output-dir proofs/v020/s4/fp64_d01d03_1h_20260621T162807Z/output --proof-dir proofs/v020/s4/fp64_d01d03_1h_20260621T162807Z/proofs --scratch-dir proofs/v020/s4/fp64_d01d03_1h_20260621T162807Z/scratch --max-dom 3 --hours 1"
1782059329,2026-06-21T17:28:49+01:00,3104516,3104514,Rl,0,101,3.6,3583268,26020256,"python -m gpuwrf run --input-dir <DATA_ROOT>/wrf_downscale/canary_all7/run --namelist <DATA_ROOT>/wrf_downscale/canary_all7/run/namelist.input --output-dir proofs/v020/s4/fp64_d01d03_1h_20260621T162807Z/output --proof-dir proofs/v020/s4/fp64_d01d03_1h_20260621T162807Z/proofs --scratch-dir proofs/v020/s4/fp64_d01d03_1h_20260621T162807Z/scratch --max-dom 3 --hours 1"
1782059332,2026-06-21T17:28:52+01:00,3104514,3104450,S,19,0.0,0.0,1740,2784,"/usr/bin/time -f wall_s=%e\nmaxrss_kib=%M -o proofs/v020/s4/fp64_d01d03_1h_20260621T162807Z/time.txt taskset -c 0-3 python -m gpuwrf run --input-dir <DATA_ROOT>/wrf_downscale/canary_all7/run --namelist <DATA_ROOT>/wrf_downscale/canary_all7/run/namelist.input --output-dir proofs/v020/s4/fp64_d01d03_1h_20260621T162807Z/output --proof-dir proofs/v020/s4/fp64_d01d03_1h_20260621T162807Z/proofs --scratch-dir proofs/v020/s4/fp64_d01d03_1h_20260621T162807Z/scratch --max-dom 3 --hours 1"
1782059332,2026-06-21T17:28:52+01:00,3104516,3104514,Rl,3,100,3.6,3589928,26029168,"python -m gpuwrf run --input-dir <DATA_ROOT>/wrf_downscale/canary_all7/run --namelist <DATA_ROOT>/wrf_downscale/canary_all7/run/namelist.input --output-dir proofs/v020/s4/fp64_d01d03_1h_20260621T162807Z/output --proof-dir proofs/v020/s4/fp64_d01d03_1h_20260621T162807Z/proofs --scratch-dir proofs/v020/s4/fp64_d01d03_1h_20260621T162807Z/scratch --max-dom 3 --hours 1"
1782059334,2026-06-21T17:28:54+01:00,3104514,3104450,S,19,0.0,0.0,1740,2784,"/usr/bin/time -f wall_s=%e\nmaxrss_kib=%M -o proofs/v020/s4/fp64_d01d03_1h_20260621T162807Z/time.txt taskset -c 0-3 python -m gpuwrf run --input-dir <DATA_ROOT>/wrf_downscale/canary_all7/run --namelist <DATA_ROOT>/wrf_downscale/canary_all7/run/namelist.input --output-dir proofs/v020/s4/fp64_d01d03_1h_20260621T162807Z/output --proof-dir proofs/v020/s4/fp64_d01d03_1h_20260621T162807Z/proofs --scratch-dir proofs/v020/s4/fp64_d01d03_1h_20260621T162807Z/scratch --max-dom 3 --hours 1"
1782059334,2026-06-21T17:28:54+01:00,3104516,3104514,Rl,0,100,3.6,3593056,26030704,"python -m gpuwrf run --input-dir <DATA_ROOT>/wrf_downscale/canary_all7/run --namelist <DATA_ROOT>/wrf_downscale/canary_all7/run/namelist.input --output-dir proofs/v020/s4/fp64_d01d03_1h_20260621T162807Z/output --proof-dir proofs/v020/s4/fp64_d01d03_1h_20260621T162807Z/proofs --scratch-dir proofs/v020/s4/fp64_d01d03_1h_20260621T162807Z/scratch --max-dom 3 --hours 1"
1782059336,2026-06-21T17:28:56+01:00,3104514,3104450,S,19,0.0,0.0,1740,2784,"/usr/bin/time -f wall_s=%e\nmaxrss_kib=%M -o proofs/v020/s4/fp64_d01d03_1h_20260621T162807Z/time.txt taskset -c 0-3 python -m gpuwrf run --input-dir <DATA_ROOT>/wrf_downscale/canary_all7/run --namelist <DATA_ROOT>/wrf_downscale/canary_all7/run/namelist.input --output-dir proofs/v020/s4/fp64_d01d03_1h_20260621T162807Z/output --proof-dir proofs/v020/s4/fp64_d01d03_1h_20260621T162807Z/proofs --scratch-dir proofs/v020/s4/fp64_d01d03_1h_20260621T162807Z/scratch --max-dom 3 --hours 1"
1782059336,2026-06-21T17:28:56+01:00,3104516,3104514,Rl,3,100,3.6,3593328,26030704,"python -m gpuwrf run --input-dir <DATA_ROOT>/wrf_downscale/canary_all7/run --namelist <DATA_ROOT>/wrf_downscale/canary_all7/run/namelist.input --output-dir proofs/v020/s4/fp64_d01d03_1h_20260621T162807Z/output --proof-dir proofs/v020/s4/fp64_d01d03_1h_20260621T162807Z/proofs --scratch-dir proofs/v020/s4/fp64_d01d03_1h_20260621T162807Z/scratch --max-dom 3 --hours 1"
1782059338,2026-06-21T17:28:58+01:00,3104514,3104450,S,19,0.0,0.0,1740,2784,"/usr/bin/time -f wall_s=%e\nmaxrss_kib=%M -o proofs/v020/s4/fp64_d01d03_1h_20260621T162807Z/time.txt taskset -c 0-3 python -m gpuwrf run --input-dir <DATA_ROOT>/wrf_downscale/canary_all7/run --namelist <DATA_ROOT>/wrf_downscale/canary_all7/run/namelist.input --output-dir proofs/v020/s4/fp64_d01d03_1h_20260621T162807Z/output --proof-dir proofs/v020/s4/fp64_d01d03_1h_20260621T162807Z/proofs --scratch-dir proofs/v020/s4/fp64_d01d03_1h_20260621T162807Z/scratch --max-dom 3 --hours 1"
1782059338,2026-06-21T17:28:58+01:00,3104516,3104514,Rl,2,100,3.7,3724644,26162804,"python -m gpuwrf run --input-dir <DATA_ROOT>/wrf_downscale/canary_all7/run --namelist <DATA_ROOT>/wrf_downscale/canary_all7/run/namelist.input --output-dir proofs/v020/s4/fp64_d01d03_1h_20260621T162807Z/output --proof-dir proofs/v020/s4/fp64_d01d03_1h_20260621T162807Z/proofs --scratch-dir proofs/v020/s4/fp64_d01d03_1h_20260621T162807Z/scratch --max-dom 3 --hours 1"
1782059340,2026-06-21T17:29:00+01:00,3104514,3104450,S,19,0.0,0.0,1740,2784,"/usr/bin/time -f wall_s=%e\nmaxrss_kib=%M -o proofs/v020/s4/fp64_d01d03_1h_20260621T162807Z/time.txt taskset -c 0-3 python -m gpuwrf run --input-dir <DATA_ROOT>/wrf_downscale/canary_all7/run --namelist <DATA_ROOT>/wrf_downscale/canary_all7/run/namelist.input --output-dir proofs/v020/s4/fp64_d01d03_1h_20260621T162807Z/output --proof-dir proofs/v020/s4/fp64_d01d03_1h_20260621T162807Z/proofs --scratch-dir proofs/v020/s4/fp64_d01d03_1h_20260621T162807Z/scratch --max-dom 3 --hours 1"
1782059340,2026-06-21T17:29:00+01:00,3104516,3104514,Rl,0,99.7,3.9,3906136,26348256,"python -m gpuwrf run --input-dir <DATA_ROOT>/wrf_downscale/canary_all7/run --namelist <DATA_ROOT>/wrf_downscale/canary_all7/run/namelist.input --output-dir proofs/v020/s4/fp64_d01d03_1h_20260621T162807Z/output --proof-dir proofs/v020/s4/fp64_d01d03_1h_20260621T162807Z/proofs --scratch-dir proofs/v020/s4/fp64_d01d03_1h_20260621T162807Z/scratch --max-dom 3 --hours 1"
1782059342,2026-06-21T17:29:02+01:00,3104514,3104450,S,19,0.0,0.0,1740,2784,"/usr/bin/time -f wall_s=%e\nmaxrss_kib=%M -o proofs/v020/s4/fp64_d01d03_1h_20260621T162807Z/time.txt taskset -c 0-3 python -m gpuwrf run --input-dir <DATA_ROOT>/wrf_downscale/canary_all7/run --namelist <DATA_ROOT>/wrf_downscale/canary_all7/run/namelist.input --output-dir proofs/v020/s4/fp64_d01d03_1h_20260621T162807Z/output --proof-dir proofs/v020/s4/fp64_d01d03_1h_20260621T162807Z/proofs --scratch-dir proofs/v020/s4/fp64_d01d03_1h_20260621T162807Z/scratch --max-dom 3 --hours 1"
1782059342,2026-06-21T17:29:02+01:00,3104516,3104514,Rl,3,99.9,4.0,3959344,26401656,"python -m gpuwrf run --input-dir <DATA_ROOT>/wrf_downscale/canary_all7/run --namelist <DATA_ROOT>/wrf_downscale/canary_all7/run/namelist.input --output-dir proofs/v020/s4/fp64_d01d03_1h_20260621T162807Z/output --proof-dir proofs/v020/s4/fp64_d01d03_1h_20260621T162807Z/proofs --scratch-dir proofs/v020/s4/fp64_d01d03_1h_20260621T162807Z/scratch --max-dom 3 --hours 1"
1782059344,2026-06-21T17:29:04+01:00,3104514,3104450,S,19,0.0,0.0,1740,2784,"/usr/bin/time -f wall_s=%e\nmaxrss_kib=%M -o proofs/v020/s4/fp64_d01d03_1h_20260621T162807Z/time.txt taskset -c 0-3 python -m gpuwrf run --input-dir <DATA_ROOT>/wrf_downscale/canary_all7/run --namelist <DATA_ROOT>/wrf_downscale/canary_all7/run/namelist.input --output-dir proofs/v020/s4/fp64_d01d03_1h_20260621T162807Z/output --proof-dir proofs/v020/s4/fp64_d01d03_1h_20260621T162807Z/proofs --scratch-dir proofs/v020/s4/fp64_d01d03_1h_20260621T162807Z/scratch --max-dom 3 --hours 1"
1782059344,2026-06-21T17:29:04+01:00,3104516,3104514,Rl,0,100,4.0,3960204,26402448,"python -m gpuwrf run --input-dir <DATA_ROOT>/wrf_downscale/canary_all7/run --namelist <DATA_ROOT>/wrf_downscale/canary_all7/run/namelist.input --output-dir proofs/v020/s4/fp64_d01d03_1h_20260621T162807Z/output --proof-dir proofs/v020/s4/fp64_d01d03_1h_20260621T162807Z/proofs --scratch-dir proofs/v020/s4/fp64_d01d03_1h_20260621T162807Z/scratch --max-dom 3 --hours 1"
1782059346,2026-06-21T17:29:06+01:00,3104514,3104450,S,19,0.0,0.0,1740,2784,"/usr/bin/time -f wall_s=%e\nmaxrss_kib=%M -o proofs/v020/s4/fp64_d01d03_1h_20260621T162807Z/time.txt taskset -c 0-3 python -m gpuwrf run --input-dir <DATA_ROOT>/wrf_downscale/canary_all7/run --namelist <DATA_ROOT>/wrf_downscale/canary_all7/run/namelist.input --output-dir proofs/v020/s4/fp64_d01d03_1h_20260621T162807Z/output --proof-dir proofs/v020/s4/fp64_d01d03_1h_20260621T162807Z/proofs --scratch-dir proofs/v020/s4/fp64_d01d03_1h_20260621T162807Z/scratch --max-dom 3 --hours 1"
1782059346,2026-06-21T17:29:06+01:00,3104516,3104514,Rl,1,100,4.1,4050048,26492560,"python -m gpuwrf run --input-dir <DATA_ROOT>/wrf_downscale/canary_all7/run --namelist <DATA_ROOT>/wrf_downscale/canary_all7/run/namelist.input --output-dir proofs/v020/s4/fp64_d01d03_1h_20260621T162807Z/output --proof-dir proofs/v020/s4/fp64_d01d03_1h_20260621T162807Z/proofs --scratch-dir proofs/v020/s4/fp64_d01d03_1h_20260621T162807Z/scratch --max-dom 3 --hours 1"
1782059348,2026-06-21T17:29:08+01:00,3104514,3104450,S,19,0.0,0.0,1740,2784,"/usr/bin/time -f wall_s=%e\nmaxrss_kib=%M -o proofs/v020/s4/fp64_d01d03_1h_20260621T162807Z/time.txt taskset -c 0-3 python -m gpuwrf run --input-dir <DATA_ROOT>/wrf_downscale/canary_all7/run --namelist <DATA_ROOT>/wrf_downscale/canary_all7/run/namelist.input --output-dir proofs/v020/s4/fp64_d01d03_1h_20260621T162807Z/output --proof-dir proofs/v020/s4/fp64_d01d03_1h_20260621T162807Z/proofs --scratch-dir proofs/v020/s4/fp64_d01d03_1h_20260621T162807Z/scratch --max-dom 3 --hours 1"
1782059348,2026-06-21T17:29:08+01:00,3104516,3104514,Rl,3,100,4.1,4118192,26561656,"python -m gpuwrf run --input-dir <DATA_ROOT>/wrf_downscale/canary_all7/run --namelist <DATA_ROOT>/wrf_downscale/canary_all7/run/namelist.input --output-dir proofs/v020/s4/fp64_d01d03_1h_20260621T162807Z/output --proof-dir proofs/v020/s4/fp64_d01d03_1h_20260621T162807Z/proofs --scratch-dir proofs/v020/s4/fp64_d01d03_1h_20260621T162807Z/scratch --max-dom 3 --hours 1"
1782059350,2026-06-21T17:29:10+01:00,3104514,3104450,S,19,0.0,0.0,1740,2784,"/usr/bin/time -f wall_s=%e\nmaxrss_kib=%M -o proofs/v020/s4/fp64_d01d03_1h_20260621T162807Z/time.txt taskset -c 0-3 python -m gpuwrf run --input-dir <DATA_ROOT>/wrf_downscale/canary_all7/run --namelist <DATA_ROOT>/wrf_downscale/canary_all7/run/namelist.input --output-dir proofs/v020/s4/fp64_d01d03_1h_20260621T162807Z/output --proof-dir proofs/v020/s4/fp64_d01d03_1h_20260621T162807Z/proofs --scratch-dir proofs/v020/s4/fp64_d01d03_1h_20260621T162807Z/scratch --max-dom 3 --hours 1"
1782059350,2026-06-21T17:29:10+01:00,3104516,3104514,Rl,0,100,4.3,4324804,26770500,"python -m gpuwrf run --input-dir <DATA_ROOT>/wrf_downscale/canary_all7/run --namelist <DATA_ROOT>/wrf_downscale/canary_all7/run/namelist.input --output-dir proofs/v020/s4/fp64_d01d03_1h_20260621T162807Z/output --proof-dir proofs/v020/s4/fp64_d01d03_1h_20260621T162807Z/proofs --scratch-dir proofs/v020/s4/fp64_d01d03_1h_20260621T162807Z/scratch --max-dom 3 --hours 1"
1782059352,2026-06-21T17:29:12+01:00,3104514,3104450,S,19,0.0,0.0,1740,2784,"/usr/bin/time -f wall_s=%e\nmaxrss_kib=%M -o proofs/v020/s4/fp64_d01d03_1h_20260621T162807Z/time.txt taskset -c 0-3 python -m gpuwrf run --input-dir <DATA_ROOT>/wrf_downscale/canary_all7/run --namelist <DATA_ROOT>/wrf_downscale/canary_all7/run/namelist.input --output-dir proofs/v020/s4/fp64_d01d03_1h_20260621T162807Z/output --proof-dir proofs/v020/s4/fp64_d01d03_1h_20260621T162807Z/proofs --scratch-dir proofs/v020/s4/fp64_d01d03_1h_20260621T162807Z/scratch --max-dom 3 --hours 1"
1782059352,2026-06-21T17:29:12+01:00,3104516,3104514,Dl,3,100,4.4,4426872,26992336,"python -m gpuwrf run --input-dir <DATA_ROOT>/wrf_downscale/canary_all7/run --namelist <DATA_ROOT>/wrf_downscale/canary_all7/run/namelist.input --output-dir proofs/v020/s4/fp64_d01d03_1h_20260621T162807Z/output --proof-dir proofs/v020/s4/fp64_d01d03_1h_20260621T162807Z/proofs --scratch-dir proofs/v020/s4/fp64_d01d03_1h_20260621T162807Z/scratch --max-dom 3 --hours 1"
1782059355,2026-06-21T17:29:15+01:00,3104514,3104450,S,19,0.0,0.0,1740,2784,"/usr/bin/time -f wall_s=%e\nmaxrss_kib=%M -o proofs/v020/s4/fp64_d01d03_1h_20260621T162807Z/time.txt taskset -c 0-3 python -m gpuwrf run --input-dir <DATA_ROOT>/wrf_downscale/canary_all7/run --namelist <DATA_ROOT>/wrf_downscale/canary_all7/run/namelist.input --output-dir proofs/v020/s4/fp64_d01d03_1h_20260621T162807Z/output --proof-dir proofs/v020/s4/fp64_d01d03_1h_20260621T162807Z/proofs --scratch-dir proofs/v020/s4/fp64_d01d03_1h_20260621T162807Z/scratch --max-dom 3 --hours 1"
1782059355,2026-06-21T17:29:15+01:00,3104516,3104514,Rl,1,97.7,4.5,4438140,27008372,"python -m gpuwrf run --input-dir <DATA_ROOT>/wrf_downscale/canary_all7/run --namelist <DATA_ROOT>/wrf_downscale/canary_all7/run/namelist.input --output-dir proofs/v020/s4/fp64_d01d03_1h_20260621T162807Z/output --proof-dir proofs/v020/s4/fp64_d01d03_1h_20260621T162807Z/proofs --scratch-dir proofs/v020/s4/fp64_d01d03_1h_20260621T162807Z/scratch --max-dom 3 --hours 1"
1782059357,2026-06-21T17:29:17+01:00,3104514,3104450,S,19,0.0,0.0,1740,2784,"/usr/bin/time -f wall_s=%e\nmaxrss_kib=%M -o proofs/v020/s4/fp64_d01d03_1h_20260621T162807Z/time.txt taskset -c 0-3 python -m gpuwrf run --input-dir <DATA_ROOT>/wrf_downscale/canary_all7/run --namelist <DATA_ROOT>/wrf_downscale/canary_all7/run/namelist.input --output-dir proofs/v020/s4/fp64_d01d03_1h_20260621T162807Z/output --proof-dir proofs/v020/s4/fp64_d01d03_1h_20260621T162807Z/proofs --scratch-dir proofs/v020/s4/fp64_d01d03_1h_20260621T162807Z/scratch --max-dom 3 --hours 1"
1782059357,2026-06-21T17:29:17+01:00,3104516,3104514,Rl,1,97.8,4.5,4483680,27053428,"python -m gpuwrf run --input-dir <DATA_ROOT>/wrf_downscale/canary_all7/run --namelist <DATA_ROOT>/wrf_downscale/canary_all7/run/namelist.input --output-dir proofs/v020/s4/fp64_d01d03_1h_20260621T162807Z/output --proof-dir proofs/v020/s4/fp64_d01d03_1h_20260621T162807Z/proofs --scratch-dir proofs/v020/s4/fp64_d01d03_1h_20260621T162807Z/scratch --max-dom 3 --hours 1"
1782059359,2026-06-21T17:29:19+01:00,3104514,3104450,S,19,0.0,0.0,1740,2784,"/usr/bin/time -f wall_s=%e\nmaxrss_kib=%M -o proofs/v020/s4/fp64_d01d03_1h_20260621T162807Z/time.txt taskset -c 0-3 python -m gpuwrf run --input-dir <DATA_ROOT>/wrf_downscale/canary_all7/run --namelist <DATA_ROOT>/wrf_downscale/canary_all7/run/namelist.input --output-dir proofs/v020/s4/fp64_d01d03_1h_20260621T162807Z/output --proof-dir proofs/v020/s4/fp64_d01d03_1h_20260621T162807Z/proofs --scratch-dir proofs/v020/s4/fp64_d01d03_1h_20260621T162807Z/scratch --max-dom 3 --hours 1"
1782059359,2026-06-21T17:29:19+01:00,3104516,3104514,Rl,1,97.9,4.6,4531112,27100532,"python -m gpuwrf run --input-dir <DATA_ROOT>/wrf_downscale/canary_all7/run --namelist <DATA_ROOT>/wrf_downscale/canary_all7/run/namelist.input --output-dir proofs/v020/s4/fp64_d01d03_1h_20260621T162807Z/output --proof-dir proofs/v020/s4/fp64_d01d03_1h_20260621T162807Z/proofs --scratch-dir proofs/v020/s4/fp64_d01d03_1h_20260621T162807Z/scratch --max-dom 3 --hours 1"
1782059361,2026-06-21T17:29:21+01:00,3104514,3104450,S,19,0.0,0.0,1740,2784,"/usr/bin/time -f wall_s=%e\nmaxrss_kib=%M -o proofs/v020/s4/fp64_d01d03_1h_20260621T162807Z/time.txt taskset -c 0-3 python -m gpuwrf run --input-dir <DATA_ROOT>/wrf_downscale/canary_all7/run --namelist <DATA_ROOT>/wrf_downscale/canary_all7/run/namelist.input --output-dir proofs/v020/s4/fp64_d01d03_1h_20260621T162807Z/output --proof-dir proofs/v020/s4/fp64_d01d03_1h_20260621T162807Z/proofs --scratch-dir proofs/v020/s4/fp64_d01d03_1h_20260621T162807Z/scratch --max-dom 3 --hours 1"
1782059361,2026-06-21T17:29:21+01:00,3104516,3104514,Rl,1,97.9,4.6,4554076,27124100,"python -m gpuwrf run --input-dir <DATA_ROOT>/wrf_downscale/canary_all7/run --namelist <DATA_ROOT>/wrf_downscale/canary_all7/run/namelist.input --output-dir proofs/v020/s4/fp64_d01d03_1h_20260621T162807Z/output --proof-dir proofs/v020/s4/fp64_d01d03_1h_20260621T162807Z/proofs --scratch-dir proofs/v020/s4/fp64_d01d03_1h_20260621T162807Z/scratch --max-dom 3 --hours 1"
1782059363,2026-06-21T17:29:23+01:00,3104514,3104450,S,19,0.0,0.0,1740,2784,"/usr/bin/time -f wall_s=%e\nmaxrss_kib=%M -o proofs/v020/s4/fp64_d01d03_1h_20260621T162807Z/time.txt taskset -c 0-3 python -m gpuwrf run --input-dir <DATA_ROOT>/wrf_downscale/canary_all7/run --namelist <DATA_ROOT>/wrf_downscale/canary_all7/run/namelist.input --output-dir proofs/v020/s4/fp64_d01d03_1h_20260621T162807Z/output --proof-dir proofs/v020/s4/fp64_d01d03_1h_20260621T162807Z/proofs --scratch-dir proofs/v020/s4/fp64_d01d03_1h_20260621T162807Z/scratch --max-dom 3 --hours 1"
1782059363,2026-06-21T17:29:23+01:00,3104516,3104514,Rl,1,98.0,4.6,4595708,27166068,"python -m gpuwrf run --input-dir <DATA_ROOT>/wrf_downscale/canary_all7/run --namelist <DATA_ROOT>/wrf_downscale/canary_all7/run/namelist.input --output-dir proofs/v020/s4/fp64_d01d03_1h_20260621T162807Z/output --proof-dir proofs/v020/s4/fp64_d01d03_1h_20260621T162807Z/proofs --scratch-dir proofs/v020/s4/fp64_d01d03_1h_20260621T162807Z/scratch --max-dom 3 --hours 1"
1782059365,2026-06-21T17:29:25+01:00,3104514,3104450,S,19,0.0,0.0,1740,2784,"/usr/bin/time -f wall_s=%e\nmaxrss_kib=%M -o proofs/v020/s4/fp64_d01d03_1h_20260621T162807Z/time.txt taskset -c 0-3 python -m gpuwrf run --input-dir <DATA_ROOT>/wrf_downscale/canary_all7/run --namelist <DATA_ROOT>/wrf_downscale/canary_all7/run/namelist.input --output-dir proofs/v020/s4/fp64_d01d03_1h_20260621T162807Z/output --proof-dir proofs/v020/s4/fp64_d01d03_1h_20260621T162807Z/proofs --scratch-dir proofs/v020/s4/fp64_d01d03_1h_20260621T162807Z/scratch --max-dom 3 --hours 1"
1782059365,2026-06-21T17:29:25+01:00,3104516,3104514,Rl,1,98.1,4.8,4751704,27318976,"python -m gpuwrf run --input-dir <DATA_ROOT>/wrf_downscale/canary_all7/run --namelist <DATA_ROOT>/wrf_downscale/canary_all7/run/namelist.input --output-dir proofs/v020/s4/fp64_d01d03_1h_20260621T162807Z/output --proof-dir proofs/v020/s4/fp64_d01d03_1h_20260621T162807Z/proofs --scratch-dir proofs/v020/s4/fp64_d01d03_1h_20260621T162807Z/scratch --max-dom 3 --hours 1"
1782059367,2026-06-21T17:29:27+01:00,3104514,3104450,S,19,0.0,0.0,1740,2784,"/usr/bin/time -f wall_s=%e\nmaxrss_kib=%M -o proofs/v020/s4/fp64_d01d03_1h_20260621T162807Z/time.txt taskset -c 0-3 python -m gpuwrf run --input-dir <DATA_ROOT>/wrf_downscale/canary_all7/run --namelist <DATA_ROOT>/wrf_downscale/canary_all7/run/namelist.input --output-dir proofs/v020/s4/fp64_d01d03_1h_20260621T162807Z/output --proof-dir proofs/v020/s4/fp64_d01d03_1h_20260621T162807Z/proofs --scratch-dir proofs/v020/s4/fp64_d01d03_1h_20260621T162807Z/scratch --max-dom 3 --hours 1"
1782059367,2026-06-21T17:29:27+01:00,3104516,3104514,Rl,1,98.1,4.8,4792856,27360068,"python -m gpuwrf run --input-dir <DATA_ROOT>/wrf_downscale/canary_all7/run --namelist <DATA_ROOT>/wrf_downscale/canary_all7/run/namelist.input --output-dir proofs/v020/s4/fp64_d01d03_1h_20260621T162807Z/output --proof-dir proofs/v020/s4/fp64_d01d03_1h_20260621T162807Z/proofs --scratch-dir proofs/v020/s4/fp64_d01d03_1h_20260621T162807Z/scratch --max-dom 3 --hours 1"
1782059370,2026-06-21T17:29:30+01:00,3104514,3104450,S,19,0.0,0.0,1740,2784,"/usr/bin/time -f wall_s=%e\nmaxrss_kib=%M -o proofs/v020/s4/fp64_d01d03_1h_20260621T162807Z/time.txt taskset -c 0-3 python -m gpuwrf run --input-dir <DATA_ROOT>/wrf_downscale/canary_all7/run --namelist <DATA_ROOT>/wrf_downscale/canary_all7/run/namelist.input --output-dir proofs/v020/s4/fp64_d01d03_1h_20260621T162807Z/output --proof-dir proofs/v020/s4/fp64_d01d03_1h_20260621T162807Z/proofs --scratch-dir proofs/v020/s4/fp64_d01d03_1h_20260621T162807Z/scratch --max-dom 3 --hours 1"
1782059370,2026-06-21T17:29:30+01:00,3104516,3104514,Sl,1,98.6,4.9,4913004,27472440,"python -m gpuwrf run --input-dir <DATA_ROOT>/wrf_downscale/canary_all7/run --namelist <DATA_ROOT>/wrf_downscale/canary_all7/run/namelist.input --output-dir proofs/v020/s4/fp64_d01d03_1h_20260621T162807Z/output --proof-dir proofs/v020/s4/fp64_d01d03_1h_20260621T162807Z/proofs --scratch-dir proofs/v020/s4/fp64_d01d03_1h_20260621T162807Z/scratch --max-dom 3 --hours 1"
1782059372,2026-06-21T17:29:32+01:00,3104514,3104450,S,19,0.0,0.0,1740,2784,"/usr/bin/time -f wall_s=%e\nmaxrss_kib=%M -o proofs/v020/s4/fp64_d01d03_1h_20260621T162807Z/time.txt taskset -c 0-3 python -m gpuwrf run --input-dir <DATA_ROOT>/wrf_downscale/canary_all7/run --namelist <DATA_ROOT>/wrf_downscale/canary_all7/run/namelist.input --output-dir proofs/v020/s4/fp64_d01d03_1h_20260621T162807Z/output --proof-dir proofs/v020/s4/fp64_d01d03_1h_20260621T162807Z/proofs --scratch-dir proofs/v020/s4/fp64_d01d03_1h_20260621T162807Z/scratch --max-dom 3 --hours 1"
1782059372,2026-06-21T17:29:32+01:00,3104516,3104514,Rl,3,99.0,5.2,5208836,27763836,"python -m gpuwrf run --input-dir <DATA_ROOT>/wrf_downscale/canary_all7/run --namelist <DATA_ROOT>/wrf_downscale/canary_all7/run/namelist.input --output-dir proofs/v020/s4/fp64_d01d03_1h_20260621T162807Z/output --proof-dir proofs/v020/s4/fp64_d01d03_1h_20260621T162807Z/proofs --scratch-dir proofs/v020/s4/fp64_d01d03_1h_20260621T162807Z/scratch --max-dom 3 --hours 1"
1782059374,2026-06-21T17:29:34+01:00,3104514,3104450,S,19,0.0,0.0,1740,2784,"/usr/bin/time -f wall_s=%e\nmaxrss_kib=%M -o proofs/v020/s4/fp64_d01d03_1h_20260621T162807Z/time.txt taskset -c 0-3 python -m gpuwrf run --input-dir <DATA_ROOT>/wrf_downscale/canary_all7/run --namelist <DATA_ROOT>/wrf_downscale/canary_all7/run/namelist.input --output-dir proofs/v020/s4/fp64_d01d03_1h_20260621T162807Z/output --proof-dir proofs/v020/s4/fp64_d01d03_1h_20260621T162807Z/proofs --scratch-dir proofs/v020/s4/fp64_d01d03_1h_20260621T162807Z/scratch --max-dom 3 --hours 1"
1782059374,2026-06-21T17:29:34+01:00,3104516,3104514,Rl,1,99.8,5.4,5331312,28168376,"python -m gpuwrf run --input-dir <DATA_ROOT>/wrf_downscale/canary_all7/run --namelist <DATA_ROOT>/wrf_downscale/canary_all7/run/namelist.input --output-dir proofs/v020/s4/fp64_d01d03_1h_20260621T162807Z/output --proof-dir proofs/v020/s4/fp64_d01d03_1h_20260621T162807Z/proofs --scratch-dir proofs/v020/s4/fp64_d01d03_1h_20260621T162807Z/scratch --max-dom 3 --hours 1"
1782059376,2026-06-21T17:29:36+01:00,3104514,3104450,S,19,0.0,0.0,1740,2784,"/usr/bin/time -f wall_s=%e\nmaxrss_kib=%M -o proofs/v020/s4/fp64_d01d03_1h_20260621T162807Z/time.txt taskset -c 0-3 python -m gpuwrf run --input-dir <DATA_ROOT>/wrf_downscale/canary_all7/run --namelist <DATA_ROOT>/wrf_downscale/canary_all7/run/namelist.input --output-dir proofs/v020/s4/fp64_d01d03_1h_20260621T162807Z/output --proof-dir proofs/v020/s4/fp64_d01d03_1h_20260621T162807Z/proofs --scratch-dir proofs/v020/s4/fp64_d01d03_1h_20260621T162807Z/scratch --max-dom 3 --hours 1"
1782059376,2026-06-21T17:29:36+01:00,3104516,3104514,Rl,3,100,5.8,5763148,28576732,"python -m gpuwrf run --input-dir <DATA_ROOT>/wrf_downscale/canary_all7/run --namelist <DATA_ROOT>/wrf_downscale/canary_all7/run/namelist.input --output-dir proofs/v020/s4/fp64_d01d03_1h_20260621T162807Z/output --proof-dir proofs/v020/s4/fp64_d01d03_1h_20260621T162807Z/proofs --scratch-dir proofs/v020/s4/fp64_d01d03_1h_20260621T162807Z/scratch --max-dom 3 --hours 1"
1782059378,2026-06-21T17:29:38+01:00,3104514,3104450,S,19,0.0,0.0,1740,2784,"/usr/bin/time -f wall_s=%e\nmaxrss_kib=%M -o proofs/v020/s4/fp64_d01d03_1h_20260621T162807Z/time.txt taskset -c 0-3 python -m gpuwrf run --input-dir <DATA_ROOT>/wrf_downscale/canary_all7/run --namelist <DATA_ROOT>/wrf_downscale/canary_all7/run/namelist.input --output-dir proofs/v020/s4/fp64_d01d03_1h_20260621T162807Z/output --proof-dir proofs/v020/s4/fp64_d01d03_1h_20260621T162807Z/proofs --scratch-dir proofs/v020/s4/fp64_d01d03_1h_20260621T162807Z/scratch --max-dom 3 --hours 1"
1782059378,2026-06-21T17:29:38+01:00,3104516,3104514,Rl,0,100,6.3,6241644,29081252,"python -m gpuwrf run --input-dir <DATA_ROOT>/wrf_downscale/canary_all7/run --namelist <DATA_ROOT>/wrf_downscale/canary_all7/run/namelist.input --output-dir proofs/v020/s4/fp64_d01d03_1h_20260621T162807Z/output --proof-dir proofs/v020/s4/fp64_d01d03_1h_20260621T162807Z/proofs --scratch-dir proofs/v020/s4/fp64_d01d03_1h_20260621T162807Z/scratch --max-dom 3 --hours 1"
1782059381,2026-06-21T17:29:41+01:00,3104514,3104450,S,19,0.0,0.0,1740,2784,"/usr/bin/time -f wall_s=%e\nmaxrss_kib=%M -o proofs/v020/s4/fp64_d01d03_1h_20260621T162807Z/time.txt taskset -c 0-3 python -m gpuwrf run --input-dir <DATA_ROOT>/wrf_downscale/canary_all7/run --namelist <DATA_ROOT>/wrf_downscale/canary_all7/run/namelist.input --output-dir proofs/v020/s4/fp64_d01d03_1h_20260621T162807Z/output --proof-dir proofs/v020/s4/fp64_d01d03_1h_20260621T162807Z/proofs --scratch-dir proofs/v020/s4/fp64_d01d03_1h_20260621T162807Z/scratch --max-dom 3 --hours 1"
1782059381,2026-06-21T17:29:41+01:00,3104516,3104514,Rl,0,100,6.4,6327792,29169340,"python -m gpuwrf run --input-dir <DATA_ROOT>/wrf_downscale/canary_all7/run --namelist <DATA_ROOT>/wrf_downscale/canary_all7/run/namelist.input --output-dir proofs/v020/s4/fp64_d01d03_1h_20260621T162807Z/output --proof-dir proofs/v020/s4/fp64_d01d03_1h_20260621T162807Z/proofs --scratch-dir proofs/v020/s4/fp64_d01d03_1h_20260621T162807Z/scratch --max-dom 3 --hours 1"
1782059383,2026-06-21T17:29:43+01:00,3104514,3104450,S,19,0.0,0.0,1740,2784,"/usr/bin/time -f wall_s=%e\nmaxrss_kib=%M -o proofs/v020/s4/fp64_d01d03_1h_20260621T162807Z/time.txt taskset -c 0-3 python -m gpuwrf run --input-dir <DATA_ROOT>/wrf_downscale/canary_all7/run --namelist <DATA_ROOT>/wrf_downscale/canary_all7/run/namelist.input --output-dir proofs/v020/s4/fp64_d01d03_1h_20260621T162807Z/output --proof-dir proofs/v020/s4/fp64_d01d03_1h_20260621T162807Z/proofs --scratch-dir proofs/v020/s4/fp64_d01d03_1h_20260621T162807Z/scratch --max-dom 3 --hours 1"
1782059383,2026-06-21T17:29:43+01:00,3104516,3104514,Rl,0,100,6.4,6319216,29160636,"python -m gpuwrf run --input-dir <DATA_ROOT>/wrf_downscale/canary_all7/run --namelist <DATA_ROOT>/wrf_downscale/canary_all7/run/namelist.input --output-dir proofs/v020/s4/fp64_d01d03_1h_20260621T162807Z/output --proof-dir proofs/v020/s4/fp64_d01d03_1h_20260621T162807Z/proofs --scratch-dir proofs/v020/s4/fp64_d01d03_1h_20260621T162807Z/scratch --max-dom 3 --hours 1"
1782059385,2026-06-21T17:29:45+01:00,3104514,3104450,S,19,0.0,0.0,1740,2784,"/usr/bin/time -f wall_s=%e\nmaxrss_kib=%M -o proofs/v020/s4/fp64_d01d03_1h_20260621T162807Z/time.txt taskset -c 0-3 python -m gpuwrf run --input-dir <DATA_ROOT>/wrf_downscale/canary_all7/run --namelist <DATA_ROOT>/wrf_downscale/canary_all7/run/namelist.input --output-dir proofs/v020/s4/fp64_d01d03_1h_20260621T162807Z/output --proof-dir proofs/v020/s4/fp64_d01d03_1h_20260621T162807Z/proofs --scratch-dir proofs/v020/s4/fp64_d01d03_1h_20260621T162807Z/scratch --max-dom 3 --hours 1"
1782059385,2026-06-21T17:29:45+01:00,3104516,3104514,Rl,0,100,6.4,6347344,29186748,"python -m gpuwrf run --input-dir <DATA_ROOT>/wrf_downscale/canary_all7/run --namelist <DATA_ROOT>/wrf_downscale/canary_all7/run/namelist.input --output-dir proofs/v020/s4/fp64_d01d03_1h_20260621T162807Z/output --proof-dir proofs/v020/s4/fp64_d01d03_1h_20260621T162807Z/proofs --scratch-dir proofs/v020/s4/fp64_d01d03_1h_20260621T162807Z/scratch --max-dom 3 --hours 1"
1782059387,2026-06-21T17:29:47+01:00,3104514,3104450,S,19,0.0,0.0,1740,2784,"/usr/bin/time -f wall_s=%e\nmaxrss_kib=%M -o proofs/v020/s4/fp64_d01d03_1h_20260621T162807Z/time.txt taskset -c 0-3 python -m gpuwrf run --input-dir <DATA_ROOT>/wrf_downscale/canary_all7/run --namelist <DATA_ROOT>/wrf_downscale/canary_all7/run/namelist.input --output-dir proofs/v020/s4/fp64_d01d03_1h_20260621T162807Z/output --proof-dir proofs/v020/s4/fp64_d01d03_1h_20260621T162807Z/proofs --scratch-dir proofs/v020/s4/fp64_d01d03_1h_20260621T162807Z/scratch --max-dom 3 --hours 1"
1782059387,2026-06-21T17:29:47+01:00,3104516,3104514,Rl,0,100,6.7,6649292,29487052,"python -m gpuwrf run --input-dir <DATA_ROOT>/wrf_downscale/canary_all7/run --namelist <DATA_ROOT>/wrf_downscale/canary_all7/run/namelist.input --output-dir proofs/v020/s4/fp64_d01d03_1h_20260621T162807Z/output --proof-dir proofs/v020/s4/fp64_d01d03_1h_20260621T162807Z/proofs --scratch-dir proofs/v020/s4/fp64_d01d03_1h_20260621T162807Z/scratch --max-dom 3 --hours 1"
1782059389,2026-06-21T17:29:49+01:00,3104514,3104450,S,19,0.0,0.0,1740,2784,"/usr/bin/time -f wall_s=%e\nmaxrss_kib=%M -o proofs/v020/s4/fp64_d01d03_1h_20260621T162807Z/time.txt taskset -c 0-3 python -m gpuwrf run --input-dir <DATA_ROOT>/wrf_downscale/canary_all7/run --namelist <DATA_ROOT>/wrf_downscale/canary_all7/run/namelist.input --output-dir proofs/v020/s4/fp64_d01d03_1h_20260621T162807Z/output --proof-dir proofs/v020/s4/fp64_d01d03_1h_20260621T162807Z/proofs --scratch-dir proofs/v020/s4/fp64_d01d03_1h_20260621T162807Z/scratch --max-dom 3 --hours 1"
1782059389,2026-06-21T17:29:49+01:00,3104516,3104514,Rl,0,100,6.7,6653016,29487052,"python -m gpuwrf run --input-dir <DATA_ROOT>/wrf_downscale/canary_all7/run --namelist <DATA_ROOT>/wrf_downscale/canary_all7/run/namelist.input --output-dir proofs/v020/s4/fp64_d01d03_1h_20260621T162807Z/output --proof-dir proofs/v020/s4/fp64_d01d03_1h_20260621T162807Z/proofs --scratch-dir proofs/v020/s4/fp64_d01d03_1h_20260621T162807Z/scratch --max-dom 3 --hours 1"
1782059391,2026-06-21T17:29:51+01:00,3104514,3104450,S,19,0.0,0.0,1740,2784,"/usr/bin/time -f wall_s=%e\nmaxrss_kib=%M -o proofs/v020/s4/fp64_d01d03_1h_20260621T162807Z/time.txt taskset -c 0-3 python -m gpuwrf run --input-dir <DATA_ROOT>/wrf_downscale/canary_all7/run --namelist <DATA_ROOT>/wrf_downscale/canary_all7/run/namelist.input --output-dir proofs/v020/s4/fp64_d01d03_1h_20260621T162807Z/output --proof-dir proofs/v020/s4/fp64_d01d03_1h_20260621T162807Z/proofs --scratch-dir proofs/v020/s4/fp64_d01d03_1h_20260621T162807Z/scratch --max-dom 3 --hours 1"
1782059391,2026-06-21T17:29:51+01:00,3104516,3104514,Rl,0,100,6.7,6652988,29487052,"python -m gpuwrf run --input-dir <DATA_ROOT>/wrf_downscale/canary_all7/run --namelist <DATA_ROOT>/wrf_downscale/canary_all7/run/namelist.input --output-dir proofs/v020/s4/fp64_d01d03_1h_20260621T162807Z/output --proof-dir proofs/v020/s4/fp64_d01d03_1h_20260621T162807Z/proofs --scratch-dir proofs/v020/s4/fp64_d01d03_1h_20260621T162807Z/scratch --max-dom 3 --hours 1"
1782059393,2026-06-21T17:29:53+01:00,3104514,3104450,S,19,0.0,0.0,1740,2784,"/usr/bin/time -f wall_s=%e\nmaxrss_kib=%M -o proofs/v020/s4/fp64_d01d03_1h_20260621T162807Z/time.txt taskset -c 0-3 python -m gpuwrf run --input-dir <DATA_ROOT>/wrf_downscale/canary_all7/run --namelist <DATA_ROOT>/wrf_downscale/canary_all7/run/namelist.input --output-dir proofs/v020/s4/fp64_d01d03_1h_20260621T162807Z/output --proof-dir proofs/v020/s4/fp64_d01d03_1h_20260621T162807Z/proofs --scratch-dir proofs/v020/s4/fp64_d01d03_1h_20260621T162807Z/scratch --max-dom 3 --hours 1"
1782059393,2026-06-21T17:29:53+01:00,3104516,3104514,Rl,3,100,6.7,6652972,29487052,"python -m gpuwrf run --input-dir <DATA_ROOT>/wrf_downscale/canary_all7/run --namelist <DATA_ROOT>/wrf_downscale/canary_all7/run/namelist.input --output-dir proofs/v020/s4/fp64_d01d03_1h_20260621T162807Z/output --proof-dir proofs/v020/s4/fp64_d01d03_1h_20260621T162807Z/proofs --scratch-dir proofs/v020/s4/fp64_d01d03_1h_20260621T162807Z/scratch --max-dom 3 --hours 1"
1782059395,2026-06-21T17:29:55+01:00,3104514,3104450,S,19,0.0,0.0,1740,2784,"/usr/bin/time -f wall_s=%e\nmaxrss_kib=%M -o proofs/v020/s4/fp64_d01d03_1h_20260621T162807Z/time.txt taskset -c 0-3 python -m gpuwrf run --input-dir <DATA_ROOT>/wrf_downscale/canary_all7/run --namelist <DATA_ROOT>/wrf_downscale/canary_all7/run/namelist.input --output-dir proofs/v020/s4/fp64_d01d03_1h_20260621T162807Z/output --proof-dir proofs/v020/s4/fp64_d01d03_1h_20260621T162807Z/proofs --scratch-dir proofs/v020/s4/fp64_d01d03_1h_20260621T162807Z/scratch --max-dom 3 --hours 1"
1782059395,2026-06-21T17:29:55+01:00,3104516,3104514,Rl,0,100,6.7,6652972,29487052,"python -m gpuwrf run --input-dir <DATA_ROOT>/wrf_downscale/canary_all7/run --namelist <DATA_ROOT>/wrf_downscale/canary_all7/run/namelist.input --output-dir proofs/v020/s4/fp64_d01d03_1h_20260621T162807Z/output --proof-dir proofs/v020/s4/fp64_d01d03_1h_20260621T162807Z/proofs --scratch-dir proofs/v020/s4/fp64_d01d03_1h_20260621T162807Z/scratch --max-dom 3 --hours 1"
1782059397,2026-06-21T17:29:57+01:00,3104514,3104450,S,19,0.0,0.0,1740,2784,"/usr/bin/time -f wall_s=%e\nmaxrss_kib=%M -o proofs/v020/s4/fp64_d01d03_1h_20260621T162807Z/time.txt taskset -c 0-3 python -m gpuwrf run --input-dir <DATA_ROOT>/wrf_downscale/canary_all7/run --namelist <DATA_ROOT>/wrf_downscale/canary_all7/run/namelist.input --output-dir proofs/v020/s4/fp64_d01d03_1h_20260621T162807Z/output --proof-dir proofs/v020/s4/fp64_d01d03_1h_20260621T162807Z/proofs --scratch-dir proofs/v020/s4/fp64_d01d03_1h_20260621T162807Z/scratch --max-dom 3 --hours 1"
1782059397,2026-06-21T17:29:57+01:00,3104516,3104514,Rl,0,100,6.7,6652972,29487052,"python -m gpuwrf run --input-dir <DATA_ROOT>/wrf_downscale/canary_all7/run --namelist <DATA_ROOT>/wrf_downscale/canary_all7/run/namelist.input --output-dir proofs/v020/s4/fp64_d01d03_1h_20260621T162807Z/output --proof-dir proofs/v020/s4/fp64_d01d03_1h_20260621T162807Z/proofs --scratch-dir proofs/v020/s4/fp64_d01d03_1h_20260621T162807Z/scratch --max-dom 3 --hours 1"
1782059400,2026-06-21T17:30:00+01:00,3104514,3104450,S,19,0.0,0.0,1740,2784,"/usr/bin/time -f wall_s=%e\nmaxrss_kib=%M -o proofs/v020/s4/fp64_d01d03_1h_20260621T162807Z/time.txt taskset -c 0-3 python -m gpuwrf run --input-dir <DATA_ROOT>/wrf_downscale/canary_all7/run --namelist <DATA_ROOT>/wrf_downscale/canary_all7/run/namelist.input --output-dir proofs/v020/s4/fp64_d01d03_1h_20260621T162807Z/output --proof-dir proofs/v020/s4/fp64_d01d03_1h_20260621T162807Z/proofs --scratch-dir proofs/v020/s4/fp64_d01d03_1h_20260621T162807Z/scratch --max-dom 3 --hours 1"
1782059400,2026-06-21T17:30:00+01:00,3104516,3104514,Rl,0,100,6.7,6652940,29487052,"python -m gpuwrf run --input-dir <DATA_ROOT>/wrf_downscale/canary_all7/run --namelist <DATA_ROOT>/wrf_downscale/canary_all7/run/namelist.input --output-dir proofs/v020/s4/fp64_d01d03_1h_20260621T162807Z/output --proof-dir proofs/v020/s4/fp64_d01d03_1h_20260621T162807Z/proofs --scratch-dir proofs/v020/s4/fp64_d01d03_1h_20260621T162807Z/scratch --max-dom 3 --hours 1"
1782059402,2026-06-21T17:30:02+01:00,3104514,3104450,S,19,0.0,0.0,1740,2784,"/usr/bin/time -f wall_s=%e\nmaxrss_kib=%M -o proofs/v020/s4/fp64_d01d03_1h_20260621T162807Z/time.txt taskset -c 0-3 python -m gpuwrf run --input-dir <DATA_ROOT>/wrf_downscale/canary_all7/run --namelist <DATA_ROOT>/wrf_downscale/canary_all7/run/namelist.input --output-dir proofs/v020/s4/fp64_d01d03_1h_20260621T162807Z/output --proof-dir proofs/v020/s4/fp64_d01d03_1h_20260621T162807Z/proofs --scratch-dir proofs/v020/s4/fp64_d01d03_1h_20260621T162807Z/scratch --max-dom 3 --hours 1"
1782059402,2026-06-21T17:30:02+01:00,3104516,3104514,Rl,0,100,6.7,6652872,29487052,"python -m gpuwrf run --input-dir <DATA_ROOT>/wrf_downscale/canary_all7/run --namelist <DATA_ROOT>/wrf_downscale/canary_all7/run/namelist.input --output-dir proofs/v020/s4/fp64_d01d03_1h_20260621T162807Z/output --proof-dir proofs/v020/s4/fp64_d01d03_1h_20260621T162807Z/proofs --scratch-dir proofs/v020/s4/fp64_d01d03_1h_20260621T162807Z/scratch --max-dom 3 --hours 1"
1782059404,2026-06-21T17:30:04+01:00,3104514,3104450,S,19,0.0,0.0,1740,2784,"/usr/bin/time -f wall_s=%e\nmaxrss_kib=%M -o proofs/v020/s4/fp64_d01d03_1h_20260621T162807Z/time.txt taskset -c 0-3 python -m gpuwrf run --input-dir <DATA_ROOT>/wrf_downscale/canary_all7/run --namelist <DATA_ROOT>/wrf_downscale/canary_all7/run/namelist.input --output-dir proofs/v020/s4/fp64_d01d03_1h_20260621T162807Z/output --proof-dir proofs/v020/s4/fp64_d01d03_1h_20260621T162807Z/proofs --scratch-dir proofs/v020/s4/fp64_d01d03_1h_20260621T162807Z/scratch --max-dom 3 --hours 1"
1782059404,2026-06-21T17:30:04+01:00,3104516,3104514,Rl,1,100,6.7,6685896,29520076,"python -m gpuwrf run --input-dir <DATA_ROOT>/wrf_downscale/canary_all7/run --namelist <DATA_ROOT>/wrf_downscale/canary_all7/run/namelist.input --output-dir proofs/v020/s4/fp64_d01d03_1h_20260621T162807Z/output --proof-dir proofs/v020/s4/fp64_d01d03_1h_20260621T162807Z/proofs --scratch-dir proofs/v020/s4/fp64_d01d03_1h_20260621T162807Z/scratch --max-dom 3 --hours 1"
1782059406,2026-06-21T17:30:06+01:00,3104514,3104450,S,19,0.0,0.0,1740,2784,"/usr/bin/time -f wall_s=%e\nmaxrss_kib=%M -o proofs/v020/s4/fp64_d01d03_1h_20260621T162807Z/time.txt taskset -c 0-3 python -m gpuwrf run --input-dir <DATA_ROOT>/wrf_downscale/canary_all7/run --namelist <DATA_ROOT>/wrf_downscale/canary_all7/run/namelist.input --output-dir proofs/v020/s4/fp64_d01d03_1h_20260621T162807Z/output --proof-dir proofs/v020/s4/fp64_d01d03_1h_20260621T162807Z/proofs --scratch-dir proofs/v020/s4/fp64_d01d03_1h_20260621T162807Z/scratch --max-dom 3 --hours 1"
1782059406,2026-06-21T17:30:06+01:00,3104516,3104514,Rl,1,100,6.7,6652876,29487052,"python -m gpuwrf run --input-dir <DATA_ROOT>/wrf_downscale/canary_all7/run --namelist <DATA_ROOT>/wrf_downscale/canary_all7/run/namelist.input --output-dir proofs/v020/s4/fp64_d01d03_1h_20260621T162807Z/output --proof-dir proofs/v020/s4/fp64_d01d03_1h_20260621T162807Z/proofs --scratch-dir proofs/v020/s4/fp64_d01d03_1h_20260621T162807Z/scratch --max-dom 3 --hours 1"
1782059408,2026-06-21T17:30:08+01:00,3104514,3104450,S,19,0.0,0.0,1740,2784,"/usr/bin/time -f wall_s=%e\nmaxrss_kib=%M -o proofs/v020/s4/fp64_d01d03_1h_20260621T162807Z/time.txt taskset -c 0-3 python -m gpuwrf run --input-dir <DATA_ROOT>/wrf_downscale/canary_all7/run --namelist <DATA_ROOT>/wrf_downscale/canary_all7/run/namelist.input --output-dir proofs/v020/s4/fp64_d01d03_1h_20260621T162807Z/output --proof-dir proofs/v020/s4/fp64_d01d03_1h_20260621T162807Z/proofs --scratch-dir proofs/v020/s4/fp64_d01d03_1h_20260621T162807Z/scratch --max-dom 3 --hours 1"
1782059408,2026-06-21T17:30:08+01:00,3104516,3104514,Rl,1,100,6.7,6652876,29487052,"python -m gpuwrf run --input-dir <DATA_ROOT>/wrf_downscale/canary_all7/run --namelist <DATA_ROOT>/wrf_downscale/canary_all7/run/namelist.input --output-dir proofs/v020/s4/fp64_d01d03_1h_20260621T162807Z/output --proof-dir proofs/v020/s4/fp64_d01d03_1h_20260621T162807Z/proofs --scratch-dir proofs/v020/s4/fp64_d01d03_1h_20260621T162807Z/scratch --max-dom 3 --hours 1"
1782059410,2026-06-21T17:30:10+01:00,3104514,3104450,S,19,0.0,0.0,1740,2784,"/usr/bin/time -f wall_s=%e\nmaxrss_kib=%M -o proofs/v020/s4/fp64_d01d03_1h_20260621T162807Z/time.txt taskset -c 0-3 python -m gpuwrf run --input-dir <DATA_ROOT>/wrf_downscale/canary_all7/run --namelist <DATA_ROOT>/wrf_downscale/canary_all7/run/namelist.input --output-dir proofs/v020/s4/fp64_d01d03_1h_20260621T162807Z/output --proof-dir proofs/v020/s4/fp64_d01d03_1h_20260621T162807Z/proofs --scratch-dir proofs/v020/s4/fp64_d01d03_1h_20260621T162807Z/scratch --max-dom 3 --hours 1"
1782059410,2026-06-21T17:30:10+01:00,3104516,3104514,Rl,0,100,6.7,6652876,29487052,"python -m gpuwrf run --input-dir <DATA_ROOT>/wrf_downscale/canary_all7/run --namelist <DATA_ROOT>/wrf_downscale/canary_all7/run/namelist.input --output-dir proofs/v020/s4/fp64_d01d03_1h_20260621T162807Z/output --proof-dir proofs/v020/s4/fp64_d01d03_1h_20260621T162807Z/proofs --scratch-dir proofs/v020/s4/fp64_d01d03_1h_20260621T162807Z/scratch --max-dom 3 --hours 1"
1782059412,2026-06-21T17:30:12+01:00,3104514,3104450,S,19,0.0,0.0,1740,2784,"/usr/bin/time -f wall_s=%e\nmaxrss_kib=%M -o proofs/v020/s4/fp64_d01d03_1h_20260621T162807Z/time.txt taskset -c 0-3 python -m gpuwrf run --input-dir <DATA_ROOT>/wrf_downscale/canary_all7/run --namelist <DATA_ROOT>/wrf_downscale/canary_all7/run/namelist.input --output-dir proofs/v020/s4/fp64_d01d03_1h_20260621T162807Z/output --proof-dir proofs/v020/s4/fp64_d01d03_1h_20260621T162807Z/proofs --scratch-dir proofs/v020/s4/fp64_d01d03_1h_20260621T162807Z/scratch --max-dom 3 --hours 1"
1782059412,2026-06-21T17:30:12+01:00,3104516,3104514,Rl,0,100,6.7,6652884,29487052,"python -m gpuwrf run --input-dir <DATA_ROOT>/wrf_downscale/canary_all7/run --namelist <DATA_ROOT>/wrf_downscale/canary_all7/run/namelist.input --output-dir proofs/v020/s4/fp64_d01d03_1h_20260621T162807Z/output --proof-dir proofs/v020/s4/fp64_d01d03_1h_20260621T162807Z/proofs --scratch-dir proofs/v020/s4/fp64_d01d03_1h_20260621T162807Z/scratch --max-dom 3 --hours 1"
1782059415,2026-06-21T17:30:15+01:00,3104514,3104450,S,19,0.0,0.0,1740,2784,"/usr/bin/time -f wall_s=%e\nmaxrss_kib=%M -o proofs/v020/s4/fp64_d01d03_1h_20260621T162807Z/time.txt taskset -c 0-3 python -m gpuwrf run --input-dir <DATA_ROOT>/wrf_downscale/canary_all7/run --namelist <DATA_ROOT>/wrf_downscale/canary_all7/run/namelist.input --output-dir proofs/v020/s4/fp64_d01d03_1h_20260621T162807Z/output --proof-dir proofs/v020/s4/fp64_d01d03_1h_20260621T162807Z/proofs --scratch-dir proofs/v020/s4/fp64_d01d03_1h_20260621T162807Z/scratch --max-dom 3 --hours 1"
1782059415,2026-06-21T17:30:15+01:00,3104516,3104514,Rl,0,100,6.7,6652856,29487052,"python -m gpuwrf run --input-dir <DATA_ROOT>/wrf_downscale/canary_all7/run --namelist <DATA_ROOT>/wrf_downscale/canary_all7/run/namelist.input --output-dir proofs/v020/s4/fp64_d01d03_1h_20260621T162807Z/output --proof-dir proofs/v020/s4/fp64_d01d03_1h_20260621T162807Z/proofs --scratch-dir proofs/v020/s4/fp64_d01d03_1h_20260621T162807Z/scratch --max-dom 3 --hours 1"
1782059417,2026-06-21T17:30:17+01:00,3104514,3104450,S,19,0.0,0.0,1740,2784,"/usr/bin/time -f wall_s=%e\nmaxrss_kib=%M -o proofs/v020/s4/fp64_d01d03_1h_20260621T162807Z/time.txt taskset -c 0-3 python -m gpuwrf run --input-dir <DATA_ROOT>/wrf_downscale/canary_all7/run --namelist <DATA_ROOT>/wrf_downscale/canary_all7/run/namelist.input --output-dir proofs/v020/s4/fp64_d01d03_1h_20260621T162807Z/output --proof-dir proofs/v020/s4/fp64_d01d03_1h_20260621T162807Z/proofs --scratch-dir proofs/v020/s4/fp64_d01d03_1h_20260621T162807Z/scratch --max-dom 3 --hours 1"
1782059417,2026-06-21T17:30:17+01:00,3104516,3104514,Rl,0,100,6.7,6652856,29487052,"python -m gpuwrf run --input-dir <DATA_ROOT>/wrf_downscale/canary_all7/run --namelist <DATA_ROOT>/wrf_downscale/canary_all7/run/namelist.input --output-dir proofs/v020/s4/fp64_d01d03_1h_20260621T162807Z/output --proof-dir proofs/v020/s4/fp64_d01d03_1h_20260621T162807Z/proofs --scratch-dir proofs/v020/s4/fp64_d01d03_1h_20260621T162807Z/scratch --max-dom 3 --hours 1"
1782059419,2026-06-21T17:30:19+01:00,3104514,3104450,S,19,0.0,0.0,1740,2784,"/usr/bin/time -f wall_s=%e\nmaxrss_kib=%M -o proofs/v020/s4/fp64_d01d03_1h_20260621T162807Z/time.txt taskset -c 0-3 python -m gpuwrf run --input-dir <DATA_ROOT>/wrf_downscale/canary_all7/run --namelist <DATA_ROOT>/wrf_downscale/canary_all7/run/namelist.input --output-dir proofs/v020/s4/fp64_d01d03_1h_20260621T162807Z/output --proof-dir proofs/v020/s4/fp64_d01d03_1h_20260621T162807Z/proofs --scratch-dir proofs/v020/s4/fp64_d01d03_1h_20260621T162807Z/scratch --max-dom 3 --hours 1"
1782059419,2026-06-21T17:30:19+01:00,3104516,3104514,Rl,0,100,6.7,6652848,29487052,"python -m gpuwrf run --input-dir <DATA_ROOT>/wrf_downscale/canary_all7/run --namelist <DATA_ROOT>/wrf_downscale/canary_all7/run/namelist.input --output-dir proofs/v020/s4/fp64_d01d03_1h_20260621T162807Z/output --proof-dir proofs/v020/s4/fp64_d01d03_1h_20260621T162807Z/proofs --scratch-dir proofs/v020/s4/fp64_d01d03_1h_20260621T162807Z/scratch --max-dom 3 --hours 1"
1782059421,2026-06-21T17:30:21+01:00,3104514,3104450,S,19,0.0,0.0,1740,2784,"/usr/bin/time -f wall_s=%e\nmaxrss_kib=%M -o proofs/v020/s4/fp64_d01d03_1h_20260621T162807Z/time.txt taskset -c 0-3 python -m gpuwrf run --input-dir <DATA_ROOT>/wrf_downscale/canary_all7/run --namelist <DATA_ROOT>/wrf_downscale/canary_all7/run/namelist.input --output-dir proofs/v020/s4/fp64_d01d03_1h_20260621T162807Z/output --proof-dir proofs/v020/s4/fp64_d01d03_1h_20260621T162807Z/proofs --scratch-dir proofs/v020/s4/fp64_d01d03_1h_20260621T162807Z/scratch --max-dom 3 --hours 1"
1782059421,2026-06-21T17:30:21+01:00,3104516,3104514,Sl,1,100,6.7,6655884,29487052,"python -m gpuwrf run --input-dir <DATA_ROOT>/wrf_downscale/canary_all7/run --namelist <DATA_ROOT>/wrf_downscale/canary_all7/run/namelist.input --output-dir proofs/v020/s4/fp64_d01d03_1h_20260621T162807Z/output --proof-dir proofs/v020/s4/fp64_d01d03_1h_20260621T162807Z/proofs --scratch-dir proofs/v020/s4/fp64_d01d03_1h_20260621T162807Z/scratch --max-dom 3 --hours 1"
1782059423,2026-06-21T17:30:23+01:00,3104514,3104450,S,19,0.0,0.0,1740,2784,"/usr/bin/time -f wall_s=%e\nmaxrss_kib=%M -o proofs/v020/s4/fp64_d01d03_1h_20260621T162807Z/time.txt taskset -c 0-3 python -m gpuwrf run --input-dir <DATA_ROOT>/wrf_downscale/canary_all7/run --namelist <DATA_ROOT>/wrf_downscale/canary_all7/run/namelist.input --output-dir proofs/v020/s4/fp64_d01d03_1h_20260621T162807Z/output --proof-dir proofs/v020/s4/fp64_d01d03_1h_20260621T162807Z/proofs --scratch-dir proofs/v020/s4/fp64_d01d03_1h_20260621T162807Z/scratch --max-dom 3 --hours 1"
1782059423,2026-06-21T17:30:23+01:00,3104516,3104514,Rl,1,101,6.7,6660320,29487052,"python -m gpuwrf run --input-dir <DATA_ROOT>/wrf_downscale/canary_all7/run --namelist <DATA_ROOT>/wrf_downscale/canary_all7/run/namelist.input --output-dir proofs/v020/s4/fp64_d01d03_1h_20260621T162807Z/output --proof-dir proofs/v020/s4/fp64_d01d03_1h_20260621T162807Z/proofs --scratch-dir proofs/v020/s4/fp64_d01d03_1h_20260621T162807Z/scratch --max-dom 3 --hours 1"
1782059425,2026-06-21T17:30:25+01:00,3104514,3104450,S,19,0.0,0.0,1740,2784,"/usr/bin/time -f wall_s=%e\nmaxrss_kib=%M -o proofs/v020/s4/fp64_d01d03_1h_20260621T162807Z/time.txt taskset -c 0-3 python -m gpuwrf run --input-dir <DATA_ROOT>/wrf_downscale/canary_all7/run --namelist <DATA_ROOT>/wrf_downscale/canary_all7/run/namelist.input --output-dir proofs/v020/s4/fp64_d01d03_1h_20260621T162807Z/output --proof-dir proofs/v020/s4/fp64_d01d03_1h_20260621T162807Z/proofs --scratch-dir proofs/v020/s4/fp64_d01d03_1h_20260621T162807Z/scratch --max-dom 3 --hours 1"
1782059425,2026-06-21T17:30:25+01:00,3104516,3104514,Sl,3,102,6.7,6664716,29487052,"python -m gpuwrf run --input-dir <DATA_ROOT>/wrf_downscale/canary_all7/run --namelist <DATA_ROOT>/wrf_downscale/canary_all7/run/namelist.input --output-dir proofs/v020/s4/fp64_d01d03_1h_20260621T162807Z/output --proof-dir proofs/v020/s4/fp64_d01d03_1h_20260621T162807Z/proofs --scratch-dir proofs/v020/s4/fp64_d01d03_1h_20260621T162807Z/scratch --max-dom 3 --hours 1"
1782059427,2026-06-21T17:30:27+01:00,3104514,3104450,S,19,0.0,0.0,1740,2784,"/usr/bin/time -f wall_s=%e\nmaxrss_kib=%M -o proofs/v020/s4/fp64_d01d03_1h_20260621T162807Z/time.txt taskset -c 0-3 python -m gpuwrf run --input-dir <DATA_ROOT>/wrf_downscale/canary_all7/run --namelist <DATA_ROOT>/wrf_downscale/canary_all7/run/namelist.input --output-dir proofs/v020/s4/fp64_d01d03_1h_20260621T162807Z/output --proof-dir proofs/v020/s4/fp64_d01d03_1h_20260621T162807Z/proofs --scratch-dir proofs/v020/s4/fp64_d01d03_1h_20260621T162807Z/scratch --max-dom 3 --hours 1"
1782059427,2026-06-21T17:30:27+01:00,3104516,3104514,Sl,0,104,6.7,6667168,29487052,"python -m gpuwrf run --input-dir <DATA_ROOT>/wrf_downscale/canary_all7/run --namelist <DATA_ROOT>/wrf_downscale/canary_all7/run/namelist.input --output-dir proofs/v020/s4/fp64_d01d03_1h_20260621T162807Z/output --proof-dir proofs/v020/s4/fp64_d01d03_1h_20260621T162807Z/proofs --scratch-dir proofs/v020/s4/fp64_d01d03_1h_20260621T162807Z/scratch --max-dom 3 --hours 1"
1782059429,2026-06-21T17:30:29+01:00,3104514,3104450,S,19,0.0,0.0,1740,2784,"/usr/bin/time -f wall_s=%e\nmaxrss_kib=%M -o proofs/v020/s4/fp64_d01d03_1h_20260621T162807Z/time.txt taskset -c 0-3 python -m gpuwrf run --input-dir <DATA_ROOT>/wrf_downscale/canary_all7/run --namelist <DATA_ROOT>/wrf_downscale/canary_all7/run/namelist.input --output-dir proofs/v020/s4/fp64_d01d03_1h_20260621T162807Z/output --proof-dir proofs/v020/s4/fp64_d01d03_1h_20260621T162807Z/proofs --scratch-dir proofs/v020/s4/fp64_d01d03_1h_20260621T162807Z/scratch --max-dom 3 --hours 1"
1782059429,2026-06-21T17:30:29+01:00,3104516,3104514,Sl,2,104,6.9,6845096,29658372,"python -m gpuwrf run --input-dir <DATA_ROOT>/wrf_downscale/canary_all7/run --namelist <DATA_ROOT>/wrf_downscale/canary_all7/run/namelist.input --output-dir proofs/v020/s4/fp64_d01d03_1h_20260621T162807Z/output --proof-dir proofs/v020/s4/fp64_d01d03_1h_20260621T162807Z/proofs --scratch-dir proofs/v020/s4/fp64_d01d03_1h_20260621T162807Z/scratch --max-dom 3 --hours 1"
1782059432,2026-06-21T17:30:32+01:00,3104514,3104450,S,19,0.0,0.0,1740,2784,"/usr/bin/time -f wall_s=%e\nmaxrss_kib=%M -o proofs/v020/s4/fp64_d01d03_1h_20260621T162807Z/time.txt taskset -c 0-3 python -m gpuwrf run --input-dir <DATA_ROOT>/wrf_downscale/canary_all7/run --namelist <DATA_ROOT>/wrf_downscale/canary_all7/run/namelist.input --output-dir proofs/v020/s4/fp64_d01d03_1h_20260621T162807Z/output --proof-dir proofs/v020/s4/fp64_d01d03_1h_20260621T162807Z/proofs --scratch-dir proofs/v020/s4/fp64_d01d03_1h_20260621T162807Z/scratch --max-dom 3 --hours 1"
1782059432,2026-06-21T17:30:32+01:00,3104516,3104514,Rl,1,104,7.2,7106896,29903252,"python -m gpuwrf run --input-dir <DATA_ROOT>/wrf_downscale/canary_all7/run --namelist <DATA_ROOT>/wrf_downscale/canary_all7/run/namelist.input --output-dir proofs/v020/s4/fp64_d01d03_1h_20260621T162807Z/output --proof-dir proofs/v020/s4/fp64_d01d03_1h_20260621T162807Z/proofs --scratch-dir proofs/v020/s4/fp64_d01d03_1h_20260621T162807Z/scratch --max-dom 3 --hours 1"
1782059434,2026-06-21T17:30:34+01:00,3104514,3104450,S,19,0.0,0.0,1740,2784,"/usr/bin/time -f wall_s=%e\nmaxrss_kib=%M -o proofs/v020/s4/fp64_d01d03_1h_20260621T162807Z/time.txt taskset -c 0-3 python -m gpuwrf run --input-dir <DATA_ROOT>/wrf_downscale/canary_all7/run --namelist <DATA_ROOT>/wrf_downscale/canary_all7/run/namelist.input --output-dir proofs/v020/s4/fp64_d01d03_1h_20260621T162807Z/output --proof-dir proofs/v020/s4/fp64_d01d03_1h_20260621T162807Z/proofs --scratch-dir proofs/v020/s4/fp64_d01d03_1h_20260621T162807Z/scratch --max-dom 3 --hours 1"
1782059434,2026-06-21T17:30:34+01:00,3104516,3104514,Rl,3,105,7.3,7264904,30060184,"python -m gpuwrf run --input-dir <DATA_ROOT>/wrf_downscale/canary_all7/run --namelist <DATA_ROOT>/wrf_downscale/canary_all7/run/namelist.input --output-dir proofs/v020/s4/fp64_d01d03_1h_20260621T162807Z/output --proof-dir proofs/v020/s4/fp64_d01d03_1h_20260621T162807Z/proofs --scratch-dir proofs/v020/s4/fp64_d01d03_1h_20260621T162807Z/scratch --max-dom 3 --hours 1"
1782059436,2026-06-21T17:30:36+01:00,3104514,3104450,S,19,0.0,0.0,1740,2784,"/usr/bin/time -f wall_s=%e\nmaxrss_kib=%M -o proofs/v020/s4/fp64_d01d03_1h_20260621T162807Z/time.txt taskset -c 0-3 python -m gpuwrf run --input-dir <DATA_ROOT>/wrf_downscale/canary_all7/run --namelist <DATA_ROOT>/wrf_downscale/canary_all7/run/namelist.input --output-dir proofs/v020/s4/fp64_d01d03_1h_20260621T162807Z/output --proof-dir proofs/v020/s4/fp64_d01d03_1h_20260621T162807Z/proofs --scratch-dir proofs/v020/s4/fp64_d01d03_1h_20260621T162807Z/scratch --max-dom 3 --hours 1"
1782059436,2026-06-21T17:30:36+01:00,3104516,3104514,Rl,3,107,7.5,7412048,30207432,"python -m gpuwrf run --input-dir <DATA_ROOT>/wrf_downscale/canary_all7/run --namelist <DATA_ROOT>/wrf_downscale/canary_all7/run/namelist.input --output-dir proofs/v020/s4/fp64_d01d03_1h_20260621T162807Z/output --proof-dir proofs/v020/s4/fp64_d01d03_1h_20260621T162807Z/proofs --scratch-dir proofs/v020/s4/fp64_d01d03_1h_20260621T162807Z/scratch --max-dom 3 --hours 1"
1782059438,2026-06-21T17:30:38+01:00,3104514,3104450,S,19,0.0,0.0,1740,2784,"/usr/bin/time -f wall_s=%e\nmaxrss_kib=%M -o proofs/v020/s4/fp64_d01d03_1h_20260621T162807Z/time.txt taskset -c 0-3 python -m gpuwrf run --input-dir <DATA_ROOT>/wrf_downscale/canary_all7/run --namelist <DATA_ROOT>/wrf_downscale/canary_all7/run/namelist.input --output-dir proofs/v020/s4/fp64_d01d03_1h_20260621T162807Z/output --proof-dir proofs/v020/s4/fp64_d01d03_1h_20260621T162807Z/proofs --scratch-dir proofs/v020/s4/fp64_d01d03_1h_20260621T162807Z/scratch --max-dom 3 --hours 1"
1782059438,2026-06-21T17:30:38+01:00,3104516,3104514,Rl,2,107,7.6,7535108,30370864,"python -m gpuwrf run --input-dir <DATA_ROOT>/wrf_downscale/canary_all7/run --namelist <DATA_ROOT>/wrf_downscale/canary_all7/run/namelist.input --output-dir proofs/v020/s4/fp64_d01d03_1h_20260621T162807Z/output --proof-dir proofs/v020/s4/fp64_d01d03_1h_20260621T162807Z/proofs --scratch-dir proofs/v020/s4/fp64_d01d03_1h_20260621T162807Z/scratch --max-dom 3 --hours 1"
1782059440,2026-06-21T17:30:40+01:00,3104514,3104450,S,19,0.0,0.0,1740,2784,"/usr/bin/time -f wall_s=%e\nmaxrss_kib=%M -o proofs/v020/s4/fp64_d01d03_1h_20260621T162807Z/time.txt taskset -c 0-3 python -m gpuwrf run --input-dir <DATA_ROOT>/wrf_downscale/canary_all7/run --namelist <DATA_ROOT>/wrf_downscale/canary_all7/run/namelist.input --output-dir proofs/v020/s4/fp64_d01d03_1h_20260621T162807Z/output --proof-dir proofs/v020/s4/fp64_d01d03_1h_20260621T162807Z/proofs --scratch-dir proofs/v020/s4/fp64_d01d03_1h_20260621T162807Z/scratch --max-dom 3 --hours 1"
1782059440,2026-06-21T17:30:40+01:00,3104516,3104514,Sl,0,108,7.9,7869052,30568872,"python -m gpuwrf run --input-dir <DATA_ROOT>/wrf_downscale/canary_all7/run --namelist <DATA_ROOT>/wrf_downscale/canary_all7/run/namelist.input --output-dir proofs/v020/s4/fp64_d01d03_1h_20260621T162807Z/output --proof-dir proofs/v020/s4/fp64_d01d03_1h_20260621T162807Z/proofs --scratch-dir proofs/v020/s4/fp64_d01d03_1h_20260621T162807Z/scratch --max-dom 3 --hours 1"
1782059442,2026-06-21T17:30:42+01:00,3104514,3104450,S,19,0.0,0.0,1740,2784,"/usr/bin/time -f wall_s=%e\nmaxrss_kib=%M -o proofs/v020/s4/fp64_d01d03_1h_20260621T162807Z/time.txt taskset -c 0-3 python -m gpuwrf run --input-dir <DATA_ROOT>/wrf_downscale/canary_all7/run --namelist <DATA_ROOT>/wrf_downscale/canary_all7/run/namelist.input --output-dir proofs/v020/s4/fp64_d01d03_1h_20260621T162807Z/output --proof-dir proofs/v020/s4/fp64_d01d03_1h_20260621T162807Z/proofs --scratch-dir proofs/v020/s4/fp64_d01d03_1h_20260621T162807Z/scratch --max-dom 3 --hours 1"
1782059442,2026-06-21T17:30:42+01:00,3104516,3104514,Rl,3,108,8.3,8240140,30929600,"python -m gpuwrf run --input-dir <DATA_ROOT>/wrf_downscale/canary_all7/run --namelist <DATA_ROOT>/wrf_downscale/canary_all7/run/namelist.input --output-dir proofs/v020/s4/fp64_d01d03_1h_20260621T162807Z/output --proof-dir proofs/v020/s4/fp64_d01d03_1h_20260621T162807Z/proofs --scratch-dir proofs/v020/s4/fp64_d01d03_1h_20260621T162807Z/scratch --max-dom 3 --hours 1"
1782059444,2026-06-21T17:30:44+01:00,3104514,3104450,S,19,0.0,0.0,1740,2784,"/usr/bin/time -f wall_s=%e\nmaxrss_kib=%M -o proofs/v020/s4/fp64_d01d03_1h_20260621T162807Z/time.txt taskset -c 0-3 python -m gpuwrf run --input-dir <DATA_ROOT>/wrf_downscale/canary_all7/run --namelist <DATA_ROOT>/wrf_downscale/canary_all7/run/namelist.input --output-dir proofs/v020/s4/fp64_d01d03_1h_20260621T162807Z/output --proof-dir proofs/v020/s4/fp64_d01d03_1h_20260621T162807Z/proofs --scratch-dir proofs/v020/s4/fp64_d01d03_1h_20260621T162807Z/scratch --max-dom 3 --hours 1"
1782059444,2026-06-21T17:30:44+01:00,3104516,3104514,Sl,1,109,8.7,8654404,31331020,"python -m gpuwrf run --input-dir <DATA_ROOT>/wrf_downscale/canary_all7/run --namelist <DATA_ROOT>/wrf_downscale/canary_all7/run/namelist.input --output-dir proofs/v020/s4/fp64_d01d03_1h_20260621T162807Z/output --proof-dir proofs/v020/s4/fp64_d01d03_1h_20260621T162807Z/proofs --scratch-dir proofs/v020/s4/fp64_d01d03_1h_20260621T162807Z/scratch --max-dom 3 --hours 1"
1782059447,2026-06-21T17:30:47+01:00,3104514,3104450,S,19,0.0,0.0,1740,2784,"/usr/bin/time -f wall_s=%e\nmaxrss_kib=%M -o proofs/v020/s4/fp64_d01d03_1h_20260621T162807Z/time.txt taskset -c 0-3 python -m gpuwrf run --input-dir <DATA_ROOT>/wrf_downscale/canary_all7/run --namelist <DATA_ROOT>/wrf_downscale/canary_all7/run/namelist.input --output-dir proofs/v020/s4/fp64_d01d03_1h_20260621T162807Z/output --proof-dir proofs/v020/s4/fp64_d01d03_1h_20260621T162807Z/proofs --scratch-dir proofs/v020/s4/fp64_d01d03_1h_20260621T162807Z/scratch --max-dom 3 --hours 1"
1782059447,2026-06-21T17:30:47+01:00,3104516,3104514,Sl,3,110,8.8,8743244,31413220,"python -m gpuwrf run --input-dir <DATA_ROOT>/wrf_downscale/canary_all7/run --namelist <DATA_ROOT>/wrf_downscale/canary_all7/run/namelist.input --output-dir proofs/v020/s4/fp64_d01d03_1h_20260621T162807Z/output --proof-dir proofs/v020/s4/fp64_d01d03_1h_20260621T162807Z/proofs --scratch-dir proofs/v020/s4/fp64_d01d03_1h_20260621T162807Z/scratch --max-dom 3 --hours 1"
1782059450,2026-06-21T17:30:50+01:00,3104514,3104450,S,19,0.0,0.0,1740,2784,"/usr/bin/time -f wall_s=%e\nmaxrss_kib=%M -o proofs/v020/s4/fp64_d01d03_1h_20260621T162807Z/time.txt taskset -c 0-3 python -m gpuwrf run --input-dir <DATA_ROOT>/wrf_downscale/canary_all7/run --namelist <DATA_ROOT>/wrf_downscale/canary_all7/run/namelist.input --output-dir proofs/v020/s4/fp64_d01d03_1h_20260621T162807Z/output --proof-dir proofs/v020/s4/fp64_d01d03_1h_20260621T162807Z/proofs --scratch-dir proofs/v020/s4/fp64_d01d03_1h_20260621T162807Z/scratch --max-dom 3 --hours 1"
1782059450,2026-06-21T17:30:50+01:00,3104516,3104514,Sl,0,111,8.9,8802876,31466880,"python -m gpuwrf run --input-dir <DATA_ROOT>/wrf_downscale/canary_all7/run --namelist <DATA_ROOT>/wrf_downscale/canary_all7/run/namelist.input --output-dir proofs/v020/s4/fp64_d01d03_1h_20260621T162807Z/output --proof-dir proofs/v020/s4/fp64_d01d03_1h_20260621T162807Z/proofs --scratch-dir proofs/v020/s4/fp64_d01d03_1h_20260621T162807Z/scratch --max-dom 3 --hours 1"
1782059452,2026-06-21T17:30:52+01:00,3104514,3104450,S,19,0.0,0.0,1740,2784,"/usr/bin/time -f wall_s=%e\nmaxrss_kib=%M -o proofs/v020/s4/fp64_d01d03_1h_20260621T162807Z/time.txt taskset -c 0-3 python -m gpuwrf run --input-dir <DATA_ROOT>/wrf_downscale/canary_all7/run --namelist <DATA_ROOT>/wrf_downscale/canary_all7/run/namelist.input --output-dir proofs/v020/s4/fp64_d01d03_1h_20260621T162807Z/output --proof-dir proofs/v020/s4/fp64_d01d03_1h_20260621T162807Z/proofs --scratch-dir proofs/v020/s4/fp64_d01d03_1h_20260621T162807Z/scratch --max-dom 3 --hours 1"
1782059452,2026-06-21T17:30:52+01:00,3104516,3104514,Sl,1,112,9.1,8957752,31618792,"python -m gpuwrf run --input-dir <DATA_ROOT>/wrf_downscale/canary_all7/run --namelist <DATA_ROOT>/wrf_downscale/canary_all7/run/namelist.input --output-dir proofs/v020/s4/fp64_d01d03_1h_20260621T162807Z/output --proof-dir proofs/v020/s4/fp64_d01d03_1h_20260621T162807Z/proofs --scratch-dir proofs/v020/s4/fp64_d01d03_1h_20260621T162807Z/scratch --max-dom 3 --hours 1"
1782059454,2026-06-21T17:30:54+01:00,3104514,3104450,S,19,0.0,0.0,1740,2784,"/usr/bin/time -f wall_s=%e\nmaxrss_kib=%M -o proofs/v020/s4/fp64_d01d03_1h_20260621T162807Z/time.txt taskset -c 0-3 python -m gpuwrf run --input-dir <DATA_ROOT>/wrf_downscale/canary_all7/run --namelist <DATA_ROOT>/wrf_downscale/canary_all7/run/namelist.input --output-dir proofs/v020/s4/fp64_d01d03_1h_20260621T162807Z/output --proof-dir proofs/v020/s4/fp64_d01d03_1h_20260621T162807Z/proofs --scratch-dir proofs/v020/s4/fp64_d01d03_1h_20260621T162807Z/scratch --max-dom 3 --hours 1"
1782059454,2026-06-21T17:30:54+01:00,3104516,3104514,Rl,1,113,9.2,9085356,31747960,"python -m gpuwrf run --input-dir <DATA_ROOT>/wrf_downscale/canary_all7/run --namelist <DATA_ROOT>/wrf_downscale/canary_all7/run/namelist.input --output-dir proofs/v020/s4/fp64_d01d03_1h_20260621T162807Z/output --proof-dir proofs/v020/s4/fp64_d01d03_1h_20260621T162807Z/proofs --scratch-dir proofs/v020/s4/fp64_d01d03_1h_20260621T162807Z/scratch --max-dom 3 --hours 1"
1782059456,2026-06-21T17:30:56+01:00,3104514,3104450,S,19,0.0,0.0,1740,2784,"/usr/bin/time -f wall_s=%e\nmaxrss_kib=%M -o proofs/v020/s4/fp64_d01d03_1h_20260621T162807Z/time.txt taskset -c 0-3 python -m gpuwrf run --input-dir <DATA_ROOT>/wrf_downscale/canary_all7/run --namelist <DATA_ROOT>/wrf_downscale/canary_all7/run/namelist.input --output-dir proofs/v020/s4/fp64_d01d03_1h_20260621T162807Z/output --proof-dir proofs/v020/s4/fp64_d01d03_1h_20260621T162807Z/proofs --scratch-dir proofs/v020/s4/fp64_d01d03_1h_20260621T162807Z/scratch --max-dom 3 --hours 1"
1782059456,2026-06-21T17:30:56+01:00,3104516,3104514,Sl,2,114,9.6,9464284,32102700,"python -m gpuwrf run --input-dir <DATA_ROOT>/wrf_downscale/canary_all7/run --namelist <DATA_ROOT>/wrf_downscale/canary_all7/run/namelist.input --output-dir proofs/v020/s4/fp64_d01d03_1h_20260621T162807Z/output --proof-dir proofs/v020/s4/fp64_d01d03_1h_20260621T162807Z/proofs --scratch-dir proofs/v020/s4/fp64_d01d03_1h_20260621T162807Z/scratch --max-dom 3 --hours 1"
1782059458,2026-06-21T17:30:58+01:00,3104514,3104450,S,19,0.0,0.0,1740,2784,"/usr/bin/time -f wall_s=%e\nmaxrss_kib=%M -o proofs/v020/s4/fp64_d01d03_1h_20260621T162807Z/time.txt taskset -c 0-3 python -m gpuwrf run --input-dir <DATA_ROOT>/wrf_downscale/canary_all7/run --namelist <DATA_ROOT>/wrf_downscale/canary_all7/run/namelist.input --output-dir proofs/v020/s4/fp64_d01d03_1h_20260621T162807Z/output --proof-dir proofs/v020/s4/fp64_d01d03_1h_20260621T162807Z/proofs --scratch-dir proofs/v020/s4/fp64_d01d03_1h_20260621T162807Z/scratch --max-dom 3 --hours 1"
1782059458,2026-06-21T17:30:58+01:00,3104516,3104514,Rl,3,114,9.7,9574044,32272112,"python -m gpuwrf run --input-dir <DATA_ROOT>/wrf_downscale/canary_all7/run --namelist <DATA_ROOT>/wrf_downscale/canary_all7/run/namelist.input --output-dir proofs/v020/s4/fp64_d01d03_1h_20260621T162807Z/output --proof-dir proofs/v020/s4/fp64_d01d03_1h_20260621T162807Z/proofs --scratch-dir proofs/v020/s4/fp64_d01d03_1h_20260621T162807Z/scratch --max-dom 3 --hours 1"
1782059460,2026-06-21T17:31:00+01:00,3104514,3104450,S,19,0.0,0.0,1740,2784,"/usr/bin/time -f wall_s=%e\nmaxrss_kib=%M -o proofs/v020/s4/fp64_d01d03_1h_20260621T162807Z/time.txt taskset -c 0-3 python -m gpuwrf run --input-dir <DATA_ROOT>/wrf_downscale/canary_all7/run --namelist <DATA_ROOT>/wrf_downscale/canary_all7/run/namelist.input --output-dir proofs/v020/s4/fp64_d01d03_1h_20260621T162807Z/output --proof-dir proofs/v020/s4/fp64_d01d03_1h_20260621T162807Z/proofs --scratch-dir proofs/v020/s4/fp64_d01d03_1h_20260621T162807Z/scratch --max-dom 3 --hours 1"
1782059460,2026-06-21T17:31:00+01:00,3104516,3104514,Rl,1,115,9.7,9642124,32336572,"python -m gpuwrf run --input-dir <DATA_ROOT>/wrf_downscale/canary_all7/run --namelist <DATA_ROOT>/wrf_downscale/canary_all7/run/namelist.input --output-dir proofs/v020/s4/fp64_d01d03_1h_20260621T162807Z/output --proof-dir proofs/v020/s4/fp64_d01d03_1h_20260621T162807Z/proofs --scratch-dir proofs/v020/s4/fp64_d01d03_1h_20260621T162807Z/scratch --max-dom 3 --hours 1"
1782059462,2026-06-21T17:31:02+01:00,3104514,3104450,S,19,0.0,0.0,1740,2784,"/usr/bin/time -f wall_s=%e\nmaxrss_kib=%M -o proofs/v020/s4/fp64_d01d03_1h_20260621T162807Z/time.txt taskset -c 0-3 python -m gpuwrf run --input-dir <DATA_ROOT>/wrf_downscale/canary_all7/run --namelist <DATA_ROOT>/wrf_downscale/canary_all7/run/namelist.input --output-dir proofs/v020/s4/fp64_d01d03_1h_20260621T162807Z/output --proof-dir proofs/v020/s4/fp64_d01d03_1h_20260621T162807Z/proofs --scratch-dir proofs/v020/s4/fp64_d01d03_1h_20260621T162807Z/scratch --max-dom 3 --hours 1"
1782059462,2026-06-21T17:31:02+01:00,3104516,3104514,Sl,2,116,10.1,9943616,32624684,"python -m gpuwrf run --input-dir <DATA_ROOT>/wrf_downscale/canary_all7/run --namelist <DATA_ROOT>/wrf_downscale/canary_all7/run/namelist.input --output-dir proofs/v020/s4/fp64_d01d03_1h_20260621T162807Z/output --proof-dir proofs/v020/s4/fp64_d01d03_1h_20260621T162807Z/proofs --scratch-dir proofs/v020/s4/fp64_d01d03_1h_20260621T162807Z/scratch --max-dom 3 --hours 1"
1782059464,2026-06-21T17:31:04+01:00,3104514,3104450,S,19,0.0,0.0,1740,2784,"/usr/bin/time -f wall_s=%e\nmaxrss_kib=%M -o proofs/v020/s4/fp64_d01d03_1h_20260621T162807Z/time.txt taskset -c 0-3 python -m gpuwrf run --input-dir <DATA_ROOT>/wrf_downscale/canary_all7/run --namelist <DATA_ROOT>/wrf_downscale/canary_all7/run/namelist.input --output-dir proofs/v020/s4/fp64_d01d03_1h_20260621T162807Z/output --proof-dir proofs/v020/s4/fp64_d01d03_1h_20260621T162807Z/proofs --scratch-dir proofs/v020/s4/fp64_d01d03_1h_20260621T162807Z/scratch --max-dom 3 --hours 1"
1782059464,2026-06-21T17:31:04+01:00,3104516,3104514,Sl,1,116,10.1,9999972,32679092,"python -m gpuwrf run --input-dir <DATA_ROOT>/wrf_downscale/canary_all7/run --namelist <DATA_ROOT>/wrf_downscale/canary_all7/run/namelist.input --output-dir proofs/v020/s4/fp64_d01d03_1h_20260621T162807Z/output --proof-dir proofs/v020/s4/fp64_d01d03_1h_20260621T162807Z/proofs --scratch-dir proofs/v020/s4/fp64_d01d03_1h_20260621T162807Z/scratch --max-dom 3 --hours 1"
1782059467,2026-06-21T17:31:07+01:00,3104514,3104450,S,19,0.0,0.0,1740,2784,"/usr/bin/time -f wall_s=%e\nmaxrss_kib=%M -o proofs/v020/s4/fp64_d01d03_1h_20260621T162807Z/time.txt taskset -c 0-3 python -m gpuwrf run --input-dir <DATA_ROOT>/wrf_downscale/canary_all7/run --namelist <DATA_ROOT>/wrf_downscale/canary_all7/run/namelist.input --output-dir proofs/v020/s4/fp64_d01d03_1h_20260621T162807Z/output --proof-dir proofs/v020/s4/fp64_d01d03_1h_20260621T162807Z/proofs --scratch-dir proofs/v020/s4/fp64_d01d03_1h_20260621T162807Z/scratch --max-dom 3 --hours 1"
1782059467,2026-06-21T17:31:07+01:00,3104516,3104514,Rl,3,117,10.2,10043652,32719300,"python -m gpuwrf run --input-dir <DATA_ROOT>/wrf_downscale/canary_all7/run --namelist <DATA_ROOT>/wrf_downscale/canary_all7/run/namelist.input --output-dir proofs/v020/s4/fp64_d01d03_1h_20260621T162807Z/output --proof-dir proofs/v020/s4/fp64_d01d03_1h_20260621T162807Z/proofs --scratch-dir proofs/v020/s4/fp64_d01d03_1h_20260621T162807Z/scratch --max-dom 3 --hours 1"
1782059469,2026-06-21T17:31:09+01:00,3104514,3104450,S,19,0.0,0.0,1740,2784,"/usr/bin/time -f wall_s=%e\nmaxrss_kib=%M -o proofs/v020/s4/fp64_d01d03_1h_20260621T162807Z/time.txt taskset -c 0-3 python -m gpuwrf run --input-dir <DATA_ROOT>/wrf_downscale/canary_all7/run --namelist <DATA_ROOT>/wrf_downscale/canary_all7/run/namelist.input --output-dir proofs/v020/s4/fp64_d01d03_1h_20260621T162807Z/output --proof-dir proofs/v020/s4/fp64_d01d03_1h_20260621T162807Z/proofs --scratch-dir proofs/v020/s4/fp64_d01d03_1h_20260621T162807Z/scratch --max-dom 3 --hours 1"
1782059469,2026-06-21T17:31:09+01:00,3104516,3104514,Rl,1,117,10.2,10109876,32785320,"python -m gpuwrf run --input-dir <DATA_ROOT>/wrf_downscale/canary_all7/run --namelist <DATA_ROOT>/wrf_downscale/canary_all7/run/namelist.input --output-dir proofs/v020/s4/fp64_d01d03_1h_20260621T162807Z/output --proof-dir proofs/v020/s4/fp64_d01d03_1h_20260621T162807Z/proofs --scratch-dir proofs/v020/s4/fp64_d01d03_1h_20260621T162807Z/scratch --max-dom 3 --hours 1"
1782059471,2026-06-21T17:31:11+01:00,3104514,3104450,S,19,0.0,0.0,1740,2784,"/usr/bin/time -f wall_s=%e\nmaxrss_kib=%M -o proofs/v020/s4/fp64_d01d03_1h_20260621T162807Z/time.txt taskset -c 0-3 python -m gpuwrf run --input-dir <DATA_ROOT>/wrf_downscale/canary_all7/run --namelist <DATA_ROOT>/wrf_downscale/canary_all7/run/namelist.input --output-dir proofs/v020/s4/fp64_d01d03_1h_20260621T162807Z/output --proof-dir proofs/v020/s4/fp64_d01d03_1h_20260621T162807Z/proofs --scratch-dir proofs/v020/s4/fp64_d01d03_1h_20260621T162807Z/scratch --max-dom 3 --hours 1"
1782059471,2026-06-21T17:31:11+01:00,3104516,3104514,Rl,2,118,10.3,10151460,32826908,"python -m gpuwrf run --input-dir <DATA_ROOT>/wrf_downscale/canary_all7/run --namelist <DATA_ROOT>/wrf_downscale/canary_all7/run/namelist.input --output-dir proofs/v020/s4/fp64_d01d03_1h_20260621T162807Z/output --proof-dir proofs/v020/s4/fp64_d01d03_1h_20260621T162807Z/proofs --scratch-dir proofs/v020/s4/fp64_d01d03_1h_20260621T162807Z/scratch --max-dom 3 --hours 1"
1782059473,2026-06-21T17:31:13+01:00,3104514,3104450,S,19,0.0,0.0,1740,2784,"/usr/bin/time -f wall_s=%e\nmaxrss_kib=%M -o proofs/v020/s4/fp64_d01d03_1h_20260621T162807Z/time.txt taskset -c 0-3 python -m gpuwrf run --input-dir <DATA_ROOT>/wrf_downscale/canary_all7/run --namelist <DATA_ROOT>/wrf_downscale/canary_all7/run/namelist.input --output-dir proofs/v020/s4/fp64_d01d03_1h_20260621T162807Z/output --proof-dir proofs/v020/s4/fp64_d01d03_1h_20260621T162807Z/proofs --scratch-dir proofs/v020/s4/fp64_d01d03_1h_20260621T162807Z/scratch --max-dom 3 --hours 1"
1782059473,2026-06-21T17:31:13+01:00,3104516,3104514,Rl,1,118,10.3,10214356,32889244,"python -m gpuwrf run --input-dir <DATA_ROOT>/wrf_downscale/canary_all7/run --namelist <DATA_ROOT>/wrf_downscale/canary_all7/run/namelist.input --output-dir proofs/v020/s4/fp64_d01d03_1h_20260621T162807Z/output --proof-dir proofs/v020/s4/fp64_d01d03_1h_20260621T162807Z/proofs --scratch-dir proofs/v020/s4/fp64_d01d03_1h_20260621T162807Z/scratch --max-dom 3 --hours 1"
1782059475,2026-06-21T17:31:15+01:00,3104514,3104450,S,19,0.0,0.0,1740,2784,"/usr/bin/time -f wall_s=%e\nmaxrss_kib=%M -o proofs/v020/s4/fp64_d01d03_1h_20260621T162807Z/time.txt taskset -c 0-3 python -m gpuwrf run --input-dir <DATA_ROOT>/wrf_downscale/canary_all7/run --namelist <DATA_ROOT>/wrf_downscale/canary_all7/run/namelist.input --output-dir proofs/v020/s4/fp64_d01d03_1h_20260621T162807Z/output --proof-dir proofs/v020/s4/fp64_d01d03_1h_20260621T162807Z/proofs --scratch-dir proofs/v020/s4/fp64_d01d03_1h_20260621T162807Z/scratch --max-dom 3 --hours 1"
1782059475,2026-06-21T17:31:15+01:00,3104516,3104514,Sl,3,118,10.4,10308608,32983620,"python -m gpuwrf run --input-dir <DATA_ROOT>/wrf_downscale/canary_all7/run --namelist <DATA_ROOT>/wrf_downscale/canary_all7/run/namelist.input --output-dir proofs/v020/s4/fp64_d01d03_1h_20260621T162807Z/output --proof-dir proofs/v020/s4/fp64_d01d03_1h_20260621T162807Z/proofs --scratch-dir proofs/v020/s4/fp64_d01d03_1h_20260621T162807Z/scratch --max-dom 3 --hours 1"
1782059477,2026-06-21T17:31:17+01:00,3104514,3104450,S,19,0.0,0.0,1740,2784,"/usr/bin/time -f wall_s=%e\nmaxrss_kib=%M -o proofs/v020/s4/fp64_d01d03_1h_20260621T162807Z/time.txt taskset -c 0-3 python -m gpuwrf run --input-dir <DATA_ROOT>/wrf_downscale/canary_all7/run --namelist <DATA_ROOT>/wrf_downscale/canary_all7/run/namelist.input --output-dir proofs/v020/s4/fp64_d01d03_1h_20260621T162807Z/output --proof-dir proofs/v020/s4/fp64_d01d03_1h_20260621T162807Z/proofs --scratch-dir proofs/v020/s4/fp64_d01d03_1h_20260621T162807Z/scratch --max-dom 3 --hours 1"
1782059477,2026-06-21T17:31:17+01:00,3104516,3104514,Rl,3,118,10.6,10448592,33123512,"python -m gpuwrf run --input-dir <DATA_ROOT>/wrf_downscale/canary_all7/run --namelist <DATA_ROOT>/wrf_downscale/canary_all7/run/namelist.input --output-dir proofs/v020/s4/fp64_d01d03_1h_20260621T162807Z/output --proof-dir proofs/v020/s4/fp64_d01d03_1h_20260621T162807Z/proofs --scratch-dir proofs/v020/s4/fp64_d01d03_1h_20260621T162807Z/scratch --max-dom 3 --hours 1"
1782059479,2026-06-21T17:31:19+01:00,3104514,3104450,S,19,0.0,0.0,1740,2784,"/usr/bin/time -f wall_s=%e\nmaxrss_kib=%M -o proofs/v020/s4/fp64_d01d03_1h_20260621T162807Z/time.txt taskset -c 0-3 python -m gpuwrf run --input-dir <DATA_ROOT>/wrf_downscale/canary_all7/run --namelist <DATA_ROOT>/wrf_downscale/canary_all7/run/namelist.input --output-dir proofs/v020/s4/fp64_d01d03_1h_20260621T162807Z/output --proof-dir proofs/v020/s4/fp64_d01d03_1h_20260621T162807Z/proofs --scratch-dir proofs/v020/s4/fp64_d01d03_1h_20260621T162807Z/scratch --max-dom 3 --hours 1"
1782059479,2026-06-21T17:31:19+01:00,3104516,3104514,Rl,1,119,10.6,10515992,33190680,"python -m gpuwrf run --input-dir <DATA_ROOT>/wrf_downscale/canary_all7/run --namelist <DATA_ROOT>/wrf_downscale/canary_all7/run/namelist.input --output-dir proofs/v020/s4/fp64_d01d03_1h_20260621T162807Z/output --proof-dir proofs/v020/s4/fp64_d01d03_1h_20260621T162807Z/proofs --scratch-dir proofs/v020/s4/fp64_d01d03_1h_20260621T162807Z/scratch --max-dom 3 --hours 1"
1782059481,2026-06-21T17:31:21+01:00,3104514,3104450,S,19,0.0,0.0,1740,2784,"/usr/bin/time -f wall_s=%e\nmaxrss_kib=%M -o proofs/v020/s4/fp64_d01d03_1h_20260621T162807Z/time.txt taskset -c 0-3 python -m gpuwrf run --input-dir <DATA_ROOT>/wrf_downscale/canary_all7/run --namelist <DATA_ROOT>/wrf_downscale/canary_all7/run/namelist.input --output-dir proofs/v020/s4/fp64_d01d03_1h_20260621T162807Z/output --proof-dir proofs/v020/s4/fp64_d01d03_1h_20260621T162807Z/proofs --scratch-dir proofs/v020/s4/fp64_d01d03_1h_20260621T162807Z/scratch --max-dom 3 --hours 1"
1782059481,2026-06-21T17:31:21+01:00,3104516,3104514,Rl,0,119,11.0,10883440,33558160,"python -m gpuwrf run --input-dir <DATA_ROOT>/wrf_downscale/canary_all7/run --namelist <DATA_ROOT>/wrf_downscale/canary_all7/run/namelist.input --output-dir proofs/v020/s4/fp64_d01d03_1h_20260621T162807Z/output --proof-dir proofs/v020/s4/fp64_d01d03_1h_20260621T162807Z/proofs --scratch-dir proofs/v020/s4/fp64_d01d03_1h_20260621T162807Z/scratch --max-dom 3 --hours 1"
1782059483,2026-06-21T17:31:23+01:00,3104514,3104450,S,19,0.0,0.0,1740,2784,"/usr/bin/time -f wall_s=%e\nmaxrss_kib=%M -o proofs/v020/s4/fp64_d01d03_1h_20260621T162807Z/time.txt taskset -c 0-3 python -m gpuwrf run --input-dir <DATA_ROOT>/wrf_downscale/canary_all7/run --namelist <DATA_ROOT>/wrf_downscale/canary_all7/run/namelist.input --output-dir proofs/v020/s4/fp64_d01d03_1h_20260621T162807Z/output --proof-dir proofs/v020/s4/fp64_d01d03_1h_20260621T162807Z/proofs --scratch-dir proofs/v020/s4/fp64_d01d03_1h_20260621T162807Z/scratch --max-dom 3 --hours 1"
1782059483,2026-06-21T17:31:23+01:00,3104516,3104514,Rl,3,119,11.1,10986496,33661264,"python -m gpuwrf run --input-dir <DATA_ROOT>/wrf_downscale/canary_all7/run --namelist <DATA_ROOT>/wrf_downscale/canary_all7/run/namelist.input --output-dir proofs/v020/s4/fp64_d01d03_1h_20260621T162807Z/output --proof-dir proofs/v020/s4/fp64_d01d03_1h_20260621T162807Z/proofs --scratch-dir proofs/v020/s4/fp64_d01d03_1h_20260621T162807Z/scratch --max-dom 3 --hours 1"
1782059486,2026-06-21T17:31:26+01:00,3104514,3104450,S,19,0.0,0.0,1740,2784,"/usr/bin/time -f wall_s=%e\nmaxrss_kib=%M -o proofs/v020/s4/fp64_d01d03_1h_20260621T162807Z/time.txt taskset -c 0-3 python -m gpuwrf run --input-dir <DATA_ROOT>/wrf_downscale/canary_all7/run --namelist <DATA_ROOT>/wrf_downscale/canary_all7/run/namelist.input --output-dir proofs/v020/s4/fp64_d01d03_1h_20260621T162807Z/output --proof-dir proofs/v020/s4/fp64_d01d03_1h_20260621T162807Z/proofs --scratch-dir proofs/v020/s4/fp64_d01d03_1h_20260621T162807Z/scratch --max-dom 3 --hours 1"
1782059486,2026-06-21T17:31:26+01:00,3104516,3104514,Rl,2,119,11.2,11107140,33782036,"python -m gpuwrf run --input-dir <DATA_ROOT>/wrf_downscale/canary_all7/run --namelist <DATA_ROOT>/wrf_downscale/canary_all7/run/namelist.input --output-dir proofs/v020/s4/fp64_d01d03_1h_20260621T162807Z/output --proof-dir proofs/v020/s4/fp64_d01d03_1h_20260621T162807Z/proofs --scratch-dir proofs/v020/s4/fp64_d01d03_1h_20260621T162807Z/scratch --max-dom 3 --hours 1"
1782059488,2026-06-21T17:31:28+01:00,3104514,3104450,S,19,0.0,0.0,1740,2784,"/usr/bin/time -f wall_s=%e\nmaxrss_kib=%M -o proofs/v020/s4/fp64_d01d03_1h_20260621T162807Z/time.txt taskset -c 0-3 python -m gpuwrf run --input-dir <DATA_ROOT>/wrf_downscale/canary_all7/run --namelist <DATA_ROOT>/wrf_downscale/canary_all7/run/namelist.input --output-dir proofs/v020/s4/fp64_d01d03_1h_20260621T162807Z/output --proof-dir proofs/v020/s4/fp64_d01d03_1h_20260621T162807Z/proofs --scratch-dir proofs/v020/s4/fp64_d01d03_1h_20260621T162807Z/scratch --max-dom 3 --hours 1"
1782059488,2026-06-21T17:31:28+01:00,3104516,3104514,Rl,1,120,11.6,11462204,34137064,"python -m gpuwrf run --input-dir <DATA_ROOT>/wrf_downscale/canary_all7/run --namelist <DATA_ROOT>/wrf_downscale/canary_all7/run/namelist.input --output-dir proofs/v020/s4/fp64_d01d03_1h_20260621T162807Z/output --proof-dir proofs/v020/s4/fp64_d01d03_1h_20260621T162807Z/proofs --scratch-dir proofs/v020/s4/fp64_d01d03_1h_20260621T162807Z/scratch --max-dom 3 --hours 1"
1782059490,2026-06-21T17:31:30+01:00,3104514,3104450,S,19,0.0,0.0,1740,2784,"/usr/bin/time -f wall_s=%e\nmaxrss_kib=%M -o proofs/v020/s4/fp64_d01d03_1h_20260621T162807Z/time.txt taskset -c 0-3 python -m gpuwrf run --input-dir <DATA_ROOT>/wrf_downscale/canary_all7/run --namelist <DATA_ROOT>/wrf_downscale/canary_all7/run/namelist.input --output-dir proofs/v020/s4/fp64_d01d03_1h_20260621T162807Z/output --proof-dir proofs/v020/s4/fp64_d01d03_1h_20260621T162807Z/proofs --scratch-dir proofs/v020/s4/fp64_d01d03_1h_20260621T162807Z/scratch --max-dom 3 --hours 1"
1782059490,2026-06-21T17:31:30+01:00,3104516,3104514,Rl,0,120,11.8,11643412,34317892,"python -m gpuwrf run --input-dir <DATA_ROOT>/wrf_downscale/canary_all7/run --namelist <DATA_ROOT>/wrf_downscale/canary_all7/run/namelist.input --output-dir proofs/v020/s4/fp64_d01d03_1h_20260621T162807Z/output --proof-dir proofs/v020/s4/fp64_d01d03_1h_20260621T162807Z/proofs --scratch-dir proofs/v020/s4/fp64_d01d03_1h_20260621T162807Z/scratch --max-dom 3 --hours 1"
1782059492,2026-06-21T17:31:32+01:00,3104514,3104450,S,19,0.0,0.0,1740,2784,"/usr/bin/time -f wall_s=%e\nmaxrss_kib=%M -o proofs/v020/s4/fp64_d01d03_1h_20260621T162807Z/time.txt taskset -c 0-3 python -m gpuwrf run --input-dir <DATA_ROOT>/wrf_downscale/canary_all7/run --namelist <DATA_ROOT>/wrf_downscale/canary_all7/run/namelist.input --output-dir proofs/v020/s4/fp64_d01d03_1h_20260621T162807Z/output --proof-dir proofs/v020/s4/fp64_d01d03_1h_20260621T162807Z/proofs --scratch-dir proofs/v020/s4/fp64_d01d03_1h_20260621T162807Z/scratch --max-dom 3 --hours 1"
1782059492,2026-06-21T17:31:32+01:00,3104516,3104514,Sl,3,120,12.1,11907076,34581508,"python -m gpuwrf run --input-dir <DATA_ROOT>/wrf_downscale/canary_all7/run --namelist <DATA_ROOT>/wrf_downscale/canary_all7/run/namelist.input --output-dir proofs/v020/s4/fp64_d01d03_1h_20260621T162807Z/output --proof-dir proofs/v020/s4/fp64_d01d03_1h_20260621T162807Z/proofs --scratch-dir proofs/v020/s4/fp64_d01d03_1h_20260621T162807Z/scratch --max-dom 3 --hours 1"
1782059494,2026-06-21T17:31:34+01:00,3104514,3104450,S,19,0.0,0.0,1740,2784,"/usr/bin/time -f wall_s=%e\nmaxrss_kib=%M -o proofs/v020/s4/fp64_d01d03_1h_20260621T162807Z/time.txt taskset -c 0-3 python -m gpuwrf run --input-dir <DATA_ROOT>/wrf_downscale/canary_all7/run --namelist <DATA_ROOT>/wrf_downscale/canary_all7/run/namelist.input --output-dir proofs/v020/s4/fp64_d01d03_1h_20260621T162807Z/output --proof-dir proofs/v020/s4/fp64_d01d03_1h_20260621T162807Z/proofs --scratch-dir proofs/v020/s4/fp64_d01d03_1h_20260621T162807Z/scratch --max-dom 3 --hours 1"
1782059494,2026-06-21T17:31:34+01:00,3104516,3104514,Rl,3,120,12.3,12149512,34825216,"python -m gpuwrf run --input-dir <DATA_ROOT>/wrf_downscale/canary_all7/run --namelist <DATA_ROOT>/wrf_downscale/canary_all7/run/namelist.input --output-dir proofs/v020/s4/fp64_d01d03_1h_20260621T162807Z/output --proof-dir proofs/v020/s4/fp64_d01d03_1h_20260621T162807Z/proofs --scratch-dir proofs/v020/s4/fp64_d01d03_1h_20260621T162807Z/scratch --max-dom 3 --hours 1"
1782059496,2026-06-21T17:31:36+01:00,3104514,3104450,S,19,0.0,0.0,1740,2784,"/usr/bin/time -f wall_s=%e\nmaxrss_kib=%M -o proofs/v020/s4/fp64_d01d03_1h_20260621T162807Z/time.txt taskset -c 0-3 python -m gpuwrf run --input-dir <DATA_ROOT>/wrf_downscale/canary_all7/run --namelist <DATA_ROOT>/wrf_downscale/canary_all7/run/namelist.input --output-dir proofs/v020/s4/fp64_d01d03_1h_20260621T162807Z/output --proof-dir proofs/v020/s4/fp64_d01d03_1h_20260621T162807Z/proofs --scratch-dir proofs/v020/s4/fp64_d01d03_1h_20260621T162807Z/scratch --max-dom 3 --hours 1"
1782059496,2026-06-21T17:31:36+01:00,3104516,3104514,Rl,3,120,12.4,12229676,34905648,"python -m gpuwrf run --input-dir <DATA_ROOT>/wrf_downscale/canary_all7/run --namelist <DATA_ROOT>/wrf_downscale/canary_all7/run/namelist.input --output-dir proofs/v020/s4/fp64_d01d03_1h_20260621T162807Z/output --proof-dir proofs/v020/s4/fp64_d01d03_1h_20260621T162807Z/proofs --scratch-dir proofs/v020/s4/fp64_d01d03_1h_20260621T162807Z/scratch --max-dom 3 --hours 1"
1782059498,2026-06-21T17:31:38+01:00,3104514,3104450,S,19,0.0,0.0,1740,2784,"/usr/bin/time -f wall_s=%e\nmaxrss_kib=%M -o proofs/v020/s4/fp64_d01d03_1h_20260621T162807Z/time.txt taskset -c 0-3 python -m gpuwrf run --input-dir <DATA_ROOT>/wrf_downscale/canary_all7/run --namelist <DATA_ROOT>/wrf_downscale/canary_all7/run/namelist.input --output-dir proofs/v020/s4/fp64_d01d03_1h_20260621T162807Z/output --proof-dir proofs/v020/s4/fp64_d01d03_1h_20260621T162807Z/proofs --scratch-dir proofs/v020/s4/fp64_d01d03_1h_20260621T162807Z/scratch --max-dom 3 --hours 1"
1782059498,2026-06-21T17:31:38+01:00,3104516,3104514,Rl,2,120,12.5,12346696,35022584,"python -m gpuwrf run --input-dir <DATA_ROOT>/wrf_downscale/canary_all7/run --namelist <DATA_ROOT>/wrf_downscale/canary_all7/run/namelist.input --output-dir proofs/v020/s4/fp64_d01d03_1h_20260621T162807Z/output --proof-dir proofs/v020/s4/fp64_d01d03_1h_20260621T162807Z/proofs --scratch-dir proofs/v020/s4/fp64_d01d03_1h_20260621T162807Z/scratch --max-dom 3 --hours 1"
1782059500,2026-06-21T17:31:40+01:00,3104514,3104450,S,19,0.0,0.0,1740,2784,"/usr/bin/time -f wall_s=%e\nmaxrss_kib=%M -o proofs/v020/s4/fp64_d01d03_1h_20260621T162807Z/time.txt taskset -c 0-3 python -m gpuwrf run --input-dir <DATA_ROOT>/wrf_downscale/canary_all7/run --namelist <DATA_ROOT>/wrf_downscale/canary_all7/run/namelist.input --output-dir proofs/v020/s4/fp64_d01d03_1h_20260621T162807Z/output --proof-dir proofs/v020/s4/fp64_d01d03_1h_20260621T162807Z/proofs --scratch-dir proofs/v020/s4/fp64_d01d03_1h_20260621T162807Z/scratch --max-dom 3 --hours 1"
1782059500,2026-06-21T17:31:40+01:00,3104516,3104514,Rl,3,120,12.7,12535172,35211804,"python -m gpuwrf run --input-dir <DATA_ROOT>/wrf_downscale/canary_all7/run --namelist <DATA_ROOT>/wrf_downscale/canary_all7/run/namelist.input --output-dir proofs/v020/s4/fp64_d01d03_1h_20260621T162807Z/output --proof-dir proofs/v020/s4/fp64_d01d03_1h_20260621T162807Z/proofs --scratch-dir proofs/v020/s4/fp64_d01d03_1h_20260621T162807Z/scratch --max-dom 3 --hours 1"
1782059502,2026-06-21T17:31:42+01:00,3104514,3104450,S,19,0.0,0.0,1740,2784,"/usr/bin/time -f wall_s=%e\nmaxrss_kib=%M -o proofs/v020/s4/fp64_d01d03_1h_20260621T162807Z/time.txt taskset -c 0-3 python -m gpuwrf run --input-dir <DATA_ROOT>/wrf_downscale/canary_all7/run --namelist <DATA_ROOT>/wrf_downscale/canary_all7/run/namelist.input --output-dir proofs/v020/s4/fp64_d01d03_1h_20260621T162807Z/output --proof-dir proofs/v020/s4/fp64_d01d03_1h_20260621T162807Z/proofs --scratch-dir proofs/v020/s4/fp64_d01d03_1h_20260621T162807Z/scratch --max-dom 3 --hours 1"
1782059502,2026-06-21T17:31:42+01:00,3104516,3104514,Rl,2,120,12.8,12613552,35291300,"python -m gpuwrf run --input-dir <DATA_ROOT>/wrf_downscale/canary_all7/run --namelist <DATA_ROOT>/wrf_downscale/canary_all7/run/namelist.input --output-dir proofs/v020/s4/fp64_d01d03_1h_20260621T162807Z/output --proof-dir proofs/v020/s4/fp64_d01d03_1h_20260621T162807Z/proofs --scratch-dir proofs/v020/s4/fp64_d01d03_1h_20260621T162807Z/scratch --max-dom 3 --hours 1"
1782059505,2026-06-21T17:31:45+01:00,3104514,3104450,S,19,0.0,0.0,1740,2784,"/usr/bin/time -f wall_s=%e\nmaxrss_kib=%M -o proofs/v020/s4/fp64_d01d03_1h_20260621T162807Z/time.txt taskset -c 0-3 python -m gpuwrf run --input-dir <DATA_ROOT>/wrf_downscale/canary_all7/run --namelist <DATA_ROOT>/wrf_downscale/canary_all7/run/namelist.input --output-dir proofs/v020/s4/fp64_d01d03_1h_20260621T162807Z/output --proof-dir proofs/v020/s4/fp64_d01d03_1h_20260621T162807Z/proofs --scratch-dir proofs/v020/s4/fp64_d01d03_1h_20260621T162807Z/scratch --max-dom 3 --hours 1"
1782059505,2026-06-21T17:31:45+01:00,3104516,3104514,Rl,0,120,12.8,12668732,35346704,"python -m gpuwrf run --input-dir <DATA_ROOT>/wrf_downscale/canary_all7/run --namelist <DATA_ROOT>/wrf_downscale/canary_all7/run/namelist.input --output-dir proofs/v020/s4/fp64_d01d03_1h_20260621T162807Z/output --proof-dir proofs/v020/s4/fp64_d01d03_1h_20260621T162807Z/proofs --scratch-dir proofs/v020/s4/fp64_d01d03_1h_20260621T162807Z/scratch --max-dom 3 --hours 1"
1782059507,2026-06-21T17:31:47+01:00,3104514,3104450,S,19,0.0,0.0,1740,2784,"/usr/bin/time -f wall_s=%e\nmaxrss_kib=%M -o proofs/v020/s4/fp64_d01d03_1h_20260621T162807Z/time.txt taskset -c 0-3 python -m gpuwrf run --input-dir <DATA_ROOT>/wrf_downscale/canary_all7/run --namelist <DATA_ROOT>/wrf_downscale/canary_all7/run/namelist.input --output-dir proofs/v020/s4/fp64_d01d03_1h_20260621T162807Z/output --proof-dir proofs/v020/s4/fp64_d01d03_1h_20260621T162807Z/proofs --scratch-dir proofs/v020/s4/fp64_d01d03_1h_20260621T162807Z/scratch --max-dom 3 --hours 1"
1782059507,2026-06-21T17:31:47+01:00,3104516,3104514,Rl,0,120,12.9,12735324,35413284,"python -m gpuwrf run --input-dir <DATA_ROOT>/wrf_downscale/canary_all7/run --namelist <DATA_ROOT>/wrf_downscale/canary_all7/run/namelist.input --output-dir proofs/v020/s4/fp64_d01d03_1h_20260621T162807Z/output --proof-dir proofs/v020/s4/fp64_d01d03_1h_20260621T162807Z/proofs --scratch-dir proofs/v020/s4/fp64_d01d03_1h_20260621T162807Z/scratch --max-dom 3 --hours 1"
1782059509,2026-06-21T17:31:49+01:00,3104514,3104450,S,19,0.0,0.0,1740,2784,"/usr/bin/time -f wall_s=%e\nmaxrss_kib=%M -o proofs/v020/s4/fp64_d01d03_1h_20260621T162807Z/time.txt taskset -c 0-3 python -m gpuwrf run --input-dir <DATA_ROOT>/wrf_downscale/canary_all7/run --namelist <DATA_ROOT>/wrf_downscale/canary_all7/run/namelist.input --output-dir proofs/v020/s4/fp64_d01d03_1h_20260621T162807Z/output --proof-dir proofs/v020/s4/fp64_d01d03_1h_20260621T162807Z/proofs --scratch-dir proofs/v020/s4/fp64_d01d03_1h_20260621T162807Z/scratch --max-dom 3 --hours 1"
1782059509,2026-06-21T17:31:49+01:00,3104516,3104514,Sl,2,121,12.9,12762372,35440296,"python -m gpuwrf run --input-dir <DATA_ROOT>/wrf_downscale/canary_all7/run --namelist <DATA_ROOT>/wrf_downscale/canary_all7/run/namelist.input --output-dir proofs/v020/s4/fp64_d01d03_1h_20260621T162807Z/output --proof-dir proofs/v020/s4/fp64_d01d03_1h_20260621T162807Z/proofs --scratch-dir proofs/v020/s4/fp64_d01d03_1h_20260621T162807Z/scratch --max-dom 3 --hours 1"
1782059511,2026-06-21T17:31:51+01:00,3104514,3104450,S,19,0.0,0.0,1740,2784,"/usr/bin/time -f wall_s=%e\nmaxrss_kib=%M -o proofs/v020/s4/fp64_d01d03_1h_20260621T162807Z/time.txt taskset -c 0-3 python -m gpuwrf run --input-dir <DATA_ROOT>/wrf_downscale/canary_all7/run --namelist <DATA_ROOT>/wrf_downscale/canary_all7/run/namelist.input --output-dir proofs/v020/s4/fp64_d01d03_1h_20260621T162807Z/output --proof-dir proofs/v020/s4/fp64_d01d03_1h_20260621T162807Z/proofs --scratch-dir proofs/v020/s4/fp64_d01d03_1h_20260621T162807Z/scratch --max-dom 3 --hours 1"
1782059511,2026-06-21T17:31:51+01:00,3104516,3104514,Rl,0,121,13.0,12873160,35555616,"python -m gpuwrf run --input-dir <DATA_ROOT>/wrf_downscale/canary_all7/run --namelist <DATA_ROOT>/wrf_downscale/canary_all7/run/namelist.input --output-dir proofs/v020/s4/fp64_d01d03_1h_20260621T162807Z/output --proof-dir proofs/v020/s4/fp64_d01d03_1h_20260621T162807Z/proofs --scratch-dir proofs/v020/s4/fp64_d01d03_1h_20260621T162807Z/scratch --max-dom 3 --hours 1"
1782059513,2026-06-21T17:31:53+01:00,3104514,3104450,S,19,0.0,0.0,1740,2784,"/usr/bin/time -f wall_s=%e\nmaxrss_kib=%M -o proofs/v020/s4/fp64_d01d03_1h_20260621T162807Z/time.txt taskset -c 0-3 python -m gpuwrf run --input-dir <DATA_ROOT>/wrf_downscale/canary_all7/run --namelist <DATA_ROOT>/wrf_downscale/canary_all7/run/namelist.input --output-dir proofs/v020/s4/fp64_d01d03_1h_20260621T162807Z/output --proof-dir proofs/v020/s4/fp64_d01d03_1h_20260621T162807Z/proofs --scratch-dir proofs/v020/s4/fp64_d01d03_1h_20260621T162807Z/scratch --max-dom 3 --hours 1"
1782059513,2026-06-21T17:31:53+01:00,3104516,3104514,Sl,0,121,13.1,12941336,35623752,"python -m gpuwrf run --input-dir <DATA_ROOT>/wrf_downscale/canary_all7/run --namelist <DATA_ROOT>/wrf_downscale/canary_all7/run/namelist.input --output-dir proofs/v020/s4/fp64_d01d03_1h_20260621T162807Z/output --proof-dir proofs/v020/s4/fp64_d01d03_1h_20260621T162807Z/proofs --scratch-dir proofs/v020/s4/fp64_d01d03_1h_20260621T162807Z/scratch --max-dom 3 --hours 1"
1782059515,2026-06-21T17:31:55+01:00,3104514,3104450,S,19,0.0,0.0,1740,2784,"/usr/bin/time -f wall_s=%e\nmaxrss_kib=%M -o proofs/v020/s4/fp64_d01d03_1h_20260621T162807Z/time.txt taskset -c 0-3 python -m gpuwrf run --input-dir <DATA_ROOT>/wrf_downscale/canary_all7/run --namelist <DATA_ROOT>/wrf_downscale/canary_all7/run/namelist.input --output-dir proofs/v020/s4/fp64_d01d03_1h_20260621T162807Z/output --proof-dir proofs/v020/s4/fp64_d01d03_1h_20260621T162807Z/proofs --scratch-dir proofs/v020/s4/fp64_d01d03_1h_20260621T162807Z/scratch --max-dom 3 --hours 1"
1782059515,2026-06-21T17:31:55+01:00,3104516,3104514,Rl,2,121,13.2,13006420,35691048,"python -m gpuwrf run --input-dir <DATA_ROOT>/wrf_downscale/canary_all7/run --namelist <DATA_ROOT>/wrf_downscale/canary_all7/run/namelist.input --output-dir proofs/v020/s4/fp64_d01d03_1h_20260621T162807Z/output --proof-dir proofs/v020/s4/fp64_d01d03_1h_20260621T162807Z/proofs --scratch-dir proofs/v020/s4/fp64_d01d03_1h_20260621T162807Z/scratch --max-dom 3 --hours 1"
1782059517,2026-06-21T17:31:57+01:00,3104514,3104450,S,19,0.0,0.0,1740,2784,"/usr/bin/time -f wall_s=%e\nmaxrss_kib=%M -o proofs/v020/s4/fp64_d01d03_1h_20260621T162807Z/time.txt taskset -c 0-3 python -m gpuwrf run --input-dir <DATA_ROOT>/wrf_downscale/canary_all7/run --namelist <DATA_ROOT>/wrf_downscale/canary_all7/run/namelist.input --output-dir proofs/v020/s4/fp64_d01d03_1h_20260621T162807Z/output --proof-dir proofs/v020/s4/fp64_d01d03_1h_20260621T162807Z/proofs --scratch-dir proofs/v020/s4/fp64_d01d03_1h_20260621T162807Z/scratch --max-dom 3 --hours 1"
1782059517,2026-06-21T17:31:57+01:00,3104516,3104514,Rl,3,121,13.4,13245312,35930692,"python -m gpuwrf run --input-dir <DATA_ROOT>/wrf_downscale/canary_all7/run --namelist <DATA_ROOT>/wrf_downscale/canary_all7/run/namelist.input --output-dir proofs/v020/s4/fp64_d01d03_1h_20260621T162807Z/output --proof-dir proofs/v020/s4/fp64_d01d03_1h_20260621T162807Z/proofs --scratch-dir proofs/v020/s4/fp64_d01d03_1h_20260621T162807Z/scratch --max-dom 3 --hours 1"
1782059519,2026-06-21T17:31:59+01:00,3104514,3104450,S,19,0.0,0.0,1740,2784,"/usr/bin/time -f wall_s=%e\nmaxrss_kib=%M -o proofs/v020/s4/fp64_d01d03_1h_20260621T162807Z/time.txt taskset -c 0-3 python -m gpuwrf run --input-dir <DATA_ROOT>/wrf_downscale/canary_all7/run --namelist <DATA_ROOT>/wrf_downscale/canary_all7/run/namelist.input --output-dir proofs/v020/s4/fp64_d01d03_1h_20260621T162807Z/output --proof-dir proofs/v020/s4/fp64_d01d03_1h_20260621T162807Z/proofs --scratch-dir proofs/v020/s4/fp64_d01d03_1h_20260621T162807Z/scratch --max-dom 3 --hours 1"
1782059519,2026-06-21T17:31:59+01:00,3104516,3104514,Rl,2,122,13.6,13440936,36129084,"python -m gpuwrf run --input-dir <DATA_ROOT>/wrf_downscale/canary_all7/run --namelist <DATA_ROOT>/wrf_downscale/canary_all7/run/namelist.input --output-dir proofs/v020/s4/fp64_d01d03_1h_20260621T162807Z/output --proof-dir proofs/v020/s4/fp64_d01d03_1h_20260621T162807Z/proofs --scratch-dir proofs/v020/s4/fp64_d01d03_1h_20260621T162807Z/scratch --max-dom 3 --hours 1"
1782059522,2026-06-21T17:32:02+01:00,3104514,3104450,S,19,0.0,0.0,1740,2784,"/usr/bin/time -f wall_s=%e\nmaxrss_kib=%M -o proofs/v020/s4/fp64_d01d03_1h_20260621T162807Z/time.txt taskset -c 0-3 python -m gpuwrf run --input-dir <DATA_ROOT>/wrf_downscale/canary_all7/run --namelist <DATA_ROOT>/wrf_downscale/canary_all7/run/namelist.input --output-dir proofs/v020/s4/fp64_d01d03_1h_20260621T162807Z/output --proof-dir proofs/v020/s4/fp64_d01d03_1h_20260621T162807Z/proofs --scratch-dir proofs/v020/s4/fp64_d01d03_1h_20260621T162807Z/scratch --max-dom 3 --hours 1"
1782059522,2026-06-21T17:32:02+01:00,3104516,3104514,Rl,0,122,13.8,13634112,36321004,"python -m gpuwrf run --input-dir <DATA_ROOT>/wrf_downscale/canary_all7/run --namelist <DATA_ROOT>/wrf_downscale/canary_all7/run/namelist.input --output-dir proofs/v020/s4/fp64_d01d03_1h_20260621T162807Z/output --proof-dir proofs/v020/s4/fp64_d01d03_1h_20260621T162807Z/proofs --scratch-dir proofs/v020/s4/fp64_d01d03_1h_20260621T162807Z/scratch --max-dom 3 --hours 1"
1782059524,2026-06-21T17:32:04+01:00,3104514,3104450,S,19,0.0,0.0,1740,2784,"/usr/bin/time -f wall_s=%e\nmaxrss_kib=%M -o proofs/v020/s4/fp64_d01d03_1h_20260621T162807Z/time.txt taskset -c 0-3 python -m gpuwrf run --input-dir <DATA_ROOT>/wrf_downscale/canary_all7/run --namelist <DATA_ROOT>/wrf_downscale/canary_all7/run/namelist.input --output-dir proofs/v020/s4/fp64_d01d03_1h_20260621T162807Z/output --proof-dir proofs/v020/s4/fp64_d01d03_1h_20260621T162807Z/proofs --scratch-dir proofs/v020/s4/fp64_d01d03_1h_20260621T162807Z/scratch --max-dom 3 --hours 1"
1782059524,2026-06-21T17:32:04+01:00,3104516,3104514,Sl,3,122,13.9,13702792,36389616,"python -m gpuwrf run --input-dir <DATA_ROOT>/wrf_downscale/canary_all7/run --namelist <DATA_ROOT>/wrf_downscale/canary_all7/run/namelist.input --output-dir proofs/v020/s4/fp64_d01d03_1h_20260621T162807Z/output --proof-dir proofs/v020/s4/fp64_d01d03_1h_20260621T162807Z/proofs --scratch-dir proofs/v020/s4/fp64_d01d03_1h_20260621T162807Z/scratch --max-dom 3 --hours 1"
1782059526,2026-06-21T17:32:06+01:00,3104514,3104450,S,19,0.0,0.0,1740,2784,"/usr/bin/time -f wall_s=%e\nmaxrss_kib=%M -o proofs/v020/s4/fp64_d01d03_1h_20260621T162807Z/time.txt taskset -c 0-3 python -m gpuwrf run --input-dir <DATA_ROOT>/wrf_downscale/canary_all7/run --namelist <DATA_ROOT>/wrf_downscale/canary_all7/run/namelist.input --output-dir proofs/v020/s4/fp64_d01d03_1h_20260621T162807Z/output --proof-dir proofs/v020/s4/fp64_d01d03_1h_20260621T162807Z/proofs --scratch-dir proofs/v020/s4/fp64_d01d03_1h_20260621T162807Z/scratch --max-dom 3 --hours 1"
1782059526,2026-06-21T17:32:06+01:00,3104516,3104514,Sl,0,122,14.1,13880380,36568776,"python -m gpuwrf run --input-dir <DATA_ROOT>/wrf_downscale/canary_all7/run --namelist <DATA_ROOT>/wrf_downscale/canary_all7/run/namelist.input --output-dir proofs/v020/s4/fp64_d01d03_1h_20260621T162807Z/output --proof-dir proofs/v020/s4/fp64_d01d03_1h_20260621T162807Z/proofs --scratch-dir proofs/v020/s4/fp64_d01d03_1h_20260621T162807Z/scratch --max-dom 3 --hours 1"
1782059528,2026-06-21T17:32:08+01:00,3104514,3104450,S,19,0.0,0.0,1740,2784,"/usr/bin/time -f wall_s=%e\nmaxrss_kib=%M -o proofs/v020/s4/fp64_d01d03_1h_20260621T162807Z/time.txt taskset -c 0-3 python -m gpuwrf run --input-dir <DATA_ROOT>/wrf_downscale/canary_all7/run --namelist <DATA_ROOT>/wrf_downscale/canary_all7/run/namelist.input --output-dir proofs/v020/s4/fp64_d01d03_1h_20260621T162807Z/output --proof-dir proofs/v020/s4/fp64_d01d03_1h_20260621T162807Z/proofs --scratch-dir proofs/v020/s4/fp64_d01d03_1h_20260621T162807Z/scratch --max-dom 3 --hours 1"
1782059528,2026-06-21T17:32:08+01:00,3104516,3104514,Rl,0,123,14.3,14160780,36847324,"python -m gpuwrf run --input-dir <DATA_ROOT>/wrf_downscale/canary_all7/run --namelist <DATA_ROOT>/wrf_downscale/canary_all7/run/namelist.input --output-dir proofs/v020/s4/fp64_d01d03_1h_20260621T162807Z/output --proof-dir proofs/v020/s4/fp64_d01d03_1h_20260621T162807Z/proofs --scratch-dir proofs/v020/s4/fp64_d01d03_1h_20260621T162807Z/scratch --max-dom 3 --hours 1"
1782059530,2026-06-21T17:32:10+01:00,3104514,3104450,S,19,0.0,0.0,1740,2784,"/usr/bin/time -f wall_s=%e\nmaxrss_kib=%M -o proofs/v020/s4/fp64_d01d03_1h_20260621T162807Z/time.txt taskset -c 0-3 python -m gpuwrf run --input-dir <DATA_ROOT>/wrf_downscale/canary_all7/run --namelist <DATA_ROOT>/wrf_downscale/canary_all7/run/namelist.input --output-dir proofs/v020/s4/fp64_d01d03_1h_20260621T162807Z/output --proof-dir proofs/v020/s4/fp64_d01d03_1h_20260621T162807Z/proofs --scratch-dir proofs/v020/s4/fp64_d01d03_1h_20260621T162807Z/scratch --max-dom 3 --hours 1"
1782059530,2026-06-21T17:32:10+01:00,3104516,3104514,Rl,1,123,14.5,14289988,36982280,"python -m gpuwrf run --input-dir <DATA_ROOT>/wrf_downscale/canary_all7/run --namelist <DATA_ROOT>/wrf_downscale/canary_all7/run/namelist.input --output-dir proofs/v020/s4/fp64_d01d03_1h_20260621T162807Z/output --proof-dir proofs/v020/s4/fp64_d01d03_1h_20260621T162807Z/proofs --scratch-dir proofs/v020/s4/fp64_d01d03_1h_20260621T162807Z/scratch --max-dom 3 --hours 1"
1782059532,2026-06-21T17:32:12+01:00,3104514,3104450,S,19,0.0,0.0,1740,2784,"/usr/bin/time -f wall_s=%e\nmaxrss_kib=%M -o proofs/v020/s4/fp64_d01d03_1h_20260621T162807Z/time.txt taskset -c 0-3 python -m gpuwrf run --input-dir <DATA_ROOT>/wrf_downscale/canary_all7/run --namelist <DATA_ROOT>/wrf_downscale/canary_all7/run/namelist.input --output-dir proofs/v020/s4/fp64_d01d03_1h_20260621T162807Z/output --proof-dir proofs/v020/s4/fp64_d01d03_1h_20260621T162807Z/proofs --scratch-dir proofs/v020/s4/fp64_d01d03_1h_20260621T162807Z/scratch --max-dom 3 --hours 1"
1782059532,2026-06-21T17:32:12+01:00,3104516,3104514,Rl,3,123,14.5,14303504,36995568,"python -m gpuwrf run --input-dir <DATA_ROOT>/wrf_downscale/canary_all7/run --namelist <DATA_ROOT>/wrf_downscale/canary_all7/run/namelist.input --output-dir proofs/v020/s4/fp64_d01d03_1h_20260621T162807Z/output --proof-dir proofs/v020/s4/fp64_d01d03_1h_20260621T162807Z/proofs --scratch-dir proofs/v020/s4/fp64_d01d03_1h_20260621T162807Z/scratch --max-dom 3 --hours 1"
1782059534,2026-06-21T17:32:14+01:00,3104514,3104450,S,19,0.0,0.0,1740,2784,"/usr/bin/time -f wall_s=%e\nmaxrss_kib=%M -o proofs/v020/s4/fp64_d01d03_1h_20260621T162807Z/time.txt taskset -c 0-3 python -m gpuwrf run --input-dir <DATA_ROOT>/wrf_downscale/canary_all7/run --namelist <DATA_ROOT>/wrf_downscale/canary_all7/run/namelist.input --output-dir proofs/v020/s4/fp64_d01d03_1h_20260621T162807Z/output --proof-dir proofs/v020/s4/fp64_d01d03_1h_20260621T162807Z/proofs --scratch-dir proofs/v020/s4/fp64_d01d03_1h_20260621T162807Z/scratch --max-dom 3 --hours 1"
1782059534,2026-06-21T17:32:14+01:00,3104516,3104514,Sl,0,123,14.5,14323120,37015192,"python -m gpuwrf run --input-dir <DATA_ROOT>/wrf_downscale/canary_all7/run --namelist <DATA_ROOT>/wrf_downscale/canary_all7/run/namelist.input --output-dir proofs/v020/s4/fp64_d01d03_1h_20260621T162807Z/output --proof-dir proofs/v020/s4/fp64_d01d03_1h_20260621T162807Z/proofs --scratch-dir proofs/v020/s4/fp64_d01d03_1h_20260621T162807Z/scratch --max-dom 3 --hours 1"
1782059537,2026-06-21T17:32:17+01:00,3104514,3104450,S,19,0.0,0.0,1740,2784,"/usr/bin/time -f wall_s=%e\nmaxrss_kib=%M -o proofs/v020/s4/fp64_d01d03_1h_20260621T162807Z/time.txt taskset -c 0-3 python -m gpuwrf run --input-dir <DATA_ROOT>/wrf_downscale/canary_all7/run --namelist <DATA_ROOT>/wrf_downscale/canary_all7/run/namelist.input --output-dir proofs/v020/s4/fp64_d01d03_1h_20260621T162807Z/output --proof-dir proofs/v020/s4/fp64_d01d03_1h_20260621T162807Z/proofs --scratch-dir proofs/v020/s4/fp64_d01d03_1h_20260621T162807Z/scratch --max-dom 3 --hours 1"
1782059537,2026-06-21T17:32:17+01:00,3104516,3104514,Rl,2,123,15.0,14848080,37544724,"python -m gpuwrf run --input-dir <DATA_ROOT>/wrf_downscale/canary_all7/run --namelist <DATA_ROOT>/wrf_downscale/canary_all7/run/namelist.input --output-dir proofs/v020/s4/fp64_d01d03_1h_20260621T162807Z/output --proof-dir proofs/v020/s4/fp64_d01d03_1h_20260621T162807Z/proofs --scratch-dir proofs/v020/s4/fp64_d01d03_1h_20260621T162807Z/scratch --max-dom 3 --hours 1"
1782059539,2026-06-21T17:32:19+01:00,3104514,3104450,S,19,0.0,0.0,1740,2784,"/usr/bin/time -f wall_s=%e\nmaxrss_kib=%M -o proofs/v020/s4/fp64_d01d03_1h_20260621T162807Z/time.txt taskset -c 0-3 python -m gpuwrf run --input-dir <DATA_ROOT>/wrf_downscale/canary_all7/run --namelist <DATA_ROOT>/wrf_downscale/canary_all7/run/namelist.input --output-dir proofs/v020/s4/fp64_d01d03_1h_20260621T162807Z/output --proof-dir proofs/v020/s4/fp64_d01d03_1h_20260621T162807Z/proofs --scratch-dir proofs/v020/s4/fp64_d01d03_1h_20260621T162807Z/scratch --max-dom 3 --hours 1"
1782059539,2026-06-21T17:32:19+01:00,3104516,3104514,Rl,2,123,15.1,14945068,37641776,"python -m gpuwrf run --input-dir <DATA_ROOT>/wrf_downscale/canary_all7/run --namelist <DATA_ROOT>/wrf_downscale/canary_all7/run/namelist.input --output-dir proofs/v020/s4/fp64_d01d03_1h_20260621T162807Z/output --proof-dir proofs/v020/s4/fp64_d01d03_1h_20260621T162807Z/proofs --scratch-dir proofs/v020/s4/fp64_d01d03_1h_20260621T162807Z/scratch --max-dom 3 --hours 1"
1782059541,2026-06-21T17:32:21+01:00,3104514,3104450,S,19,0.0,0.0,1740,2784,"/usr/bin/time -f wall_s=%e\nmaxrss_kib=%M -o proofs/v020/s4/fp64_d01d03_1h_20260621T162807Z/time.txt taskset -c 0-3 python -m gpuwrf run --input-dir <DATA_ROOT>/wrf_downscale/canary_all7/run --namelist <DATA_ROOT>/wrf_downscale/canary_all7/run/namelist.input --output-dir proofs/v020/s4/fp64_d01d03_1h_20260621T162807Z/output --proof-dir proofs/v020/s4/fp64_d01d03_1h_20260621T162807Z/proofs --scratch-dir proofs/v020/s4/fp64_d01d03_1h_20260621T162807Z/scratch --max-dom 3 --hours 1"
1782059541,2026-06-21T17:32:21+01:00,3104516,3104514,Rl,3,123,15.2,14970812,37667340,"python -m gpuwrf run --input-dir <DATA_ROOT>/wrf_downscale/canary_all7/run --namelist <DATA_ROOT>/wrf_downscale/canary_all7/run/namelist.input --output-dir proofs/v020/s4/fp64_d01d03_1h_20260621T162807Z/output --proof-dir proofs/v020/s4/fp64_d01d03_1h_20260621T162807Z/proofs --scratch-dir proofs/v020/s4/fp64_d01d03_1h_20260621T162807Z/scratch --max-dom 3 --hours 1"
1782059543,2026-06-21T17:32:23+01:00,3104514,3104450,S,19,0.0,0.0,1740,2784,"/usr/bin/time -f wall_s=%e\nmaxrss_kib=%M -o proofs/v020/s4/fp64_d01d03_1h_20260621T162807Z/time.txt taskset -c 0-3 python -m gpuwrf run --input-dir <DATA_ROOT>/wrf_downscale/canary_all7/run --namelist <DATA_ROOT>/wrf_downscale/canary_all7/run/namelist.input --output-dir proofs/v020/s4/fp64_d01d03_1h_20260621T162807Z/output --proof-dir proofs/v020/s4/fp64_d01d03_1h_20260621T162807Z/proofs --scratch-dir proofs/v020/s4/fp64_d01d03_1h_20260621T162807Z/scratch --max-dom 3 --hours 1"
1782059543,2026-06-21T17:32:23+01:00,3104516,3104514,Rl,3,123,15.6,15448684,38144576,"python -m gpuwrf run --input-dir <DATA_ROOT>/wrf_downscale/canary_all7/run --namelist <DATA_ROOT>/wrf_downscale/canary_all7/run/namelist.input --output-dir proofs/v020/s4/fp64_d01d03_1h_20260621T162807Z/output --proof-dir proofs/v020/s4/fp64_d01d03_1h_20260621T162807Z/proofs --scratch-dir proofs/v020/s4/fp64_d01d03_1h_20260621T162807Z/scratch --max-dom 3 --hours 1"
1782059545,2026-06-21T17:32:25+01:00,3104514,3104450,S,19,0.0,0.0,1740,2784,"/usr/bin/time -f wall_s=%e\nmaxrss_kib=%M -o proofs/v020/s4/fp64_d01d03_1h_20260621T162807Z/time.txt taskset -c 0-3 python -m gpuwrf run --input-dir <DATA_ROOT>/wrf_downscale/canary_all7/run --namelist <DATA_ROOT>/wrf_downscale/canary_all7/run/namelist.input --output-dir proofs/v020/s4/fp64_d01d03_1h_20260621T162807Z/output --proof-dir proofs/v020/s4/fp64_d01d03_1h_20260621T162807Z/proofs --scratch-dir proofs/v020/s4/fp64_d01d03_1h_20260621T162807Z/scratch --max-dom 3 --hours 1"
1782059545,2026-06-21T17:32:25+01:00,3104516,3104514,Sl,2,124,15.7,15486388,38181892,"python -m gpuwrf run --input-dir <DATA_ROOT>/wrf_downscale/canary_all7/run --namelist <DATA_ROOT>/wrf_downscale/canary_all7/run/namelist.input --output-dir proofs/v020/s4/fp64_d01d03_1h_20260621T162807Z/output --proof-dir proofs/v020/s4/fp64_d01d03_1h_20260621T162807Z/proofs --scratch-dir proofs/v020/s4/fp64_d01d03_1h_20260621T162807Z/scratch --max-dom 3 --hours 1"
1782059547,2026-06-21T17:32:27+01:00,3104514,3104450,S,19,0.0,0.0,1740,2784,"/usr/bin/time -f wall_s=%e\nmaxrss_kib=%M -o proofs/v020/s4/fp64_d01d03_1h_20260621T162807Z/time.txt taskset -c 0-3 python -m gpuwrf run --input-dir <DATA_ROOT>/wrf_downscale/canary_all7/run --namelist <DATA_ROOT>/wrf_downscale/canary_all7/run/namelist.input --output-dir proofs/v020/s4/fp64_d01d03_1h_20260621T162807Z/output --proof-dir proofs/v020/s4/fp64_d01d03_1h_20260621T162807Z/proofs --scratch-dir proofs/v020/s4/fp64_d01d03_1h_20260621T162807Z/scratch --max-dom 3 --hours 1"
1782059547,2026-06-21T17:32:27+01:00,3104516,3104514,Rl,3,124,15.7,15521712,38216828,"python -m gpuwrf run --input-dir <DATA_ROOT>/wrf_downscale/canary_all7/run --namelist <DATA_ROOT>/wrf_downscale/canary_all7/run/namelist.input --output-dir proofs/v020/s4/fp64_d01d03_1h_20260621T162807Z/output --proof-dir proofs/v020/s4/fp64_d01d03_1h_20260621T162807Z/proofs --scratch-dir proofs/v020/s4/fp64_d01d03_1h_20260621T162807Z/scratch --max-dom 3 --hours 1"
1782059549,2026-06-21T17:32:29+01:00,3104514,3104450,S,19,0.0,0.0,1740,2784,"/usr/bin/time -f wall_s=%e\nmaxrss_kib=%M -o proofs/v020/s4/fp64_d01d03_1h_20260621T162807Z/time.txt taskset -c 0-3 python -m gpuwrf run --input-dir <DATA_ROOT>/wrf_downscale/canary_all7/run --namelist <DATA_ROOT>/wrf_downscale/canary_all7/run/namelist.input --output-dir proofs/v020/s4/fp64_d01d03_1h_20260621T162807Z/output --proof-dir proofs/v020/s4/fp64_d01d03_1h_20260621T162807Z/proofs --scratch-dir proofs/v020/s4/fp64_d01d03_1h_20260621T162807Z/scratch --max-dom 3 --hours 1"
1782059549,2026-06-21T17:32:29+01:00,3104516,3104514,Rl,0,124,15.8,15559560,38254604,"python -m gpuwrf run --input-dir <DATA_ROOT>/wrf_downscale/canary_all7/run --namelist <DATA_ROOT>/wrf_downscale/canary_all7/run/namelist.input --output-dir proofs/v020/s4/fp64_d01d03_1h_20260621T162807Z/output --proof-dir proofs/v020/s4/fp64_d01d03_1h_20260621T162807Z/proofs --scratch-dir proofs/v020/s4/fp64_d01d03_1h_20260621T162807Z/scratch --max-dom 3 --hours 1"
1782059551,2026-06-21T17:32:31+01:00,3104514,3104450,S,19,0.0,0.0,1740,2784,"/usr/bin/time -f wall_s=%e\nmaxrss_kib=%M -o proofs/v020/s4/fp64_d01d03_1h_20260621T162807Z/time.txt taskset -c 0-3 python -m gpuwrf run --input-dir <DATA_ROOT>/wrf_downscale/canary_all7/run --namelist <DATA_ROOT>/wrf_downscale/canary_all7/run/namelist.input --output-dir proofs/v020/s4/fp64_d01d03_1h_20260621T162807Z/output --proof-dir proofs/v020/s4/fp64_d01d03_1h_20260621T162807Z/proofs --scratch-dir proofs/v020/s4/fp64_d01d03_1h_20260621T162807Z/scratch --max-dom 3 --hours 1"
1782059551,2026-06-21T17:32:31+01:00,3104516,3104514,Rl,0,124,15.8,15611072,38306200,"python -m gpuwrf run --input-dir <DATA_ROOT>/wrf_downscale/canary_all7/run --namelist <DATA_ROOT>/wrf_downscale/canary_all7/run/namelist.input --output-dir proofs/v020/s4/fp64_d01d03_1h_20260621T162807Z/output --proof-dir proofs/v020/s4/fp64_d01d03_1h_20260621T162807Z/proofs --scratch-dir proofs/v020/s4/fp64_d01d03_1h_20260621T162807Z/scratch --max-dom 3 --hours 1"
1782059553,2026-06-21T17:32:33+01:00,3104514,3104450,S,19,0.0,0.0,1740,2784,"/usr/bin/time -f wall_s=%e\nmaxrss_kib=%M -o proofs/v020/s4/fp64_d01d03_1h_20260621T162807Z/time.txt taskset -c 0-3 python -m gpuwrf run --input-dir <DATA_ROOT>/wrf_downscale/canary_all7/run --namelist <DATA_ROOT>/wrf_downscale/canary_all7/run/namelist.input --output-dir proofs/v020/s4/fp64_d01d03_1h_20260621T162807Z/output --proof-dir proofs/v020/s4/fp64_d01d03_1h_20260621T162807Z/proofs --scratch-dir proofs/v020/s4/fp64_d01d03_1h_20260621T162807Z/scratch --max-dom 3 --hours 1"
1782059553,2026-06-21T17:32:33+01:00,3104516,3104514,Rl,3,124,15.9,15659756,38355712,"python -m gpuwrf run --input-dir <DATA_ROOT>/wrf_downscale/canary_all7/run --namelist <DATA_ROOT>/wrf_downscale/canary_all7/run/namelist.input --output-dir proofs/v020/s4/fp64_d01d03_1h_20260621T162807Z/output --proof-dir proofs/v020/s4/fp64_d01d03_1h_20260621T162807Z/proofs --scratch-dir proofs/v020/s4/fp64_d01d03_1h_20260621T162807Z/scratch --max-dom 3 --hours 1"
1782059556,2026-06-21T17:32:36+01:00,3104514,3104450,S,19,0.0,0.0,1740,2784,"/usr/bin/time -f wall_s=%e\nmaxrss_kib=%M -o proofs/v020/s4/fp64_d01d03_1h_20260621T162807Z/time.txt taskset -c 0-3 python -m gpuwrf run --input-dir <DATA_ROOT>/wrf_downscale/canary_all7/run --namelist <DATA_ROOT>/wrf_downscale/canary_all7/run/namelist.input --output-dir proofs/v020/s4/fp64_d01d03_1h_20260621T162807Z/output --proof-dir proofs/v020/s4/fp64_d01d03_1h_20260621T162807Z/proofs --scratch-dir proofs/v020/s4/fp64_d01d03_1h_20260621T162807Z/scratch --max-dom 3 --hours 1"
1782059556,2026-06-21T17:32:36+01:00,3104516,3104514,Rl,0,124,16.0,15828460,38525044,"python -m gpuwrf run --input-dir <DATA_ROOT>/wrf_downscale/canary_all7/run --namelist <DATA_ROOT>/wrf_downscale/canary_all7/run/namelist.input --output-dir proofs/v020/s4/fp64_d01d03_1h_20260621T162807Z/output --proof-dir proofs/v020/s4/fp64_d01d03_1h_20260621T162807Z/proofs --scratch-dir proofs/v020/s4/fp64_d01d03_1h_20260621T162807Z/scratch --max-dom 3 --hours 1"
1782059558,2026-06-21T17:32:38+01:00,3104514,3104450,S,19,0.0,0.0,1740,2784,"/usr/bin/time -f wall_s=%e\nmaxrss_kib=%M -o proofs/v020/s4/fp64_d01d03_1h_20260621T162807Z/time.txt taskset -c 0-3 python -m gpuwrf run --input-dir <DATA_ROOT>/wrf_downscale/canary_all7/run --namelist <DATA_ROOT>/wrf_downscale/canary_all7/run/namelist.input --output-dir proofs/v020/s4/fp64_d01d03_1h_20260621T162807Z/output --proof-dir proofs/v020/s4/fp64_d01d03_1h_20260621T162807Z/proofs --scratch-dir proofs/v020/s4/fp64_d01d03_1h_20260621T162807Z/scratch --max-dom 3 --hours 1"
1782059558,2026-06-21T17:32:38+01:00,3104516,3104514,Rl,2,125,16.1,15847732,38544092,"python -m gpuwrf run --input-dir <DATA_ROOT>/wrf_downscale/canary_all7/run --namelist <DATA_ROOT>/wrf_downscale/canary_all7/run/namelist.input --output-dir proofs/v020/s4/fp64_d01d03_1h_20260621T162807Z/output --proof-dir proofs/v020/s4/fp64_d01d03_1h_20260621T162807Z/proofs --scratch-dir proofs/v020/s4/fp64_d01d03_1h_20260621T162807Z/scratch --max-dom 3 --hours 1"
1782059560,2026-06-21T17:32:40+01:00,3104514,3104450,S,19,0.0,0.0,1740,2784,"/usr/bin/time -f wall_s=%e\nmaxrss_kib=%M -o proofs/v020/s4/fp64_d01d03_1h_20260621T162807Z/time.txt taskset -c 0-3 python -m gpuwrf run --input-dir <DATA_ROOT>/wrf_downscale/canary_all7/run --namelist <DATA_ROOT>/wrf_downscale/canary_all7/run/namelist.input --output-dir proofs/v020/s4/fp64_d01d03_1h_20260621T162807Z/output --proof-dir proofs/v020/s4/fp64_d01d03_1h_20260621T162807Z/proofs --scratch-dir proofs/v020/s4/fp64_d01d03_1h_20260621T162807Z/scratch --max-dom 3 --hours 1"
1782059560,2026-06-21T17:32:40+01:00,3104516,3104514,Rl,2,124,16.1,15877324,38575708,"python -m gpuwrf run --input-dir <DATA_ROOT>/wrf_downscale/canary_all7/run --namelist <DATA_ROOT>/wrf_downscale/canary_all7/run/namelist.input --output-dir proofs/v020/s4/fp64_d01d03_1h_20260621T162807Z/output --proof-dir proofs/v020/s4/fp64_d01d03_1h_20260621T162807Z/proofs --scratch-dir proofs/v020/s4/fp64_d01d03_1h_20260621T162807Z/scratch --max-dom 3 --hours 1"
1782059562,2026-06-21T17:32:42+01:00,3104514,3104450,S,19,0.0,0.0,1740,2784,"/usr/bin/time -f wall_s=%e\nmaxrss_kib=%M -o proofs/v020/s4/fp64_d01d03_1h_20260621T162807Z/time.txt taskset -c 0-3 python -m gpuwrf run --input-dir <DATA_ROOT>/wrf_downscale/canary_all7/run --namelist <DATA_ROOT>/wrf_downscale/canary_all7/run/namelist.input --output-dir proofs/v020/s4/fp64_d01d03_1h_20260621T162807Z/output --proof-dir proofs/v020/s4/fp64_d01d03_1h_20260621T162807Z/proofs --scratch-dir proofs/v020/s4/fp64_d01d03_1h_20260621T162807Z/scratch --max-dom 3 --hours 1"
1782059562,2026-06-21T17:32:42+01:00,3104516,3104514,Rl,0,124,16.1,15889108,38587404,"python -m gpuwrf run --input-dir <DATA_ROOT>/wrf_downscale/canary_all7/run --namelist <DATA_ROOT>/wrf_downscale/canary_all7/run/namelist.input --output-dir proofs/v020/s4/fp64_d01d03_1h_20260621T162807Z/output --proof-dir proofs/v020/s4/fp64_d01d03_1h_20260621T162807Z/proofs --scratch-dir proofs/v020/s4/fp64_d01d03_1h_20260621T162807Z/scratch --max-dom 3 --hours 1"
1782059564,2026-06-21T17:32:44+01:00,3104514,3104450,S,19,0.0,0.0,1740,2784,"/usr/bin/time -f wall_s=%e\nmaxrss_kib=%M -o proofs/v020/s4/fp64_d01d03_1h_20260621T162807Z/time.txt taskset -c 0-3 python -m gpuwrf run --input-dir <DATA_ROOT>/wrf_downscale/canary_all7/run --namelist <DATA_ROOT>/wrf_downscale/canary_all7/run/namelist.input --output-dir proofs/v020/s4/fp64_d01d03_1h_20260621T162807Z/output --proof-dir proofs/v020/s4/fp64_d01d03_1h_20260621T162807Z/proofs --scratch-dir proofs/v020/s4/fp64_d01d03_1h_20260621T162807Z/scratch --max-dom 3 --hours 1"
1782059564,2026-06-21T17:32:44+01:00,3104516,3104514,Rl,0,124,16.1,15919688,38617544,"python -m gpuwrf run --input-dir <DATA_ROOT>/wrf_downscale/canary_all7/run --namelist <DATA_ROOT>/wrf_downscale/canary_all7/run/namelist.input --output-dir proofs/v020/s4/fp64_d01d03_1h_20260621T162807Z/output --proof-dir proofs/v020/s4/fp64_d01d03_1h_20260621T162807Z/proofs --scratch-dir proofs/v020/s4/fp64_d01d03_1h_20260621T162807Z/scratch --max-dom 3 --hours 1"
1782059566,2026-06-21T17:32:46+01:00,3104514,3104450,S,19,0.0,0.0,1740,2784,"/usr/bin/time -f wall_s=%e\nmaxrss_kib=%M -o proofs/v020/s4/fp64_d01d03_1h_20260621T162807Z/time.txt taskset -c 0-3 python -m gpuwrf run --input-dir <DATA_ROOT>/wrf_downscale/canary_all7/run --namelist <DATA_ROOT>/wrf_downscale/canary_all7/run/namelist.input --output-dir proofs/v020/s4/fp64_d01d03_1h_20260621T162807Z/output --proof-dir proofs/v020/s4/fp64_d01d03_1h_20260621T162807Z/proofs --scratch-dir proofs/v020/s4/fp64_d01d03_1h_20260621T162807Z/scratch --max-dom 3 --hours 1"
1782059566,2026-06-21T17:32:46+01:00,3104516,3104514,Rl,1,124,16.2,15951636,38649512,"python -m gpuwrf run --input-dir <DATA_ROOT>/wrf_downscale/canary_all7/run --namelist <DATA_ROOT>/wrf_downscale/canary_all7/run/namelist.input --output-dir proofs/v020/s4/fp64_d01d03_1h_20260621T162807Z/output --proof-dir proofs/v020/s4/fp64_d01d03_1h_20260621T162807Z/proofs --scratch-dir proofs/v020/s4/fp64_d01d03_1h_20260621T162807Z/scratch --max-dom 3 --hours 1"
1782059568,2026-06-21T17:32:48+01:00,3104514,3104450,S,19,0.0,0.0,1740,2784,"/usr/bin/time -f wall_s=%e\nmaxrss_kib=%M -o proofs/v020/s4/fp64_d01d03_1h_20260621T162807Z/time.txt taskset -c 0-3 python -m gpuwrf run --input-dir <DATA_ROOT>/wrf_downscale/canary_all7/run --namelist <DATA_ROOT>/wrf_downscale/canary_all7/run/namelist.input --output-dir proofs/v020/s4/fp64_d01d03_1h_20260621T162807Z/output --proof-dir proofs/v020/s4/fp64_d01d03_1h_20260621T162807Z/proofs --scratch-dir proofs/v020/s4/fp64_d01d03_1h_20260621T162807Z/scratch --max-dom 3 --hours 1"
1782059568,2026-06-21T17:32:48+01:00,3104516,3104514,Rl,0,124,16.2,15984876,38682560,"python -m gpuwrf run --input-dir <DATA_ROOT>/wrf_downscale/canary_all7/run --namelist <DATA_ROOT>/wrf_downscale/canary_all7/run/namelist.input --output-dir proofs/v020/s4/fp64_d01d03_1h_20260621T162807Z/output --proof-dir proofs/v020/s4/fp64_d01d03_1h_20260621T162807Z/proofs --scratch-dir proofs/v020/s4/fp64_d01d03_1h_20260621T162807Z/scratch --max-dom 3 --hours 1"
1782059571,2026-06-21T17:32:51+01:00,3104514,3104450,S,19,0.0,0.0,1740,2784,"/usr/bin/time -f wall_s=%e\nmaxrss_kib=%M -o proofs/v020/s4/fp64_d01d03_1h_20260621T162807Z/time.txt taskset -c 0-3 python -m gpuwrf run --input-dir <DATA_ROOT>/wrf_downscale/canary_all7/run --namelist <DATA_ROOT>/wrf_downscale/canary_all7/run/namelist.input --output-dir proofs/v020/s4/fp64_d01d03_1h_20260621T162807Z/output --proof-dir proofs/v020/s4/fp64_d01d03_1h_20260621T162807Z/proofs --scratch-dir proofs/v020/s4/fp64_d01d03_1h_20260621T162807Z/scratch --max-dom 3 --hours 1"
1782059571,2026-06-21T17:32:51+01:00,3104516,3104514,Rl,1,124,16.2,16023116,38720992,"python -m gpuwrf run --input-dir <DATA_ROOT>/wrf_downscale/canary_all7/run --namelist <DATA_ROOT>/wrf_downscale/canary_all7/run/namelist.input --output-dir proofs/v020/s4/fp64_d01d03_1h_20260621T162807Z/output --proof-dir proofs/v020/s4/fp64_d01d03_1h_20260621T162807Z/proofs --scratch-dir proofs/v020/s4/fp64_d01d03_1h_20260621T162807Z/scratch --max-dom 3 --hours 1"
1782059573,2026-06-21T17:32:53+01:00,3104514,3104450,S,19,0.0,0.0,1740,2784,"/usr/bin/time -f wall_s=%e\nmaxrss_kib=%M -o proofs/v020/s4/fp64_d01d03_1h_20260621T162807Z/time.txt taskset -c 0-3 python -m gpuwrf run --input-dir <DATA_ROOT>/wrf_downscale/canary_all7/run --namelist <DATA_ROOT>/wrf_downscale/canary_all7/run/namelist.input --output-dir proofs/v020/s4/fp64_d01d03_1h_20260621T162807Z/output --proof-dir proofs/v020/s4/fp64_d01d03_1h_20260621T162807Z/proofs --scratch-dir proofs/v020/s4/fp64_d01d03_1h_20260621T162807Z/scratch --max-dom 3 --hours 1"
1782059573,2026-06-21T17:32:53+01:00,3104516,3104514,Rl,1,124,16.5,16299928,38997796,"python -m gpuwrf run --input-dir <DATA_ROOT>/wrf_downscale/canary_all7/run --namelist <DATA_ROOT>/wrf_downscale/canary_all7/run/namelist.input --output-dir proofs/v020/s4/fp64_d01d03_1h_20260621T162807Z/output --proof-dir proofs/v020/s4/fp64_d01d03_1h_20260621T162807Z/proofs --scratch-dir proofs/v020/s4/fp64_d01d03_1h_20260621T162807Z/scratch --max-dom 3 --hours 1"
1782059575,2026-06-21T17:32:55+01:00,3104514,3104450,S,19,0.0,0.0,1740,2784,"/usr/bin/time -f wall_s=%e\nmaxrss_kib=%M -o proofs/v020/s4/fp64_d01d03_1h_20260621T162807Z/time.txt taskset -c 0-3 python -m gpuwrf run --input-dir <DATA_ROOT>/wrf_downscale/canary_all7/run --namelist <DATA_ROOT>/wrf_downscale/canary_all7/run/namelist.input --output-dir proofs/v020/s4/fp64_d01d03_1h_20260621T162807Z/output --proof-dir proofs/v020/s4/fp64_d01d03_1h_20260621T162807Z/proofs --scratch-dir proofs/v020/s4/fp64_d01d03_1h_20260621T162807Z/scratch --max-dom 3 --hours 1"
1782059575,2026-06-21T17:32:55+01:00,3104516,3104514,Rl,0,125,16.5,16331820,39029552,"python -m gpuwrf run --input-dir <DATA_ROOT>/wrf_downscale/canary_all7/run --namelist <DATA_ROOT>/wrf_downscale/canary_all7/run/namelist.input --output-dir proofs/v020/s4/fp64_d01d03_1h_20260621T162807Z/output --proof-dir proofs/v020/s4/fp64_d01d03_1h_20260621T162807Z/proofs --scratch-dir proofs/v020/s4/fp64_d01d03_1h_20260621T162807Z/scratch --max-dom 3 --hours 1"
1782059577,2026-06-21T17:32:57+01:00,3104514,3104450,S,19,0.0,0.0,1740,2784,"/usr/bin/time -f wall_s=%e\nmaxrss_kib=%M -o proofs/v020/s4/fp64_d01d03_1h_20260621T162807Z/time.txt taskset -c 0-3 python -m gpuwrf run --input-dir <DATA_ROOT>/wrf_downscale/canary_all7/run --namelist <DATA_ROOT>/wrf_downscale/canary_all7/run/namelist.input --output-dir proofs/v020/s4/fp64_d01d03_1h_20260621T162807Z/output --proof-dir proofs/v020/s4/fp64_d01d03_1h_20260621T162807Z/proofs --scratch-dir proofs/v020/s4/fp64_d01d03_1h_20260621T162807Z/scratch --max-dom 3 --hours 1"
1782059577,2026-06-21T17:32:57+01:00,3104516,3104514,Rl,0,125,16.6,16358848,39056608,"python -m gpuwrf run --input-dir <DATA_ROOT>/wrf_downscale/canary_all7/run --namelist <DATA_ROOT>/wrf_downscale/canary_all7/run/namelist.input --output-dir proofs/v020/s4/fp64_d01d03_1h_20260621T162807Z/output --proof-dir proofs/v020/s4/fp64_d01d03_1h_20260621T162807Z/proofs --scratch-dir proofs/v020/s4/fp64_d01d03_1h_20260621T162807Z/scratch --max-dom 3 --hours 1"
1782059579,2026-06-21T17:32:59+01:00,3104514,3104450,S,19,0.0,0.0,1740,2784,"/usr/bin/time -f wall_s=%e\nmaxrss_kib=%M -o proofs/v020/s4/fp64_d01d03_1h_20260621T162807Z/time.txt taskset -c 0-3 python -m gpuwrf run --input-dir <DATA_ROOT>/wrf_downscale/canary_all7/run --namelist <DATA_ROOT>/wrf_downscale/canary_all7/run/namelist.input --output-dir proofs/v020/s4/fp64_d01d03_1h_20260621T162807Z/output --proof-dir proofs/v020/s4/fp64_d01d03_1h_20260621T162807Z/proofs --scratch-dir proofs/v020/s4/fp64_d01d03_1h_20260621T162807Z/scratch --max-dom 3 --hours 1"
1782059579,2026-06-21T17:32:59+01:00,3104516,3104514,Rl,3,125,16.6,16392444,39090012,"python -m gpuwrf run --input-dir <DATA_ROOT>/wrf_downscale/canary_all7/run --namelist <DATA_ROOT>/wrf_downscale/canary_all7/run/namelist.input --output-dir proofs/v020/s4/fp64_d01d03_1h_20260621T162807Z/output --proof-dir proofs/v020/s4/fp64_d01d03_1h_20260621T162807Z/proofs --scratch-dir proofs/v020/s4/fp64_d01d03_1h_20260621T162807Z/scratch --max-dom 3 --hours 1"
1782059581,2026-06-21T17:33:01+01:00,3104514,3104450,S,19,0.0,0.0,1740,2784,"/usr/bin/time -f wall_s=%e\nmaxrss_kib=%M -o proofs/v020/s4/fp64_d01d03_1h_20260621T162807Z/time.txt taskset -c 0-3 python -m gpuwrf run --input-dir <DATA_ROOT>/wrf_downscale/canary_all7/run --namelist <DATA_ROOT>/wrf_downscale/canary_all7/run/namelist.input --output-dir proofs/v020/s4/fp64_d01d03_1h_20260621T162807Z/output --proof-dir proofs/v020/s4/fp64_d01d03_1h_20260621T162807Z/proofs --scratch-dir proofs/v020/s4/fp64_d01d03_1h_20260621T162807Z/scratch --max-dom 3 --hours 1"
1782059581,2026-06-21T17:33:01+01:00,3104516,3104514,Rl,0,125,16.6,16427284,39124660,"python -m gpuwrf run --input-dir <DATA_ROOT>/wrf_downscale/canary_all7/run --namelist <DATA_ROOT>/wrf_downscale/canary_all7/run/namelist.input --output-dir proofs/v020/s4/fp64_d01d03_1h_20260621T162807Z/output --proof-dir proofs/v020/s4/fp64_d01d03_1h_20260621T162807Z/proofs --scratch-dir proofs/v020/s4/fp64_d01d03_1h_20260621T162807Z/scratch --max-dom 3 --hours 1"
1782059583,2026-06-21T17:33:03+01:00,3104514,3104450,S,19,0.0,0.0,1740,2784,"/usr/bin/time -f wall_s=%e\nmaxrss_kib=%M -o proofs/v020/s4/fp64_d01d03_1h_20260621T162807Z/time.txt taskset -c 0-3 python -m gpuwrf run --input-dir <DATA_ROOT>/wrf_downscale/canary_all7/run --namelist <DATA_ROOT>/wrf_downscale/canary_all7/run/namelist.input --output-dir proofs/v020/s4/fp64_d01d03_1h_20260621T162807Z/output --proof-dir proofs/v020/s4/fp64_d01d03_1h_20260621T162807Z/proofs --scratch-dir proofs/v020/s4/fp64_d01d03_1h_20260621T162807Z/scratch --max-dom 3 --hours 1"
1782059583,2026-06-21T17:33:03+01:00,3104516,3104514,Rl,0,125,16.7,16463996,39161252,"python -m gpuwrf run --input-dir <DATA_ROOT>/wrf_downscale/canary_all7/run --namelist <DATA_ROOT>/wrf_downscale/canary_all7/run/namelist.input --output-dir proofs/v020/s4/fp64_d01d03_1h_20260621T162807Z/output --proof-dir proofs/v020/s4/fp64_d01d03_1h_20260621T162807Z/proofs --scratch-dir proofs/v020/s4/fp64_d01d03_1h_20260621T162807Z/scratch --max-dom 3 --hours 1"
1782059585,2026-06-21T17:33:05+01:00,3104514,3104450,S,19,0.0,0.0,1740,2784,"/usr/bin/time -f wall_s=%e\nmaxrss_kib=%M -o proofs/v020/s4/fp64_d01d03_1h_20260621T162807Z/time.txt taskset -c 0-3 python -m gpuwrf run --input-dir <DATA_ROOT>/wrf_downscale/canary_all7/run --namelist <DATA_ROOT>/wrf_downscale/canary_all7/run/namelist.input --output-dir proofs/v020/s4/fp64_d01d03_1h_20260621T162807Z/output --proof-dir proofs/v020/s4/fp64_d01d03_1h_20260621T162807Z/proofs --scratch-dir proofs/v020/s4/fp64_d01d03_1h_20260621T162807Z/scratch --max-dom 3 --hours 1"
1782059585,2026-06-21T17:33:05+01:00,3104516,3104514,Rl,3,125,16.7,16514912,39212040,"python -m gpuwrf run --input-dir <DATA_ROOT>/wrf_downscale/canary_all7/run --namelist <DATA_ROOT>/wrf_downscale/canary_all7/run/namelist.input --output-dir proofs/v020/s4/fp64_d01d03_1h_20260621T162807Z/output --proof-dir proofs/v020/s4/fp64_d01d03_1h_20260621T162807Z/proofs --scratch-dir proofs/v020/s4/fp64_d01d03_1h_20260621T162807Z/scratch --max-dom 3 --hours 1"
1782059588,2026-06-21T17:33:08+01:00,3104514,3104450,S,19,0.0,0.0,1740,2784,"/usr/bin/time -f wall_s=%e\nmaxrss_kib=%M -o proofs/v020/s4/fp64_d01d03_1h_20260621T162807Z/time.txt taskset -c 0-3 python -m gpuwrf run --input-dir <DATA_ROOT>/wrf_downscale/canary_all7/run --namelist <DATA_ROOT>/wrf_downscale/canary_all7/run/namelist.input --output-dir proofs/v020/s4/fp64_d01d03_1h_20260621T162807Z/output --proof-dir proofs/v020/s4/fp64_d01d03_1h_20260621T162807Z/proofs --scratch-dir proofs/v020/s4/fp64_d01d03_1h_20260621T162807Z/scratch --max-dom 3 --hours 1"
1782059588,2026-06-21T17:33:08+01:00,3104516,3104514,Rl,1,124,17.0,16790360,39489604,"python -m gpuwrf run --input-dir <DATA_ROOT>/wrf_downscale/canary_all7/run --namelist <DATA_ROOT>/wrf_downscale/canary_all7/run/namelist.input --output-dir proofs/v020/s4/fp64_d01d03_1h_20260621T162807Z/output --proof-dir proofs/v020/s4/fp64_d01d03_1h_20260621T162807Z/proofs --scratch-dir proofs/v020/s4/fp64_d01d03_1h_20260621T162807Z/scratch --max-dom 3 --hours 1"
1782059590,2026-06-21T17:33:10+01:00,3104514,3104450,S,19,0.0,0.0,1740,2784,"/usr/bin/time -f wall_s=%e\nmaxrss_kib=%M -o proofs/v020/s4/fp64_d01d03_1h_20260621T162807Z/time.txt taskset -c 0-3 python -m gpuwrf run --input-dir <DATA_ROOT>/wrf_downscale/canary_all7/run --namelist <DATA_ROOT>/wrf_downscale/canary_all7/run/namelist.input --output-dir proofs/v020/s4/fp64_d01d03_1h_20260621T162807Z/output --proof-dir proofs/v020/s4/fp64_d01d03_1h_20260621T162807Z/proofs --scratch-dir proofs/v020/s4/fp64_d01d03_1h_20260621T162807Z/scratch --max-dom 3 --hours 1"
1782059590,2026-06-21T17:33:10+01:00,3104516,3104514,Rl,1,124,17.9,17665540,40382600,"python -m gpuwrf run --input-dir <DATA_ROOT>/wrf_downscale/canary_all7/run --namelist <DATA_ROOT>/wrf_downscale/canary_all7/run/namelist.input --output-dir proofs/v020/s4/fp64_d01d03_1h_20260621T162807Z/output --proof-dir proofs/v020/s4/fp64_d01d03_1h_20260621T162807Z/proofs --scratch-dir proofs/v020/s4/fp64_d01d03_1h_20260621T162807Z/scratch --max-dom 3 --hours 1"
1782059592,2026-06-21T17:33:12+01:00,3104514,3104450,S,19,0.0,0.0,1740,2784,"/usr/bin/time -f wall_s=%e\nmaxrss_kib=%M -o proofs/v020/s4/fp64_d01d03_1h_20260621T162807Z/time.txt taskset -c 0-3 python -m gpuwrf run --input-dir <DATA_ROOT>/wrf_downscale/canary_all7/run --namelist <DATA_ROOT>/wrf_downscale/canary_all7/run/namelist.input --output-dir proofs/v020/s4/fp64_d01d03_1h_20260621T162807Z/output --proof-dir proofs/v020/s4/fp64_d01d03_1h_20260621T162807Z/proofs --scratch-dir proofs/v020/s4/fp64_d01d03_1h_20260621T162807Z/scratch --max-dom 3 --hours 1"
1782059592,2026-06-21T17:33:12+01:00,3104516,3104514,Rl,1,124,17.4,17185264,39891124,"python -m gpuwrf run --input-dir <DATA_ROOT>/wrf_downscale/canary_all7/run --namelist <DATA_ROOT>/wrf_downscale/canary_all7/run/namelist.input --output-dir proofs/v020/s4/fp64_d01d03_1h_20260621T162807Z/output --proof-dir proofs/v020/s4/fp64_d01d03_1h_20260621T162807Z/proofs --scratch-dir proofs/v020/s4/fp64_d01d03_1h_20260621T162807Z/scratch --max-dom 3 --hours 1"
1782059594,2026-06-21T17:33:14+01:00,3104514,3104450,S,19,0.0,0.0,1740,2784,"/usr/bin/time -f wall_s=%e\nmaxrss_kib=%M -o proofs/v020/s4/fp64_d01d03_1h_20260621T162807Z/time.txt taskset -c 0-3 python -m gpuwrf run --input-dir <DATA_ROOT>/wrf_downscale/canary_all7/run --namelist <DATA_ROOT>/wrf_downscale/canary_all7/run/namelist.input --output-dir proofs/v020/s4/fp64_d01d03_1h_20260621T162807Z/output --proof-dir proofs/v020/s4/fp64_d01d03_1h_20260621T162807Z/proofs --scratch-dir proofs/v020/s4/fp64_d01d03_1h_20260621T162807Z/scratch --max-dom 3 --hours 1"
1782059594,2026-06-21T17:33:14+01:00,3104516,3104514,Rl,2,124,17.8,17609264,40315132,"python -m gpuwrf run --input-dir <DATA_ROOT>/wrf_downscale/canary_all7/run --namelist <DATA_ROOT>/wrf_downscale/canary_all7/run/namelist.input --output-dir proofs/v020/s4/fp64_d01d03_1h_20260621T162807Z/output --proof-dir proofs/v020/s4/fp64_d01d03_1h_20260621T162807Z/proofs --scratch-dir proofs/v020/s4/fp64_d01d03_1h_20260621T162807Z/scratch --max-dom 3 --hours 1"
1782059596,2026-06-21T17:33:16+01:00,3104514,3104450,S,19,0.0,0.0,1740,2784,"/usr/bin/time -f wall_s=%e\nmaxrss_kib=%M -o proofs/v020/s4/fp64_d01d03_1h_20260621T162807Z/time.txt taskset -c 0-3 python -m gpuwrf run --input-dir <DATA_ROOT>/wrf_downscale/canary_all7/run --namelist <DATA_ROOT>/wrf_downscale/canary_all7/run/namelist.input --output-dir proofs/v020/s4/fp64_d01d03_1h_20260621T162807Z/output --proof-dir proofs/v020/s4/fp64_d01d03_1h_20260621T162807Z/proofs --scratch-dir proofs/v020/s4/fp64_d01d03_1h_20260621T162807Z/scratch --max-dom 3 --hours 1"
1782059596,2026-06-21T17:33:16+01:00,3104516,3104514,Rl,2,124,17.4,17217072,39922932,"python -m gpuwrf run --input-dir <DATA_ROOT>/wrf_downscale/canary_all7/run --namelist <DATA_ROOT>/wrf_downscale/canary_all7/run/namelist.input --output-dir proofs/v020/s4/fp64_d01d03_1h_20260621T162807Z/output --proof-dir proofs/v020/s4/fp64_d01d03_1h_20260621T162807Z/proofs --scratch-dir proofs/v020/s4/fp64_d01d03_1h_20260621T162807Z/scratch --max-dom 3 --hours 1"
1782059598,2026-06-21T17:33:18+01:00,3104514,3104450,S,19,0.0,0.0,1740,2784,"/usr/bin/time -f wall_s=%e\nmaxrss_kib=%M -o proofs/v020/s4/fp64_d01d03_1h_20260621T162807Z/time.txt taskset -c 0-3 python -m gpuwrf run --input-dir <DATA_ROOT>/wrf_downscale/canary_all7/run --namelist <DATA_ROOT>/wrf_downscale/canary_all7/run/namelist.input --output-dir proofs/v020/s4/fp64_d01d03_1h_20260621T162807Z/output --proof-dir proofs/v020/s4/fp64_d01d03_1h_20260621T162807Z/proofs --scratch-dir proofs/v020/s4/fp64_d01d03_1h_20260621T162807Z/scratch --max-dom 3 --hours 1"
1782059598,2026-06-21T17:33:18+01:00,3104516,3104514,Rl,1,124,17.4,17217072,39922932,"python -m gpuwrf run --input-dir <DATA_ROOT>/wrf_downscale/canary_all7/run --namelist <DATA_ROOT>/wrf_downscale/canary_all7/run/namelist.input --output-dir proofs/v020/s4/fp64_d01d03_1h_20260621T162807Z/output --proof-dir proofs/v020/s4/fp64_d01d03_1h_20260621T162807Z/proofs --scratch-dir proofs/v020/s4/fp64_d01d03_1h_20260621T162807Z/scratch --max-dom 3 --hours 1"
1782059600,2026-06-21T17:33:20+01:00,3104514,3104450,S,19,0.0,0.0,1740,2784,"/usr/bin/time -f wall_s=%e\nmaxrss_kib=%M -o proofs/v020/s4/fp64_d01d03_1h_20260621T162807Z/time.txt taskset -c 0-3 python -m gpuwrf run --input-dir <DATA_ROOT>/wrf_downscale/canary_all7/run --namelist <DATA_ROOT>/wrf_downscale/canary_all7/run/namelist.input --output-dir proofs/v020/s4/fp64_d01d03_1h_20260621T162807Z/output --proof-dir proofs/v020/s4/fp64_d01d03_1h_20260621T162807Z/proofs --scratch-dir proofs/v020/s4/fp64_d01d03_1h_20260621T162807Z/scratch --max-dom 3 --hours 1"
1782059600,2026-06-21T17:33:20+01:00,3104516,3104514,Rl,1,123,17.4,17217232,39922932,"python -m gpuwrf run --input-dir <DATA_ROOT>/wrf_downscale/canary_all7/run --namelist <DATA_ROOT>/wrf_downscale/canary_all7/run/namelist.input --output-dir proofs/v020/s4/fp64_d01d03_1h_20260621T162807Z/output --proof-dir proofs/v020/s4/fp64_d01d03_1h_20260621T162807Z/proofs --scratch-dir proofs/v020/s4/fp64_d01d03_1h_20260621T162807Z/scratch --max-dom 3 --hours 1"
1782059602,2026-06-21T17:33:22+01:00,3104514,3104450,S,19,0.0,0.0,1740,2784,"/usr/bin/time -f wall_s=%e\nmaxrss_kib=%M -o proofs/v020/s4/fp64_d01d03_1h_20260621T162807Z/time.txt taskset -c 0-3 python -m gpuwrf run --input-dir <DATA_ROOT>/wrf_downscale/canary_all7/run --namelist <DATA_ROOT>/wrf_downscale/canary_all7/run/namelist.input --output-dir proofs/v020/s4/fp64_d01d03_1h_20260621T162807Z/output --proof-dir proofs/v020/s4/fp64_d01d03_1h_20260621T162807Z/proofs --scratch-dir proofs/v020/s4/fp64_d01d03_1h_20260621T162807Z/scratch --max-dom 3 --hours 1"
1782059602,2026-06-21T17:33:22+01:00,3104516,3104514,Rl,3,123,17.4,17217248,39922932,"python -m gpuwrf run --input-dir <DATA_ROOT>/wrf_downscale/canary_all7/run --namelist <DATA_ROOT>/wrf_downscale/canary_all7/run/namelist.input --output-dir proofs/v020/s4/fp64_d01d03_1h_20260621T162807Z/output --proof-dir proofs/v020/s4/fp64_d01d03_1h_20260621T162807Z/proofs --scratch-dir proofs/v020/s4/fp64_d01d03_1h_20260621T162807Z/scratch --max-dom 3 --hours 1"
1782059604,2026-06-21T17:33:24+01:00,3104514,3104450,S,19,0.0,0.0,1740,2784,"/usr/bin/time -f wall_s=%e\nmaxrss_kib=%M -o proofs/v020/s4/fp64_d01d03_1h_20260621T162807Z/time.txt taskset -c 0-3 python -m gpuwrf run --input-dir <DATA_ROOT>/wrf_downscale/canary_all7/run --namelist <DATA_ROOT>/wrf_downscale/canary_all7/run/namelist.input --output-dir proofs/v020/s4/fp64_d01d03_1h_20260621T162807Z/output --proof-dir proofs/v020/s4/fp64_d01d03_1h_20260621T162807Z/proofs --scratch-dir proofs/v020/s4/fp64_d01d03_1h_20260621T162807Z/scratch --max-dom 3 --hours 1"
1782059604,2026-06-21T17:33:24+01:00,3104516,3104514,Rl,3,123,17.4,17217388,39922932,"python -m gpuwrf run --input-dir <DATA_ROOT>/wrf_downscale/canary_all7/run --namelist <DATA_ROOT>/wrf_downscale/canary_all7/run/namelist.input --output-dir proofs/v020/s4/fp64_d01d03_1h_20260621T162807Z/output --proof-dir proofs/v020/s4/fp64_d01d03_1h_20260621T162807Z/proofs --scratch-dir proofs/v020/s4/fp64_d01d03_1h_20260621T162807Z/scratch --max-dom 3 --hours 1"
1782059607,2026-06-21T17:33:27+01:00,3104514,3104450,S,19,0.0,0.0,1740,2784,"/usr/bin/time -f wall_s=%e\nmaxrss_kib=%M -o proofs/v020/s4/fp64_d01d03_1h_20260621T162807Z/time.txt taskset -c 0-3 python -m gpuwrf run --input-dir <DATA_ROOT>/wrf_downscale/canary_all7/run --namelist <DATA_ROOT>/wrf_downscale/canary_all7/run/namelist.input --output-dir proofs/v020/s4/fp64_d01d03_1h_20260621T162807Z/output --proof-dir proofs/v020/s4/fp64_d01d03_1h_20260621T162807Z/proofs --scratch-dir proofs/v020/s4/fp64_d01d03_1h_20260621T162807Z/scratch --max-dom 3 --hours 1"
1782059607,2026-06-21T17:33:27+01:00,3104516,3104514,Rl,3,123,17.4,17217392,39922932,"python -m gpuwrf run --input-dir <DATA_ROOT>/wrf_downscale/canary_all7/run --namelist <DATA_ROOT>/wrf_downscale/canary_all7/run/namelist.input --output-dir proofs/v020/s4/fp64_d01d03_1h_20260621T162807Z/output --proof-dir proofs/v020/s4/fp64_d01d03_1h_20260621T162807Z/proofs --scratch-dir proofs/v020/s4/fp64_d01d03_1h_20260621T162807Z/scratch --max-dom 3 --hours 1"
1782059609,2026-06-21T17:33:29+01:00,3104514,3104450,S,19,0.0,0.0,1740,2784,"/usr/bin/time -f wall_s=%e\nmaxrss_kib=%M -o proofs/v020/s4/fp64_d01d03_1h_20260621T162807Z/time.txt taskset -c 0-3 python -m gpuwrf run --input-dir <DATA_ROOT>/wrf_downscale/canary_all7/run --namelist <DATA_ROOT>/wrf_downscale/canary_all7/run/namelist.input --output-dir proofs/v020/s4/fp64_d01d03_1h_20260621T162807Z/output --proof-dir proofs/v020/s4/fp64_d01d03_1h_20260621T162807Z/proofs --scratch-dir proofs/v020/s4/fp64_d01d03_1h_20260621T162807Z/scratch --max-dom 3 --hours 1"
1782059609,2026-06-21T17:33:29+01:00,3104516,3104514,Rl,3,123,17.5,17279848,39985460,"python -m gpuwrf run --input-dir <DATA_ROOT>/wrf_downscale/canary_all7/run --namelist <DATA_ROOT>/wrf_downscale/canary_all7/run/namelist.input --output-dir proofs/v020/s4/fp64_d01d03_1h_20260621T162807Z/output --proof-dir proofs/v020/s4/fp64_d01d03_1h_20260621T162807Z/proofs --scratch-dir proofs/v020/s4/fp64_d01d03_1h_20260621T162807Z/scratch --max-dom 3 --hours 1"
1782059611,2026-06-21T17:33:31+01:00,3104514,3104450,S,19,0.0,0.0,1740,2784,"/usr/bin/time -f wall_s=%e\nmaxrss_kib=%M -o proofs/v020/s4/fp64_d01d03_1h_20260621T162807Z/time.txt taskset -c 0-3 python -m gpuwrf run --input-dir <DATA_ROOT>/wrf_downscale/canary_all7/run --namelist <DATA_ROOT>/wrf_downscale/canary_all7/run/namelist.input --output-dir proofs/v020/s4/fp64_d01d03_1h_20260621T162807Z/output --proof-dir proofs/v020/s4/fp64_d01d03_1h_20260621T162807Z/proofs --scratch-dir proofs/v020/s4/fp64_d01d03_1h_20260621T162807Z/scratch --max-dom 3 --hours 1"
1782059611,2026-06-21T17:33:31+01:00,3104516,3104514,Rl,3,123,17.6,17367440,40073016,"python -m gpuwrf run --input-dir <DATA_ROOT>/wrf_downscale/canary_all7/run --namelist <DATA_ROOT>/wrf_downscale/canary_all7/run/namelist.input --output-dir proofs/v020/s4/fp64_d01d03_1h_20260621T162807Z/output --proof-dir proofs/v020/s4/fp64_d01d03_1h_20260621T162807Z/proofs --scratch-dir proofs/v020/s4/fp64_d01d03_1h_20260621T162807Z/scratch --max-dom 3 --hours 1"
1782059614,2026-06-21T17:33:34+01:00,3104514,3104450,S,19,0.0,0.0,1740,2784,"/usr/bin/time -f wall_s=%e\nmaxrss_kib=%M -o proofs/v020/s4/fp64_d01d03_1h_20260621T162807Z/time.txt taskset -c 0-3 python -m gpuwrf run --input-dir <DATA_ROOT>/wrf_downscale/canary_all7/run --namelist <DATA_ROOT>/wrf_downscale/canary_all7/run/namelist.input --output-dir proofs/v020/s4/fp64_d01d03_1h_20260621T162807Z/output --proof-dir proofs/v020/s4/fp64_d01d03_1h_20260621T162807Z/proofs --scratch-dir proofs/v020/s4/fp64_d01d03_1h_20260621T162807Z/scratch --max-dom 3 --hours 1"
1782059614,2026-06-21T17:33:34+01:00,3104516,3104514,Rl,3,122,17.7,17458652,40164152,"python -m gpuwrf run --input-dir <DATA_ROOT>/wrf_downscale/canary_all7/run --namelist <DATA_ROOT>/wrf_downscale/canary_all7/run/namelist.input --output-dir proofs/v020/s4/fp64_d01d03_1h_20260621T162807Z/output --proof-dir proofs/v020/s4/fp64_d01d03_1h_20260621T162807Z/proofs --scratch-dir proofs/v020/s4/fp64_d01d03_1h_20260621T162807Z/scratch --max-dom 3 --hours 1"
1782059616,2026-06-21T17:33:36+01:00,3104514,3104450,S,19,0.0,0.0,1740,2784,"/usr/bin/time -f wall_s=%e\nmaxrss_kib=%M -o proofs/v020/s4/fp64_d01d03_1h_20260621T162807Z/time.txt taskset -c 0-3 python -m gpuwrf run --input-dir <DATA_ROOT>/wrf_downscale/canary_all7/run --namelist <DATA_ROOT>/wrf_downscale/canary_all7/run/namelist.input --output-dir proofs/v020/s4/fp64_d01d03_1h_20260621T162807Z/output --proof-dir proofs/v020/s4/fp64_d01d03_1h_20260621T162807Z/proofs --scratch-dir proofs/v020/s4/fp64_d01d03_1h_20260621T162807Z/scratch --max-dom 3 --hours 1"
1782059616,2026-06-21T17:33:36+01:00,3104516,3104514,Rl,3,122,17.7,17458652,40164152,"python -m gpuwrf run --input-dir <DATA_ROOT>/wrf_downscale/canary_all7/run --namelist <DATA_ROOT>/wrf_downscale/canary_all7/run/namelist.input --output-dir proofs/v020/s4/fp64_d01d03_1h_20260621T162807Z/output --proof-dir proofs/v020/s4/fp64_d01d03_1h_20260621T162807Z/proofs --scratch-dir proofs/v020/s4/fp64_d01d03_1h_20260621T162807Z/scratch --max-dom 3 --hours 1"
1782059618,2026-06-21T17:33:38+01:00,3104514,3104450,S,19,0.0,0.0,1740,2784,"/usr/bin/time -f wall_s=%e\nmaxrss_kib=%M -o proofs/v020/s4/fp64_d01d03_1h_20260621T162807Z/time.txt taskset -c 0-3 python -m gpuwrf run --input-dir <DATA_ROOT>/wrf_downscale/canary_all7/run --namelist <DATA_ROOT>/wrf_downscale/canary_all7/run/namelist.input --output-dir proofs/v020/s4/fp64_d01d03_1h_20260621T162807Z/output --proof-dir proofs/v020/s4/fp64_d01d03_1h_20260621T162807Z/proofs --scratch-dir proofs/v020/s4/fp64_d01d03_1h_20260621T162807Z/scratch --max-dom 3 --hours 1"
1782059618,2026-06-21T17:33:38+01:00,3104516,3104514,Rl,2,122,17.7,17458668,40164152,"python -m gpuwrf run --input-dir <DATA_ROOT>/wrf_downscale/canary_all7/run --namelist <DATA_ROOT>/wrf_downscale/canary_all7/run/namelist.input --output-dir proofs/v020/s4/fp64_d01d03_1h_20260621T162807Z/output --proof-dir proofs/v020/s4/fp64_d01d03_1h_20260621T162807Z/proofs --scratch-dir proofs/v020/s4/fp64_d01d03_1h_20260621T162807Z/scratch --max-dom 3 --hours 1"
1782059620,2026-06-21T17:33:40+01:00,3104514,3104450,S,19,0.0,0.0,1740,2784,"/usr/bin/time -f wall_s=%e\nmaxrss_kib=%M -o proofs/v020/s4/fp64_d01d03_1h_20260621T162807Z/time.txt taskset -c 0-3 python -m gpuwrf run --input-dir <DATA_ROOT>/wrf_downscale/canary_all7/run --namelist <DATA_ROOT>/wrf_downscale/canary_all7/run/namelist.input --output-dir proofs/v020/s4/fp64_d01d03_1h_20260621T162807Z/output --proof-dir proofs/v020/s4/fp64_d01d03_1h_20260621T162807Z/proofs --scratch-dir proofs/v020/s4/fp64_d01d03_1h_20260621T162807Z/scratch --max-dom 3 --hours 1"
1782059620,2026-06-21T17:33:40+01:00,3104516,3104514,Rl,2,122,17.7,17458672,40164152,"python -m gpuwrf run --input-dir <DATA_ROOT>/wrf_downscale/canary_all7/run --namelist <DATA_ROOT>/wrf_downscale/canary_all7/run/namelist.input --output-dir proofs/v020/s4/fp64_d01d03_1h_20260621T162807Z/output --proof-dir proofs/v020/s4/fp64_d01d03_1h_20260621T162807Z/proofs --scratch-dir proofs/v020/s4/fp64_d01d03_1h_20260621T162807Z/scratch --max-dom 3 --hours 1"
1782059622,2026-06-21T17:33:42+01:00,3104514,3104450,S,19,0.0,0.0,1740,2784,"/usr/bin/time -f wall_s=%e\nmaxrss_kib=%M -o proofs/v020/s4/fp64_d01d03_1h_20260621T162807Z/time.txt taskset -c 0-3 python -m gpuwrf run --input-dir <DATA_ROOT>/wrf_downscale/canary_all7/run --namelist <DATA_ROOT>/wrf_downscale/canary_all7/run/namelist.input --output-dir proofs/v020/s4/fp64_d01d03_1h_20260621T162807Z/output --proof-dir proofs/v020/s4/fp64_d01d03_1h_20260621T162807Z/proofs --scratch-dir proofs/v020/s4/fp64_d01d03_1h_20260621T162807Z/scratch --max-dom 3 --hours 1"
1782059622,2026-06-21T17:33:42+01:00,3104516,3104514,Rl,3,122,17.7,17458672,40164152,"python -m gpuwrf run --input-dir <DATA_ROOT>/wrf_downscale/canary_all7/run --namelist <DATA_ROOT>/wrf_downscale/canary_all7/run/namelist.input --output-dir proofs/v020/s4/fp64_d01d03_1h_20260621T162807Z/output --proof-dir proofs/v020/s4/fp64_d01d03_1h_20260621T162807Z/proofs --scratch-dir proofs/v020/s4/fp64_d01d03_1h_20260621T162807Z/scratch --max-dom 3 --hours 1"
1782059624,2026-06-21T17:33:44+01:00,3104514,3104450,S,19,0.0,0.0,1740,2784,"/usr/bin/time -f wall_s=%e\nmaxrss_kib=%M -o proofs/v020/s4/fp64_d01d03_1h_20260621T162807Z/time.txt taskset -c 0-3 python -m gpuwrf run --input-dir <DATA_ROOT>/wrf_downscale/canary_all7/run --namelist <DATA_ROOT>/wrf_downscale/canary_all7/run/namelist.input --output-dir proofs/v020/s4/fp64_d01d03_1h_20260621T162807Z/output --proof-dir proofs/v020/s4/fp64_d01d03_1h_20260621T162807Z/proofs --scratch-dir proofs/v020/s4/fp64_d01d03_1h_20260621T162807Z/scratch --max-dom 3 --hours 1"
1782059624,2026-06-21T17:33:44+01:00,3104516,3104514,Rl,3,122,17.7,17458656,40164152,"python -m gpuwrf run --input-dir <DATA_ROOT>/wrf_downscale/canary_all7/run --namelist <DATA_ROOT>/wrf_downscale/canary_all7/run/namelist.input --output-dir proofs/v020/s4/fp64_d01d03_1h_20260621T162807Z/output --proof-dir proofs/v020/s4/fp64_d01d03_1h_20260621T162807Z/proofs --scratch-dir proofs/v020/s4/fp64_d01d03_1h_20260621T162807Z/scratch --max-dom 3 --hours 1"
1782059626,2026-06-21T17:33:46+01:00,3104514,3104450,S,19,0.0,0.0,1740,2784,"/usr/bin/time -f wall_s=%e\nmaxrss_kib=%M -o proofs/v020/s4/fp64_d01d03_1h_20260621T162807Z/time.txt taskset -c 0-3 python -m gpuwrf run --input-dir <DATA_ROOT>/wrf_downscale/canary_all7/run --namelist <DATA_ROOT>/wrf_downscale/canary_all7/run/namelist.input --output-dir proofs/v020/s4/fp64_d01d03_1h_20260621T162807Z/output --proof-dir proofs/v020/s4/fp64_d01d03_1h_20260621T162807Z/proofs --scratch-dir proofs/v020/s4/fp64_d01d03_1h_20260621T162807Z/scratch --max-dom 3 --hours 1"
1782059626,2026-06-21T17:33:46+01:00,3104516,3104514,Rl,3,122,17.7,17458664,40164152,"python -m gpuwrf run --input-dir <DATA_ROOT>/wrf_downscale/canary_all7/run --namelist <DATA_ROOT>/wrf_downscale/canary_all7/run/namelist.input --output-dir proofs/v020/s4/fp64_d01d03_1h_20260621T162807Z/output --proof-dir proofs/v020/s4/fp64_d01d03_1h_20260621T162807Z/proofs --scratch-dir proofs/v020/s4/fp64_d01d03_1h_20260621T162807Z/scratch --max-dom 3 --hours 1"
1782059629,2026-06-21T17:33:49+01:00,3104514,3104450,S,19,0.0,0.0,1740,2784,"/usr/bin/time -f wall_s=%e\nmaxrss_kib=%M -o proofs/v020/s4/fp64_d01d03_1h_20260621T162807Z/time.txt taskset -c 0-3 python -m gpuwrf run --input-dir <DATA_ROOT>/wrf_downscale/canary_all7/run --namelist <DATA_ROOT>/wrf_downscale/canary_all7/run/namelist.input --output-dir proofs/v020/s4/fp64_d01d03_1h_20260621T162807Z/output --proof-dir proofs/v020/s4/fp64_d01d03_1h_20260621T162807Z/proofs --scratch-dir proofs/v020/s4/fp64_d01d03_1h_20260621T162807Z/scratch --max-dom 3 --hours 1"
1782059629,2026-06-21T17:33:49+01:00,3104516,3104514,Rl,3,122,17.7,17458664,40164152,"python -m gpuwrf run --input-dir <DATA_ROOT>/wrf_downscale/canary_all7/run --namelist <DATA_ROOT>/wrf_downscale/canary_all7/run/namelist.input --output-dir proofs/v020/s4/fp64_d01d03_1h_20260621T162807Z/output --proof-dir proofs/v020/s4/fp64_d01d03_1h_20260621T162807Z/proofs --scratch-dir proofs/v020/s4/fp64_d01d03_1h_20260621T162807Z/scratch --max-dom 3 --hours 1"
1782059631,2026-06-21T17:33:51+01:00,3104514,3104450,S,19,0.0,0.0,1740,2784,"/usr/bin/time -f wall_s=%e\nmaxrss_kib=%M -o proofs/v020/s4/fp64_d01d03_1h_20260621T162807Z/time.txt taskset -c 0-3 python -m gpuwrf run --input-dir <DATA_ROOT>/wrf_downscale/canary_all7/run --namelist <DATA_ROOT>/wrf_downscale/canary_all7/run/namelist.input --output-dir proofs/v020/s4/fp64_d01d03_1h_20260621T162807Z/output --proof-dir proofs/v020/s4/fp64_d01d03_1h_20260621T162807Z/proofs --scratch-dir proofs/v020/s4/fp64_d01d03_1h_20260621T162807Z/scratch --max-dom 3 --hours 1"
1782059631,2026-06-21T17:33:51+01:00,3104516,3104514,Rl,3,121,17.7,17458664,40164152,"python -m gpuwrf run --input-dir <DATA_ROOT>/wrf_downscale/canary_all7/run --namelist <DATA_ROOT>/wrf_downscale/canary_all7/run/namelist.input --output-dir proofs/v020/s4/fp64_d01d03_1h_20260621T162807Z/output --proof-dir proofs/v020/s4/fp64_d01d03_1h_20260621T162807Z/proofs --scratch-dir proofs/v020/s4/fp64_d01d03_1h_20260621T162807Z/scratch --max-dom 3 --hours 1"
1782059633,2026-06-21T17:33:53+01:00,3104514,3104450,S,19,0.0,0.0,1740,2784,"/usr/bin/time -f wall_s=%e\nmaxrss_kib=%M -o proofs/v020/s4/fp64_d01d03_1h_20260621T162807Z/time.txt taskset -c 0-3 python -m gpuwrf run --input-dir <DATA_ROOT>/wrf_downscale/canary_all7/run --namelist <DATA_ROOT>/wrf_downscale/canary_all7/run/namelist.input --output-dir proofs/v020/s4/fp64_d01d03_1h_20260621T162807Z/output --proof-dir proofs/v020/s4/fp64_d01d03_1h_20260621T162807Z/proofs --scratch-dir proofs/v020/s4/fp64_d01d03_1h_20260621T162807Z/scratch --max-dom 3 --hours 1"
1782059633,2026-06-21T17:33:53+01:00,3104516,3104514,Rl,1,121,17.7,17458684,40164152,"python -m gpuwrf run --input-dir <DATA_ROOT>/wrf_downscale/canary_all7/run --namelist <DATA_ROOT>/wrf_downscale/canary_all7/run/namelist.input --output-dir proofs/v020/s4/fp64_d01d03_1h_20260621T162807Z/output --proof-dir proofs/v020/s4/fp64_d01d03_1h_20260621T162807Z/proofs --scratch-dir proofs/v020/s4/fp64_d01d03_1h_20260621T162807Z/scratch --max-dom 3 --hours 1"
1782059635,2026-06-21T17:33:55+01:00,3104514,3104450,S,19,0.0,0.0,1740,2784,"/usr/bin/time -f wall_s=%e\nmaxrss_kib=%M -o proofs/v020/s4/fp64_d01d03_1h_20260621T162807Z/time.txt taskset -c 0-3 python -m gpuwrf run --input-dir <DATA_ROOT>/wrf_downscale/canary_all7/run --namelist <DATA_ROOT>/wrf_downscale/canary_all7/run/namelist.input --output-dir proofs/v020/s4/fp64_d01d03_1h_20260621T162807Z/output --proof-dir proofs/v020/s4/fp64_d01d03_1h_20260621T162807Z/proofs --scratch-dir proofs/v020/s4/fp64_d01d03_1h_20260621T162807Z/scratch --max-dom 3 --hours 1"
1782059635,2026-06-21T17:33:55+01:00,3104516,3104514,Rl,1,121,17.7,17458684,40164152,"python -m gpuwrf run --input-dir <DATA_ROOT>/wrf_downscale/canary_all7/run --namelist <DATA_ROOT>/wrf_downscale/canary_all7/run/namelist.input --output-dir proofs/v020/s4/fp64_d01d03_1h_20260621T162807Z/output --proof-dir proofs/v020/s4/fp64_d01d03_1h_20260621T162807Z/proofs --scratch-dir proofs/v020/s4/fp64_d01d03_1h_20260621T162807Z/scratch --max-dom 3 --hours 1"
1782059637,2026-06-21T17:33:57+01:00,3104514,3104450,S,19,0.0,0.0,1740,2784,"/usr/bin/time -f wall_s=%e\nmaxrss_kib=%M -o proofs/v020/s4/fp64_d01d03_1h_20260621T162807Z/time.txt taskset -c 0-3 python -m gpuwrf run --input-dir <DATA_ROOT>/wrf_downscale/canary_all7/run --namelist <DATA_ROOT>/wrf_downscale/canary_all7/run/namelist.input --output-dir proofs/v020/s4/fp64_d01d03_1h_20260621T162807Z/output --proof-dir proofs/v020/s4/fp64_d01d03_1h_20260621T162807Z/proofs --scratch-dir proofs/v020/s4/fp64_d01d03_1h_20260621T162807Z/scratch --max-dom 3 --hours 1"
1782059637,2026-06-21T17:33:57+01:00,3104516,3104514,Rl,1,121,17.7,17458696,40164152,"python -m gpuwrf run --input-dir <DATA_ROOT>/wrf_downscale/canary_all7/run --namelist <DATA_ROOT>/wrf_downscale/canary_all7/run/namelist.input --output-dir proofs/v020/s4/fp64_d01d03_1h_20260621T162807Z/output --proof-dir proofs/v020/s4/fp64_d01d03_1h_20260621T162807Z/proofs --scratch-dir proofs/v020/s4/fp64_d01d03_1h_20260621T162807Z/scratch --max-dom 3 --hours 1"
1782059639,2026-06-21T17:33:59+01:00,3104514,3104450,S,19,0.0,0.0,1740,2784,"/usr/bin/time -f wall_s=%e\nmaxrss_kib=%M -o proofs/v020/s4/fp64_d01d03_1h_20260621T162807Z/time.txt taskset -c 0-3 python -m gpuwrf run --input-dir <DATA_ROOT>/wrf_downscale/canary_all7/run --namelist <DATA_ROOT>/wrf_downscale/canary_all7/run/namelist.input --output-dir proofs/v020/s4/fp64_d01d03_1h_20260621T162807Z/output --proof-dir proofs/v020/s4/fp64_d01d03_1h_20260621T162807Z/proofs --scratch-dir proofs/v020/s4/fp64_d01d03_1h_20260621T162807Z/scratch --max-dom 3 --hours 1"
1782059639,2026-06-21T17:33:59+01:00,3104516,3104514,Rl,0,121,17.7,17458728,40164152,"python -m gpuwrf run --input-dir <DATA_ROOT>/wrf_downscale/canary_all7/run --namelist <DATA_ROOT>/wrf_downscale/canary_all7/run/namelist.input --output-dir proofs/v020/s4/fp64_d01d03_1h_20260621T162807Z/output --proof-dir proofs/v020/s4/fp64_d01d03_1h_20260621T162807Z/proofs --scratch-dir proofs/v020/s4/fp64_d01d03_1h_20260621T162807Z/scratch --max-dom 3 --hours 1"
1782059641,2026-06-21T17:34:01+01:00,3104514,3104450,S,19,0.0,0.0,1740,2784,"/usr/bin/time -f wall_s=%e\nmaxrss_kib=%M -o proofs/v020/s4/fp64_d01d03_1h_20260621T162807Z/time.txt taskset -c 0-3 python -m gpuwrf run --input-dir <DATA_ROOT>/wrf_downscale/canary_all7/run --namelist <DATA_ROOT>/wrf_downscale/canary_all7/run/namelist.input --output-dir proofs/v020/s4/fp64_d01d03_1h_20260621T162807Z/output --proof-dir proofs/v020/s4/fp64_d01d03_1h_20260621T162807Z/proofs --scratch-dir proofs/v020/s4/fp64_d01d03_1h_20260621T162807Z/scratch --max-dom 3 --hours 1"
1782059641,2026-06-21T17:34:01+01:00,3104516,3104514,Rl,1,121,17.7,17458756,40164152,"python -m gpuwrf run --input-dir <DATA_ROOT>/wrf_downscale/canary_all7/run --namelist <DATA_ROOT>/wrf_downscale/canary_all7/run/namelist.input --output-dir proofs/v020/s4/fp64_d01d03_1h_20260621T162807Z/output --proof-dir proofs/v020/s4/fp64_d01d03_1h_20260621T162807Z/proofs --scratch-dir proofs/v020/s4/fp64_d01d03_1h_20260621T162807Z/scratch --max-dom 3 --hours 1"
1782059643,2026-06-21T17:34:03+01:00,3104514,3104450,S,19,0.0,0.0,1740,2784,"/usr/bin/time -f wall_s=%e\nmaxrss_kib=%M -o proofs/v020/s4/fp64_d01d03_1h_20260621T162807Z/time.txt taskset -c 0-3 python -m gpuwrf run --input-dir <DATA_ROOT>/wrf_downscale/canary_all7/run --namelist <DATA_ROOT>/wrf_downscale/canary_all7/run/namelist.input --output-dir proofs/v020/s4/fp64_d01d03_1h_20260621T162807Z/output --proof-dir proofs/v020/s4/fp64_d01d03_1h_20260621T162807Z/proofs --scratch-dir proofs/v020/s4/fp64_d01d03_1h_20260621T162807Z/scratch --max-dom 3 --hours 1"
1782059643,2026-06-21T17:34:03+01:00,3104516,3104514,Rl,0,121,17.8,17550292,40255548,"python -m gpuwrf run --input-dir <DATA_ROOT>/wrf_downscale/canary_all7/run --namelist <DATA_ROOT>/wrf_downscale/canary_all7/run/namelist.input --output-dir proofs/v020/s4/fp64_d01d03_1h_20260621T162807Z/output --proof-dir proofs/v020/s4/fp64_d01d03_1h_20260621T162807Z/proofs --scratch-dir proofs/v020/s4/fp64_d01d03_1h_20260621T162807Z/scratch --max-dom 3 --hours 1"
1782059645,2026-06-21T17:34:05+01:00,3104514,3104450,S,19,0.0,0.0,1740,2784,"/usr/bin/time -f wall_s=%e\nmaxrss_kib=%M -o proofs/v020/s4/fp64_d01d03_1h_20260621T162807Z/time.txt taskset -c 0-3 python -m gpuwrf run --input-dir <DATA_ROOT>/wrf_downscale/canary_all7/run --namelist <DATA_ROOT>/wrf_downscale/canary_all7/run/namelist.input --output-dir proofs/v020/s4/fp64_d01d03_1h_20260621T162807Z/output --proof-dir proofs/v020/s4/fp64_d01d03_1h_20260621T162807Z/proofs --scratch-dir proofs/v020/s4/fp64_d01d03_1h_20260621T162807Z/scratch --max-dom 3 --hours 1"
1782059645,2026-06-21T17:34:05+01:00,3104516,3104514,Rl,0,120,17.8,17550312,40255548,"python -m gpuwrf run --input-dir <DATA_ROOT>/wrf_downscale/canary_all7/run --namelist <DATA_ROOT>/wrf_downscale/canary_all7/run/namelist.input --output-dir proofs/v020/s4/fp64_d01d03_1h_20260621T162807Z/output --proof-dir proofs/v020/s4/fp64_d01d03_1h_20260621T162807Z/proofs --scratch-dir proofs/v020/s4/fp64_d01d03_1h_20260621T162807Z/scratch --max-dom 3 --hours 1"
1782059648,2026-06-21T17:34:08+01:00,3104514,3104450,S,19,0.0,0.0,1740,2784,"/usr/bin/time -f wall_s=%e\nmaxrss_kib=%M -o proofs/v020/s4/fp64_d01d03_1h_20260621T162807Z/time.txt taskset -c 0-3 python -m gpuwrf run --input-dir <DATA_ROOT>/wrf_downscale/canary_all7/run --namelist <DATA_ROOT>/wrf_downscale/canary_all7/run/namelist.input --output-dir proofs/v020/s4/fp64_d01d03_1h_20260621T162807Z/output --proof-dir proofs/v020/s4/fp64_d01d03_1h_20260621T162807Z/proofs --scratch-dir proofs/v020/s4/fp64_d01d03_1h_20260621T162807Z/scratch --max-dom 3 --hours 1"
1782059648,2026-06-21T17:34:08+01:00,3104516,3104514,Rl,3,120,17.8,17550316,40255548,"python -m gpuwrf run --input-dir <DATA_ROOT>/wrf_downscale/canary_all7/run --namelist <DATA_ROOT>/wrf_downscale/canary_all7/run/namelist.input --output-dir proofs/v020/s4/fp64_d01d03_1h_20260621T162807Z/output --proof-dir proofs/v020/s4/fp64_d01d03_1h_20260621T162807Z/proofs --scratch-dir proofs/v020/s4/fp64_d01d03_1h_20260621T162807Z/scratch --max-dom 3 --hours 1"
1782059650,2026-06-21T17:34:10+01:00,3104514,3104450,S,19,0.0,0.0,1740,2784,"/usr/bin/time -f wall_s=%e\nmaxrss_kib=%M -o proofs/v020/s4/fp64_d01d03_1h_20260621T162807Z/time.txt taskset -c 0-3 python -m gpuwrf run --input-dir <DATA_ROOT>/wrf_downscale/canary_all7/run --namelist <DATA_ROOT>/wrf_downscale/canary_all7/run/namelist.input --output-dir proofs/v020/s4/fp64_d01d03_1h_20260621T162807Z/output --proof-dir proofs/v020/s4/fp64_d01d03_1h_20260621T162807Z/proofs --scratch-dir proofs/v020/s4/fp64_d01d03_1h_20260621T162807Z/scratch --max-dom 3 --hours 1"
1782059650,2026-06-21T17:34:10+01:00,3104516,3104514,Rl,0,120,17.8,17550332,40255548,"python -m gpuwrf run --input-dir <DATA_ROOT>/wrf_downscale/canary_all7/run --namelist <DATA_ROOT>/wrf_downscale/canary_all7/run/namelist.input --output-dir proofs/v020/s4/fp64_d01d03_1h_20260621T162807Z/output --proof-dir proofs/v020/s4/fp64_d01d03_1h_20260621T162807Z/proofs --scratch-dir proofs/v020/s4/fp64_d01d03_1h_20260621T162807Z/scratch --max-dom 3 --hours 1"
1782059652,2026-06-21T17:34:12+01:00,3104514,3104450,S,19,0.0,0.0,1740,2784,"/usr/bin/time -f wall_s=%e\nmaxrss_kib=%M -o proofs/v020/s4/fp64_d01d03_1h_20260621T162807Z/time.txt taskset -c 0-3 python -m gpuwrf run --input-dir <DATA_ROOT>/wrf_downscale/canary_all7/run --namelist <DATA_ROOT>/wrf_downscale/canary_all7/run/namelist.input --output-dir proofs/v020/s4/fp64_d01d03_1h_20260621T162807Z/output --proof-dir proofs/v020/s4/fp64_d01d03_1h_20260621T162807Z/proofs --scratch-dir proofs/v020/s4/fp64_d01d03_1h_20260621T162807Z/scratch --max-dom 3 --hours 1"
1782059652,2026-06-21T17:34:12+01:00,3104516,3104514,Rl,0,120,17.8,17550336,40255548,"python -m gpuwrf run --input-dir <DATA_ROOT>/wrf_downscale/canary_all7/run --namelist <DATA_ROOT>/wrf_downscale/canary_all7/run/namelist.input --output-dir proofs/v020/s4/fp64_d01d03_1h_20260621T162807Z/output --proof-dir proofs/v020/s4/fp64_d01d03_1h_20260621T162807Z/proofs --scratch-dir proofs/v020/s4/fp64_d01d03_1h_20260621T162807Z/scratch --max-dom 3 --hours 1"
1782059654,2026-06-21T17:34:14+01:00,3104514,3104450,S,19,0.0,0.0,1740,2784,"/usr/bin/time -f wall_s=%e\nmaxrss_kib=%M -o proofs/v020/s4/fp64_d01d03_1h_20260621T162807Z/time.txt taskset -c 0-3 python -m gpuwrf run --input-dir <DATA_ROOT>/wrf_downscale/canary_all7/run --namelist <DATA_ROOT>/wrf_downscale/canary_all7/run/namelist.input --output-dir proofs/v020/s4/fp64_d01d03_1h_20260621T162807Z/output --proof-dir proofs/v020/s4/fp64_d01d03_1h_20260621T162807Z/proofs --scratch-dir proofs/v020/s4/fp64_d01d03_1h_20260621T162807Z/scratch --max-dom 3 --hours 1"
1782059654,2026-06-21T17:34:14+01:00,3104516,3104514,Rl,1,120,17.8,17550372,40255548,"python -m gpuwrf run --input-dir <DATA_ROOT>/wrf_downscale/canary_all7/run --namelist <DATA_ROOT>/wrf_downscale/canary_all7/run/namelist.input --output-dir proofs/v020/s4/fp64_d01d03_1h_20260621T162807Z/output --proof-dir proofs/v020/s4/fp64_d01d03_1h_20260621T162807Z/proofs --scratch-dir proofs/v020/s4/fp64_d01d03_1h_20260621T162807Z/scratch --max-dom 3 --hours 1"
1782059656,2026-06-21T17:34:16+01:00,3104514,3104450,S,19,0.0,0.0,1740,2784,"/usr/bin/time -f wall_s=%e\nmaxrss_kib=%M -o proofs/v020/s4/fp64_d01d03_1h_20260621T162807Z/time.txt taskset -c 0-3 python -m gpuwrf run --input-dir <DATA_ROOT>/wrf_downscale/canary_all7/run --namelist <DATA_ROOT>/wrf_downscale/canary_all7/run/namelist.input --output-dir proofs/v020/s4/fp64_d01d03_1h_20260621T162807Z/output --proof-dir proofs/v020/s4/fp64_d01d03_1h_20260621T162807Z/proofs --scratch-dir proofs/v020/s4/fp64_d01d03_1h_20260621T162807Z/scratch --max-dom 3 --hours 1"
1782059656,2026-06-21T17:34:16+01:00,3104516,3104514,Rl,1,120,17.8,17550436,40255548,"python -m gpuwrf run --input-dir <DATA_ROOT>/wrf_downscale/canary_all7/run --namelist <DATA_ROOT>/wrf_downscale/canary_all7/run/namelist.input --output-dir proofs/v020/s4/fp64_d01d03_1h_20260621T162807Z/output --proof-dir proofs/v020/s4/fp64_d01d03_1h_20260621T162807Z/proofs --scratch-dir proofs/v020/s4/fp64_d01d03_1h_20260621T162807Z/scratch --max-dom 3 --hours 1"
1782059658,2026-06-21T17:34:18+01:00,3104514,3104450,S,19,0.0,0.0,1740,2784,"/usr/bin/time -f wall_s=%e\nmaxrss_kib=%M -o proofs/v020/s4/fp64_d01d03_1h_20260621T162807Z/time.txt taskset -c 0-3 python -m gpuwrf run --input-dir <DATA_ROOT>/wrf_downscale/canary_all7/run --namelist <DATA_ROOT>/wrf_downscale/canary_all7/run/namelist.input --output-dir proofs/v020/s4/fp64_d01d03_1h_20260621T162807Z/output --proof-dir proofs/v020/s4/fp64_d01d03_1h_20260621T162807Z/proofs --scratch-dir proofs/v020/s4/fp64_d01d03_1h_20260621T162807Z/scratch --max-dom 3 --hours 1"
1782059658,2026-06-21T17:34:18+01:00,3104516,3104514,Rl,0,120,17.8,17550548,40255548,"python -m gpuwrf run --input-dir <DATA_ROOT>/wrf_downscale/canary_all7/run --namelist <DATA_ROOT>/wrf_downscale/canary_all7/run/namelist.input --output-dir proofs/v020/s4/fp64_d01d03_1h_20260621T162807Z/output --proof-dir proofs/v020/s4/fp64_d01d03_1h_20260621T162807Z/proofs --scratch-dir proofs/v020/s4/fp64_d01d03_1h_20260621T162807Z/scratch --max-dom 3 --hours 1"
1782059660,2026-06-21T17:34:20+01:00,3104514,3104450,S,19,0.0,0.0,1740,2784,"/usr/bin/time -f wall_s=%e\nmaxrss_kib=%M -o proofs/v020/s4/fp64_d01d03_1h_20260621T162807Z/time.txt taskset -c 0-3 python -m gpuwrf run --input-dir <DATA_ROOT>/wrf_downscale/canary_all7/run --namelist <DATA_ROOT>/wrf_downscale/canary_all7/run/namelist.input --output-dir proofs/v020/s4/fp64_d01d03_1h_20260621T162807Z/output --proof-dir proofs/v020/s4/fp64_d01d03_1h_20260621T162807Z/proofs --scratch-dir proofs/v020/s4/fp64_d01d03_1h_20260621T162807Z/scratch --max-dom 3 --hours 1"
1782059660,2026-06-21T17:34:20+01:00,3104516,3104514,Rl,0,120,17.8,17550568,40255548,"python -m gpuwrf run --input-dir <DATA_ROOT>/wrf_downscale/canary_all7/run --namelist <DATA_ROOT>/wrf_downscale/canary_all7/run/namelist.input --output-dir proofs/v020/s4/fp64_d01d03_1h_20260621T162807Z/output --proof-dir proofs/v020/s4/fp64_d01d03_1h_20260621T162807Z/proofs --scratch-dir proofs/v020/s4/fp64_d01d03_1h_20260621T162807Z/scratch --max-dom 3 --hours 1"
1782059662,2026-06-21T17:34:22+01:00,3104514,3104450,S,19,0.0,0.0,1740,2784,"/usr/bin/time -f wall_s=%e\nmaxrss_kib=%M -o proofs/v020/s4/fp64_d01d03_1h_20260621T162807Z/time.txt taskset -c 0-3 python -m gpuwrf run --input-dir <DATA_ROOT>/wrf_downscale/canary_all7/run --namelist <DATA_ROOT>/wrf_downscale/canary_all7/run/namelist.input --output-dir proofs/v020/s4/fp64_d01d03_1h_20260621T162807Z/output --proof-dir proofs/v020/s4/fp64_d01d03_1h_20260621T162807Z/proofs --scratch-dir proofs/v020/s4/fp64_d01d03_1h_20260621T162807Z/scratch --max-dom 3 --hours 1"
1782059662,2026-06-21T17:34:22+01:00,3104516,3104514,Rl,0,120,17.8,17550592,40255548,"python -m gpuwrf run --input-dir <DATA_ROOT>/wrf_downscale/canary_all7/run --namelist <DATA_ROOT>/wrf_downscale/canary_all7/run/namelist.input --output-dir proofs/v020/s4/fp64_d01d03_1h_20260621T162807Z/output --proof-dir proofs/v020/s4/fp64_d01d03_1h_20260621T162807Z/proofs --scratch-dir proofs/v020/s4/fp64_d01d03_1h_20260621T162807Z/scratch --max-dom 3 --hours 1"
1782059665,2026-06-21T17:34:25+01:00,3104514,3104450,S,19,0.0,0.0,1740,2784,"/usr/bin/time -f wall_s=%e\nmaxrss_kib=%M -o proofs/v020/s4/fp64_d01d03_1h_20260621T162807Z/time.txt taskset -c 0-3 python -m gpuwrf run --input-dir <DATA_ROOT>/wrf_downscale/canary_all7/run --namelist <DATA_ROOT>/wrf_downscale/canary_all7/run/namelist.input --output-dir proofs/v020/s4/fp64_d01d03_1h_20260621T162807Z/output --proof-dir proofs/v020/s4/fp64_d01d03_1h_20260621T162807Z/proofs --scratch-dir proofs/v020/s4/fp64_d01d03_1h_20260621T162807Z/scratch --max-dom 3 --hours 1"
1782059665,2026-06-21T17:34:25+01:00,3104516,3104514,Rl,0,119,17.8,17550568,40255548,"python -m gpuwrf run --input-dir <DATA_ROOT>/wrf_downscale/canary_all7/run --namelist <DATA_ROOT>/wrf_downscale/canary_all7/run/namelist.input --output-dir proofs/v020/s4/fp64_d01d03_1h_20260621T162807Z/output --proof-dir proofs/v020/s4/fp64_d01d03_1h_20260621T162807Z/proofs --scratch-dir proofs/v020/s4/fp64_d01d03_1h_20260621T162807Z/scratch --max-dom 3 --hours 1"
1782059667,2026-06-21T17:34:27+01:00,3104514,3104450,S,19,0.0,0.0,1740,2784,"/usr/bin/time -f wall_s=%e\nmaxrss_kib=%M -o proofs/v020/s4/fp64_d01d03_1h_20260621T162807Z/time.txt taskset -c 0-3 python -m gpuwrf run --input-dir <DATA_ROOT>/wrf_downscale/canary_all7/run --namelist <DATA_ROOT>/wrf_downscale/canary_all7/run/namelist.input --output-dir proofs/v020/s4/fp64_d01d03_1h_20260621T162807Z/output --proof-dir proofs/v020/s4/fp64_d01d03_1h_20260621T162807Z/proofs --scratch-dir proofs/v020/s4/fp64_d01d03_1h_20260621T162807Z/scratch --max-dom 3 --hours 1"
1782059667,2026-06-21T17:34:27+01:00,3104516,3104514,Rl,0,119,17.8,17550668,40255548,"python -m gpuwrf run --input-dir <DATA_ROOT>/wrf_downscale/canary_all7/run --namelist <DATA_ROOT>/wrf_downscale/canary_all7/run/namelist.input --output-dir proofs/v020/s4/fp64_d01d03_1h_20260621T162807Z/output --proof-dir proofs/v020/s4/fp64_d01d03_1h_20260621T162807Z/proofs --scratch-dir proofs/v020/s4/fp64_d01d03_1h_20260621T162807Z/scratch --max-dom 3 --hours 1"
1782059669,2026-06-21T17:34:29+01:00,3104514,3104450,S,19,0.0,0.0,1740,2784,"/usr/bin/time -f wall_s=%e\nmaxrss_kib=%M -o proofs/v020/s4/fp64_d01d03_1h_20260621T162807Z/time.txt taskset -c 0-3 python -m gpuwrf run --input-dir <DATA_ROOT>/wrf_downscale/canary_all7/run --namelist <DATA_ROOT>/wrf_downscale/canary_all7/run/namelist.input --output-dir proofs/v020/s4/fp64_d01d03_1h_20260621T162807Z/output --proof-dir proofs/v020/s4/fp64_d01d03_1h_20260621T162807Z/proofs --scratch-dir proofs/v020/s4/fp64_d01d03_1h_20260621T162807Z/scratch --max-dom 3 --hours 1"
1782059669,2026-06-21T17:34:29+01:00,3104516,3104514,Rl,0,119,17.8,17550672,40255548,"python -m gpuwrf run --input-dir <DATA_ROOT>/wrf_downscale/canary_all7/run --namelist <DATA_ROOT>/wrf_downscale/canary_all7/run/namelist.input --output-dir proofs/v020/s4/fp64_d01d03_1h_20260621T162807Z/output --proof-dir proofs/v020/s4/fp64_d01d03_1h_20260621T162807Z/proofs --scratch-dir proofs/v020/s4/fp64_d01d03_1h_20260621T162807Z/scratch --max-dom 3 --hours 1"
1782059671,2026-06-21T17:34:31+01:00,3104514,3104450,S,19,0.0,0.0,1740,2784,"/usr/bin/time -f wall_s=%e\nmaxrss_kib=%M -o proofs/v020/s4/fp64_d01d03_1h_20260621T162807Z/time.txt taskset -c 0-3 python -m gpuwrf run --input-dir <DATA_ROOT>/wrf_downscale/canary_all7/run --namelist <DATA_ROOT>/wrf_downscale/canary_all7/run/namelist.input --output-dir proofs/v020/s4/fp64_d01d03_1h_20260621T162807Z/output --proof-dir proofs/v020/s4/fp64_d01d03_1h_20260621T162807Z/proofs --scratch-dir proofs/v020/s4/fp64_d01d03_1h_20260621T162807Z/scratch --max-dom 3 --hours 1"
1782059671,2026-06-21T17:34:31+01:00,3104516,3104514,Rl,0,119,17.8,17550696,40255548,"python -m gpuwrf run --input-dir <DATA_ROOT>/wrf_downscale/canary_all7/run --namelist <DATA_ROOT>/wrf_downscale/canary_all7/run/namelist.input --output-dir proofs/v020/s4/fp64_d01d03_1h_20260621T162807Z/output --proof-dir proofs/v020/s4/fp64_d01d03_1h_20260621T162807Z/proofs --scratch-dir proofs/v020/s4/fp64_d01d03_1h_20260621T162807Z/scratch --max-dom 3 --hours 1"
1782059673,2026-06-21T17:34:33+01:00,3104514,3104450,S,19,0.0,0.0,1740,2784,"/usr/bin/time -f wall_s=%e\nmaxrss_kib=%M -o proofs/v020/s4/fp64_d01d03_1h_20260621T162807Z/time.txt taskset -c 0-3 python -m gpuwrf run --input-dir <DATA_ROOT>/wrf_downscale/canary_all7/run --namelist <DATA_ROOT>/wrf_downscale/canary_all7/run/namelist.input --output-dir proofs/v020/s4/fp64_d01d03_1h_20260621T162807Z/output --proof-dir proofs/v020/s4/fp64_d01d03_1h_20260621T162807Z/proofs --scratch-dir proofs/v020/s4/fp64_d01d03_1h_20260621T162807Z/scratch --max-dom 3 --hours 1"
1782059673,2026-06-21T17:34:33+01:00,3104516,3104514,Rl,3,119,17.8,17550696,40255548,"python -m gpuwrf run --input-dir <DATA_ROOT>/wrf_downscale/canary_all7/run --namelist <DATA_ROOT>/wrf_downscale/canary_all7/run/namelist.input --output-dir proofs/v020/s4/fp64_d01d03_1h_20260621T162807Z/output --proof-dir proofs/v020/s4/fp64_d01d03_1h_20260621T162807Z/proofs --scratch-dir proofs/v020/s4/fp64_d01d03_1h_20260621T162807Z/scratch --max-dom 3 --hours 1"
1782059675,2026-06-21T17:34:35+01:00,3104514,3104450,S,19,0.0,0.0,1740,2784,"/usr/bin/time -f wall_s=%e\nmaxrss_kib=%M -o proofs/v020/s4/fp64_d01d03_1h_20260621T162807Z/time.txt taskset -c 0-3 python -m gpuwrf run --input-dir <DATA_ROOT>/wrf_downscale/canary_all7/run --namelist <DATA_ROOT>/wrf_downscale/canary_all7/run/namelist.input --output-dir proofs/v020/s4/fp64_d01d03_1h_20260621T162807Z/output --proof-dir proofs/v020/s4/fp64_d01d03_1h_20260621T162807Z/proofs --scratch-dir proofs/v020/s4/fp64_d01d03_1h_20260621T162807Z/scratch --max-dom 3 --hours 1"
1782059675,2026-06-21T17:34:35+01:00,3104516,3104514,Rl,3,119,17.5,17317860,40022836,"python -m gpuwrf run --input-dir <DATA_ROOT>/wrf_downscale/canary_all7/run --namelist <DATA_ROOT>/wrf_downscale/canary_all7/run/namelist.input --output-dir proofs/v020/s4/fp64_d01d03_1h_20260621T162807Z/output --proof-dir proofs/v020/s4/fp64_d01d03_1h_20260621T162807Z/proofs --scratch-dir proofs/v020/s4/fp64_d01d03_1h_20260621T162807Z/scratch --max-dom 3 --hours 1"
1782059677,2026-06-21T17:34:37+01:00,3104514,3104450,S,19,0.0,0.0,1740,2784,"/usr/bin/time -f wall_s=%e\nmaxrss_kib=%M -o proofs/v020/s4/fp64_d01d03_1h_20260621T162807Z/time.txt taskset -c 0-3 python -m gpuwrf run --input-dir <DATA_ROOT>/wrf_downscale/canary_all7/run --namelist <DATA_ROOT>/wrf_downscale/canary_all7/run/namelist.input --output-dir proofs/v020/s4/fp64_d01d03_1h_20260621T162807Z/output --proof-dir proofs/v020/s4/fp64_d01d03_1h_20260621T162807Z/proofs --scratch-dir proofs/v020/s4/fp64_d01d03_1h_20260621T162807Z/scratch --max-dom 3 --hours 1"
1782059677,2026-06-21T17:34:37+01:00,3104516,3104514,Rl,3,119,17.5,17283684,39988660,"python -m gpuwrf run --input-dir <DATA_ROOT>/wrf_downscale/canary_all7/run --namelist <DATA_ROOT>/wrf_downscale/canary_all7/run/namelist.input --output-dir proofs/v020/s4/fp64_d01d03_1h_20260621T162807Z/output --proof-dir proofs/v020/s4/fp64_d01d03_1h_20260621T162807Z/proofs --scratch-dir proofs/v020/s4/fp64_d01d03_1h_20260621T162807Z/scratch --max-dom 3 --hours 1"
1782059679,2026-06-21T17:34:39+01:00,3104514,3104450,S,19,0.0,0.0,1740,2784,"/usr/bin/time -f wall_s=%e\nmaxrss_kib=%M -o proofs/v020/s4/fp64_d01d03_1h_20260621T162807Z/time.txt taskset -c 0-3 python -m gpuwrf run --input-dir <DATA_ROOT>/wrf_downscale/canary_all7/run --namelist <DATA_ROOT>/wrf_downscale/canary_all7/run/namelist.input --output-dir proofs/v020/s4/fp64_d01d03_1h_20260621T162807Z/output --proof-dir proofs/v020/s4/fp64_d01d03_1h_20260621T162807Z/proofs --scratch-dir proofs/v020/s4/fp64_d01d03_1h_20260621T162807Z/scratch --max-dom 3 --hours 1"
1782059679,2026-06-21T17:34:39+01:00,3104516,3104514,Rl,3,119,17.5,17283740,39988660,"python -m gpuwrf run --input-dir <DATA_ROOT>/wrf_downscale/canary_all7/run --namelist <DATA_ROOT>/wrf_downscale/canary_all7/run/namelist.input --output-dir proofs/v020/s4/fp64_d01d03_1h_20260621T162807Z/output --proof-dir proofs/v020/s4/fp64_d01d03_1h_20260621T162807Z/proofs --scratch-dir proofs/v020/s4/fp64_d01d03_1h_20260621T162807Z/scratch --max-dom 3 --hours 1"
1782059681,2026-06-21T17:34:41+01:00,3104514,3104450,S,19,0.0,0.0,1740,2784,"/usr/bin/time -f wall_s=%e\nmaxrss_kib=%M -o proofs/v020/s4/fp64_d01d03_1h_20260621T162807Z/time.txt taskset -c 0-3 python -m gpuwrf run --input-dir <DATA_ROOT>/wrf_downscale/canary_all7/run --namelist <DATA_ROOT>/wrf_downscale/canary_all7/run/namelist.input --output-dir proofs/v020/s4/fp64_d01d03_1h_20260621T162807Z/output --proof-dir proofs/v020/s4/fp64_d01d03_1h_20260621T162807Z/proofs --scratch-dir proofs/v020/s4/fp64_d01d03_1h_20260621T162807Z/scratch --max-dom 3 --hours 1"
1782059681,2026-06-21T17:34:41+01:00,3104516,3104514,Sl,1,119,17.5,17287544,39988660,"python -m gpuwrf run --input-dir <DATA_ROOT>/wrf_downscale/canary_all7/run --namelist <DATA_ROOT>/wrf_downscale/canary_all7/run/namelist.input --output-dir proofs/v020/s4/fp64_d01d03_1h_20260621T162807Z/output --proof-dir proofs/v020/s4/fp64_d01d03_1h_20260621T162807Z/proofs --scratch-dir proofs/v020/s4/fp64_d01d03_1h_20260621T162807Z/scratch --max-dom 3 --hours 1"
1782059684,2026-06-21T17:34:44+01:00,3104514,3104450,S,19,0.0,0.0,1740,2784,"/usr/bin/time -f wall_s=%e\nmaxrss_kib=%M -o proofs/v020/s4/fp64_d01d03_1h_20260621T162807Z/time.txt taskset -c 0-3 python -m gpuwrf run --input-dir <DATA_ROOT>/wrf_downscale/canary_all7/run --namelist <DATA_ROOT>/wrf_downscale/canary_all7/run/namelist.input --output-dir proofs/v020/s4/fp64_d01d03_1h_20260621T162807Z/output --proof-dir proofs/v020/s4/fp64_d01d03_1h_20260621T162807Z/proofs --scratch-dir proofs/v020/s4/fp64_d01d03_1h_20260621T162807Z/scratch --max-dom 3 --hours 1"
1782059684,2026-06-21T17:34:44+01:00,3104516,3104514,Sl,3,120,17.5,17287772,39988660,"python -m gpuwrf run --input-dir <DATA_ROOT>/wrf_downscale/canary_all7/run --namelist <DATA_ROOT>/wrf_downscale/canary_all7/run/namelist.input --output-dir proofs/v020/s4/fp64_d01d03_1h_20260621T162807Z/output --proof-dir proofs/v020/s4/fp64_d01d03_1h_20260621T162807Z/proofs --scratch-dir proofs/v020/s4/fp64_d01d03_1h_20260621T162807Z/scratch --max-dom 3 --hours 1"
1782059684,2026-06-21T17:34:44+01:00,3125681,3104516,R,2,108,0.0,63524,95964,"<USER_HOME>/miniconda3/lib/python3.13/site-packages/nvidia/cu13/bin/ptxas /tmp/tempfile-user-battlestation-839f596b3c28a7c2-3104516-654c61a70ea43 -o /tmp/tempfile-user-battlestation-839f596b3c28a7c2-3104516-654c61a70eaab -arch sm_120a --warn-on-spills"
1782059686,2026-06-21T17:34:46+01:00,3104514,3104450,S,19,0.0,0.0,1740,2784,"/usr/bin/time -f wall_s=%e\nmaxrss_kib=%M -o proofs/v020/s4/fp64_d01d03_1h_20260621T162807Z/time.txt taskset -c 0-3 python -m gpuwrf run --input-dir <DATA_ROOT>/wrf_downscale/canary_all7/run --namelist <DATA_ROOT>/wrf_downscale/canary_all7/run/namelist.input --output-dir proofs/v020/s4/fp64_d01d03_1h_20260621T162807Z/output --proof-dir proofs/v020/s4/fp64_d01d03_1h_20260621T162807Z/proofs --scratch-dir proofs/v020/s4/fp64_d01d03_1h_20260621T162807Z/scratch --max-dom 3 --hours 1"
1782059686,2026-06-21T17:34:46+01:00,3104516,3104514,Sl,2,121,17.5,17290232,39988660,"python -m gpuwrf run --input-dir <DATA_ROOT>/wrf_downscale/canary_all7/run --namelist <DATA_ROOT>/wrf_downscale/canary_all7/run/namelist.input --output-dir proofs/v020/s4/fp64_d01d03_1h_20260621T162807Z/output --proof-dir proofs/v020/s4/fp64_d01d03_1h_20260621T162807Z/proofs --scratch-dir proofs/v020/s4/fp64_d01d03_1h_20260621T162807Z/scratch --max-dom 3 --hours 1"
1782059688,2026-06-21T17:34:48+01:00,3104514,3104450,S,19,0.0,0.0,1740,2784,"/usr/bin/time -f wall_s=%e\nmaxrss_kib=%M -o proofs/v020/s4/fp64_d01d03_1h_20260621T162807Z/time.txt taskset -c 0-3 python -m gpuwrf run --input-dir <DATA_ROOT>/wrf_downscale/canary_all7/run --namelist <DATA_ROOT>/wrf_downscale/canary_all7/run/namelist.input --output-dir proofs/v020/s4/fp64_d01d03_1h_20260621T162807Z/output --proof-dir proofs/v020/s4/fp64_d01d03_1h_20260621T162807Z/proofs --scratch-dir proofs/v020/s4/fp64_d01d03_1h_20260621T162807Z/scratch --max-dom 3 --hours 1"
1782059688,2026-06-21T17:34:48+01:00,3104516,3104514,Sl,3,122,17.5,17293084,39988660,"python -m gpuwrf run --input-dir <DATA_ROOT>/wrf_downscale/canary_all7/run --namelist <DATA_ROOT>/wrf_downscale/canary_all7/run/namelist.input --output-dir proofs/v020/s4/fp64_d01d03_1h_20260621T162807Z/output --proof-dir proofs/v020/s4/fp64_d01d03_1h_20260621T162807Z/proofs --scratch-dir proofs/v020/s4/fp64_d01d03_1h_20260621T162807Z/scratch --max-dom 3 --hours 1"
1782059690,2026-06-21T17:34:50+01:00,3104514,3104450,S,19,0.0,0.0,1740,2784,"/usr/bin/time -f wall_s=%e\nmaxrss_kib=%M -o proofs/v020/s4/fp64_d01d03_1h_20260621T162807Z/time.txt taskset -c 0-3 python -m gpuwrf run --input-dir <DATA_ROOT>/wrf_downscale/canary_all7/run --namelist <DATA_ROOT>/wrf_downscale/canary_all7/run/namelist.input --output-dir proofs/v020/s4/fp64_d01d03_1h_20260621T162807Z/output --proof-dir proofs/v020/s4/fp64_d01d03_1h_20260621T162807Z/proofs --scratch-dir proofs/v020/s4/fp64_d01d03_1h_20260621T162807Z/scratch --max-dom 3 --hours 1"
1782059690,2026-06-21T17:34:50+01:00,3104516,3104514,Sl,1,123,17.5,17293180,39988660,"python -m gpuwrf run --input-dir <DATA_ROOT>/wrf_downscale/canary_all7/run --namelist <DATA_ROOT>/wrf_downscale/canary_all7/run/namelist.input --output-dir proofs/v020/s4/fp64_d01d03_1h_20260621T162807Z/output --proof-dir proofs/v020/s4/fp64_d01d03_1h_20260621T162807Z/proofs --scratch-dir proofs/v020/s4/fp64_d01d03_1h_20260621T162807Z/scratch --max-dom 3 --hours 1"
1782059692,2026-06-21T17:34:52+01:00,3104514,3104450,S,19,0.0,0.0,1740,2784,"/usr/bin/time -f wall_s=%e\nmaxrss_kib=%M -o proofs/v020/s4/fp64_d01d03_1h_20260621T162807Z/time.txt taskset -c 0-3 python -m gpuwrf run --input-dir <DATA_ROOT>/wrf_downscale/canary_all7/run --namelist <DATA_ROOT>/wrf_downscale/canary_all7/run/namelist.input --output-dir proofs/v020/s4/fp64_d01d03_1h_20260621T162807Z/output --proof-dir proofs/v020/s4/fp64_d01d03_1h_20260621T162807Z/proofs --scratch-dir proofs/v020/s4/fp64_d01d03_1h_20260621T162807Z/scratch --max-dom 3 --hours 1"
1782059692,2026-06-21T17:34:52+01:00,3104516,3104514,Sl,3,124,17.5,17293180,39988660,"python -m gpuwrf run --input-dir <DATA_ROOT>/wrf_downscale/canary_all7/run --namelist <DATA_ROOT>/wrf_downscale/canary_all7/run/namelist.input --output-dir proofs/v020/s4/fp64_d01d03_1h_20260621T162807Z/output --proof-dir proofs/v020/s4/fp64_d01d03_1h_20260621T162807Z/proofs --scratch-dir proofs/v020/s4/fp64_d01d03_1h_20260621T162807Z/scratch --max-dom 3 --hours 1"
1782059694,2026-06-21T17:34:54+01:00,3104514,3104450,S,19,0.0,0.0,1740,2784,"/usr/bin/time -f wall_s=%e\nmaxrss_kib=%M -o proofs/v020/s4/fp64_d01d03_1h_20260621T162807Z/time.txt taskset -c 0-3 python -m gpuwrf run --input-dir <DATA_ROOT>/wrf_downscale/canary_all7/run --namelist <DATA_ROOT>/wrf_downscale/canary_all7/run/namelist.input --output-dir proofs/v020/s4/fp64_d01d03_1h_20260621T162807Z/output --proof-dir proofs/v020/s4/fp64_d01d03_1h_20260621T162807Z/proofs --scratch-dir proofs/v020/s4/fp64_d01d03_1h_20260621T162807Z/scratch --max-dom 3 --hours 1"
1782059694,2026-06-21T17:34:54+01:00,3104516,3104514,Sl,0,125,17.5,17293236,39988660,"python -m gpuwrf run --input-dir <DATA_ROOT>/wrf_downscale/canary_all7/run --namelist <DATA_ROOT>/wrf_downscale/canary_all7/run/namelist.input --output-dir proofs/v020/s4/fp64_d01d03_1h_20260621T162807Z/output --proof-dir proofs/v020/s4/fp64_d01d03_1h_20260621T162807Z/proofs --scratch-dir proofs/v020/s4/fp64_d01d03_1h_20260621T162807Z/scratch --max-dom 3 --hours 1"
1782059694,2026-06-21T17:34:54+01:00,3126497,3104516,R,0,116,0.0,40196,71328,"<USER_HOME>/miniconda3/lib/python3.13/site-packages/nvidia/cu13/bin/ptxas /tmp/tempfile-user-battlestation-ccadfb890ad3570d-3104516-654c61b15e2c2 -o /tmp/tempfile-user-battlestation-ccadfb890ad3570d-3104516-654c61b15e31d -arch sm_120a --warn-on-spills"
1782059697,2026-06-21T17:34:57+01:00,3104514,3104450,S,19,0.0,0.0,1740,2784,"/usr/bin/time -f wall_s=%e\nmaxrss_kib=%M -o proofs/v020/s4/fp64_d01d03_1h_20260621T162807Z/time.txt taskset -c 0-3 python -m gpuwrf run --input-dir <DATA_ROOT>/wrf_downscale/canary_all7/run --namelist <DATA_ROOT>/wrf_downscale/canary_all7/run/namelist.input --output-dir proofs/v020/s4/fp64_d01d03_1h_20260621T162807Z/output --proof-dir proofs/v020/s4/fp64_d01d03_1h_20260621T162807Z/proofs --scratch-dir proofs/v020/s4/fp64_d01d03_1h_20260621T162807Z/scratch --max-dom 3 --hours 1"
1782059697,2026-06-21T17:34:57+01:00,3104516,3104514,Sl,0,126,17.5,17293260,39988660,"python -m gpuwrf run --input-dir <DATA_ROOT>/wrf_downscale/canary_all7/run --namelist <DATA_ROOT>/wrf_downscale/canary_all7/run/namelist.input --output-dir proofs/v020/s4/fp64_d01d03_1h_20260621T162807Z/output --proof-dir proofs/v020/s4/fp64_d01d03_1h_20260621T162807Z/proofs --scratch-dir proofs/v020/s4/fp64_d01d03_1h_20260621T162807Z/scratch --max-dom 3 --hours 1"
1782059699,2026-06-21T17:34:59+01:00,3104514,3104450,S,19,0.0,0.0,1740,2784,"/usr/bin/time -f wall_s=%e\nmaxrss_kib=%M -o proofs/v020/s4/fp64_d01d03_1h_20260621T162807Z/time.txt taskset -c 0-3 python -m gpuwrf run --input-dir <DATA_ROOT>/wrf_downscale/canary_all7/run --namelist <DATA_ROOT>/wrf_downscale/canary_all7/run/namelist.input --output-dir proofs/v020/s4/fp64_d01d03_1h_20260621T162807Z/output --proof-dir proofs/v020/s4/fp64_d01d03_1h_20260621T162807Z/proofs --scratch-dir proofs/v020/s4/fp64_d01d03_1h_20260621T162807Z/scratch --max-dom 3 --hours 1"
1782059699,2026-06-21T17:34:59+01:00,3104516,3104514,Sl,0,126,17.5,17293284,39988660,"python -m gpuwrf run --input-dir <DATA_ROOT>/wrf_downscale/canary_all7/run --namelist <DATA_ROOT>/wrf_downscale/canary_all7/run/namelist.input --output-dir proofs/v020/s4/fp64_d01d03_1h_20260621T162807Z/output --proof-dir proofs/v020/s4/fp64_d01d03_1h_20260621T162807Z/proofs --scratch-dir proofs/v020/s4/fp64_d01d03_1h_20260621T162807Z/scratch --max-dom 3 --hours 1"
1782059701,2026-06-21T17:35:01+01:00,3104514,3104450,S,19,0.0,0.0,1740,2784,"/usr/bin/time -f wall_s=%e\nmaxrss_kib=%M -o proofs/v020/s4/fp64_d01d03_1h_20260621T162807Z/time.txt taskset -c 0-3 python -m gpuwrf run --input-dir <DATA_ROOT>/wrf_downscale/canary_all7/run --namelist <DATA_ROOT>/wrf_downscale/canary_all7/run/namelist.input --output-dir proofs/v020/s4/fp64_d01d03_1h_20260621T162807Z/output --proof-dir proofs/v020/s4/fp64_d01d03_1h_20260621T162807Z/proofs --scratch-dir proofs/v020/s4/fp64_d01d03_1h_20260621T162807Z/scratch --max-dom 3 --hours 1"
1782059701,2026-06-21T17:35:01+01:00,3104516,3104514,Sl,0,127,17.5,17293356,39988660,"python -m gpuwrf run --input-dir <DATA_ROOT>/wrf_downscale/canary_all7/run --namelist <DATA_ROOT>/wrf_downscale/canary_all7/run/namelist.input --output-dir proofs/v020/s4/fp64_d01d03_1h_20260621T162807Z/output --proof-dir proofs/v020/s4/fp64_d01d03_1h_20260621T162807Z/proofs --scratch-dir proofs/v020/s4/fp64_d01d03_1h_20260621T162807Z/scratch --max-dom 3 --hours 1"
1782059703,2026-06-21T17:35:03+01:00,3104514,3104450,S,19,0.0,0.0,1740,2784,"/usr/bin/time -f wall_s=%e\nmaxrss_kib=%M -o proofs/v020/s4/fp64_d01d03_1h_20260621T162807Z/time.txt taskset -c 0-3 python -m gpuwrf run --input-dir <DATA_ROOT>/wrf_downscale/canary_all7/run --namelist <DATA_ROOT>/wrf_downscale/canary_all7/run/namelist.input --output-dir proofs/v020/s4/fp64_d01d03_1h_20260621T162807Z/output --proof-dir proofs/v020/s4/fp64_d01d03_1h_20260621T162807Z/proofs --scratch-dir proofs/v020/s4/fp64_d01d03_1h_20260621T162807Z/scratch --max-dom 3 --hours 1"
1782059703,2026-06-21T17:35:03+01:00,3104516,3104514,Sl,1,127,17.5,17293360,39988660,"python -m gpuwrf run --input-dir <DATA_ROOT>/wrf_downscale/canary_all7/run --namelist <DATA_ROOT>/wrf_downscale/canary_all7/run/namelist.input --output-dir proofs/v020/s4/fp64_d01d03_1h_20260621T162807Z/output --proof-dir proofs/v020/s4/fp64_d01d03_1h_20260621T162807Z/proofs --scratch-dir proofs/v020/s4/fp64_d01d03_1h_20260621T162807Z/scratch --max-dom 3 --hours 1"
1782059705,2026-06-21T17:35:05+01:00,3104514,3104450,S,19,0.0,0.0,1740,2784,"/usr/bin/time -f wall_s=%e\nmaxrss_kib=%M -o proofs/v020/s4/fp64_d01d03_1h_20260621T162807Z/time.txt taskset -c 0-3 python -m gpuwrf run --input-dir <DATA_ROOT>/wrf_downscale/canary_all7/run --namelist <DATA_ROOT>/wrf_downscale/canary_all7/run/namelist.input --output-dir proofs/v020/s4/fp64_d01d03_1h_20260621T162807Z/output --proof-dir proofs/v020/s4/fp64_d01d03_1h_20260621T162807Z/proofs --scratch-dir proofs/v020/s4/fp64_d01d03_1h_20260621T162807Z/scratch --max-dom 3 --hours 1"
1782059705,2026-06-21T17:35:05+01:00,3104516,3104514,Sl,0,127,17.5,17300860,39988660,"python -m gpuwrf run --input-dir <DATA_ROOT>/wrf_downscale/canary_all7/run --namelist <DATA_ROOT>/wrf_downscale/canary_all7/run/namelist.input --output-dir proofs/v020/s4/fp64_d01d03_1h_20260621T162807Z/output --proof-dir proofs/v020/s4/fp64_d01d03_1h_20260621T162807Z/proofs --scratch-dir proofs/v020/s4/fp64_d01d03_1h_20260621T162807Z/scratch --max-dom 3 --hours 1"
1782059705,2026-06-21T17:35:05+01:00,3127092,3104516,R,0,101,0.0,93148,125384,"<USER_HOME>/miniconda3/lib/python3.13/site-packages/nvidia/cu13/bin/ptxas /tmp/tempfile-user-battlestation-e7530505c2ec0316-3104516-654c61bb01de5 -o /tmp/tempfile-user-battlestation-e7530505c2ec0316-3104516-654c61bb01e84 -arch sm_120a --warn-on-spills"
1782059707,2026-06-21T17:35:07+01:00,3104514,3104450,S,19,0.0,0.0,1740,2784,"/usr/bin/time -f wall_s=%e\nmaxrss_kib=%M -o proofs/v020/s4/fp64_d01d03_1h_20260621T162807Z/time.txt taskset -c 0-3 python -m gpuwrf run --input-dir <DATA_ROOT>/wrf_downscale/canary_all7/run --namelist <DATA_ROOT>/wrf_downscale/canary_all7/run/namelist.input --output-dir proofs/v020/s4/fp64_d01d03_1h_20260621T162807Z/output --proof-dir proofs/v020/s4/fp64_d01d03_1h_20260621T162807Z/proofs --scratch-dir proofs/v020/s4/fp64_d01d03_1h_20260621T162807Z/scratch --max-dom 3 --hours 1"
1782059707,2026-06-21T17:35:07+01:00,3104516,3104514,Sl,1,128,17.5,17300860,39988660,"python -m gpuwrf run --input-dir <DATA_ROOT>/wrf_downscale/canary_all7/run --namelist <DATA_ROOT>/wrf_downscale/canary_all7/run/namelist.input --output-dir proofs/v020/s4/fp64_d01d03_1h_20260621T162807Z/output --proof-dir proofs/v020/s4/fp64_d01d03_1h_20260621T162807Z/proofs --scratch-dir proofs/v020/s4/fp64_d01d03_1h_20260621T162807Z/scratch --max-dom 3 --hours 1"
1782059707,2026-06-21T17:35:07+01:00,3127225,3104516,R,2,113,0.0,56108,88288,"<USER_HOME>/miniconda3/lib/python3.13/site-packages/nvidia/cu13/bin/ptxas /tmp/tempfile-user-battlestation-ccadfb890ad3570d-3104516-654c61bd75979 -o /tmp/tempfile-user-battlestation-ccadfb890ad3570d-3104516-654c61bd759cd -arch sm_120a --warn-on-spills"
1782059709,2026-06-21T17:35:09+01:00,3104514,3104450,S,19,0.0,0.0,1740,2784,"/usr/bin/time -f wall_s=%e\nmaxrss_kib=%M -o proofs/v020/s4/fp64_d01d03_1h_20260621T162807Z/time.txt taskset -c 0-3 python -m gpuwrf run --input-dir <DATA_ROOT>/wrf_downscale/canary_all7/run --namelist <DATA_ROOT>/wrf_downscale/canary_all7/run/namelist.input --output-dir proofs/v020/s4/fp64_d01d03_1h_20260621T162807Z/output --proof-dir proofs/v020/s4/fp64_d01d03_1h_20260621T162807Z/proofs --scratch-dir proofs/v020/s4/fp64_d01d03_1h_20260621T162807Z/scratch --max-dom 3 --hours 1"
1782059709,2026-06-21T17:35:09+01:00,3104516,3104514,Sl,1,129,17.5,17301016,39988660,"python -m gpuwrf run --input-dir <DATA_ROOT>/wrf_downscale/canary_all7/run --namelist <DATA_ROOT>/wrf_downscale/canary_all7/run/namelist.input --output-dir proofs/v020/s4/fp64_d01d03_1h_20260621T162807Z/output --proof-dir proofs/v020/s4/fp64_d01d03_1h_20260621T162807Z/proofs --scratch-dir proofs/v020/s4/fp64_d01d03_1h_20260621T162807Z/scratch --max-dom 3 --hours 1"
1782059711,2026-06-21T17:35:11+01:00,3104514,3104450,S,19,0.0,0.0,1740,2784,"/usr/bin/time -f wall_s=%e\nmaxrss_kib=%M -o proofs/v020/s4/fp64_d01d03_1h_20260621T162807Z/time.txt taskset -c 0-3 python -m gpuwrf run --input-dir <DATA_ROOT>/wrf_downscale/canary_all7/run --namelist <DATA_ROOT>/wrf_downscale/canary_all7/run/namelist.input --output-dir proofs/v020/s4/fp64_d01d03_1h_20260621T162807Z/output --proof-dir proofs/v020/s4/fp64_d01d03_1h_20260621T162807Z/proofs --scratch-dir proofs/v020/s4/fp64_d01d03_1h_20260621T162807Z/scratch --max-dom 3 --hours 1"
1782059711,2026-06-21T17:35:11+01:00,3104516,3104514,Sl,3,130,17.5,17301224,39988660,"python -m gpuwrf run --input-dir <DATA_ROOT>/wrf_downscale/canary_all7/run --namelist <DATA_ROOT>/wrf_downscale/canary_all7/run/namelist.input --output-dir proofs/v020/s4/fp64_d01d03_1h_20260621T162807Z/output --proof-dir proofs/v020/s4/fp64_d01d03_1h_20260621T162807Z/proofs --scratch-dir proofs/v020/s4/fp64_d01d03_1h_20260621T162807Z/scratch --max-dom 3 --hours 1"
1782059714,2026-06-21T17:35:14+01:00,3104514,3104450,S,19,0.0,0.0,1740,2784,"/usr/bin/time -f wall_s=%e\nmaxrss_kib=%M -o proofs/v020/s4/fp64_d01d03_1h_20260621T162807Z/time.txt taskset -c 0-3 python -m gpuwrf run --input-dir <DATA_ROOT>/wrf_downscale/canary_all7/run --namelist <DATA_ROOT>/wrf_downscale/canary_all7/run/namelist.input --output-dir proofs/v020/s4/fp64_d01d03_1h_20260621T162807Z/output --proof-dir proofs/v020/s4/fp64_d01d03_1h_20260621T162807Z/proofs --scratch-dir proofs/v020/s4/fp64_d01d03_1h_20260621T162807Z/scratch --max-dom 3 --hours 1"
1782059714,2026-06-21T17:35:14+01:00,3104516,3104514,Sl,3,130,17.5,17301224,39988660,"python -m gpuwrf run --input-dir <DATA_ROOT>/wrf_downscale/canary_all7/run --namelist <DATA_ROOT>/wrf_downscale/canary_all7/run/namelist.input --output-dir proofs/v020/s4/fp64_d01d03_1h_20260621T162807Z/output --proof-dir proofs/v020/s4/fp64_d01d03_1h_20260621T162807Z/proofs --scratch-dir proofs/v020/s4/fp64_d01d03_1h_20260621T162807Z/scratch --max-dom 3 --hours 1"
1782059716,2026-06-21T17:35:16+01:00,3104514,3104450,S,19,0.0,0.0,1740,2784,"/usr/bin/time -f wall_s=%e\nmaxrss_kib=%M -o proofs/v020/s4/fp64_d01d03_1h_20260621T162807Z/time.txt taskset -c 0-3 python -m gpuwrf run --input-dir <DATA_ROOT>/wrf_downscale/canary_all7/run --namelist <DATA_ROOT>/wrf_downscale/canary_all7/run/namelist.input --output-dir proofs/v020/s4/fp64_d01d03_1h_20260621T162807Z/output --proof-dir proofs/v020/s4/fp64_d01d03_1h_20260621T162807Z/proofs --scratch-dir proofs/v020/s4/fp64_d01d03_1h_20260621T162807Z/scratch --max-dom 3 --hours 1"
1782059716,2026-06-21T17:35:16+01:00,3104516,3104514,Sl,3,131,17.5,17301340,39988660,"python -m gpuwrf run --input-dir <DATA_ROOT>/wrf_downscale/canary_all7/run --namelist <DATA_ROOT>/wrf_downscale/canary_all7/run/namelist.input --output-dir proofs/v020/s4/fp64_d01d03_1h_20260621T162807Z/output --proof-dir proofs/v020/s4/fp64_d01d03_1h_20260621T162807Z/proofs --scratch-dir proofs/v020/s4/fp64_d01d03_1h_20260621T162807Z/scratch --max-dom 3 --hours 1"
1782059718,2026-06-21T17:35:18+01:00,3104514,3104450,S,19,0.0,0.0,1740,2784,"/usr/bin/time -f wall_s=%e\nmaxrss_kib=%M -o proofs/v020/s4/fp64_d01d03_1h_20260621T162807Z/time.txt taskset -c 0-3 python -m gpuwrf run --input-dir <DATA_ROOT>/wrf_downscale/canary_all7/run --namelist <DATA_ROOT>/wrf_downscale/canary_all7/run/namelist.input --output-dir proofs/v020/s4/fp64_d01d03_1h_20260621T162807Z/output --proof-dir proofs/v020/s4/fp64_d01d03_1h_20260621T162807Z/proofs --scratch-dir proofs/v020/s4/fp64_d01d03_1h_20260621T162807Z/scratch --max-dom 3 --hours 1"
1782059718,2026-06-21T17:35:18+01:00,3104516,3104514,Sl,1,132,17.5,17301340,40054196,"python -m gpuwrf run --input-dir <DATA_ROOT>/wrf_downscale/canary_all7/run --namelist <DATA_ROOT>/wrf_downscale/canary_all7/run/namelist.input --output-dir proofs/v020/s4/fp64_d01d03_1h_20260621T162807Z/output --proof-dir proofs/v020/s4/fp64_d01d03_1h_20260621T162807Z/proofs --scratch-dir proofs/v020/s4/fp64_d01d03_1h_20260621T162807Z/scratch --max-dom 3 --hours 1"
1782059720,2026-06-21T17:35:20+01:00,3104514,3104450,S,19,0.0,0.0,1740,2784,"/usr/bin/time -f wall_s=%e\nmaxrss_kib=%M -o proofs/v020/s4/fp64_d01d03_1h_20260621T162807Z/time.txt taskset -c 0-3 python -m gpuwrf run --input-dir <DATA_ROOT>/wrf_downscale/canary_all7/run --namelist <DATA_ROOT>/wrf_downscale/canary_all7/run/namelist.input --output-dir proofs/v020/s4/fp64_d01d03_1h_20260621T162807Z/output --proof-dir proofs/v020/s4/fp64_d01d03_1h_20260621T162807Z/proofs --scratch-dir proofs/v020/s4/fp64_d01d03_1h_20260621T162807Z/scratch --max-dom 3 --hours 1"
1782059720,2026-06-21T17:35:20+01:00,3104516,3104514,Sl,0,132,17.5,17301312,39988660,"python -m gpuwrf run --input-dir <DATA_ROOT>/wrf_downscale/canary_all7/run --namelist <DATA_ROOT>/wrf_downscale/canary_all7/run/namelist.input --output-dir proofs/v020/s4/fp64_d01d03_1h_20260621T162807Z/output --proof-dir proofs/v020/s4/fp64_d01d03_1h_20260621T162807Z/proofs --scratch-dir proofs/v020/s4/fp64_d01d03_1h_20260621T162807Z/scratch --max-dom 3 --hours 1"
1782059720,2026-06-21T17:35:20+01:00,3128130,3104516,R,3,100,0.0,69968,103584,"<USER_HOME>/miniconda3/lib/python3.13/site-packages/nvidia/cu13/bin/ptxas /tmp/tempfile-user-battlestation-839f596b3c28a7c2-3104516-654c61c8a543e -o /tmp/tempfile-user-battlestation-839f596b3c28a7c2-3104516-654c61c8a5501 -arch sm_120a --warn-on-spills"
1782059722,2026-06-21T17:35:22+01:00,3104514,3104450,S,19,0.0,0.0,1740,2784,"/usr/bin/time -f wall_s=%e\nmaxrss_kib=%M -o proofs/v020/s4/fp64_d01d03_1h_20260621T162807Z/time.txt taskset -c 0-3 python -m gpuwrf run --input-dir <DATA_ROOT>/wrf_downscale/canary_all7/run --namelist <DATA_ROOT>/wrf_downscale/canary_all7/run/namelist.input --output-dir proofs/v020/s4/fp64_d01d03_1h_20260621T162807Z/output --proof-dir proofs/v020/s4/fp64_d01d03_1h_20260621T162807Z/proofs --scratch-dir proofs/v020/s4/fp64_d01d03_1h_20260621T162807Z/scratch --max-dom 3 --hours 1"
1782059722,2026-06-21T17:35:22+01:00,3104516,3104514,Rl,3,132,17.5,17305444,39988660,"python -m gpuwrf run --input-dir <DATA_ROOT>/wrf_downscale/canary_all7/run --namelist <DATA_ROOT>/wrf_downscale/canary_all7/run/namelist.input --output-dir proofs/v020/s4/fp64_d01d03_1h_20260621T162807Z/output --proof-dir proofs/v020/s4/fp64_d01d03_1h_20260621T162807Z/proofs --scratch-dir proofs/v020/s4/fp64_d01d03_1h_20260621T162807Z/scratch --max-dom 3 --hours 1"
1782059724,2026-06-21T17:35:24+01:00,3104514,3104450,S,19,0.0,0.0,1740,2784,"/usr/bin/time -f wall_s=%e\nmaxrss_kib=%M -o proofs/v020/s4/fp64_d01d03_1h_20260621T162807Z/time.txt taskset -c 0-3 python -m gpuwrf run --input-dir <DATA_ROOT>/wrf_downscale/canary_all7/run --namelist <DATA_ROOT>/wrf_downscale/canary_all7/run/namelist.input --output-dir proofs/v020/s4/fp64_d01d03_1h_20260621T162807Z/output --proof-dir proofs/v020/s4/fp64_d01d03_1h_20260621T162807Z/proofs --scratch-dir proofs/v020/s4/fp64_d01d03_1h_20260621T162807Z/scratch --max-dom 3 --hours 1"
1782059724,2026-06-21T17:35:24+01:00,3104516,3104514,Rl,3,132,17.5,17306628,39988660,"python -m gpuwrf run --input-dir <DATA_ROOT>/wrf_downscale/canary_all7/run --namelist <DATA_ROOT>/wrf_downscale/canary_all7/run/namelist.input --output-dir proofs/v020/s4/fp64_d01d03_1h_20260621T162807Z/output --proof-dir proofs/v020/s4/fp64_d01d03_1h_20260621T162807Z/proofs --scratch-dir proofs/v020/s4/fp64_d01d03_1h_20260621T162807Z/scratch --max-dom 3 --hours 1"
1782059726,2026-06-21T17:35:26+01:00,3104514,3104450,S,19,0.0,0.0,1740,2784,"/usr/bin/time -f wall_s=%e\nmaxrss_kib=%M -o proofs/v020/s4/fp64_d01d03_1h_20260621T162807Z/time.txt taskset -c 0-3 python -m gpuwrf run --input-dir <DATA_ROOT>/wrf_downscale/canary_all7/run --namelist <DATA_ROOT>/wrf_downscale/canary_all7/run/namelist.input --output-dir proofs/v020/s4/fp64_d01d03_1h_20260621T162807Z/output --proof-dir proofs/v020/s4/fp64_d01d03_1h_20260621T162807Z/proofs --scratch-dir proofs/v020/s4/fp64_d01d03_1h_20260621T162807Z/scratch --max-dom 3 --hours 1"
1782059726,2026-06-21T17:35:26+01:00,3104516,3104514,Rl,1,132,17.5,17306628,39988660,"python -m gpuwrf run --input-dir <DATA_ROOT>/wrf_downscale/canary_all7/run --namelist <DATA_ROOT>/wrf_downscale/canary_all7/run/namelist.input --output-dir proofs/v020/s4/fp64_d01d03_1h_20260621T162807Z/output --proof-dir proofs/v020/s4/fp64_d01d03_1h_20260621T162807Z/proofs --scratch-dir proofs/v020/s4/fp64_d01d03_1h_20260621T162807Z/scratch --max-dom 3 --hours 1"
1782059729,2026-06-21T17:35:29+01:00,3104514,3104450,S,19,0.0,0.0,1740,2784,"/usr/bin/time -f wall_s=%e\nmaxrss_kib=%M -o proofs/v020/s4/fp64_d01d03_1h_20260621T162807Z/time.txt taskset -c 0-3 python -m gpuwrf run --input-dir <DATA_ROOT>/wrf_downscale/canary_all7/run --namelist <DATA_ROOT>/wrf_downscale/canary_all7/run/namelist.input --output-dir proofs/v020/s4/fp64_d01d03_1h_20260621T162807Z/output --proof-dir proofs/v020/s4/fp64_d01d03_1h_20260621T162807Z/proofs --scratch-dir proofs/v020/s4/fp64_d01d03_1h_20260621T162807Z/scratch --max-dom 3 --hours 1"
1782059729,2026-06-21T17:35:29+01:00,3104516,3104514,Rl,1,132,17.5,17306684,39988660,"python -m gpuwrf run --input-dir <DATA_ROOT>/wrf_downscale/canary_all7/run --namelist <DATA_ROOT>/wrf_downscale/canary_all7/run/namelist.input --output-dir proofs/v020/s4/fp64_d01d03_1h_20260621T162807Z/output --proof-dir proofs/v020/s4/fp64_d01d03_1h_20260621T162807Z/proofs --scratch-dir proofs/v020/s4/fp64_d01d03_1h_20260621T162807Z/scratch --max-dom 3 --hours 1"
1782059731,2026-06-21T17:35:31+01:00,3104514,3104450,S,19,0.0,0.0,1740,2784,"/usr/bin/time -f wall_s=%e\nmaxrss_kib=%M -o proofs/v020/s4/fp64_d01d03_1h_20260621T162807Z/time.txt taskset -c 0-3 python -m gpuwrf run --input-dir <DATA_ROOT>/wrf_downscale/canary_all7/run --namelist <DATA_ROOT>/wrf_downscale/canary_all7/run/namelist.input --output-dir proofs/v020/s4/fp64_d01d03_1h_20260621T162807Z/output --proof-dir proofs/v020/s4/fp64_d01d03_1h_20260621T162807Z/proofs --scratch-dir proofs/v020/s4/fp64_d01d03_1h_20260621T162807Z/scratch --max-dom 3 --hours 1"
1782059731,2026-06-21T17:35:31+01:00,3104516,3104514,Rl,1,132,17.5,17306712,39988660,"python -m gpuwrf run --input-dir <DATA_ROOT>/wrf_downscale/canary_all7/run --namelist <DATA_ROOT>/wrf_downscale/canary_all7/run/namelist.input --output-dir proofs/v020/s4/fp64_d01d03_1h_20260621T162807Z/output --proof-dir proofs/v020/s4/fp64_d01d03_1h_20260621T162807Z/proofs --scratch-dir proofs/v020/s4/fp64_d01d03_1h_20260621T162807Z/scratch --max-dom 3 --hours 1"
1782059733,2026-06-21T17:35:33+01:00,3104514,3104450,S,19,0.0,0.0,1740,2784,"/usr/bin/time -f wall_s=%e\nmaxrss_kib=%M -o proofs/v020/s4/fp64_d01d03_1h_20260621T162807Z/time.txt taskset -c 0-3 python -m gpuwrf run --input-dir <DATA_ROOT>/wrf_downscale/canary_all7/run --namelist <DATA_ROOT>/wrf_downscale/canary_all7/run/namelist.input --output-dir proofs/v020/s4/fp64_d01d03_1h_20260621T162807Z/output --proof-dir proofs/v020/s4/fp64_d01d03_1h_20260621T162807Z/proofs --scratch-dir proofs/v020/s4/fp64_d01d03_1h_20260621T162807Z/scratch --max-dom 3 --hours 1"
1782059733,2026-06-21T17:35:33+01:00,3104516,3104514,Rl,1,131,17.5,17306724,39988660,"python -m gpuwrf run --input-dir <DATA_ROOT>/wrf_downscale/canary_all7/run --namelist <DATA_ROOT>/wrf_downscale/canary_all7/run/namelist.input --output-dir proofs/v020/s4/fp64_d01d03_1h_20260621T162807Z/output --proof-dir proofs/v020/s4/fp64_d01d03_1h_20260621T162807Z/proofs --scratch-dir proofs/v020/s4/fp64_d01d03_1h_20260621T162807Z/scratch --max-dom 3 --hours 1"
1782059735,2026-06-21T17:35:35+01:00,3104514,3104450,S,19,0.0,0.0,1740,2784,"/usr/bin/time -f wall_s=%e\nmaxrss_kib=%M -o proofs/v020/s4/fp64_d01d03_1h_20260621T162807Z/time.txt taskset -c 0-3 python -m gpuwrf run --input-dir <DATA_ROOT>/wrf_downscale/canary_all7/run --namelist <DATA_ROOT>/wrf_downscale/canary_all7/run/namelist.input --output-dir proofs/v020/s4/fp64_d01d03_1h_20260621T162807Z/output --proof-dir proofs/v020/s4/fp64_d01d03_1h_20260621T162807Z/proofs --scratch-dir proofs/v020/s4/fp64_d01d03_1h_20260621T162807Z/scratch --max-dom 3 --hours 1"
1782059735,2026-06-21T17:35:35+01:00,3104516,3104514,Rl,1,131,17.6,17331936,40013840,"python -m gpuwrf run --input-dir <DATA_ROOT>/wrf_downscale/canary_all7/run --namelist <DATA_ROOT>/wrf_downscale/canary_all7/run/namelist.input --output-dir proofs/v020/s4/fp64_d01d03_1h_20260621T162807Z/output --proof-dir proofs/v020/s4/fp64_d01d03_1h_20260621T162807Z/proofs --scratch-dir proofs/v020/s4/fp64_d01d03_1h_20260621T162807Z/scratch --max-dom 3 --hours 1"
1782059737,2026-06-21T17:35:37+01:00,3104514,3104450,S,19,0.0,0.0,1740,2784,"/usr/bin/time -f wall_s=%e\nmaxrss_kib=%M -o proofs/v020/s4/fp64_d01d03_1h_20260621T162807Z/time.txt taskset -c 0-3 python -m gpuwrf run --input-dir <DATA_ROOT>/wrf_downscale/canary_all7/run --namelist <DATA_ROOT>/wrf_downscale/canary_all7/run/namelist.input --output-dir proofs/v020/s4/fp64_d01d03_1h_20260621T162807Z/output --proof-dir proofs/v020/s4/fp64_d01d03_1h_20260621T162807Z/proofs --scratch-dir proofs/v020/s4/fp64_d01d03_1h_20260621T162807Z/scratch --max-dom 3 --hours 1"
1782059737,2026-06-21T17:35:37+01:00,3104516,3104514,Rl,1,131,17.6,17343600,40025496,"python -m gpuwrf run --input-dir <DATA_ROOT>/wrf_downscale/canary_all7/run --namelist <DATA_ROOT>/wrf_downscale/canary_all7/run/namelist.input --output-dir proofs/v020/s4/fp64_d01d03_1h_20260621T162807Z/output --proof-dir proofs/v020/s4/fp64_d01d03_1h_20260621T162807Z/proofs --scratch-dir proofs/v020/s4/fp64_d01d03_1h_20260621T162807Z/scratch --max-dom 3 --hours 1"
1782059739,2026-06-21T17:35:39+01:00,3104514,3104450,S,19,0.0,0.0,1740,2784,"/usr/bin/time -f wall_s=%e\nmaxrss_kib=%M -o proofs/v020/s4/fp64_d01d03_1h_20260621T162807Z/time.txt taskset -c 0-3 python -m gpuwrf run --input-dir <DATA_ROOT>/wrf_downscale/canary_all7/run --namelist <DATA_ROOT>/wrf_downscale/canary_all7/run/namelist.input --output-dir proofs/v020/s4/fp64_d01d03_1h_20260621T162807Z/output --proof-dir proofs/v020/s4/fp64_d01d03_1h_20260621T162807Z/proofs --scratch-dir proofs/v020/s4/fp64_d01d03_1h_20260621T162807Z/scratch --max-dom 3 --hours 1"
1782059739,2026-06-21T17:35:39+01:00,3104516,3104514,Rl,1,131,17.5,17293576,39975468,"python -m gpuwrf run --input-dir <DATA_ROOT>/wrf_downscale/canary_all7/run --namelist <DATA_ROOT>/wrf_downscale/canary_all7/run/namelist.input --output-dir proofs/v020/s4/fp64_d01d03_1h_20260621T162807Z/output --proof-dir proofs/v020/s4/fp64_d01d03_1h_20260621T162807Z/proofs --scratch-dir proofs/v020/s4/fp64_d01d03_1h_20260621T162807Z/scratch --max-dom 3 --hours 1"
1782059741,2026-06-21T17:35:41+01:00,3104514,3104450,S,19,0.0,0.0,1740,2784,"/usr/bin/time -f wall_s=%e\nmaxrss_kib=%M -o proofs/v020/s4/fp64_d01d03_1h_20260621T162807Z/time.txt taskset -c 0-3 python -m gpuwrf run --input-dir <DATA_ROOT>/wrf_downscale/canary_all7/run --namelist <DATA_ROOT>/wrf_downscale/canary_all7/run/namelist.input --output-dir proofs/v020/s4/fp64_d01d03_1h_20260621T162807Z/output --proof-dir proofs/v020/s4/fp64_d01d03_1h_20260621T162807Z/proofs --scratch-dir proofs/v020/s4/fp64_d01d03_1h_20260621T162807Z/scratch --max-dom 3 --hours 1"
1782059741,2026-06-21T17:35:41+01:00,3104516,3104514,Rl,1,131,17.5,17293576,39975468,"python -m gpuwrf run --input-dir <DATA_ROOT>/wrf_downscale/canary_all7/run --namelist <DATA_ROOT>/wrf_downscale/canary_all7/run/namelist.input --output-dir proofs/v020/s4/fp64_d01d03_1h_20260621T162807Z/output --proof-dir proofs/v020/s4/fp64_d01d03_1h_20260621T162807Z/proofs --scratch-dir proofs/v020/s4/fp64_d01d03_1h_20260621T162807Z/scratch --max-dom 3 --hours 1"
1782059743,2026-06-21T17:35:43+01:00,3104514,3104450,S,19,0.0,0.0,1740,2784,"/usr/bin/time -f wall_s=%e\nmaxrss_kib=%M -o proofs/v020/s4/fp64_d01d03_1h_20260621T162807Z/time.txt taskset -c 0-3 python -m gpuwrf run --input-dir <DATA_ROOT>/wrf_downscale/canary_all7/run --namelist <DATA_ROOT>/wrf_downscale/canary_all7/run/namelist.input --output-dir proofs/v020/s4/fp64_d01d03_1h_20260621T162807Z/output --proof-dir proofs/v020/s4/fp64_d01d03_1h_20260621T162807Z/proofs --scratch-dir proofs/v020/s4/fp64_d01d03_1h_20260621T162807Z/scratch --max-dom 3 --hours 1"
1782059743,2026-06-21T17:35:43+01:00,3104516,3104514,Rl,1,131,17.5,17293544,39975468,"python -m gpuwrf run --input-dir <DATA_ROOT>/wrf_downscale/canary_all7/run --namelist <DATA_ROOT>/wrf_downscale/canary_all7/run/namelist.input --output-dir proofs/v020/s4/fp64_d01d03_1h_20260621T162807Z/output --proof-dir proofs/v020/s4/fp64_d01d03_1h_20260621T162807Z/proofs --scratch-dir proofs/v020/s4/fp64_d01d03_1h_20260621T162807Z/scratch --max-dom 3 --hours 1"
1782059745,2026-06-21T17:35:45+01:00,3104514,3104450,S,19,0.0,0.0,1740,2784,"/usr/bin/time -f wall_s=%e\nmaxrss_kib=%M -o proofs/v020/s4/fp64_d01d03_1h_20260621T162807Z/time.txt taskset -c 0-3 python -m gpuwrf run --input-dir <DATA_ROOT>/wrf_downscale/canary_all7/run --namelist <DATA_ROOT>/wrf_downscale/canary_all7/run/namelist.input --output-dir proofs/v020/s4/fp64_d01d03_1h_20260621T162807Z/output --proof-dir proofs/v020/s4/fp64_d01d03_1h_20260621T162807Z/proofs --scratch-dir proofs/v020/s4/fp64_d01d03_1h_20260621T162807Z/scratch --max-dom 3 --hours 1"
1782059745,2026-06-21T17:35:45+01:00,3104516,3104514,Rl,1,131,17.6,17382044,40063916,"python -m gpuwrf run --input-dir <DATA_ROOT>/wrf_downscale/canary_all7/run --namelist <DATA_ROOT>/wrf_downscale/canary_all7/run/namelist.input --output-dir proofs/v020/s4/fp64_d01d03_1h_20260621T162807Z/output --proof-dir proofs/v020/s4/fp64_d01d03_1h_20260621T162807Z/proofs --scratch-dir proofs/v020/s4/fp64_d01d03_1h_20260621T162807Z/scratch --max-dom 3 --hours 1"
1782059748,2026-06-21T17:35:48+01:00,3104514,3104450,S,19,0.0,0.0,1740,2784,"/usr/bin/time -f wall_s=%e\nmaxrss_kib=%M -o proofs/v020/s4/fp64_d01d03_1h_20260621T162807Z/time.txt taskset -c 0-3 python -m gpuwrf run --input-dir <DATA_ROOT>/wrf_downscale/canary_all7/run --namelist <DATA_ROOT>/wrf_downscale/canary_all7/run/namelist.input --output-dir proofs/v020/s4/fp64_d01d03_1h_20260621T162807Z/output --proof-dir proofs/v020/s4/fp64_d01d03_1h_20260621T162807Z/proofs --scratch-dir proofs/v020/s4/fp64_d01d03_1h_20260621T162807Z/scratch --max-dom 3 --hours 1"
1782059748,2026-06-21T17:35:48+01:00,3104516,3104514,Rl,1,130,17.5,17272732,39954476,"python -m gpuwrf run --input-dir <DATA_ROOT>/wrf_downscale/canary_all7/run --namelist <DATA_ROOT>/wrf_downscale/canary_all7/run/namelist.input --output-dir proofs/v020/s4/fp64_d01d03_1h_20260621T162807Z/output --proof-dir proofs/v020/s4/fp64_d01d03_1h_20260621T162807Z/proofs --scratch-dir proofs/v020/s4/fp64_d01d03_1h_20260621T162807Z/scratch --max-dom 3 --hours 1"
1782059750,2026-06-21T17:35:50+01:00,3104514,3104450,S,19,0.0,0.0,1740,2784,"/usr/bin/time -f wall_s=%e\nmaxrss_kib=%M -o proofs/v020/s4/fp64_d01d03_1h_20260621T162807Z/time.txt taskset -c 0-3 python -m gpuwrf run --input-dir <DATA_ROOT>/wrf_downscale/canary_all7/run --namelist <DATA_ROOT>/wrf_downscale/canary_all7/run/namelist.input --output-dir proofs/v020/s4/fp64_d01d03_1h_20260621T162807Z/output --proof-dir proofs/v020/s4/fp64_d01d03_1h_20260621T162807Z/proofs --scratch-dir proofs/v020/s4/fp64_d01d03_1h_20260621T162807Z/scratch --max-dom 3 --hours 1"
1782059750,2026-06-21T17:35:50+01:00,3104516,3104514,Rl,1,130,17.5,17284500,39966128,"python -m gpuwrf run --input-dir <DATA_ROOT>/wrf_downscale/canary_all7/run --namelist <DATA_ROOT>/wrf_downscale/canary_all7/run/namelist.input --output-dir proofs/v020/s4/fp64_d01d03_1h_20260621T162807Z/output --proof-dir proofs/v020/s4/fp64_d01d03_1h_20260621T162807Z/proofs --scratch-dir proofs/v020/s4/fp64_d01d03_1h_20260621T162807Z/scratch --max-dom 3 --hours 1"
1782059752,2026-06-21T17:35:52+01:00,3104514,3104450,S,19,0.0,0.0,1740,2784,"/usr/bin/time -f wall_s=%e\nmaxrss_kib=%M -o proofs/v020/s4/fp64_d01d03_1h_20260621T162807Z/time.txt taskset -c 0-3 python -m gpuwrf run --input-dir <DATA_ROOT>/wrf_downscale/canary_all7/run --namelist <DATA_ROOT>/wrf_downscale/canary_all7/run/namelist.input --output-dir proofs/v020/s4/fp64_d01d03_1h_20260621T162807Z/output --proof-dir proofs/v020/s4/fp64_d01d03_1h_20260621T162807Z/proofs --scratch-dir proofs/v020/s4/fp64_d01d03_1h_20260621T162807Z/scratch --max-dom 3 --hours 1"
1782059752,2026-06-21T17:35:52+01:00,3104516,3104514,Rl,1,130,17.5,17284516,39966156,"python -m gpuwrf run --input-dir <DATA_ROOT>/wrf_downscale/canary_all7/run --namelist <DATA_ROOT>/wrf_downscale/canary_all7/run/namelist.input --output-dir proofs/v020/s4/fp64_d01d03_1h_20260621T162807Z/output --proof-dir proofs/v020/s4/fp64_d01d03_1h_20260621T162807Z/proofs --scratch-dir proofs/v020/s4/fp64_d01d03_1h_20260621T162807Z/scratch --max-dom 3 --hours 1"
1782059754,2026-06-21T17:35:54+01:00,3104514,3104450,S,19,0.0,0.0,1740,2784,"/usr/bin/time -f wall_s=%e\nmaxrss_kib=%M -o proofs/v020/s4/fp64_d01d03_1h_20260621T162807Z/time.txt taskset -c 0-3 python -m gpuwrf run --input-dir <DATA_ROOT>/wrf_downscale/canary_all7/run --namelist <DATA_ROOT>/wrf_downscale/canary_all7/run/namelist.input --output-dir proofs/v020/s4/fp64_d01d03_1h_20260621T162807Z/output --proof-dir proofs/v020/s4/fp64_d01d03_1h_20260621T162807Z/proofs --scratch-dir proofs/v020/s4/fp64_d01d03_1h_20260621T162807Z/scratch --max-dom 3 --hours 1"
1782059754,2026-06-21T17:35:54+01:00,3104516,3104514,Rl,1,130,17.5,17284564,39966156,"python -m gpuwrf run --input-dir <DATA_ROOT>/wrf_downscale/canary_all7/run --namelist <DATA_ROOT>/wrf_downscale/canary_all7/run/namelist.input --output-dir proofs/v020/s4/fp64_d01d03_1h_20260621T162807Z/output --proof-dir proofs/v020/s4/fp64_d01d03_1h_20260621T162807Z/proofs --scratch-dir proofs/v020/s4/fp64_d01d03_1h_20260621T162807Z/scratch --max-dom 3 --hours 1"
1782059756,2026-06-21T17:35:56+01:00,3104514,3104450,S,19,0.0,0.0,1740,2784,"/usr/bin/time -f wall_s=%e\nmaxrss_kib=%M -o proofs/v020/s4/fp64_d01d03_1h_20260621T162807Z/time.txt taskset -c 0-3 python -m gpuwrf run --input-dir <DATA_ROOT>/wrf_downscale/canary_all7/run --namelist <DATA_ROOT>/wrf_downscale/canary_all7/run/namelist.input --output-dir proofs/v020/s4/fp64_d01d03_1h_20260621T162807Z/output --proof-dir proofs/v020/s4/fp64_d01d03_1h_20260621T162807Z/proofs --scratch-dir proofs/v020/s4/fp64_d01d03_1h_20260621T162807Z/scratch --max-dom 3 --hours 1"
1782059756,2026-06-21T17:35:56+01:00,3104516,3104514,Rl,1,130,17.5,17284568,39966156,"python -m gpuwrf run --input-dir <DATA_ROOT>/wrf_downscale/canary_all7/run --namelist <DATA_ROOT>/wrf_downscale/canary_all7/run/namelist.input --output-dir proofs/v020/s4/fp64_d01d03_1h_20260621T162807Z/output --proof-dir proofs/v020/s4/fp64_d01d03_1h_20260621T162807Z/proofs --scratch-dir proofs/v020/s4/fp64_d01d03_1h_20260621T162807Z/scratch --max-dom 3 --hours 1"
1782059758,2026-06-21T17:35:58+01:00,3104514,3104450,S,19,0.0,0.0,1740,2784,"/usr/bin/time -f wall_s=%e\nmaxrss_kib=%M -o proofs/v020/s4/fp64_d01d03_1h_20260621T162807Z/time.txt taskset -c 0-3 python -m gpuwrf run --input-dir <DATA_ROOT>/wrf_downscale/canary_all7/run --namelist <DATA_ROOT>/wrf_downscale/canary_all7/run/namelist.input --output-dir proofs/v020/s4/fp64_d01d03_1h_20260621T162807Z/output --proof-dir proofs/v020/s4/fp64_d01d03_1h_20260621T162807Z/proofs --scratch-dir proofs/v020/s4/fp64_d01d03_1h_20260621T162807Z/scratch --max-dom 3 --hours 1"
1782059758,2026-06-21T17:35:58+01:00,3104516,3104514,Rl,1,130,17.5,17284580,39966160,"python -m gpuwrf run --input-dir <DATA_ROOT>/wrf_downscale/canary_all7/run --namelist <DATA_ROOT>/wrf_downscale/canary_all7/run/namelist.input --output-dir proofs/v020/s4/fp64_d01d03_1h_20260621T162807Z/output --proof-dir proofs/v020/s4/fp64_d01d03_1h_20260621T162807Z/proofs --scratch-dir proofs/v020/s4/fp64_d01d03_1h_20260621T162807Z/scratch --max-dom 3 --hours 1"
1782059760,2026-06-21T17:36:00+01:00,3104514,3104450,S,19,0.0,0.0,1740,2784,"/usr/bin/time -f wall_s=%e\nmaxrss_kib=%M -o proofs/v020/s4/fp64_d01d03_1h_20260621T162807Z/time.txt taskset -c 0-3 python -m gpuwrf run --input-dir <DATA_ROOT>/wrf_downscale/canary_all7/run --namelist <DATA_ROOT>/wrf_downscale/canary_all7/run/namelist.input --output-dir proofs/v020/s4/fp64_d01d03_1h_20260621T162807Z/output --proof-dir proofs/v020/s4/fp64_d01d03_1h_20260621T162807Z/proofs --scratch-dir proofs/v020/s4/fp64_d01d03_1h_20260621T162807Z/scratch --max-dom 3 --hours 1"
1782059760,2026-06-21T17:36:00+01:00,3104516,3104514,Rl,1,130,17.5,17284600,39966160,"python -m gpuwrf run --input-dir <DATA_ROOT>/wrf_downscale/canary_all7/run --namelist <DATA_ROOT>/wrf_downscale/canary_all7/run/namelist.input --output-dir proofs/v020/s4/fp64_d01d03_1h_20260621T162807Z/output --proof-dir proofs/v020/s4/fp64_d01d03_1h_20260621T162807Z/proofs --scratch-dir proofs/v020/s4/fp64_d01d03_1h_20260621T162807Z/scratch --max-dom 3 --hours 1"
1782059762,2026-06-21T17:36:02+01:00,3104514,3104450,S,19,0.0,0.0,1740,2784,"/usr/bin/time -f wall_s=%e\nmaxrss_kib=%M -o proofs/v020/s4/fp64_d01d03_1h_20260621T162807Z/time.txt taskset -c 0-3 python -m gpuwrf run --input-dir <DATA_ROOT>/wrf_downscale/canary_all7/run --namelist <DATA_ROOT>/wrf_downscale/canary_all7/run/namelist.input --output-dir proofs/v020/s4/fp64_d01d03_1h_20260621T162807Z/output --proof-dir proofs/v020/s4/fp64_d01d03_1h_20260621T162807Z/proofs --scratch-dir proofs/v020/s4/fp64_d01d03_1h_20260621T162807Z/scratch --max-dom 3 --hours 1"
1782059762,2026-06-21T17:36:02+01:00,3104516,3104514,Rl,1,129,17.5,17284668,39966160,"python -m gpuwrf run --input-dir <DATA_ROOT>/wrf_downscale/canary_all7/run --namelist <DATA_ROOT>/wrf_downscale/canary_all7/run/namelist.input --output-dir proofs/v020/s4/fp64_d01d03_1h_20260621T162807Z/output --proof-dir proofs/v020/s4/fp64_d01d03_1h_20260621T162807Z/proofs --scratch-dir proofs/v020/s4/fp64_d01d03_1h_20260621T162807Z/scratch --max-dom 3 --hours 1"
1782059764,2026-06-21T17:36:04+01:00,3104514,3104450,S,19,0.0,0.0,1740,2784,"/usr/bin/time -f wall_s=%e\nmaxrss_kib=%M -o proofs/v020/s4/fp64_d01d03_1h_20260621T162807Z/time.txt taskset -c 0-3 python -m gpuwrf run --input-dir <DATA_ROOT>/wrf_downscale/canary_all7/run --namelist <DATA_ROOT>/wrf_downscale/canary_all7/run/namelist.input --output-dir proofs/v020/s4/fp64_d01d03_1h_20260621T162807Z/output --proof-dir proofs/v020/s4/fp64_d01d03_1h_20260621T162807Z/proofs --scratch-dir proofs/v020/s4/fp64_d01d03_1h_20260621T162807Z/scratch --max-dom 3 --hours 1"
1782059764,2026-06-21T17:36:04+01:00,3104516,3104514,Rl,1,129,17.5,17284672,39966160,"python -m gpuwrf run --input-dir <DATA_ROOT>/wrf_downscale/canary_all7/run --namelist <DATA_ROOT>/wrf_downscale/canary_all7/run/namelist.input --output-dir proofs/v020/s4/fp64_d01d03_1h_20260621T162807Z/output --proof-dir proofs/v020/s4/fp64_d01d03_1h_20260621T162807Z/proofs --scratch-dir proofs/v020/s4/fp64_d01d03_1h_20260621T162807Z/scratch --max-dom 3 --hours 1"
1782059767,2026-06-21T17:36:07+01:00,3104514,3104450,S,19,0.0,0.0,1740,2784,"/usr/bin/time -f wall_s=%e\nmaxrss_kib=%M -o proofs/v020/s4/fp64_d01d03_1h_20260621T162807Z/time.txt taskset -c 0-3 python -m gpuwrf run --input-dir <DATA_ROOT>/wrf_downscale/canary_all7/run --namelist <DATA_ROOT>/wrf_downscale/canary_all7/run/namelist.input --output-dir proofs/v020/s4/fp64_d01d03_1h_20260621T162807Z/output --proof-dir proofs/v020/s4/fp64_d01d03_1h_20260621T162807Z/proofs --scratch-dir proofs/v020/s4/fp64_d01d03_1h_20260621T162807Z/scratch --max-dom 3 --hours 1"
1782059767,2026-06-21T17:36:07+01:00,3104516,3104514,Rl,1,129,17.5,17284676,39966160,"python -m gpuwrf run --input-dir <DATA_ROOT>/wrf_downscale/canary_all7/run --namelist <DATA_ROOT>/wrf_downscale/canary_all7/run/namelist.input --output-dir proofs/v020/s4/fp64_d01d03_1h_20260621T162807Z/output --proof-dir proofs/v020/s4/fp64_d01d03_1h_20260621T162807Z/proofs --scratch-dir proofs/v020/s4/fp64_d01d03_1h_20260621T162807Z/scratch --max-dom 3 --hours 1"
1782059769,2026-06-21T17:36:09+01:00,3104514,3104450,S,19,0.0,0.0,1740,2784,"/usr/bin/time -f wall_s=%e\nmaxrss_kib=%M -o proofs/v020/s4/fp64_d01d03_1h_20260621T162807Z/time.txt taskset -c 0-3 python -m gpuwrf run --input-dir <DATA_ROOT>/wrf_downscale/canary_all7/run --namelist <DATA_ROOT>/wrf_downscale/canary_all7/run/namelist.input --output-dir proofs/v020/s4/fp64_d01d03_1h_20260621T162807Z/output --proof-dir proofs/v020/s4/fp64_d01d03_1h_20260621T162807Z/proofs --scratch-dir proofs/v020/s4/fp64_d01d03_1h_20260621T162807Z/scratch --max-dom 3 --hours 1"
1782059769,2026-06-21T17:36:09+01:00,3104516,3104514,Rl,1,129,17.5,17284792,39966160,"python -m gpuwrf run --input-dir <DATA_ROOT>/wrf_downscale/canary_all7/run --namelist <DATA_ROOT>/wrf_downscale/canary_all7/run/namelist.input --output-dir proofs/v020/s4/fp64_d01d03_1h_20260621T162807Z/output --proof-dir proofs/v020/s4/fp64_d01d03_1h_20260621T162807Z/proofs --scratch-dir proofs/v020/s4/fp64_d01d03_1h_20260621T162807Z/scratch --max-dom 3 --hours 1"
1782059771,2026-06-21T17:36:11+01:00,3104514,3104450,S,19,0.0,0.0,1740,2784,"/usr/bin/time -f wall_s=%e\nmaxrss_kib=%M -o proofs/v020/s4/fp64_d01d03_1h_20260621T162807Z/time.txt taskset -c 0-3 python -m gpuwrf run --input-dir <DATA_ROOT>/wrf_downscale/canary_all7/run --namelist <DATA_ROOT>/wrf_downscale/canary_all7/run/namelist.input --output-dir proofs/v020/s4/fp64_d01d03_1h_20260621T162807Z/output --proof-dir proofs/v020/s4/fp64_d01d03_1h_20260621T162807Z/proofs --scratch-dir proofs/v020/s4/fp64_d01d03_1h_20260621T162807Z/scratch --max-dom 3 --hours 1"
1782059771,2026-06-21T17:36:11+01:00,3104516,3104514,Rl,1,129,17.5,17284800,39966160,"python -m gpuwrf run --input-dir <DATA_ROOT>/wrf_downscale/canary_all7/run --namelist <DATA_ROOT>/wrf_downscale/canary_all7/run/namelist.input --output-dir proofs/v020/s4/fp64_d01d03_1h_20260621T162807Z/output --proof-dir proofs/v020/s4/fp64_d01d03_1h_20260621T162807Z/proofs --scratch-dir proofs/v020/s4/fp64_d01d03_1h_20260621T162807Z/scratch --max-dom 3 --hours 1"
1782059773,2026-06-21T17:36:13+01:00,3104514,3104450,S,19,0.0,0.0,1740,2784,"/usr/bin/time -f wall_s=%e\nmaxrss_kib=%M -o proofs/v020/s4/fp64_d01d03_1h_20260621T162807Z/time.txt taskset -c 0-3 python -m gpuwrf run --input-dir <DATA_ROOT>/wrf_downscale/canary_all7/run --namelist <DATA_ROOT>/wrf_downscale/canary_all7/run/namelist.input --output-dir proofs/v020/s4/fp64_d01d03_1h_20260621T162807Z/output --proof-dir proofs/v020/s4/fp64_d01d03_1h_20260621T162807Z/proofs --scratch-dir proofs/v020/s4/fp64_d01d03_1h_20260621T162807Z/scratch --max-dom 3 --hours 1"
1782059773,2026-06-21T17:36:13+01:00,3104516,3104514,Rl,1,129,17.5,17284800,39966160,"python -m gpuwrf run --input-dir <DATA_ROOT>/wrf_downscale/canary_all7/run --namelist <DATA_ROOT>/wrf_downscale/canary_all7/run/namelist.input --output-dir proofs/v020/s4/fp64_d01d03_1h_20260621T162807Z/output --proof-dir proofs/v020/s4/fp64_d01d03_1h_20260621T162807Z/proofs --scratch-dir proofs/v020/s4/fp64_d01d03_1h_20260621T162807Z/scratch --max-dom 3 --hours 1"
1782059775,2026-06-21T17:36:15+01:00,3104514,3104450,S,19,0.0,0.0,1740,2784,"/usr/bin/time -f wall_s=%e\nmaxrss_kib=%M -o proofs/v020/s4/fp64_d01d03_1h_20260621T162807Z/time.txt taskset -c 0-3 python -m gpuwrf run --input-dir <DATA_ROOT>/wrf_downscale/canary_all7/run --namelist <DATA_ROOT>/wrf_downscale/canary_all7/run/namelist.input --output-dir proofs/v020/s4/fp64_d01d03_1h_20260621T162807Z/output --proof-dir proofs/v020/s4/fp64_d01d03_1h_20260621T162807Z/proofs --scratch-dir proofs/v020/s4/fp64_d01d03_1h_20260621T162807Z/scratch --max-dom 3 --hours 1"
1782059775,2026-06-21T17:36:15+01:00,3104516,3104514,Rl,1,129,17.5,17284804,39966160,"python -m gpuwrf run --input-dir <DATA_ROOT>/wrf_downscale/canary_all7/run --namelist <DATA_ROOT>/wrf_downscale/canary_all7/run/namelist.input --output-dir proofs/v020/s4/fp64_d01d03_1h_20260621T162807Z/output --proof-dir proofs/v020/s4/fp64_d01d03_1h_20260621T162807Z/proofs --scratch-dir proofs/v020/s4/fp64_d01d03_1h_20260621T162807Z/scratch --max-dom 3 --hours 1"
1782059777,2026-06-21T17:36:17+01:00,3104514,3104450,S,19,0.0,0.0,1740,2784,"/usr/bin/time -f wall_s=%e\nmaxrss_kib=%M -o proofs/v020/s4/fp64_d01d03_1h_20260621T162807Z/time.txt taskset -c 0-3 python -m gpuwrf run --input-dir <DATA_ROOT>/wrf_downscale/canary_all7/run --namelist <DATA_ROOT>/wrf_downscale/canary_all7/run/namelist.input --output-dir proofs/v020/s4/fp64_d01d03_1h_20260621T162807Z/output --proof-dir proofs/v020/s4/fp64_d01d03_1h_20260621T162807Z/proofs --scratch-dir proofs/v020/s4/fp64_d01d03_1h_20260621T162807Z/scratch --max-dom 3 --hours 1"
1782059777,2026-06-21T17:36:17+01:00,3104516,3104514,Rl,1,129,17.5,17284900,39966160,"python -m gpuwrf run --input-dir <DATA_ROOT>/wrf_downscale/canary_all7/run --namelist <DATA_ROOT>/wrf_downscale/canary_all7/run/namelist.input --output-dir proofs/v020/s4/fp64_d01d03_1h_20260621T162807Z/output --proof-dir proofs/v020/s4/fp64_d01d03_1h_20260621T162807Z/proofs --scratch-dir proofs/v020/s4/fp64_d01d03_1h_20260621T162807Z/scratch --max-dom 3 --hours 1"
1782059779,2026-06-21T17:36:19+01:00,3104514,3104450,S,19,0.0,0.0,1740,2784,"/usr/bin/time -f wall_s=%e\nmaxrss_kib=%M -o proofs/v020/s4/fp64_d01d03_1h_20260621T162807Z/time.txt taskset -c 0-3 python -m gpuwrf run --input-dir <DATA_ROOT>/wrf_downscale/canary_all7/run --namelist <DATA_ROOT>/wrf_downscale/canary_all7/run/namelist.input --output-dir proofs/v020/s4/fp64_d01d03_1h_20260621T162807Z/output --proof-dir proofs/v020/s4/fp64_d01d03_1h_20260621T162807Z/proofs --scratch-dir proofs/v020/s4/fp64_d01d03_1h_20260621T162807Z/scratch --max-dom 3 --hours 1"
1782059779,2026-06-21T17:36:19+01:00,3104516,3104514,Rl,1,128,17.5,17284900,39966160,"python -m gpuwrf run --input-dir <DATA_ROOT>/wrf_downscale/canary_all7/run --namelist <DATA_ROOT>/wrf_downscale/canary_all7/run/namelist.input --output-dir proofs/v020/s4/fp64_d01d03_1h_20260621T162807Z/output --proof-dir proofs/v020/s4/fp64_d01d03_1h_20260621T162807Z/proofs --scratch-dir proofs/v020/s4/fp64_d01d03_1h_20260621T162807Z/scratch --max-dom 3 --hours 1"
1782059781,2026-06-21T17:36:21+01:00,3104514,3104450,S,19,0.0,0.0,1740,2784,"/usr/bin/time -f wall_s=%e\nmaxrss_kib=%M -o proofs/v020/s4/fp64_d01d03_1h_20260621T162807Z/time.txt taskset -c 0-3 python -m gpuwrf run --input-dir <DATA_ROOT>/wrf_downscale/canary_all7/run --namelist <DATA_ROOT>/wrf_downscale/canary_all7/run/namelist.input --output-dir proofs/v020/s4/fp64_d01d03_1h_20260621T162807Z/output --proof-dir proofs/v020/s4/fp64_d01d03_1h_20260621T162807Z/proofs --scratch-dir proofs/v020/s4/fp64_d01d03_1h_20260621T162807Z/scratch --max-dom 3 --hours 1"
1782059781,2026-06-21T17:36:21+01:00,3104516,3104514,Rl,1,128,17.5,17284900,39966160,"python -m gpuwrf run --input-dir <DATA_ROOT>/wrf_downscale/canary_all7/run --namelist <DATA_ROOT>/wrf_downscale/canary_all7/run/namelist.input --output-dir proofs/v020/s4/fp64_d01d03_1h_20260621T162807Z/output --proof-dir proofs/v020/s4/fp64_d01d03_1h_20260621T162807Z/proofs --scratch-dir proofs/v020/s4/fp64_d01d03_1h_20260621T162807Z/scratch --max-dom 3 --hours 1"
1782059784,2026-06-21T17:36:24+01:00,3104514,3104450,S,19,0.0,0.0,1740,2784,"/usr/bin/time -f wall_s=%e\nmaxrss_kib=%M -o proofs/v020/s4/fp64_d01d03_1h_20260621T162807Z/time.txt taskset -c 0-3 python -m gpuwrf run --input-dir <DATA_ROOT>/wrf_downscale/canary_all7/run --namelist <DATA_ROOT>/wrf_downscale/canary_all7/run/namelist.input --output-dir proofs/v020/s4/fp64_d01d03_1h_20260621T162807Z/output --proof-dir proofs/v020/s4/fp64_d01d03_1h_20260621T162807Z/proofs --scratch-dir proofs/v020/s4/fp64_d01d03_1h_20260621T162807Z/scratch --max-dom 3 --hours 1"
1782059784,2026-06-21T17:36:24+01:00,3104516,3104514,Rl,1,128,17.5,17284900,39966160,"python -m gpuwrf run --input-dir <DATA_ROOT>/wrf_downscale/canary_all7/run --namelist <DATA_ROOT>/wrf_downscale/canary_all7/run/namelist.input --output-dir proofs/v020/s4/fp64_d01d03_1h_20260621T162807Z/output --proof-dir proofs/v020/s4/fp64_d01d03_1h_20260621T162807Z/proofs --scratch-dir proofs/v020/s4/fp64_d01d03_1h_20260621T162807Z/scratch --max-dom 3 --hours 1"
1782059786,2026-06-21T17:36:26+01:00,3104514,3104450,S,19,0.0,0.0,1740,2784,"/usr/bin/time -f wall_s=%e\nmaxrss_kib=%M -o proofs/v020/s4/fp64_d01d03_1h_20260621T162807Z/time.txt taskset -c 0-3 python -m gpuwrf run --input-dir <DATA_ROOT>/wrf_downscale/canary_all7/run --namelist <DATA_ROOT>/wrf_downscale/canary_all7/run/namelist.input --output-dir proofs/v020/s4/fp64_d01d03_1h_20260621T162807Z/output --proof-dir proofs/v020/s4/fp64_d01d03_1h_20260621T162807Z/proofs --scratch-dir proofs/v020/s4/fp64_d01d03_1h_20260621T162807Z/scratch --max-dom 3 --hours 1"
1782059786,2026-06-21T17:36:26+01:00,3104516,3104514,Rl,1,128,17.5,17284900,39966160,"python -m gpuwrf run --input-dir <DATA_ROOT>/wrf_downscale/canary_all7/run --namelist <DATA_ROOT>/wrf_downscale/canary_all7/run/namelist.input --output-dir proofs/v020/s4/fp64_d01d03_1h_20260621T162807Z/output --proof-dir proofs/v020/s4/fp64_d01d03_1h_20260621T162807Z/proofs --scratch-dir proofs/v020/s4/fp64_d01d03_1h_20260621T162807Z/scratch --max-dom 3 --hours 1"
1782059788,2026-06-21T17:36:28+01:00,3104514,3104450,S,19,0.0,0.0,1740,2784,"/usr/bin/time -f wall_s=%e\nmaxrss_kib=%M -o proofs/v020/s4/fp64_d01d03_1h_20260621T162807Z/time.txt taskset -c 0-3 python -m gpuwrf run --input-dir <DATA_ROOT>/wrf_downscale/canary_all7/run --namelist <DATA_ROOT>/wrf_downscale/canary_all7/run/namelist.input --output-dir proofs/v020/s4/fp64_d01d03_1h_20260621T162807Z/output --proof-dir proofs/v020/s4/fp64_d01d03_1h_20260621T162807Z/proofs --scratch-dir proofs/v020/s4/fp64_d01d03_1h_20260621T162807Z/scratch --max-dom 3 --hours 1"
1782059788,2026-06-21T17:36:28+01:00,3104516,3104514,Rl,1,128,17.5,17284900,39966160,"python -m gpuwrf run --input-dir <DATA_ROOT>/wrf_downscale/canary_all7/run --namelist <DATA_ROOT>/wrf_downscale/canary_all7/run/namelist.input --output-dir proofs/v020/s4/fp64_d01d03_1h_20260621T162807Z/output --proof-dir proofs/v020/s4/fp64_d01d03_1h_20260621T162807Z/proofs --scratch-dir proofs/v020/s4/fp64_d01d03_1h_20260621T162807Z/scratch --max-dom 3 --hours 1"
1782059790,2026-06-21T17:36:30+01:00,3104514,3104450,S,19,0.0,0.0,1740,2784,"/usr/bin/time -f wall_s=%e\nmaxrss_kib=%M -o proofs/v020/s4/fp64_d01d03_1h_20260621T162807Z/time.txt taskset -c 0-3 python -m gpuwrf run --input-dir <DATA_ROOT>/wrf_downscale/canary_all7/run --namelist <DATA_ROOT>/wrf_downscale/canary_all7/run/namelist.input --output-dir proofs/v020/s4/fp64_d01d03_1h_20260621T162807Z/output --proof-dir proofs/v020/s4/fp64_d01d03_1h_20260621T162807Z/proofs --scratch-dir proofs/v020/s4/fp64_d01d03_1h_20260621T162807Z/scratch --max-dom 3 --hours 1"
1782059790,2026-06-21T17:36:30+01:00,3104516,3104514,Rl,1,128,17.5,17284904,39966160,"python -m gpuwrf run --input-dir <DATA_ROOT>/wrf_downscale/canary_all7/run --namelist <DATA_ROOT>/wrf_downscale/canary_all7/run/namelist.input --output-dir proofs/v020/s4/fp64_d01d03_1h_20260621T162807Z/output --proof-dir proofs/v020/s4/fp64_d01d03_1h_20260621T162807Z/proofs --scratch-dir proofs/v020/s4/fp64_d01d03_1h_20260621T162807Z/scratch --max-dom 3 --hours 1"
1782059792,2026-06-21T17:36:32+01:00,3104514,3104450,S,19,0.0,0.0,1740,2784,"/usr/bin/time -f wall_s=%e\nmaxrss_kib=%M -o proofs/v020/s4/fp64_d01d03_1h_20260621T162807Z/time.txt taskset -c 0-3 python -m gpuwrf run --input-dir <DATA_ROOT>/wrf_downscale/canary_all7/run --namelist <DATA_ROOT>/wrf_downscale/canary_all7/run/namelist.input --output-dir proofs/v020/s4/fp64_d01d03_1h_20260621T162807Z/output --proof-dir proofs/v020/s4/fp64_d01d03_1h_20260621T162807Z/proofs --scratch-dir proofs/v020/s4/fp64_d01d03_1h_20260621T162807Z/scratch --max-dom 3 --hours 1"
1782059792,2026-06-21T17:36:32+01:00,3104516,3104514,Rl,1,128,17.5,17284896,39966160,"python -m gpuwrf run --input-dir <DATA_ROOT>/wrf_downscale/canary_all7/run --namelist <DATA_ROOT>/wrf_downscale/canary_all7/run/namelist.input --output-dir proofs/v020/s4/fp64_d01d03_1h_20260621T162807Z/output --proof-dir proofs/v020/s4/fp64_d01d03_1h_20260621T162807Z/proofs --scratch-dir proofs/v020/s4/fp64_d01d03_1h_20260621T162807Z/scratch --max-dom 3 --hours 1"
1782059794,2026-06-21T17:36:34+01:00,3104514,3104450,S,19,0.0,0.0,1740,2784,"/usr/bin/time -f wall_s=%e\nmaxrss_kib=%M -o proofs/v020/s4/fp64_d01d03_1h_20260621T162807Z/time.txt taskset -c 0-3 python -m gpuwrf run --input-dir <DATA_ROOT>/wrf_downscale/canary_all7/run --namelist <DATA_ROOT>/wrf_downscale/canary_all7/run/namelist.input --output-dir proofs/v020/s4/fp64_d01d03_1h_20260621T162807Z/output --proof-dir proofs/v020/s4/fp64_d01d03_1h_20260621T162807Z/proofs --scratch-dir proofs/v020/s4/fp64_d01d03_1h_20260621T162807Z/scratch --max-dom 3 --hours 1"
1782059794,2026-06-21T17:36:34+01:00,3104516,3104514,Rl,1,128,17.5,17284896,39966160,"python -m gpuwrf run --input-dir <DATA_ROOT>/wrf_downscale/canary_all7/run --namelist <DATA_ROOT>/wrf_downscale/canary_all7/run/namelist.input --output-dir proofs/v020/s4/fp64_d01d03_1h_20260621T162807Z/output --proof-dir proofs/v020/s4/fp64_d01d03_1h_20260621T162807Z/proofs --scratch-dir proofs/v020/s4/fp64_d01d03_1h_20260621T162807Z/scratch --max-dom 3 --hours 1"
1782059796,2026-06-21T17:36:36+01:00,3104514,3104450,S,19,0.0,0.0,1740,2784,"/usr/bin/time -f wall_s=%e\nmaxrss_kib=%M -o proofs/v020/s4/fp64_d01d03_1h_20260621T162807Z/time.txt taskset -c 0-3 python -m gpuwrf run --input-dir <DATA_ROOT>/wrf_downscale/canary_all7/run --namelist <DATA_ROOT>/wrf_downscale/canary_all7/run/namelist.input --output-dir proofs/v020/s4/fp64_d01d03_1h_20260621T162807Z/output --proof-dir proofs/v020/s4/fp64_d01d03_1h_20260621T162807Z/proofs --scratch-dir proofs/v020/s4/fp64_d01d03_1h_20260621T162807Z/scratch --max-dom 3 --hours 1"
1782059796,2026-06-21T17:36:36+01:00,3104516,3104514,Rl,1,127,17.5,17284904,39966160,"python -m gpuwrf run --input-dir <DATA_ROOT>/wrf_downscale/canary_all7/run --namelist <DATA_ROOT>/wrf_downscale/canary_all7/run/namelist.input --output-dir proofs/v020/s4/fp64_d01d03_1h_20260621T162807Z/output --proof-dir proofs/v020/s4/fp64_d01d03_1h_20260621T162807Z/proofs --scratch-dir proofs/v020/s4/fp64_d01d03_1h_20260621T162807Z/scratch --max-dom 3 --hours 1"
1782059798,2026-06-21T17:36:38+01:00,3104514,3104450,S,19,0.0,0.0,1740,2784,"/usr/bin/time -f wall_s=%e\nmaxrss_kib=%M -o proofs/v020/s4/fp64_d01d03_1h_20260621T162807Z/time.txt taskset -c 0-3 python -m gpuwrf run --input-dir <DATA_ROOT>/wrf_downscale/canary_all7/run --namelist <DATA_ROOT>/wrf_downscale/canary_all7/run/namelist.input --output-dir proofs/v020/s4/fp64_d01d03_1h_20260621T162807Z/output --proof-dir proofs/v020/s4/fp64_d01d03_1h_20260621T162807Z/proofs --scratch-dir proofs/v020/s4/fp64_d01d03_1h_20260621T162807Z/scratch --max-dom 3 --hours 1"
1782059798,2026-06-21T17:36:38+01:00,3104516,3104514,Rl,1,127,17.5,17284908,39966160,"python -m gpuwrf run --input-dir <DATA_ROOT>/wrf_downscale/canary_all7/run --namelist <DATA_ROOT>/wrf_downscale/canary_all7/run/namelist.input --output-dir proofs/v020/s4/fp64_d01d03_1h_20260621T162807Z/output --proof-dir proofs/v020/s4/fp64_d01d03_1h_20260621T162807Z/proofs --scratch-dir proofs/v020/s4/fp64_d01d03_1h_20260621T162807Z/scratch --max-dom 3 --hours 1"
1782059800,2026-06-21T17:36:40+01:00,3104514,3104450,S,19,0.0,0.0,1740,2784,"/usr/bin/time -f wall_s=%e\nmaxrss_kib=%M -o proofs/v020/s4/fp64_d01d03_1h_20260621T162807Z/time.txt taskset -c 0-3 python -m gpuwrf run --input-dir <DATA_ROOT>/wrf_downscale/canary_all7/run --namelist <DATA_ROOT>/wrf_downscale/canary_all7/run/namelist.input --output-dir proofs/v020/s4/fp64_d01d03_1h_20260621T162807Z/output --proof-dir proofs/v020/s4/fp64_d01d03_1h_20260621T162807Z/proofs --scratch-dir proofs/v020/s4/fp64_d01d03_1h_20260621T162807Z/scratch --max-dom 3 --hours 1"
1782059800,2026-06-21T17:36:40+01:00,3104516,3104514,Rl,1,127,17.5,17284908,39966160,"python -m gpuwrf run --input-dir <DATA_ROOT>/wrf_downscale/canary_all7/run --namelist <DATA_ROOT>/wrf_downscale/canary_all7/run/namelist.input --output-dir proofs/v020/s4/fp64_d01d03_1h_20260621T162807Z/output --proof-dir proofs/v020/s4/fp64_d01d03_1h_20260621T162807Z/proofs --scratch-dir proofs/v020/s4/fp64_d01d03_1h_20260621T162807Z/scratch --max-dom 3 --hours 1"
1782059803,2026-06-21T17:36:43+01:00,3104514,3104450,S,19,0.0,0.0,1740,2784,"/usr/bin/time -f wall_s=%e\nmaxrss_kib=%M -o proofs/v020/s4/fp64_d01d03_1h_20260621T162807Z/time.txt taskset -c 0-3 python -m gpuwrf run --input-dir <DATA_ROOT>/wrf_downscale/canary_all7/run --namelist <DATA_ROOT>/wrf_downscale/canary_all7/run/namelist.input --output-dir proofs/v020/s4/fp64_d01d03_1h_20260621T162807Z/output --proof-dir proofs/v020/s4/fp64_d01d03_1h_20260621T162807Z/proofs --scratch-dir proofs/v020/s4/fp64_d01d03_1h_20260621T162807Z/scratch --max-dom 3 --hours 1"
1782059803,2026-06-21T17:36:43+01:00,3104516,3104514,Rl,1,127,17.5,17284908,39966160,"python -m gpuwrf run --input-dir <DATA_ROOT>/wrf_downscale/canary_all7/run --namelist <DATA_ROOT>/wrf_downscale/canary_all7/run/namelist.input --output-dir proofs/v020/s4/fp64_d01d03_1h_20260621T162807Z/output --proof-dir proofs/v020/s4/fp64_d01d03_1h_20260621T162807Z/proofs --scratch-dir proofs/v020/s4/fp64_d01d03_1h_20260621T162807Z/scratch --max-dom 3 --hours 1"
1782059805,2026-06-21T17:36:45+01:00,3104514,3104450,S,19,0.0,0.0,1740,2784,"/usr/bin/time -f wall_s=%e\nmaxrss_kib=%M -o proofs/v020/s4/fp64_d01d03_1h_20260621T162807Z/time.txt taskset -c 0-3 python -m gpuwrf run --input-dir <DATA_ROOT>/wrf_downscale/canary_all7/run --namelist <DATA_ROOT>/wrf_downscale/canary_all7/run/namelist.input --output-dir proofs/v020/s4/fp64_d01d03_1h_20260621T162807Z/output --proof-dir proofs/v020/s4/fp64_d01d03_1h_20260621T162807Z/proofs --scratch-dir proofs/v020/s4/fp64_d01d03_1h_20260621T162807Z/scratch --max-dom 3 --hours 1"
1782059805,2026-06-21T17:36:45+01:00,3104516,3104514,Rl,0,127,17.5,17285008,39966160,"python -m gpuwrf run --input-dir <DATA_ROOT>/wrf_downscale/canary_all7/run --namelist <DATA_ROOT>/wrf_downscale/canary_all7/run/namelist.input --output-dir proofs/v020/s4/fp64_d01d03_1h_20260621T162807Z/output --proof-dir proofs/v020/s4/fp64_d01d03_1h_20260621T162807Z/proofs --scratch-dir proofs/v020/s4/fp64_d01d03_1h_20260621T162807Z/scratch --max-dom 3 --hours 1"
1782059807,2026-06-21T17:36:47+01:00,3104514,3104450,S,19,0.0,0.0,1740,2784,"/usr/bin/time -f wall_s=%e\nmaxrss_kib=%M -o proofs/v020/s4/fp64_d01d03_1h_20260621T162807Z/time.txt taskset -c 0-3 python -m gpuwrf run --input-dir <DATA_ROOT>/wrf_downscale/canary_all7/run --namelist <DATA_ROOT>/wrf_downscale/canary_all7/run/namelist.input --output-dir proofs/v020/s4/fp64_d01d03_1h_20260621T162807Z/output --proof-dir proofs/v020/s4/fp64_d01d03_1h_20260621T162807Z/proofs --scratch-dir proofs/v020/s4/fp64_d01d03_1h_20260621T162807Z/scratch --max-dom 3 --hours 1"
1782059807,2026-06-21T17:36:47+01:00,3104516,3104514,Rl,0,127,17.5,17285008,39966160,"python -m gpuwrf run --input-dir <DATA_ROOT>/wrf_downscale/canary_all7/run --namelist <DATA_ROOT>/wrf_downscale/canary_all7/run/namelist.input --output-dir proofs/v020/s4/fp64_d01d03_1h_20260621T162807Z/output --proof-dir proofs/v020/s4/fp64_d01d03_1h_20260621T162807Z/proofs --scratch-dir proofs/v020/s4/fp64_d01d03_1h_20260621T162807Z/scratch --max-dom 3 --hours 1"
1782059809,2026-06-21T17:36:49+01:00,3104514,3104450,S,19,0.0,0.0,1740,2784,"/usr/bin/time -f wall_s=%e\nmaxrss_kib=%M -o proofs/v020/s4/fp64_d01d03_1h_20260621T162807Z/time.txt taskset -c 0-3 python -m gpuwrf run --input-dir <DATA_ROOT>/wrf_downscale/canary_all7/run --namelist <DATA_ROOT>/wrf_downscale/canary_all7/run/namelist.input --output-dir proofs/v020/s4/fp64_d01d03_1h_20260621T162807Z/output --proof-dir proofs/v020/s4/fp64_d01d03_1h_20260621T162807Z/proofs --scratch-dir proofs/v020/s4/fp64_d01d03_1h_20260621T162807Z/scratch --max-dom 3 --hours 1"
1782059809,2026-06-21T17:36:49+01:00,3104516,3104514,Rl,0,127,17.5,17285008,39966160,"python -m gpuwrf run --input-dir <DATA_ROOT>/wrf_downscale/canary_all7/run --namelist <DATA_ROOT>/wrf_downscale/canary_all7/run/namelist.input --output-dir proofs/v020/s4/fp64_d01d03_1h_20260621T162807Z/output --proof-dir proofs/v020/s4/fp64_d01d03_1h_20260621T162807Z/proofs --scratch-dir proofs/v020/s4/fp64_d01d03_1h_20260621T162807Z/scratch --max-dom 3 --hours 1"
1782059811,2026-06-21T17:36:51+01:00,3104514,3104450,S,19,0.0,0.0,1740,2784,"/usr/bin/time -f wall_s=%e\nmaxrss_kib=%M -o proofs/v020/s4/fp64_d01d03_1h_20260621T162807Z/time.txt taskset -c 0-3 python -m gpuwrf run --input-dir <DATA_ROOT>/wrf_downscale/canary_all7/run --namelist <DATA_ROOT>/wrf_downscale/canary_all7/run/namelist.input --output-dir proofs/v020/s4/fp64_d01d03_1h_20260621T162807Z/output --proof-dir proofs/v020/s4/fp64_d01d03_1h_20260621T162807Z/proofs --scratch-dir proofs/v020/s4/fp64_d01d03_1h_20260621T162807Z/scratch --max-dom 3 --hours 1"
1782059811,2026-06-21T17:36:51+01:00,3104516,3104514,Rl,0,127,17.5,17285028,39966176,"python -m gpuwrf run --input-dir <DATA_ROOT>/wrf_downscale/canary_all7/run --namelist <DATA_ROOT>/wrf_downscale/canary_all7/run/namelist.input --output-dir proofs/v020/s4/fp64_d01d03_1h_20260621T162807Z/output --proof-dir proofs/v020/s4/fp64_d01d03_1h_20260621T162807Z/proofs --scratch-dir proofs/v020/s4/fp64_d01d03_1h_20260621T162807Z/scratch --max-dom 3 --hours 1"
1782059813,2026-06-21T17:36:53+01:00,3104514,3104450,S,19,0.0,0.0,1740,2784,"/usr/bin/time -f wall_s=%e\nmaxrss_kib=%M -o proofs/v020/s4/fp64_d01d03_1h_20260621T162807Z/time.txt taskset -c 0-3 python -m gpuwrf run --input-dir <DATA_ROOT>/wrf_downscale/canary_all7/run --namelist <DATA_ROOT>/wrf_downscale/canary_all7/run/namelist.input --output-dir proofs/v020/s4/fp64_d01d03_1h_20260621T162807Z/output --proof-dir proofs/v020/s4/fp64_d01d03_1h_20260621T162807Z/proofs --scratch-dir proofs/v020/s4/fp64_d01d03_1h_20260621T162807Z/scratch --max-dom 3 --hours 1"
1782059813,2026-06-21T17:36:53+01:00,3104516,3104514,Rl,3,127,17.5,17285084,39966176,"python -m gpuwrf run --input-dir <DATA_ROOT>/wrf_downscale/canary_all7/run --namelist <DATA_ROOT>/wrf_downscale/canary_all7/run/namelist.input --output-dir proofs/v020/s4/fp64_d01d03_1h_20260621T162807Z/output --proof-dir proofs/v020/s4/fp64_d01d03_1h_20260621T162807Z/proofs --scratch-dir proofs/v020/s4/fp64_d01d03_1h_20260621T162807Z/scratch --max-dom 3 --hours 1"
1782059815,2026-06-21T17:36:55+01:00,3104514,3104450,S,19,0.0,0.0,1740,2784,"/usr/bin/time -f wall_s=%e\nmaxrss_kib=%M -o proofs/v020/s4/fp64_d01d03_1h_20260621T162807Z/time.txt taskset -c 0-3 python -m gpuwrf run --input-dir <DATA_ROOT>/wrf_downscale/canary_all7/run --namelist <DATA_ROOT>/wrf_downscale/canary_all7/run/namelist.input --output-dir proofs/v020/s4/fp64_d01d03_1h_20260621T162807Z/output --proof-dir proofs/v020/s4/fp64_d01d03_1h_20260621T162807Z/proofs --scratch-dir proofs/v020/s4/fp64_d01d03_1h_20260621T162807Z/scratch --max-dom 3 --hours 1"
1782059815,2026-06-21T17:36:55+01:00,3104516,3104514,Rl,2,126,17.5,17285168,39966176,"python -m gpuwrf run --input-dir <DATA_ROOT>/wrf_downscale/canary_all7/run --namelist <DATA_ROOT>/wrf_downscale/canary_all7/run/namelist.input --output-dir proofs/v020/s4/fp64_d01d03_1h_20260621T162807Z/output --proof-dir proofs/v020/s4/fp64_d01d03_1h_20260621T162807Z/proofs --scratch-dir proofs/v020/s4/fp64_d01d03_1h_20260621T162807Z/scratch --max-dom 3 --hours 1"
1782059817,2026-06-21T17:36:57+01:00,3104514,3104450,S,19,0.0,0.0,1740,2784,"/usr/bin/time -f wall_s=%e\nmaxrss_kib=%M -o proofs/v020/s4/fp64_d01d03_1h_20260621T162807Z/time.txt taskset -c 0-3 python -m gpuwrf run --input-dir <DATA_ROOT>/wrf_downscale/canary_all7/run --namelist <DATA_ROOT>/wrf_downscale/canary_all7/run/namelist.input --output-dir proofs/v020/s4/fp64_d01d03_1h_20260621T162807Z/output --proof-dir proofs/v020/s4/fp64_d01d03_1h_20260621T162807Z/proofs --scratch-dir proofs/v020/s4/fp64_d01d03_1h_20260621T162807Z/scratch --max-dom 3 --hours 1"
1782059817,2026-06-21T17:36:57+01:00,3104516,3104514,Rl,0,126,17.5,17285172,39966176,"python -m gpuwrf run --input-dir <DATA_ROOT>/wrf_downscale/canary_all7/run --namelist <DATA_ROOT>/wrf_downscale/canary_all7/run/namelist.input --output-dir proofs/v020/s4/fp64_d01d03_1h_20260621T162807Z/output --proof-dir proofs/v020/s4/fp64_d01d03_1h_20260621T162807Z/proofs --scratch-dir proofs/v020/s4/fp64_d01d03_1h_20260621T162807Z/scratch --max-dom 3 --hours 1"
1782059820,2026-06-21T17:37:00+01:00,3104514,3104450,S,19,0.0,0.0,1740,2784,"/usr/bin/time -f wall_s=%e\nmaxrss_kib=%M -o proofs/v020/s4/fp64_d01d03_1h_20260621T162807Z/time.txt taskset -c 0-3 python -m gpuwrf run --input-dir <DATA_ROOT>/wrf_downscale/canary_all7/run --namelist <DATA_ROOT>/wrf_downscale/canary_all7/run/namelist.input --output-dir proofs/v020/s4/fp64_d01d03_1h_20260621T162807Z/output --proof-dir proofs/v020/s4/fp64_d01d03_1h_20260621T162807Z/proofs --scratch-dir proofs/v020/s4/fp64_d01d03_1h_20260621T162807Z/scratch --max-dom 3 --hours 1"
1782059820,2026-06-21T17:37:00+01:00,3104516,3104514,Rl,0,126,17.5,17285172,39966176,"python -m gpuwrf run --input-dir <DATA_ROOT>/wrf_downscale/canary_all7/run --namelist <DATA_ROOT>/wrf_downscale/canary_all7/run/namelist.input --output-dir proofs/v020/s4/fp64_d01d03_1h_20260621T162807Z/output --proof-dir proofs/v020/s4/fp64_d01d03_1h_20260621T162807Z/proofs --scratch-dir proofs/v020/s4/fp64_d01d03_1h_20260621T162807Z/scratch --max-dom 3 --hours 1"
1782059822,2026-06-21T17:37:02+01:00,3104514,3104450,S,19,0.0,0.0,1740,2784,"/usr/bin/time -f wall_s=%e\nmaxrss_kib=%M -o proofs/v020/s4/fp64_d01d03_1h_20260621T162807Z/time.txt taskset -c 0-3 python -m gpuwrf run --input-dir <DATA_ROOT>/wrf_downscale/canary_all7/run --namelist <DATA_ROOT>/wrf_downscale/canary_all7/run/namelist.input --output-dir proofs/v020/s4/fp64_d01d03_1h_20260621T162807Z/output --proof-dir proofs/v020/s4/fp64_d01d03_1h_20260621T162807Z/proofs --scratch-dir proofs/v020/s4/fp64_d01d03_1h_20260621T162807Z/scratch --max-dom 3 --hours 1"
1782059822,2026-06-21T17:37:02+01:00,3104516,3104514,Rl,0,126,17.5,17285172,39966176,"python -m gpuwrf run --input-dir <DATA_ROOT>/wrf_downscale/canary_all7/run --namelist <DATA_ROOT>/wrf_downscale/canary_all7/run/namelist.input --output-dir proofs/v020/s4/fp64_d01d03_1h_20260621T162807Z/output --proof-dir proofs/v020/s4/fp64_d01d03_1h_20260621T162807Z/proofs --scratch-dir proofs/v020/s4/fp64_d01d03_1h_20260621T162807Z/scratch --max-dom 3 --hours 1"
1782059824,2026-06-21T17:37:04+01:00,3104514,3104450,S,19,0.0,0.0,1740,2784,"/usr/bin/time -f wall_s=%e\nmaxrss_kib=%M -o proofs/v020/s4/fp64_d01d03_1h_20260621T162807Z/time.txt taskset -c 0-3 python -m gpuwrf run --input-dir <DATA_ROOT>/wrf_downscale/canary_all7/run --namelist <DATA_ROOT>/wrf_downscale/canary_all7/run/namelist.input --output-dir proofs/v020/s4/fp64_d01d03_1h_20260621T162807Z/output --proof-dir proofs/v020/s4/fp64_d01d03_1h_20260621T162807Z/proofs --scratch-dir proofs/v020/s4/fp64_d01d03_1h_20260621T162807Z/scratch --max-dom 3 --hours 1"
1782059824,2026-06-21T17:37:04+01:00,3104516,3104514,Rl,0,126,17.5,17285172,39966176,"python -m gpuwrf run --input-dir <DATA_ROOT>/wrf_downscale/canary_all7/run --namelist <DATA_ROOT>/wrf_downscale/canary_all7/run/namelist.input --output-dir proofs/v020/s4/fp64_d01d03_1h_20260621T162807Z/output --proof-dir proofs/v020/s4/fp64_d01d03_1h_20260621T162807Z/proofs --scratch-dir proofs/v020/s4/fp64_d01d03_1h_20260621T162807Z/scratch --max-dom 3 --hours 1"
1782059826,2026-06-21T17:37:06+01:00,3104514,3104450,S,19,0.0,0.0,1740,2784,"/usr/bin/time -f wall_s=%e\nmaxrss_kib=%M -o proofs/v020/s4/fp64_d01d03_1h_20260621T162807Z/time.txt taskset -c 0-3 python -m gpuwrf run --input-dir <DATA_ROOT>/wrf_downscale/canary_all7/run --namelist <DATA_ROOT>/wrf_downscale/canary_all7/run/namelist.input --output-dir proofs/v020/s4/fp64_d01d03_1h_20260621T162807Z/output --proof-dir proofs/v020/s4/fp64_d01d03_1h_20260621T162807Z/proofs --scratch-dir proofs/v020/s4/fp64_d01d03_1h_20260621T162807Z/scratch --max-dom 3 --hours 1"
1782059826,2026-06-21T17:37:06+01:00,3104516,3104514,Rl,0,126,17.5,17285172,39966176,"python -m gpuwrf run --input-dir <DATA_ROOT>/wrf_downscale/canary_all7/run --namelist <DATA_ROOT>/wrf_downscale/canary_all7/run/namelist.input --output-dir proofs/v020/s4/fp64_d01d03_1h_20260621T162807Z/output --proof-dir proofs/v020/s4/fp64_d01d03_1h_20260621T162807Z/proofs --scratch-dir proofs/v020/s4/fp64_d01d03_1h_20260621T162807Z/scratch --max-dom 3 --hours 1"
1782059828,2026-06-21T17:37:08+01:00,3104514,3104450,S,19,0.0,0.0,1740,2784,"/usr/bin/time -f wall_s=%e\nmaxrss_kib=%M -o proofs/v020/s4/fp64_d01d03_1h_20260621T162807Z/time.txt taskset -c 0-3 python -m gpuwrf run --input-dir <DATA_ROOT>/wrf_downscale/canary_all7/run --namelist <DATA_ROOT>/wrf_downscale/canary_all7/run/namelist.input --output-dir proofs/v020/s4/fp64_d01d03_1h_20260621T162807Z/output --proof-dir proofs/v020/s4/fp64_d01d03_1h_20260621T162807Z/proofs --scratch-dir proofs/v020/s4/fp64_d01d03_1h_20260621T162807Z/scratch --max-dom 3 --hours 1"
1782059828,2026-06-21T17:37:08+01:00,3104516,3104514,Rl,3,126,17.5,17285176,39966176,"python -m gpuwrf run --input-dir <DATA_ROOT>/wrf_downscale/canary_all7/run --namelist <DATA_ROOT>/wrf_downscale/canary_all7/run/namelist.input --output-dir proofs/v020/s4/fp64_d01d03_1h_20260621T162807Z/output --proof-dir proofs/v020/s4/fp64_d01d03_1h_20260621T162807Z/proofs --scratch-dir proofs/v020/s4/fp64_d01d03_1h_20260621T162807Z/scratch --max-dom 3 --hours 1"
1782059830,2026-06-21T17:37:10+01:00,3104514,3104450,S,19,0.0,0.0,1740,2784,"/usr/bin/time -f wall_s=%e\nmaxrss_kib=%M -o proofs/v020/s4/fp64_d01d03_1h_20260621T162807Z/time.txt taskset -c 0-3 python -m gpuwrf run --input-dir <DATA_ROOT>/wrf_downscale/canary_all7/run --namelist <DATA_ROOT>/wrf_downscale/canary_all7/run/namelist.input --output-dir proofs/v020/s4/fp64_d01d03_1h_20260621T162807Z/output --proof-dir proofs/v020/s4/fp64_d01d03_1h_20260621T162807Z/proofs --scratch-dir proofs/v020/s4/fp64_d01d03_1h_20260621T162807Z/scratch --max-dom 3 --hours 1"
1782059830,2026-06-21T17:37:10+01:00,3104516,3104514,Rl,3,126,17.5,17285228,39966176,"python -m gpuwrf run --input-dir <DATA_ROOT>/wrf_downscale/canary_all7/run --namelist <DATA_ROOT>/wrf_downscale/canary_all7/run/namelist.input --output-dir proofs/v020/s4/fp64_d01d03_1h_20260621T162807Z/output --proof-dir proofs/v020/s4/fp64_d01d03_1h_20260621T162807Z/proofs --scratch-dir proofs/v020/s4/fp64_d01d03_1h_20260621T162807Z/scratch --max-dom 3 --hours 1"
1782059832,2026-06-21T17:37:12+01:00,3104514,3104450,S,19,0.0,0.0,1740,2784,"/usr/bin/time -f wall_s=%e\nmaxrss_kib=%M -o proofs/v020/s4/fp64_d01d03_1h_20260621T162807Z/time.txt taskset -c 0-3 python -m gpuwrf run --input-dir <DATA_ROOT>/wrf_downscale/canary_all7/run --namelist <DATA_ROOT>/wrf_downscale/canary_all7/run/namelist.input --output-dir proofs/v020/s4/fp64_d01d03_1h_20260621T162807Z/output --proof-dir proofs/v020/s4/fp64_d01d03_1h_20260621T162807Z/proofs --scratch-dir proofs/v020/s4/fp64_d01d03_1h_20260621T162807Z/scratch --max-dom 3 --hours 1"
1782059832,2026-06-21T17:37:12+01:00,3104516,3104514,Rl,3,126,17.5,17285280,39966176,"python -m gpuwrf run --input-dir <DATA_ROOT>/wrf_downscale/canary_all7/run --namelist <DATA_ROOT>/wrf_downscale/canary_all7/run/namelist.input --output-dir proofs/v020/s4/fp64_d01d03_1h_20260621T162807Z/output --proof-dir proofs/v020/s4/fp64_d01d03_1h_20260621T162807Z/proofs --scratch-dir proofs/v020/s4/fp64_d01d03_1h_20260621T162807Z/scratch --max-dom 3 --hours 1"
1782059834,2026-06-21T17:37:14+01:00,3104514,3104450,S,19,0.0,0.0,1740,2784,"/usr/bin/time -f wall_s=%e\nmaxrss_kib=%M -o proofs/v020/s4/fp64_d01d03_1h_20260621T162807Z/time.txt taskset -c 0-3 python -m gpuwrf run --input-dir <DATA_ROOT>/wrf_downscale/canary_all7/run --namelist <DATA_ROOT>/wrf_downscale/canary_all7/run/namelist.input --output-dir proofs/v020/s4/fp64_d01d03_1h_20260621T162807Z/output --proof-dir proofs/v020/s4/fp64_d01d03_1h_20260621T162807Z/proofs --scratch-dir proofs/v020/s4/fp64_d01d03_1h_20260621T162807Z/scratch --max-dom 3 --hours 1"
1782059834,2026-06-21T17:37:14+01:00,3104516,3104514,Rl,1,126,17.5,17285280,39966176,"python -m gpuwrf run --input-dir <DATA_ROOT>/wrf_downscale/canary_all7/run --namelist <DATA_ROOT>/wrf_downscale/canary_all7/run/namelist.input --output-dir proofs/v020/s4/fp64_d01d03_1h_20260621T162807Z/output --proof-dir proofs/v020/s4/fp64_d01d03_1h_20260621T162807Z/proofs --scratch-dir proofs/v020/s4/fp64_d01d03_1h_20260621T162807Z/scratch --max-dom 3 --hours 1"
1782059836,2026-06-21T17:37:16+01:00,3104514,3104450,S,19,0.0,0.0,1740,2784,"/usr/bin/time -f wall_s=%e\nmaxrss_kib=%M -o proofs/v020/s4/fp64_d01d03_1h_20260621T162807Z/time.txt taskset -c 0-3 python -m gpuwrf run --input-dir <DATA_ROOT>/wrf_downscale/canary_all7/run --namelist <DATA_ROOT>/wrf_downscale/canary_all7/run/namelist.input --output-dir proofs/v020/s4/fp64_d01d03_1h_20260621T162807Z/output --proof-dir proofs/v020/s4/fp64_d01d03_1h_20260621T162807Z/proofs --scratch-dir proofs/v020/s4/fp64_d01d03_1h_20260621T162807Z/scratch --max-dom 3 --hours 1"
1782059836,2026-06-21T17:37:16+01:00,3104516,3104514,Rl,1,125,17.5,17285340,39966176,"python -m gpuwrf run --input-dir <DATA_ROOT>/wrf_downscale/canary_all7/run --namelist <DATA_ROOT>/wrf_downscale/canary_all7/run/namelist.input --output-dir proofs/v020/s4/fp64_d01d03_1h_20260621T162807Z/output --proof-dir proofs/v020/s4/fp64_d01d03_1h_20260621T162807Z/proofs --scratch-dir proofs/v020/s4/fp64_d01d03_1h_20260621T162807Z/scratch --max-dom 3 --hours 1"
1782059838,2026-06-21T17:37:18+01:00,3104514,3104450,S,19,0.0,0.0,1740,2784,"/usr/bin/time -f wall_s=%e\nmaxrss_kib=%M -o proofs/v020/s4/fp64_d01d03_1h_20260621T162807Z/time.txt taskset -c 0-3 python -m gpuwrf run --input-dir <DATA_ROOT>/wrf_downscale/canary_all7/run --namelist <DATA_ROOT>/wrf_downscale/canary_all7/run/namelist.input --output-dir proofs/v020/s4/fp64_d01d03_1h_20260621T162807Z/output --proof-dir proofs/v020/s4/fp64_d01d03_1h_20260621T162807Z/proofs --scratch-dir proofs/v020/s4/fp64_d01d03_1h_20260621T162807Z/scratch --max-dom 3 --hours 1"
1782059838,2026-06-21T17:37:18+01:00,3104516,3104514,Rl,1,125,17.5,17285360,39966176,"python -m gpuwrf run --input-dir <DATA_ROOT>/wrf_downscale/canary_all7/run --namelist <DATA_ROOT>/wrf_downscale/canary_all7/run/namelist.input --output-dir proofs/v020/s4/fp64_d01d03_1h_20260621T162807Z/output --proof-dir proofs/v020/s4/fp64_d01d03_1h_20260621T162807Z/proofs --scratch-dir proofs/v020/s4/fp64_d01d03_1h_20260621T162807Z/scratch --max-dom 3 --hours 1"
1782059841,2026-06-21T17:37:21+01:00,3104514,3104450,S,19,0.0,0.0,1740,2784,"/usr/bin/time -f wall_s=%e\nmaxrss_kib=%M -o proofs/v020/s4/fp64_d01d03_1h_20260621T162807Z/time.txt taskset -c 0-3 python -m gpuwrf run --input-dir <DATA_ROOT>/wrf_downscale/canary_all7/run --namelist <DATA_ROOT>/wrf_downscale/canary_all7/run/namelist.input --output-dir proofs/v020/s4/fp64_d01d03_1h_20260621T162807Z/output --proof-dir proofs/v020/s4/fp64_d01d03_1h_20260621T162807Z/proofs --scratch-dir proofs/v020/s4/fp64_d01d03_1h_20260621T162807Z/scratch --max-dom 3 --hours 1"
1782059841,2026-06-21T17:37:21+01:00,3104516,3104514,Rl,1,125,17.5,17285496,39966176,"python -m gpuwrf run --input-dir <DATA_ROOT>/wrf_downscale/canary_all7/run --namelist <DATA_ROOT>/wrf_downscale/canary_all7/run/namelist.input --output-dir proofs/v020/s4/fp64_d01d03_1h_20260621T162807Z/output --proof-dir proofs/v020/s4/fp64_d01d03_1h_20260621T162807Z/proofs --scratch-dir proofs/v020/s4/fp64_d01d03_1h_20260621T162807Z/scratch --max-dom 3 --hours 1"
1782059843,2026-06-21T17:37:23+01:00,3104514,3104450,S,19,0.0,0.0,1740,2784,"/usr/bin/time -f wall_s=%e\nmaxrss_kib=%M -o proofs/v020/s4/fp64_d01d03_1h_20260621T162807Z/time.txt taskset -c 0-3 python -m gpuwrf run --input-dir <DATA_ROOT>/wrf_downscale/canary_all7/run --namelist <DATA_ROOT>/wrf_downscale/canary_all7/run/namelist.input --output-dir proofs/v020/s4/fp64_d01d03_1h_20260621T162807Z/output --proof-dir proofs/v020/s4/fp64_d01d03_1h_20260621T162807Z/proofs --scratch-dir proofs/v020/s4/fp64_d01d03_1h_20260621T162807Z/scratch --max-dom 3 --hours 1"
1782059843,2026-06-21T17:37:23+01:00,3104516,3104514,Rl,1,125,17.5,17285524,39966176,"python -m gpuwrf run --input-dir <DATA_ROOT>/wrf_downscale/canary_all7/run --namelist <DATA_ROOT>/wrf_downscale/canary_all7/run/namelist.input --output-dir proofs/v020/s4/fp64_d01d03_1h_20260621T162807Z/output --proof-dir proofs/v020/s4/fp64_d01d03_1h_20260621T162807Z/proofs --scratch-dir proofs/v020/s4/fp64_d01d03_1h_20260621T162807Z/scratch --max-dom 3 --hours 1"
1782059845,2026-06-21T17:37:25+01:00,3104514,3104450,S,19,0.0,0.0,1740,2784,"/usr/bin/time -f wall_s=%e\nmaxrss_kib=%M -o proofs/v020/s4/fp64_d01d03_1h_20260621T162807Z/time.txt taskset -c 0-3 python -m gpuwrf run --input-dir <DATA_ROOT>/wrf_downscale/canary_all7/run --namelist <DATA_ROOT>/wrf_downscale/canary_all7/run/namelist.input --output-dir proofs/v020/s4/fp64_d01d03_1h_20260621T162807Z/output --proof-dir proofs/v020/s4/fp64_d01d03_1h_20260621T162807Z/proofs --scratch-dir proofs/v020/s4/fp64_d01d03_1h_20260621T162807Z/scratch --max-dom 3 --hours 1"
1782059845,2026-06-21T17:37:25+01:00,3104516,3104514,Rl,1,125,17.5,17285532,39966176,"python -m gpuwrf run --input-dir <DATA_ROOT>/wrf_downscale/canary_all7/run --namelist <DATA_ROOT>/wrf_downscale/canary_all7/run/namelist.input --output-dir proofs/v020/s4/fp64_d01d03_1h_20260621T162807Z/output --proof-dir proofs/v020/s4/fp64_d01d03_1h_20260621T162807Z/proofs --scratch-dir proofs/v020/s4/fp64_d01d03_1h_20260621T162807Z/scratch --max-dom 3 --hours 1"
1782059847,2026-06-21T17:37:27+01:00,3104514,3104450,S,19,0.0,0.0,1740,2784,"/usr/bin/time -f wall_s=%e\nmaxrss_kib=%M -o proofs/v020/s4/fp64_d01d03_1h_20260621T162807Z/time.txt taskset -c 0-3 python -m gpuwrf run --input-dir <DATA_ROOT>/wrf_downscale/canary_all7/run --namelist <DATA_ROOT>/wrf_downscale/canary_all7/run/namelist.input --output-dir proofs/v020/s4/fp64_d01d03_1h_20260621T162807Z/output --proof-dir proofs/v020/s4/fp64_d01d03_1h_20260621T162807Z/proofs --scratch-dir proofs/v020/s4/fp64_d01d03_1h_20260621T162807Z/scratch --max-dom 3 --hours 1"
1782059847,2026-06-21T17:37:27+01:00,3104516,3104514,Rl,0,125,17.5,17285536,39966176,"python -m gpuwrf run --input-dir <DATA_ROOT>/wrf_downscale/canary_all7/run --namelist <DATA_ROOT>/wrf_downscale/canary_all7/run/namelist.input --output-dir proofs/v020/s4/fp64_d01d03_1h_20260621T162807Z/output --proof-dir proofs/v020/s4/fp64_d01d03_1h_20260621T162807Z/proofs --scratch-dir proofs/v020/s4/fp64_d01d03_1h_20260621T162807Z/scratch --max-dom 3 --hours 1"
1782059849,2026-06-21T17:37:29+01:00,3104514,3104450,S,19,0.0,0.0,1740,2784,"/usr/bin/time -f wall_s=%e\nmaxrss_kib=%M -o proofs/v020/s4/fp64_d01d03_1h_20260621T162807Z/time.txt taskset -c 0-3 python -m gpuwrf run --input-dir <DATA_ROOT>/wrf_downscale/canary_all7/run --namelist <DATA_ROOT>/wrf_downscale/canary_all7/run/namelist.input --output-dir proofs/v020/s4/fp64_d01d03_1h_20260621T162807Z/output --proof-dir proofs/v020/s4/fp64_d01d03_1h_20260621T162807Z/proofs --scratch-dir proofs/v020/s4/fp64_d01d03_1h_20260621T162807Z/scratch --max-dom 3 --hours 1"
1782059849,2026-06-21T17:37:29+01:00,3104516,3104514,Rl,0,125,17.5,17285548,39966176,"python -m gpuwrf run --input-dir <DATA_ROOT>/wrf_downscale/canary_all7/run --namelist <DATA_ROOT>/wrf_downscale/canary_all7/run/namelist.input --output-dir proofs/v020/s4/fp64_d01d03_1h_20260621T162807Z/output --proof-dir proofs/v020/s4/fp64_d01d03_1h_20260621T162807Z/proofs --scratch-dir proofs/v020/s4/fp64_d01d03_1h_20260621T162807Z/scratch --max-dom 3 --hours 1"
1782059851,2026-06-21T17:37:31+01:00,3104514,3104450,S,19,0.0,0.0,1740,2784,"/usr/bin/time -f wall_s=%e\nmaxrss_kib=%M -o proofs/v020/s4/fp64_d01d03_1h_20260621T162807Z/time.txt taskset -c 0-3 python -m gpuwrf run --input-dir <DATA_ROOT>/wrf_downscale/canary_all7/run --namelist <DATA_ROOT>/wrf_downscale/canary_all7/run/namelist.input --output-dir proofs/v020/s4/fp64_d01d03_1h_20260621T162807Z/output --proof-dir proofs/v020/s4/fp64_d01d03_1h_20260621T162807Z/proofs --scratch-dir proofs/v020/s4/fp64_d01d03_1h_20260621T162807Z/scratch --max-dom 3 --hours 1"
1782059851,2026-06-21T17:37:31+01:00,3104516,3104514,Rl,0,125,17.5,17285608,39966176,"python -m gpuwrf run --input-dir <DATA_ROOT>/wrf_downscale/canary_all7/run --namelist <DATA_ROOT>/wrf_downscale/canary_all7/run/namelist.input --output-dir proofs/v020/s4/fp64_d01d03_1h_20260621T162807Z/output --proof-dir proofs/v020/s4/fp64_d01d03_1h_20260621T162807Z/proofs --scratch-dir proofs/v020/s4/fp64_d01d03_1h_20260621T162807Z/scratch --max-dom 3 --hours 1"
1782059853,2026-06-21T17:37:33+01:00,3104514,3104450,S,19,0.0,0.0,1740,2784,"/usr/bin/time -f wall_s=%e\nmaxrss_kib=%M -o proofs/v020/s4/fp64_d01d03_1h_20260621T162807Z/time.txt taskset -c 0-3 python -m gpuwrf run --input-dir <DATA_ROOT>/wrf_downscale/canary_all7/run --namelist <DATA_ROOT>/wrf_downscale/canary_all7/run/namelist.input --output-dir proofs/v020/s4/fp64_d01d03_1h_20260621T162807Z/output --proof-dir proofs/v020/s4/fp64_d01d03_1h_20260621T162807Z/proofs --scratch-dir proofs/v020/s4/fp64_d01d03_1h_20260621T162807Z/scratch --max-dom 3 --hours 1"
1782059853,2026-06-21T17:37:33+01:00,3104516,3104514,Rl,1,125,17.5,17285648,39966176,"python -m gpuwrf run --input-dir <DATA_ROOT>/wrf_downscale/canary_all7/run --namelist <DATA_ROOT>/wrf_downscale/canary_all7/run/namelist.input --output-dir proofs/v020/s4/fp64_d01d03_1h_20260621T162807Z/output --proof-dir proofs/v020/s4/fp64_d01d03_1h_20260621T162807Z/proofs --scratch-dir proofs/v020/s4/fp64_d01d03_1h_20260621T162807Z/scratch --max-dom 3 --hours 1"
1782059855,2026-06-21T17:37:35+01:00,3104514,3104450,S,19,0.0,0.0,1740,2784,"/usr/bin/time -f wall_s=%e\nmaxrss_kib=%M -o proofs/v020/s4/fp64_d01d03_1h_20260621T162807Z/time.txt taskset -c 0-3 python -m gpuwrf run --input-dir <DATA_ROOT>/wrf_downscale/canary_all7/run --namelist <DATA_ROOT>/wrf_downscale/canary_all7/run/namelist.input --output-dir proofs/v020/s4/fp64_d01d03_1h_20260621T162807Z/output --proof-dir proofs/v020/s4/fp64_d01d03_1h_20260621T162807Z/proofs --scratch-dir proofs/v020/s4/fp64_d01d03_1h_20260621T162807Z/scratch --max-dom 3 --hours 1"
1782059855,2026-06-21T17:37:35+01:00,3104516,3104514,Rl,1,125,17.5,17285672,39966176,"python -m gpuwrf run --input-dir <DATA_ROOT>/wrf_downscale/canary_all7/run --namelist <DATA_ROOT>/wrf_downscale/canary_all7/run/namelist.input --output-dir proofs/v020/s4/fp64_d01d03_1h_20260621T162807Z/output --proof-dir proofs/v020/s4/fp64_d01d03_1h_20260621T162807Z/proofs --scratch-dir proofs/v020/s4/fp64_d01d03_1h_20260621T162807Z/scratch --max-dom 3 --hours 1"
1782059857,2026-06-21T17:37:37+01:00,3104514,3104450,S,19,0.0,0.0,1740,2784,"/usr/bin/time -f wall_s=%e\nmaxrss_kib=%M -o proofs/v020/s4/fp64_d01d03_1h_20260621T162807Z/time.txt taskset -c 0-3 python -m gpuwrf run --input-dir <DATA_ROOT>/wrf_downscale/canary_all7/run --namelist <DATA_ROOT>/wrf_downscale/canary_all7/run/namelist.input --output-dir proofs/v020/s4/fp64_d01d03_1h_20260621T162807Z/output --proof-dir proofs/v020/s4/fp64_d01d03_1h_20260621T162807Z/proofs --scratch-dir proofs/v020/s4/fp64_d01d03_1h_20260621T162807Z/scratch --max-dom 3 --hours 1"
1782059857,2026-06-21T17:37:37+01:00,3104516,3104514,Rl,1,125,17.5,17285684,39966176,"python -m gpuwrf run --input-dir <DATA_ROOT>/wrf_downscale/canary_all7/run --namelist <DATA_ROOT>/wrf_downscale/canary_all7/run/namelist.input --output-dir proofs/v020/s4/fp64_d01d03_1h_20260621T162807Z/output --proof-dir proofs/v020/s4/fp64_d01d03_1h_20260621T162807Z/proofs --scratch-dir proofs/v020/s4/fp64_d01d03_1h_20260621T162807Z/scratch --max-dom 3 --hours 1"
1782059860,2026-06-21T17:37:40+01:00,3104514,3104450,S,19,0.0,0.0,1740,2784,"/usr/bin/time -f wall_s=%e\nmaxrss_kib=%M -o proofs/v020/s4/fp64_d01d03_1h_20260621T162807Z/time.txt taskset -c 0-3 python -m gpuwrf run --input-dir <DATA_ROOT>/wrf_downscale/canary_all7/run --namelist <DATA_ROOT>/wrf_downscale/canary_all7/run/namelist.input --output-dir proofs/v020/s4/fp64_d01d03_1h_20260621T162807Z/output --proof-dir proofs/v020/s4/fp64_d01d03_1h_20260621T162807Z/proofs --scratch-dir proofs/v020/s4/fp64_d01d03_1h_20260621T162807Z/scratch --max-dom 3 --hours 1"
1782059860,2026-06-21T17:37:40+01:00,3104516,3104514,Rl,0,124,17.5,17285692,39966176,"python -m gpuwrf run --input-dir <DATA_ROOT>/wrf_downscale/canary_all7/run --namelist <DATA_ROOT>/wrf_downscale/canary_all7/run/namelist.input --output-dir proofs/v020/s4/fp64_d01d03_1h_20260621T162807Z/output --proof-dir proofs/v020/s4/fp64_d01d03_1h_20260621T162807Z/proofs --scratch-dir proofs/v020/s4/fp64_d01d03_1h_20260621T162807Z/scratch --max-dom 3 --hours 1"
1782059862,2026-06-21T17:37:42+01:00,3104514,3104450,S,19,0.0,0.0,1740,2784,"/usr/bin/time -f wall_s=%e\nmaxrss_kib=%M -o proofs/v020/s4/fp64_d01d03_1h_20260621T162807Z/time.txt taskset -c 0-3 python -m gpuwrf run --input-dir <DATA_ROOT>/wrf_downscale/canary_all7/run --namelist <DATA_ROOT>/wrf_downscale/canary_all7/run/namelist.input --output-dir proofs/v020/s4/fp64_d01d03_1h_20260621T162807Z/output --proof-dir proofs/v020/s4/fp64_d01d03_1h_20260621T162807Z/proofs --scratch-dir proofs/v020/s4/fp64_d01d03_1h_20260621T162807Z/scratch --max-dom 3 --hours 1"
1782059862,2026-06-21T17:37:42+01:00,3104516,3104514,Rl,0,124,17.5,17285756,39966220,"python -m gpuwrf run --input-dir <DATA_ROOT>/wrf_downscale/canary_all7/run --namelist <DATA_ROOT>/wrf_downscale/canary_all7/run/namelist.input --output-dir proofs/v020/s4/fp64_d01d03_1h_20260621T162807Z/output --proof-dir proofs/v020/s4/fp64_d01d03_1h_20260621T162807Z/proofs --scratch-dir proofs/v020/s4/fp64_d01d03_1h_20260621T162807Z/scratch --max-dom 3 --hours 1"
1782059864,2026-06-21T17:37:44+01:00,3104514,3104450,S,19,0.0,0.0,1740,2784,"/usr/bin/time -f wall_s=%e\nmaxrss_kib=%M -o proofs/v020/s4/fp64_d01d03_1h_20260621T162807Z/time.txt taskset -c 0-3 python -m gpuwrf run --input-dir <DATA_ROOT>/wrf_downscale/canary_all7/run --namelist <DATA_ROOT>/wrf_downscale/canary_all7/run/namelist.input --output-dir proofs/v020/s4/fp64_d01d03_1h_20260621T162807Z/output --proof-dir proofs/v020/s4/fp64_d01d03_1h_20260621T162807Z/proofs --scratch-dir proofs/v020/s4/fp64_d01d03_1h_20260621T162807Z/scratch --max-dom 3 --hours 1"
1782059864,2026-06-21T17:37:44+01:00,3104516,3104514,Rl,1,124,17.5,17285796,39966252,"python -m gpuwrf run --input-dir <DATA_ROOT>/wrf_downscale/canary_all7/run --namelist <DATA_ROOT>/wrf_downscale/canary_all7/run/namelist.input --output-dir proofs/v020/s4/fp64_d01d03_1h_20260621T162807Z/output --proof-dir proofs/v020/s4/fp64_d01d03_1h_20260621T162807Z/proofs --scratch-dir proofs/v020/s4/fp64_d01d03_1h_20260621T162807Z/scratch --max-dom 3 --hours 1"
1782059866,2026-06-21T17:37:46+01:00,3104514,3104450,S,19,0.0,0.0,1740,2784,"/usr/bin/time -f wall_s=%e\nmaxrss_kib=%M -o proofs/v020/s4/fp64_d01d03_1h_20260621T162807Z/time.txt taskset -c 0-3 python -m gpuwrf run --input-dir <DATA_ROOT>/wrf_downscale/canary_all7/run --namelist <DATA_ROOT>/wrf_downscale/canary_all7/run/namelist.input --output-dir proofs/v020/s4/fp64_d01d03_1h_20260621T162807Z/output --proof-dir proofs/v020/s4/fp64_d01d03_1h_20260621T162807Z/proofs --scratch-dir proofs/v020/s4/fp64_d01d03_1h_20260621T162807Z/scratch --max-dom 3 --hours 1"
1782059866,2026-06-21T17:37:46+01:00,3104516,3104514,Rl,1,124,17.5,17285824,39966276,"python -m gpuwrf run --input-dir <DATA_ROOT>/wrf_downscale/canary_all7/run --namelist <DATA_ROOT>/wrf_downscale/canary_all7/run/namelist.input --output-dir proofs/v020/s4/fp64_d01d03_1h_20260621T162807Z/output --proof-dir proofs/v020/s4/fp64_d01d03_1h_20260621T162807Z/proofs --scratch-dir proofs/v020/s4/fp64_d01d03_1h_20260621T162807Z/scratch --max-dom 3 --hours 1"
1782059868,2026-06-21T17:37:48+01:00,3104514,3104450,S,19,0.0,0.0,1740,2784,"/usr/bin/time -f wall_s=%e\nmaxrss_kib=%M -o proofs/v020/s4/fp64_d01d03_1h_20260621T162807Z/time.txt taskset -c 0-3 python -m gpuwrf run --input-dir <DATA_ROOT>/wrf_downscale/canary_all7/run --namelist <DATA_ROOT>/wrf_downscale/canary_all7/run/namelist.input --output-dir proofs/v020/s4/fp64_d01d03_1h_20260621T162807Z/output --proof-dir proofs/v020/s4/fp64_d01d03_1h_20260621T162807Z/proofs --scratch-dir proofs/v020/s4/fp64_d01d03_1h_20260621T162807Z/scratch --max-dom 3 --hours 1"
1782059868,2026-06-21T17:37:48+01:00,3104516,3104514,Rl,1,124,17.5,17285824,39966276,"python -m gpuwrf run --input-dir <DATA_ROOT>/wrf_downscale/canary_all7/run --namelist <DATA_ROOT>/wrf_downscale/canary_all7/run/namelist.input --output-dir proofs/v020/s4/fp64_d01d03_1h_20260621T162807Z/output --proof-dir proofs/v020/s4/fp64_d01d03_1h_20260621T162807Z/proofs --scratch-dir proofs/v020/s4/fp64_d01d03_1h_20260621T162807Z/scratch --max-dom 3 --hours 1"
1782059870,2026-06-21T17:37:50+01:00,3104514,3104450,S,19,0.0,0.0,1740,2784,"/usr/bin/time -f wall_s=%e\nmaxrss_kib=%M -o proofs/v020/s4/fp64_d01d03_1h_20260621T162807Z/time.txt taskset -c 0-3 python -m gpuwrf run --input-dir <DATA_ROOT>/wrf_downscale/canary_all7/run --namelist <DATA_ROOT>/wrf_downscale/canary_all7/run/namelist.input --output-dir proofs/v020/s4/fp64_d01d03_1h_20260621T162807Z/output --proof-dir proofs/v020/s4/fp64_d01d03_1h_20260621T162807Z/proofs --scratch-dir proofs/v020/s4/fp64_d01d03_1h_20260621T162807Z/scratch --max-dom 3 --hours 1"
1782059870,2026-06-21T17:37:50+01:00,3104516,3104514,Rl,1,124,17.5,17285840,39966276,"python -m gpuwrf run --input-dir <DATA_ROOT>/wrf_downscale/canary_all7/run --namelist <DATA_ROOT>/wrf_downscale/canary_all7/run/namelist.input --output-dir proofs/v020/s4/fp64_d01d03_1h_20260621T162807Z/output --proof-dir proofs/v020/s4/fp64_d01d03_1h_20260621T162807Z/proofs --scratch-dir proofs/v020/s4/fp64_d01d03_1h_20260621T162807Z/scratch --max-dom 3 --hours 1"
1782059872,2026-06-21T17:37:52+01:00,3104514,3104450,S,19,0.0,0.0,1740,2784,"/usr/bin/time -f wall_s=%e\nmaxrss_kib=%M -o proofs/v020/s4/fp64_d01d03_1h_20260621T162807Z/time.txt taskset -c 0-3 python -m gpuwrf run --input-dir <DATA_ROOT>/wrf_downscale/canary_all7/run --namelist <DATA_ROOT>/wrf_downscale/canary_all7/run/namelist.input --output-dir proofs/v020/s4/fp64_d01d03_1h_20260621T162807Z/output --proof-dir proofs/v020/s4/fp64_d01d03_1h_20260621T162807Z/proofs --scratch-dir proofs/v020/s4/fp64_d01d03_1h_20260621T162807Z/scratch --max-dom 3 --hours 1"
1782059872,2026-06-21T17:37:52+01:00,3104516,3104514,Rl,1,124,17.5,17285840,39966276,"python -m gpuwrf run --input-dir <DATA_ROOT>/wrf_downscale/canary_all7/run --namelist <DATA_ROOT>/wrf_downscale/canary_all7/run/namelist.input --output-dir proofs/v020/s4/fp64_d01d03_1h_20260621T162807Z/output --proof-dir proofs/v020/s4/fp64_d01d03_1h_20260621T162807Z/proofs --scratch-dir proofs/v020/s4/fp64_d01d03_1h_20260621T162807Z/scratch --max-dom 3 --hours 1"
1782059874,2026-06-21T17:37:54+01:00,3104514,3104450,S,19,0.0,0.0,1740,2784,"/usr/bin/time -f wall_s=%e\nmaxrss_kib=%M -o proofs/v020/s4/fp64_d01d03_1h_20260621T162807Z/time.txt taskset -c 0-3 python -m gpuwrf run --input-dir <DATA_ROOT>/wrf_downscale/canary_all7/run --namelist <DATA_ROOT>/wrf_downscale/canary_all7/run/namelist.input --output-dir proofs/v020/s4/fp64_d01d03_1h_20260621T162807Z/output --proof-dir proofs/v020/s4/fp64_d01d03_1h_20260621T162807Z/proofs --scratch-dir proofs/v020/s4/fp64_d01d03_1h_20260621T162807Z/scratch --max-dom 3 --hours 1"
1782059874,2026-06-21T17:37:54+01:00,3104516,3104514,Rl,1,124,17.5,17285840,39966276,"python -m gpuwrf run --input-dir <DATA_ROOT>/wrf_downscale/canary_all7/run --namelist <DATA_ROOT>/wrf_downscale/canary_all7/run/namelist.input --output-dir proofs/v020/s4/fp64_d01d03_1h_20260621T162807Z/output --proof-dir proofs/v020/s4/fp64_d01d03_1h_20260621T162807Z/proofs --scratch-dir proofs/v020/s4/fp64_d01d03_1h_20260621T162807Z/scratch --max-dom 3 --hours 1"
1782059876,2026-06-21T17:37:56+01:00,3104514,3104450,S,19,0.0,0.0,1740,2784,"/usr/bin/time -f wall_s=%e\nmaxrss_kib=%M -o proofs/v020/s4/fp64_d01d03_1h_20260621T162807Z/time.txt taskset -c 0-3 python -m gpuwrf run --input-dir <DATA_ROOT>/wrf_downscale/canary_all7/run --namelist <DATA_ROOT>/wrf_downscale/canary_all7/run/namelist.input --output-dir proofs/v020/s4/fp64_d01d03_1h_20260621T162807Z/output --proof-dir proofs/v020/s4/fp64_d01d03_1h_20260621T162807Z/proofs --scratch-dir proofs/v020/s4/fp64_d01d03_1h_20260621T162807Z/scratch --max-dom 3 --hours 1"
1782059876,2026-06-21T17:37:56+01:00,3104516,3104514,Rl,1,124,17.5,17285840,39966276,"python -m gpuwrf run --input-dir <DATA_ROOT>/wrf_downscale/canary_all7/run --namelist <DATA_ROOT>/wrf_downscale/canary_all7/run/namelist.input --output-dir proofs/v020/s4/fp64_d01d03_1h_20260621T162807Z/output --proof-dir proofs/v020/s4/fp64_d01d03_1h_20260621T162807Z/proofs --scratch-dir proofs/v020/s4/fp64_d01d03_1h_20260621T162807Z/scratch --max-dom 3 --hours 1"
1782059879,2026-06-21T17:37:59+01:00,3104514,3104450,S,19,0.0,0.0,1740,2784,"/usr/bin/time -f wall_s=%e\nmaxrss_kib=%M -o proofs/v020/s4/fp64_d01d03_1h_20260621T162807Z/time.txt taskset -c 0-3 python -m gpuwrf run --input-dir <DATA_ROOT>/wrf_downscale/canary_all7/run --namelist <DATA_ROOT>/wrf_downscale/canary_all7/run/namelist.input --output-dir proofs/v020/s4/fp64_d01d03_1h_20260621T162807Z/output --proof-dir proofs/v020/s4/fp64_d01d03_1h_20260621T162807Z/proofs --scratch-dir proofs/v020/s4/fp64_d01d03_1h_20260621T162807Z/scratch --max-dom 3 --hours 1"
1782059879,2026-06-21T17:37:59+01:00,3104516,3104514,Rl,1,124,17.5,17285840,39966276,"python -m gpuwrf run --input-dir <DATA_ROOT>/wrf_downscale/canary_all7/run --namelist <DATA_ROOT>/wrf_downscale/canary_all7/run/namelist.input --output-dir proofs/v020/s4/fp64_d01d03_1h_20260621T162807Z/output --proof-dir proofs/v020/s4/fp64_d01d03_1h_20260621T162807Z/proofs --scratch-dir proofs/v020/s4/fp64_d01d03_1h_20260621T162807Z/scratch --max-dom 3 --hours 1"
1782059881,2026-06-21T17:38:01+01:00,3104514,3104450,S,19,0.0,0.0,1740,2784,"/usr/bin/time -f wall_s=%e\nmaxrss_kib=%M -o proofs/v020/s4/fp64_d01d03_1h_20260621T162807Z/time.txt taskset -c 0-3 python -m gpuwrf run --input-dir <DATA_ROOT>/wrf_downscale/canary_all7/run --namelist <DATA_ROOT>/wrf_downscale/canary_all7/run/namelist.input --output-dir proofs/v020/s4/fp64_d01d03_1h_20260621T162807Z/output --proof-dir proofs/v020/s4/fp64_d01d03_1h_20260621T162807Z/proofs --scratch-dir proofs/v020/s4/fp64_d01d03_1h_20260621T162807Z/scratch --max-dom 3 --hours 1"
1782059881,2026-06-21T17:38:01+01:00,3104516,3104514,Rl,0,124,17.5,17285844,39966276,"python -m gpuwrf run --input-dir <DATA_ROOT>/wrf_downscale/canary_all7/run --namelist <DATA_ROOT>/wrf_downscale/canary_all7/run/namelist.input --output-dir proofs/v020/s4/fp64_d01d03_1h_20260621T162807Z/output --proof-dir proofs/v020/s4/fp64_d01d03_1h_20260621T162807Z/proofs --scratch-dir proofs/v020/s4/fp64_d01d03_1h_20260621T162807Z/scratch --max-dom 3 --hours 1"
1782059883,2026-06-21T17:38:03+01:00,3104514,3104450,S,19,0.0,0.0,1740,2784,"/usr/bin/time -f wall_s=%e\nmaxrss_kib=%M -o proofs/v020/s4/fp64_d01d03_1h_20260621T162807Z/time.txt taskset -c 0-3 python -m gpuwrf run --input-dir <DATA_ROOT>/wrf_downscale/canary_all7/run --namelist <DATA_ROOT>/wrf_downscale/canary_all7/run/namelist.input --output-dir proofs/v020/s4/fp64_d01d03_1h_20260621T162807Z/output --proof-dir proofs/v020/s4/fp64_d01d03_1h_20260621T162807Z/proofs --scratch-dir proofs/v020/s4/fp64_d01d03_1h_20260621T162807Z/scratch --max-dom 3 --hours 1"
1782059883,2026-06-21T17:38:03+01:00,3104516,3104514,Rl,3,123,17.5,17285844,39966276,"python -m gpuwrf run --input-dir <DATA_ROOT>/wrf_downscale/canary_all7/run --namelist <DATA_ROOT>/wrf_downscale/canary_all7/run/namelist.input --output-dir proofs/v020/s4/fp64_d01d03_1h_20260621T162807Z/output --proof-dir proofs/v020/s4/fp64_d01d03_1h_20260621T162807Z/proofs --scratch-dir proofs/v020/s4/fp64_d01d03_1h_20260621T162807Z/scratch --max-dom 3 --hours 1"
1782059885,2026-06-21T17:38:05+01:00,3104514,3104450,S,19,0.0,0.0,1740,2784,"/usr/bin/time -f wall_s=%e\nmaxrss_kib=%M -o proofs/v020/s4/fp64_d01d03_1h_20260621T162807Z/time.txt taskset -c 0-3 python -m gpuwrf run --input-dir <DATA_ROOT>/wrf_downscale/canary_all7/run --namelist <DATA_ROOT>/wrf_downscale/canary_all7/run/namelist.input --output-dir proofs/v020/s4/fp64_d01d03_1h_20260621T162807Z/output --proof-dir proofs/v020/s4/fp64_d01d03_1h_20260621T162807Z/proofs --scratch-dir proofs/v020/s4/fp64_d01d03_1h_20260621T162807Z/scratch --max-dom 3 --hours 1"
1782059885,2026-06-21T17:38:05+01:00,3104516,3104514,Rl,2,123,17.5,17285844,39966276,"python -m gpuwrf run --input-dir <DATA_ROOT>/wrf_downscale/canary_all7/run --namelist <DATA_ROOT>/wrf_downscale/canary_all7/run/namelist.input --output-dir proofs/v020/s4/fp64_d01d03_1h_20260621T162807Z/output --proof-dir proofs/v020/s4/fp64_d01d03_1h_20260621T162807Z/proofs --scratch-dir proofs/v020/s4/fp64_d01d03_1h_20260621T162807Z/scratch --max-dom 3 --hours 1"
1782059887,2026-06-21T17:38:07+01:00,3104514,3104450,S,19,0.0,0.0,1740,2784,"/usr/bin/time -f wall_s=%e\nmaxrss_kib=%M -o proofs/v020/s4/fp64_d01d03_1h_20260621T162807Z/time.txt taskset -c 0-3 python -m gpuwrf run --input-dir <DATA_ROOT>/wrf_downscale/canary_all7/run --namelist <DATA_ROOT>/wrf_downscale/canary_all7/run/namelist.input --output-dir proofs/v020/s4/fp64_d01d03_1h_20260621T162807Z/output --proof-dir proofs/v020/s4/fp64_d01d03_1h_20260621T162807Z/proofs --scratch-dir proofs/v020/s4/fp64_d01d03_1h_20260621T162807Z/scratch --max-dom 3 --hours 1"
1782059887,2026-06-21T17:38:07+01:00,3104516,3104514,Rl,1,123,17.6,17351400,40031816,"python -m gpuwrf run --input-dir <DATA_ROOT>/wrf_downscale/canary_all7/run --namelist <DATA_ROOT>/wrf_downscale/canary_all7/run/namelist.input --output-dir proofs/v020/s4/fp64_d01d03_1h_20260621T162807Z/output --proof-dir proofs/v020/s4/fp64_d01d03_1h_20260621T162807Z/proofs --scratch-dir proofs/v020/s4/fp64_d01d03_1h_20260621T162807Z/scratch --max-dom 3 --hours 1"
1782059889,2026-06-21T17:38:09+01:00,3104514,3104450,S,19,0.0,0.0,1740,2784,"/usr/bin/time -f wall_s=%e\nmaxrss_kib=%M -o proofs/v020/s4/fp64_d01d03_1h_20260621T162807Z/time.txt taskset -c 0-3 python -m gpuwrf run --input-dir <DATA_ROOT>/wrf_downscale/canary_all7/run --namelist <DATA_ROOT>/wrf_downscale/canary_all7/run/namelist.input --output-dir proofs/v020/s4/fp64_d01d03_1h_20260621T162807Z/output --proof-dir proofs/v020/s4/fp64_d01d03_1h_20260621T162807Z/proofs --scratch-dir proofs/v020/s4/fp64_d01d03_1h_20260621T162807Z/scratch --max-dom 3 --hours 1"
1782059889,2026-06-21T17:38:09+01:00,3104516,3104514,Rl,1,123,17.5,17310436,39990852,"python -m gpuwrf run --input-dir <DATA_ROOT>/wrf_downscale/canary_all7/run --namelist <DATA_ROOT>/wrf_downscale/canary_all7/run/namelist.input --output-dir proofs/v020/s4/fp64_d01d03_1h_20260621T162807Z/output --proof-dir proofs/v020/s4/fp64_d01d03_1h_20260621T162807Z/proofs --scratch-dir proofs/v020/s4/fp64_d01d03_1h_20260621T162807Z/scratch --max-dom 3 --hours 1"
1782059891,2026-06-21T17:38:11+01:00,3104514,3104450,S,19,0.0,0.0,1740,2784,"/usr/bin/time -f wall_s=%e\nmaxrss_kib=%M -o proofs/v020/s4/fp64_d01d03_1h_20260621T162807Z/time.txt taskset -c 0-3 python -m gpuwrf run --input-dir <DATA_ROOT>/wrf_downscale/canary_all7/run --namelist <DATA_ROOT>/wrf_downscale/canary_all7/run/namelist.input --output-dir proofs/v020/s4/fp64_d01d03_1h_20260621T162807Z/output --proof-dir proofs/v020/s4/fp64_d01d03_1h_20260621T162807Z/proofs --scratch-dir proofs/v020/s4/fp64_d01d03_1h_20260621T162807Z/scratch --max-dom 3 --hours 1"
1782059891,2026-06-21T17:38:11+01:00,3104516,3104514,Rl,1,123,17.5,17310436,39990852,"python -m gpuwrf run --input-dir <DATA_ROOT>/wrf_downscale/canary_all7/run --namelist <DATA_ROOT>/wrf_downscale/canary_all7/run/namelist.input --output-dir proofs/v020/s4/fp64_d01d03_1h_20260621T162807Z/output --proof-dir proofs/v020/s4/fp64_d01d03_1h_20260621T162807Z/proofs --scratch-dir proofs/v020/s4/fp64_d01d03_1h_20260621T162807Z/scratch --max-dom 3 --hours 1"
1782059893,2026-06-21T17:38:13+01:00,3104514,3104450,S,19,0.0,0.0,1740,2784,"/usr/bin/time -f wall_s=%e\nmaxrss_kib=%M -o proofs/v020/s4/fp64_d01d03_1h_20260621T162807Z/time.txt taskset -c 0-3 python -m gpuwrf run --input-dir <DATA_ROOT>/wrf_downscale/canary_all7/run --namelist <DATA_ROOT>/wrf_downscale/canary_all7/run/namelist.input --output-dir proofs/v020/s4/fp64_d01d03_1h_20260621T162807Z/output --proof-dir proofs/v020/s4/fp64_d01d03_1h_20260621T162807Z/proofs --scratch-dir proofs/v020/s4/fp64_d01d03_1h_20260621T162807Z/scratch --max-dom 3 --hours 1"
1782059893,2026-06-21T17:38:13+01:00,3104516,3104514,Rl,1,123,17.5,17310500,39990852,"python -m gpuwrf run --input-dir <DATA_ROOT>/wrf_downscale/canary_all7/run --namelist <DATA_ROOT>/wrf_downscale/canary_all7/run/namelist.input --output-dir proofs/v020/s4/fp64_d01d03_1h_20260621T162807Z/output --proof-dir proofs/v020/s4/fp64_d01d03_1h_20260621T162807Z/proofs --scratch-dir proofs/v020/s4/fp64_d01d03_1h_20260621T162807Z/scratch --max-dom 3 --hours 1"
1782059896,2026-06-21T17:38:16+01:00,3104514,3104450,S,19,0.0,0.0,1740,2784,"/usr/bin/time -f wall_s=%e\nmaxrss_kib=%M -o proofs/v020/s4/fp64_d01d03_1h_20260621T162807Z/time.txt taskset -c 0-3 python -m gpuwrf run --input-dir <DATA_ROOT>/wrf_downscale/canary_all7/run --namelist <DATA_ROOT>/wrf_downscale/canary_all7/run/namelist.input --output-dir proofs/v020/s4/fp64_d01d03_1h_20260621T162807Z/output --proof-dir proofs/v020/s4/fp64_d01d03_1h_20260621T162807Z/proofs --scratch-dir proofs/v020/s4/fp64_d01d03_1h_20260621T162807Z/scratch --max-dom 3 --hours 1"
1782059896,2026-06-21T17:38:16+01:00,3104516,3104514,Rl,1,123,17.5,17310468,39990852,"python -m gpuwrf run --input-dir <DATA_ROOT>/wrf_downscale/canary_all7/run --namelist <DATA_ROOT>/wrf_downscale/canary_all7/run/namelist.input --output-dir proofs/v020/s4/fp64_d01d03_1h_20260621T162807Z/output --proof-dir proofs/v020/s4/fp64_d01d03_1h_20260621T162807Z/proofs --scratch-dir proofs/v020/s4/fp64_d01d03_1h_20260621T162807Z/scratch --max-dom 3 --hours 1"
1782059898,2026-06-21T17:38:18+01:00,3104514,3104450,S,19,0.0,0.0,1740,2784,"/usr/bin/time -f wall_s=%e\nmaxrss_kib=%M -o proofs/v020/s4/fp64_d01d03_1h_20260621T162807Z/time.txt taskset -c 0-3 python -m gpuwrf run --input-dir <DATA_ROOT>/wrf_downscale/canary_all7/run --namelist <DATA_ROOT>/wrf_downscale/canary_all7/run/namelist.input --output-dir proofs/v020/s4/fp64_d01d03_1h_20260621T162807Z/output --proof-dir proofs/v020/s4/fp64_d01d03_1h_20260621T162807Z/proofs --scratch-dir proofs/v020/s4/fp64_d01d03_1h_20260621T162807Z/scratch --max-dom 3 --hours 1"
1782059898,2026-06-21T17:38:18+01:00,3104516,3104514,Rl,1,123,17.5,17310484,39990852,"python -m gpuwrf run --input-dir <DATA_ROOT>/wrf_downscale/canary_all7/run --namelist <DATA_ROOT>/wrf_downscale/canary_all7/run/namelist.input --output-dir proofs/v020/s4/fp64_d01d03_1h_20260621T162807Z/output --proof-dir proofs/v020/s4/fp64_d01d03_1h_20260621T162807Z/proofs --scratch-dir proofs/v020/s4/fp64_d01d03_1h_20260621T162807Z/scratch --max-dom 3 --hours 1"
1782059900,2026-06-21T17:38:20+01:00,3104514,3104450,S,19,0.0,0.0,1740,2784,"/usr/bin/time -f wall_s=%e\nmaxrss_kib=%M -o proofs/v020/s4/fp64_d01d03_1h_20260621T162807Z/time.txt taskset -c 0-3 python -m gpuwrf run --input-dir <DATA_ROOT>/wrf_downscale/canary_all7/run --namelist <DATA_ROOT>/wrf_downscale/canary_all7/run/namelist.input --output-dir proofs/v020/s4/fp64_d01d03_1h_20260621T162807Z/output --proof-dir proofs/v020/s4/fp64_d01d03_1h_20260621T162807Z/proofs --scratch-dir proofs/v020/s4/fp64_d01d03_1h_20260621T162807Z/scratch --max-dom 3 --hours 1"
1782059900,2026-06-21T17:38:20+01:00,3104516,3104514,Rl,1,123,17.5,17310492,39990852,"python -m gpuwrf run --input-dir <DATA_ROOT>/wrf_downscale/canary_all7/run --namelist <DATA_ROOT>/wrf_downscale/canary_all7/run/namelist.input --output-dir proofs/v020/s4/fp64_d01d03_1h_20260621T162807Z/output --proof-dir proofs/v020/s4/fp64_d01d03_1h_20260621T162807Z/proofs --scratch-dir proofs/v020/s4/fp64_d01d03_1h_20260621T162807Z/scratch --max-dom 3 --hours 1"
1782059902,2026-06-21T17:38:22+01:00,3104514,3104450,S,19,0.0,0.0,1740,2784,"/usr/bin/time -f wall_s=%e\nmaxrss_kib=%M -o proofs/v020/s4/fp64_d01d03_1h_20260621T162807Z/time.txt taskset -c 0-3 python -m gpuwrf run --input-dir <DATA_ROOT>/wrf_downscale/canary_all7/run --namelist <DATA_ROOT>/wrf_downscale/canary_all7/run/namelist.input --output-dir proofs/v020/s4/fp64_d01d03_1h_20260621T162807Z/output --proof-dir proofs/v020/s4/fp64_d01d03_1h_20260621T162807Z/proofs --scratch-dir proofs/v020/s4/fp64_d01d03_1h_20260621T162807Z/scratch --max-dom 3 --hours 1"
1782059902,2026-06-21T17:38:22+01:00,3104516,3104514,Rl,1,123,17.5,17310492,39990852,"python -m gpuwrf run --input-dir <DATA_ROOT>/wrf_downscale/canary_all7/run --namelist <DATA_ROOT>/wrf_downscale/canary_all7/run/namelist.input --output-dir proofs/v020/s4/fp64_d01d03_1h_20260621T162807Z/output --proof-dir proofs/v020/s4/fp64_d01d03_1h_20260621T162807Z/proofs --scratch-dir proofs/v020/s4/fp64_d01d03_1h_20260621T162807Z/scratch --max-dom 3 --hours 1"
1782059904,2026-06-21T17:38:24+01:00,3104514,3104450,S,19,0.0,0.0,1740,2784,"/usr/bin/time -f wall_s=%e\nmaxrss_kib=%M -o proofs/v020/s4/fp64_d01d03_1h_20260621T162807Z/time.txt taskset -c 0-3 python -m gpuwrf run --input-dir <DATA_ROOT>/wrf_downscale/canary_all7/run --namelist <DATA_ROOT>/wrf_downscale/canary_all7/run/namelist.input --output-dir proofs/v020/s4/fp64_d01d03_1h_20260621T162807Z/output --proof-dir proofs/v020/s4/fp64_d01d03_1h_20260621T162807Z/proofs --scratch-dir proofs/v020/s4/fp64_d01d03_1h_20260621T162807Z/scratch --max-dom 3 --hours 1"
1782059904,2026-06-21T17:38:24+01:00,3104516,3104514,Rl,1,123,17.5,17310556,39990852,"python -m gpuwrf run --input-dir <DATA_ROOT>/wrf_downscale/canary_all7/run --namelist <DATA_ROOT>/wrf_downscale/canary_all7/run/namelist.input --output-dir proofs/v020/s4/fp64_d01d03_1h_20260621T162807Z/output --proof-dir proofs/v020/s4/fp64_d01d03_1h_20260621T162807Z/proofs --scratch-dir proofs/v020/s4/fp64_d01d03_1h_20260621T162807Z/scratch --max-dom 3 --hours 1"
1782059906,2026-06-21T17:38:26+01:00,3104514,3104450,S,19,0.0,0.0,1740,2784,"/usr/bin/time -f wall_s=%e\nmaxrss_kib=%M -o proofs/v020/s4/fp64_d01d03_1h_20260621T162807Z/time.txt taskset -c 0-3 python -m gpuwrf run --input-dir <DATA_ROOT>/wrf_downscale/canary_all7/run --namelist <DATA_ROOT>/wrf_downscale/canary_all7/run/namelist.input --output-dir proofs/v020/s4/fp64_d01d03_1h_20260621T162807Z/output --proof-dir proofs/v020/s4/fp64_d01d03_1h_20260621T162807Z/proofs --scratch-dir proofs/v020/s4/fp64_d01d03_1h_20260621T162807Z/scratch --max-dom 3 --hours 1"
1782059906,2026-06-21T17:38:26+01:00,3104516,3104514,Rl,1,123,17.5,17310652,39990852,"python -m gpuwrf run --input-dir <DATA_ROOT>/wrf_downscale/canary_all7/run --namelist <DATA_ROOT>/wrf_downscale/canary_all7/run/namelist.input --output-dir proofs/v020/s4/fp64_d01d03_1h_20260621T162807Z/output --proof-dir proofs/v020/s4/fp64_d01d03_1h_20260621T162807Z/proofs --scratch-dir proofs/v020/s4/fp64_d01d03_1h_20260621T162807Z/scratch --max-dom 3 --hours 1"
1782059908,2026-06-21T17:38:28+01:00,3104514,3104450,S,19,0.0,0.0,1740,2784,"/usr/bin/time -f wall_s=%e\nmaxrss_kib=%M -o proofs/v020/s4/fp64_d01d03_1h_20260621T162807Z/time.txt taskset -c 0-3 python -m gpuwrf run --input-dir <DATA_ROOT>/wrf_downscale/canary_all7/run --namelist <DATA_ROOT>/wrf_downscale/canary_all7/run/namelist.input --output-dir proofs/v020/s4/fp64_d01d03_1h_20260621T162807Z/output --proof-dir proofs/v020/s4/fp64_d01d03_1h_20260621T162807Z/proofs --scratch-dir proofs/v020/s4/fp64_d01d03_1h_20260621T162807Z/scratch --max-dom 3 --hours 1"
1782059908,2026-06-21T17:38:28+01:00,3104516,3104514,Rl,1,122,17.5,17310720,39990852,"python -m gpuwrf run --input-dir <DATA_ROOT>/wrf_downscale/canary_all7/run --namelist <DATA_ROOT>/wrf_downscale/canary_all7/run/namelist.input --output-dir proofs/v020/s4/fp64_d01d03_1h_20260621T162807Z/output --proof-dir proofs/v020/s4/fp64_d01d03_1h_20260621T162807Z/proofs --scratch-dir proofs/v020/s4/fp64_d01d03_1h_20260621T162807Z/scratch --max-dom 3 --hours 1"
1782059910,2026-06-21T17:38:30+01:00,3104514,3104450,S,19,0.0,0.0,1740,2784,"/usr/bin/time -f wall_s=%e\nmaxrss_kib=%M -o proofs/v020/s4/fp64_d01d03_1h_20260621T162807Z/time.txt taskset -c 0-3 python -m gpuwrf run --input-dir <DATA_ROOT>/wrf_downscale/canary_all7/run --namelist <DATA_ROOT>/wrf_downscale/canary_all7/run/namelist.input --output-dir proofs/v020/s4/fp64_d01d03_1h_20260621T162807Z/output --proof-dir proofs/v020/s4/fp64_d01d03_1h_20260621T162807Z/proofs --scratch-dir proofs/v020/s4/fp64_d01d03_1h_20260621T162807Z/scratch --max-dom 3 --hours 1"
1782059910,2026-06-21T17:38:30+01:00,3104516,3104514,Rl,1,122,17.5,17310728,39990852,"python -m gpuwrf run --input-dir <DATA_ROOT>/wrf_downscale/canary_all7/run --namelist <DATA_ROOT>/wrf_downscale/canary_all7/run/namelist.input --output-dir proofs/v020/s4/fp64_d01d03_1h_20260621T162807Z/output --proof-dir proofs/v020/s4/fp64_d01d03_1h_20260621T162807Z/proofs --scratch-dir proofs/v020/s4/fp64_d01d03_1h_20260621T162807Z/scratch --max-dom 3 --hours 1"
1782059912,2026-06-21T17:38:32+01:00,3104514,3104450,S,19,0.0,0.0,1740,2784,"/usr/bin/time -f wall_s=%e\nmaxrss_kib=%M -o proofs/v020/s4/fp64_d01d03_1h_20260621T162807Z/time.txt taskset -c 0-3 python -m gpuwrf run --input-dir <DATA_ROOT>/wrf_downscale/canary_all7/run --namelist <DATA_ROOT>/wrf_downscale/canary_all7/run/namelist.input --output-dir proofs/v020/s4/fp64_d01d03_1h_20260621T162807Z/output --proof-dir proofs/v020/s4/fp64_d01d03_1h_20260621T162807Z/proofs --scratch-dir proofs/v020/s4/fp64_d01d03_1h_20260621T162807Z/scratch --max-dom 3 --hours 1"
1782059912,2026-06-21T17:38:32+01:00,3104516,3104514,Rl,1,122,17.5,17310728,39990852,"python -m gpuwrf run --input-dir <DATA_ROOT>/wrf_downscale/canary_all7/run --namelist <DATA_ROOT>/wrf_downscale/canary_all7/run/namelist.input --output-dir proofs/v020/s4/fp64_d01d03_1h_20260621T162807Z/output --proof-dir proofs/v020/s4/fp64_d01d03_1h_20260621T162807Z/proofs --scratch-dir proofs/v020/s4/fp64_d01d03_1h_20260621T162807Z/scratch --max-dom 3 --hours 1"
1782059915,2026-06-21T17:38:35+01:00,3104514,3104450,S,19,0.0,0.0,1740,2784,"/usr/bin/time -f wall_s=%e\nmaxrss_kib=%M -o proofs/v020/s4/fp64_d01d03_1h_20260621T162807Z/time.txt taskset -c 0-3 python -m gpuwrf run --input-dir <DATA_ROOT>/wrf_downscale/canary_all7/run --namelist <DATA_ROOT>/wrf_downscale/canary_all7/run/namelist.input --output-dir proofs/v020/s4/fp64_d01d03_1h_20260621T162807Z/output --proof-dir proofs/v020/s4/fp64_d01d03_1h_20260621T162807Z/proofs --scratch-dir proofs/v020/s4/fp64_d01d03_1h_20260621T162807Z/scratch --max-dom 3 --hours 1"
1782059915,2026-06-21T17:38:35+01:00,3104516,3104514,Rl,1,122,17.5,17310728,39990852,"python -m gpuwrf run --input-dir <DATA_ROOT>/wrf_downscale/canary_all7/run --namelist <DATA_ROOT>/wrf_downscale/canary_all7/run/namelist.input --output-dir proofs/v020/s4/fp64_d01d03_1h_20260621T162807Z/output --proof-dir proofs/v020/s4/fp64_d01d03_1h_20260621T162807Z/proofs --scratch-dir proofs/v020/s4/fp64_d01d03_1h_20260621T162807Z/scratch --max-dom 3 --hours 1"
1782059917,2026-06-21T17:38:37+01:00,3104514,3104450,S,19,0.0,0.0,1740,2784,"/usr/bin/time -f wall_s=%e\nmaxrss_kib=%M -o proofs/v020/s4/fp64_d01d03_1h_20260621T162807Z/time.txt taskset -c 0-3 python -m gpuwrf run --input-dir <DATA_ROOT>/wrf_downscale/canary_all7/run --namelist <DATA_ROOT>/wrf_downscale/canary_all7/run/namelist.input --output-dir proofs/v020/s4/fp64_d01d03_1h_20260621T162807Z/output --proof-dir proofs/v020/s4/fp64_d01d03_1h_20260621T162807Z/proofs --scratch-dir proofs/v020/s4/fp64_d01d03_1h_20260621T162807Z/scratch --max-dom 3 --hours 1"
1782059917,2026-06-21T17:38:37+01:00,3104516,3104514,Rl,1,122,17.5,17310728,39990852,"python -m gpuwrf run --input-dir <DATA_ROOT>/wrf_downscale/canary_all7/run --namelist <DATA_ROOT>/wrf_downscale/canary_all7/run/namelist.input --output-dir proofs/v020/s4/fp64_d01d03_1h_20260621T162807Z/output --proof-dir proofs/v020/s4/fp64_d01d03_1h_20260621T162807Z/proofs --scratch-dir proofs/v020/s4/fp64_d01d03_1h_20260621T162807Z/scratch --max-dom 3 --hours 1"
1782059919,2026-06-21T17:38:39+01:00,3104514,3104450,S,19,0.0,0.0,1740,2784,"/usr/bin/time -f wall_s=%e\nmaxrss_kib=%M -o proofs/v020/s4/fp64_d01d03_1h_20260621T162807Z/time.txt taskset -c 0-3 python -m gpuwrf run --input-dir <DATA_ROOT>/wrf_downscale/canary_all7/run --namelist <DATA_ROOT>/wrf_downscale/canary_all7/run/namelist.input --output-dir proofs/v020/s4/fp64_d01d03_1h_20260621T162807Z/output --proof-dir proofs/v020/s4/fp64_d01d03_1h_20260621T162807Z/proofs --scratch-dir proofs/v020/s4/fp64_d01d03_1h_20260621T162807Z/scratch --max-dom 3 --hours 1"
1782059919,2026-06-21T17:38:39+01:00,3104516,3104514,Rl,1,122,17.5,17310728,39990852,"python -m gpuwrf run --input-dir <DATA_ROOT>/wrf_downscale/canary_all7/run --namelist <DATA_ROOT>/wrf_downscale/canary_all7/run/namelist.input --output-dir proofs/v020/s4/fp64_d01d03_1h_20260621T162807Z/output --proof-dir proofs/v020/s4/fp64_d01d03_1h_20260621T162807Z/proofs --scratch-dir proofs/v020/s4/fp64_d01d03_1h_20260621T162807Z/scratch --max-dom 3 --hours 1"
1782059921,2026-06-21T17:38:41+01:00,3104514,3104450,S,19,0.0,0.0,1740,2784,"/usr/bin/time -f wall_s=%e\nmaxrss_kib=%M -o proofs/v020/s4/fp64_d01d03_1h_20260621T162807Z/time.txt taskset -c 0-3 python -m gpuwrf run --input-dir <DATA_ROOT>/wrf_downscale/canary_all7/run --namelist <DATA_ROOT>/wrf_downscale/canary_all7/run/namelist.input --output-dir proofs/v020/s4/fp64_d01d03_1h_20260621T162807Z/output --proof-dir proofs/v020/s4/fp64_d01d03_1h_20260621T162807Z/proofs --scratch-dir proofs/v020/s4/fp64_d01d03_1h_20260621T162807Z/scratch --max-dom 3 --hours 1"
1782059921,2026-06-21T17:38:41+01:00,3104516,3104514,Rl,1,122,17.5,17311852,39990852,"python -m gpuwrf run --input-dir <DATA_ROOT>/wrf_downscale/canary_all7/run --namelist <DATA_ROOT>/wrf_downscale/canary_all7/run/namelist.input --output-dir proofs/v020/s4/fp64_d01d03_1h_20260621T162807Z/output --proof-dir proofs/v020/s4/fp64_d01d03_1h_20260621T162807Z/proofs --scratch-dir proofs/v020/s4/fp64_d01d03_1h_20260621T162807Z/scratch --max-dom 3 --hours 1"
1782059923,2026-06-21T17:38:43+01:00,3104514,3104450,S,19,0.0,0.0,1740,2784,"/usr/bin/time -f wall_s=%e\nmaxrss_kib=%M -o proofs/v020/s4/fp64_d01d03_1h_20260621T162807Z/time.txt taskset -c 0-3 python -m gpuwrf run --input-dir <DATA_ROOT>/wrf_downscale/canary_all7/run --namelist <DATA_ROOT>/wrf_downscale/canary_all7/run/namelist.input --output-dir proofs/v020/s4/fp64_d01d03_1h_20260621T162807Z/output --proof-dir proofs/v020/s4/fp64_d01d03_1h_20260621T162807Z/proofs --scratch-dir proofs/v020/s4/fp64_d01d03_1h_20260621T162807Z/scratch --max-dom 3 --hours 1"
1782059923,2026-06-21T17:38:43+01:00,3104516,3104514,Rl,1,122,17.5,17311852,39990852,"python -m gpuwrf run --input-dir <DATA_ROOT>/wrf_downscale/canary_all7/run --namelist <DATA_ROOT>/wrf_downscale/canary_all7/run/namelist.input --output-dir proofs/v020/s4/fp64_d01d03_1h_20260621T162807Z/output --proof-dir proofs/v020/s4/fp64_d01d03_1h_20260621T162807Z/proofs --scratch-dir proofs/v020/s4/fp64_d01d03_1h_20260621T162807Z/scratch --max-dom 3 --hours 1"
1782059925,2026-06-21T17:38:45+01:00,3104514,3104450,S,19,0.0,0.0,1740,2784,"/usr/bin/time -f wall_s=%e\nmaxrss_kib=%M -o proofs/v020/s4/fp64_d01d03_1h_20260621T162807Z/time.txt taskset -c 0-3 python -m gpuwrf run --input-dir <DATA_ROOT>/wrf_downscale/canary_all7/run --namelist <DATA_ROOT>/wrf_downscale/canary_all7/run/namelist.input --output-dir proofs/v020/s4/fp64_d01d03_1h_20260621T162807Z/output --proof-dir proofs/v020/s4/fp64_d01d03_1h_20260621T162807Z/proofs --scratch-dir proofs/v020/s4/fp64_d01d03_1h_20260621T162807Z/scratch --max-dom 3 --hours 1"
1782059925,2026-06-21T17:38:45+01:00,3104516,3104514,Rl,1,122,17.5,17311856,39990852,"python -m gpuwrf run --input-dir <DATA_ROOT>/wrf_downscale/canary_all7/run --namelist <DATA_ROOT>/wrf_downscale/canary_all7/run/namelist.input --output-dir proofs/v020/s4/fp64_d01d03_1h_20260621T162807Z/output --proof-dir proofs/v020/s4/fp64_d01d03_1h_20260621T162807Z/proofs --scratch-dir proofs/v020/s4/fp64_d01d03_1h_20260621T162807Z/scratch --max-dom 3 --hours 1"
1782059927,2026-06-21T17:38:47+01:00,3104514,3104450,S,19,0.0,0.0,1740,2784,"/usr/bin/time -f wall_s=%e\nmaxrss_kib=%M -o proofs/v020/s4/fp64_d01d03_1h_20260621T162807Z/time.txt taskset -c 0-3 python -m gpuwrf run --input-dir <DATA_ROOT>/wrf_downscale/canary_all7/run --namelist <DATA_ROOT>/wrf_downscale/canary_all7/run/namelist.input --output-dir proofs/v020/s4/fp64_d01d03_1h_20260621T162807Z/output --proof-dir proofs/v020/s4/fp64_d01d03_1h_20260621T162807Z/proofs --scratch-dir proofs/v020/s4/fp64_d01d03_1h_20260621T162807Z/scratch --max-dom 3 --hours 1"
1782059927,2026-06-21T17:38:47+01:00,3104516,3104514,Rl,1,122,17.6,17334576,40033592,"python -m gpuwrf run --input-dir <DATA_ROOT>/wrf_downscale/canary_all7/run --namelist <DATA_ROOT>/wrf_downscale/canary_all7/run/namelist.input --output-dir proofs/v020/s4/fp64_d01d03_1h_20260621T162807Z/output --proof-dir proofs/v020/s4/fp64_d01d03_1h_20260621T162807Z/proofs --scratch-dir proofs/v020/s4/fp64_d01d03_1h_20260621T162807Z/scratch --max-dom 3 --hours 1"
1782059929,2026-06-21T17:38:49+01:00,3104514,3104450,S,19,0.0,0.0,1740,2784,"/usr/bin/time -f wall_s=%e\nmaxrss_kib=%M -o proofs/v020/s4/fp64_d01d03_1h_20260621T162807Z/time.txt taskset -c 0-3 python -m gpuwrf run --input-dir <DATA_ROOT>/wrf_downscale/canary_all7/run --namelist <DATA_ROOT>/wrf_downscale/canary_all7/run/namelist.input --output-dir proofs/v020/s4/fp64_d01d03_1h_20260621T162807Z/output --proof-dir proofs/v020/s4/fp64_d01d03_1h_20260621T162807Z/proofs --scratch-dir proofs/v020/s4/fp64_d01d03_1h_20260621T162807Z/scratch --max-dom 3 --hours 1"
1782059929,2026-06-21T17:38:49+01:00,3104516,3104514,Rl,1,122,17.6,17343812,40033592,"python -m gpuwrf run --input-dir <DATA_ROOT>/wrf_downscale/canary_all7/run --namelist <DATA_ROOT>/wrf_downscale/canary_all7/run/namelist.input --output-dir proofs/v020/s4/fp64_d01d03_1h_20260621T162807Z/output --proof-dir proofs/v020/s4/fp64_d01d03_1h_20260621T162807Z/proofs --scratch-dir proofs/v020/s4/fp64_d01d03_1h_20260621T162807Z/scratch --max-dom 3 --hours 1"
1782059931,2026-06-21T17:38:51+01:00,3104514,3104450,S,19,0.0,0.0,1740,2784,"/usr/bin/time -f wall_s=%e\nmaxrss_kib=%M -o proofs/v020/s4/fp64_d01d03_1h_20260621T162807Z/time.txt taskset -c 0-3 python -m gpuwrf run --input-dir <DATA_ROOT>/wrf_downscale/canary_all7/run --namelist <DATA_ROOT>/wrf_downscale/canary_all7/run/namelist.input --output-dir proofs/v020/s4/fp64_d01d03_1h_20260621T162807Z/output --proof-dir proofs/v020/s4/fp64_d01d03_1h_20260621T162807Z/proofs --scratch-dir proofs/v020/s4/fp64_d01d03_1h_20260621T162807Z/scratch --max-dom 3 --hours 1"
1782059931,2026-06-21T17:38:51+01:00,3104516,3104514,Rl,1,122,17.6,17348552,40033592,"python -m gpuwrf run --input-dir <DATA_ROOT>/wrf_downscale/canary_all7/run --namelist <DATA_ROOT>/wrf_downscale/canary_all7/run/namelist.input --output-dir proofs/v020/s4/fp64_d01d03_1h_20260621T162807Z/output --proof-dir proofs/v020/s4/fp64_d01d03_1h_20260621T162807Z/proofs --scratch-dir proofs/v020/s4/fp64_d01d03_1h_20260621T162807Z/scratch --max-dom 3 --hours 1"
1782059934,2026-06-21T17:38:54+01:00,3104514,3104450,S,19,0.0,0.0,1740,2784,"/usr/bin/time -f wall_s=%e\nmaxrss_kib=%M -o proofs/v020/s4/fp64_d01d03_1h_20260621T162807Z/time.txt taskset -c 0-3 python -m gpuwrf run --input-dir <DATA_ROOT>/wrf_downscale/canary_all7/run --namelist <DATA_ROOT>/wrf_downscale/canary_all7/run/namelist.input --output-dir proofs/v020/s4/fp64_d01d03_1h_20260621T162807Z/output --proof-dir proofs/v020/s4/fp64_d01d03_1h_20260621T162807Z/proofs --scratch-dir proofs/v020/s4/fp64_d01d03_1h_20260621T162807Z/scratch --max-dom 3 --hours 1"
1782059934,2026-06-21T17:38:54+01:00,3104516,3104514,Sl,1,121,17.6,17349556,40028500,"python -m gpuwrf run --input-dir <DATA_ROOT>/wrf_downscale/canary_all7/run --namelist <DATA_ROOT>/wrf_downscale/canary_all7/run/namelist.input --output-dir proofs/v020/s4/fp64_d01d03_1h_20260621T162807Z/output --proof-dir proofs/v020/s4/fp64_d01d03_1h_20260621T162807Z/proofs --scratch-dir proofs/v020/s4/fp64_d01d03_1h_20260621T162807Z/scratch --max-dom 3 --hours 1"
1782059934,2026-06-21T17:38:54+01:00,3136792,3104516,R,3,101,0.5,527948,567368,"<USER_HOME>/miniconda3/lib/python3.13/site-packages/nvidia/cu13/bin/ptxas /tmp/tempfile-user-battlestation-b5fa6d70835a7bae-3104516-654c6294671f0 -o /tmp/tempfile-user-battlestation-b5fa6d70835a7bae-3104516-654c62946a575 -arch sm_120a --warn-on-spills"
1782059936,2026-06-21T17:38:56+01:00,3104514,3104450,S,19,0.0,0.0,1740,2784,"/usr/bin/time -f wall_s=%e\nmaxrss_kib=%M -o proofs/v020/s4/fp64_d01d03_1h_20260621T162807Z/time.txt taskset -c 0-3 python -m gpuwrf run --input-dir <DATA_ROOT>/wrf_downscale/canary_all7/run --namelist <DATA_ROOT>/wrf_downscale/canary_all7/run/namelist.input --output-dir proofs/v020/s4/fp64_d01d03_1h_20260621T162807Z/output --proof-dir proofs/v020/s4/fp64_d01d03_1h_20260621T162807Z/proofs --scratch-dir proofs/v020/s4/fp64_d01d03_1h_20260621T162807Z/scratch --max-dom 3 --hours 1"
1782059936,2026-06-21T17:38:56+01:00,3104516,3104514,Sl,0,121,17.6,17349556,40028500,"python -m gpuwrf run --input-dir <DATA_ROOT>/wrf_downscale/canary_all7/run --namelist <DATA_ROOT>/wrf_downscale/canary_all7/run/namelist.input --output-dir proofs/v020/s4/fp64_d01d03_1h_20260621T162807Z/output --proof-dir proofs/v020/s4/fp64_d01d03_1h_20260621T162807Z/proofs --scratch-dir proofs/v020/s4/fp64_d01d03_1h_20260621T162807Z/scratch --max-dom 3 --hours 1"
1782059936,2026-06-21T17:38:56+01:00,3136792,3104516,R,3,100,0.9,969620,1000280,"<USER_HOME>/miniconda3/lib/python3.13/site-packages/nvidia/cu13/bin/ptxas /tmp/tempfile-user-battlestation-b5fa6d70835a7bae-3104516-654c6294671f0 -o /tmp/tempfile-user-battlestation-b5fa6d70835a7bae-3104516-654c62946a575 -arch sm_120a --warn-on-spills"
1782059938,2026-06-21T17:38:58+01:00,3104514,3104450,S,19,0.0,0.0,1740,2784,"/usr/bin/time -f wall_s=%e\nmaxrss_kib=%M -o proofs/v020/s4/fp64_d01d03_1h_20260621T162807Z/time.txt taskset -c 0-3 python -m gpuwrf run --input-dir <DATA_ROOT>/wrf_downscale/canary_all7/run --namelist <DATA_ROOT>/wrf_downscale/canary_all7/run/namelist.input --output-dir proofs/v020/s4/fp64_d01d03_1h_20260621T162807Z/output --proof-dir proofs/v020/s4/fp64_d01d03_1h_20260621T162807Z/proofs --scratch-dir proofs/v020/s4/fp64_d01d03_1h_20260621T162807Z/scratch --max-dom 3 --hours 1"
1782059938,2026-06-21T17:38:58+01:00,3104516,3104514,Sl,1,121,17.6,17349556,40028500,"python -m gpuwrf run --input-dir <DATA_ROOT>/wrf_downscale/canary_all7/run --namelist <DATA_ROOT>/wrf_downscale/canary_all7/run/namelist.input --output-dir proofs/v020/s4/fp64_d01d03_1h_20260621T162807Z/output --proof-dir proofs/v020/s4/fp64_d01d03_1h_20260621T162807Z/proofs --scratch-dir proofs/v020/s4/fp64_d01d03_1h_20260621T162807Z/scratch --max-dom 3 --hours 1"
1782059938,2026-06-21T17:38:58+01:00,3136792,3104516,R,3,100,0.9,979084,1010520,"<USER_HOME>/miniconda3/lib/python3.13/site-packages/nvidia/cu13/bin/ptxas /tmp/tempfile-user-battlestation-b5fa6d70835a7bae-3104516-654c6294671f0 -o /tmp/tempfile-user-battlestation-b5fa6d70835a7bae-3104516-654c62946a575 -arch sm_120a --warn-on-spills"
1782059940,2026-06-21T17:39:00+01:00,3104514,3104450,S,19,0.0,0.0,1740,2784,"/usr/bin/time -f wall_s=%e\nmaxrss_kib=%M -o proofs/v020/s4/fp64_d01d03_1h_20260621T162807Z/time.txt taskset -c 0-3 python -m gpuwrf run --input-dir <DATA_ROOT>/wrf_downscale/canary_all7/run --namelist <DATA_ROOT>/wrf_downscale/canary_all7/run/namelist.input --output-dir proofs/v020/s4/fp64_d01d03_1h_20260621T162807Z/output --proof-dir proofs/v020/s4/fp64_d01d03_1h_20260621T162807Z/proofs --scratch-dir proofs/v020/s4/fp64_d01d03_1h_20260621T162807Z/scratch --max-dom 3 --hours 1"
1782059940,2026-06-21T17:39:00+01:00,3104516,3104514,Sl,1,120,17.6,17349556,40028500,"python -m gpuwrf run --input-dir <DATA_ROOT>/wrf_downscale/canary_all7/run --namelist <DATA_ROOT>/wrf_downscale/canary_all7/run/namelist.input --output-dir proofs/v020/s4/fp64_d01d03_1h_20260621T162807Z/output --proof-dir proofs/v020/s4/fp64_d01d03_1h_20260621T162807Z/proofs --scratch-dir proofs/v020/s4/fp64_d01d03_1h_20260621T162807Z/scratch --max-dom 3 --hours 1"
1782059940,2026-06-21T17:39:00+01:00,3136792,3104516,R,3,99.8,0.9,978300,1008472,"<USER_HOME>/miniconda3/lib/python3.13/site-packages/nvidia/cu13/bin/ptxas /tmp/tempfile-user-battlestation-b5fa6d70835a7bae-3104516-654c6294671f0 -o /tmp/tempfile-user-battlestation-b5fa6d70835a7bae-3104516-654c62946a575 -arch sm_120a --warn-on-spills"
1782059942,2026-06-21T17:39:02+01:00,3104514,3104450,S,19,0.0,0.0,1740,2784,"/usr/bin/time -f wall_s=%e\nmaxrss_kib=%M -o proofs/v020/s4/fp64_d01d03_1h_20260621T162807Z/time.txt taskset -c 0-3 python -m gpuwrf run --input-dir <DATA_ROOT>/wrf_downscale/canary_all7/run --namelist <DATA_ROOT>/wrf_downscale/canary_all7/run/namelist.input --output-dir proofs/v020/s4/fp64_d01d03_1h_20260621T162807Z/output --proof-dir proofs/v020/s4/fp64_d01d03_1h_20260621T162807Z/proofs --scratch-dir proofs/v020/s4/fp64_d01d03_1h_20260621T162807Z/scratch --max-dom 3 --hours 1"
1782059942,2026-06-21T17:39:02+01:00,3104516,3104514,Sl,1,120,17.6,17349556,40028500,"python -m gpuwrf run --input-dir <DATA_ROOT>/wrf_downscale/canary_all7/run --namelist <DATA_ROOT>/wrf_downscale/canary_all7/run/namelist.input --output-dir proofs/v020/s4/fp64_d01d03_1h_20260621T162807Z/output --proof-dir proofs/v020/s4/fp64_d01d03_1h_20260621T162807Z/proofs --scratch-dir proofs/v020/s4/fp64_d01d03_1h_20260621T162807Z/scratch --max-dom 3 --hours 1"
1782059942,2026-06-21T17:39:02+01:00,3136792,3104516,R,3,100,1.0,1013496,1044424,"<USER_HOME>/miniconda3/lib/python3.13/site-packages/nvidia/cu13/bin/ptxas /tmp/tempfile-user-battlestation-b5fa6d70835a7bae-3104516-654c6294671f0 -o /tmp/tempfile-user-battlestation-b5fa6d70835a7bae-3104516-654c62946a575 -arch sm_120a --warn-on-spills"
1782059944,2026-06-21T17:39:04+01:00,3104514,3104450,S,19,0.0,0.0,1740,2784,"/usr/bin/time -f wall_s=%e\nmaxrss_kib=%M -o proofs/v020/s4/fp64_d01d03_1h_20260621T162807Z/time.txt taskset -c 0-3 python -m gpuwrf run --input-dir <DATA_ROOT>/wrf_downscale/canary_all7/run --namelist <DATA_ROOT>/wrf_downscale/canary_all7/run/namelist.input --output-dir proofs/v020/s4/fp64_d01d03_1h_20260621T162807Z/output --proof-dir proofs/v020/s4/fp64_d01d03_1h_20260621T162807Z/proofs --scratch-dir proofs/v020/s4/fp64_d01d03_1h_20260621T162807Z/scratch --max-dom 3 --hours 1"
1782059944,2026-06-21T17:39:04+01:00,3104516,3104514,Sl,0,119,17.6,17349556,40028500,"python -m gpuwrf run --input-dir <DATA_ROOT>/wrf_downscale/canary_all7/run --namelist <DATA_ROOT>/wrf_downscale/canary_all7/run/namelist.input --output-dir proofs/v020/s4/fp64_d01d03_1h_20260621T162807Z/output --proof-dir proofs/v020/s4/fp64_d01d03_1h_20260621T162807Z/proofs --scratch-dir proofs/v020/s4/fp64_d01d03_1h_20260621T162807Z/scratch --max-dom 3 --hours 1"
1782059944,2026-06-21T17:39:04+01:00,3136792,3104516,R,3,100,1.0,1028156,1059184,"<USER_HOME>/miniconda3/lib/python3.13/site-packages/nvidia/cu13/bin/ptxas /tmp/tempfile-user-battlestation-b5fa6d70835a7bae-3104516-654c6294671f0 -o /tmp/tempfile-user-battlestation-b5fa6d70835a7bae-3104516-654c62946a575 -arch sm_120a --warn-on-spills"
1782059946,2026-06-21T17:39:06+01:00,3104514,3104450,S,19,0.0,0.0,1740,2784,"/usr/bin/time -f wall_s=%e\nmaxrss_kib=%M -o proofs/v020/s4/fp64_d01d03_1h_20260621T162807Z/time.txt taskset -c 0-3 python -m gpuwrf run --input-dir <DATA_ROOT>/wrf_downscale/canary_all7/run --namelist <DATA_ROOT>/wrf_downscale/canary_all7/run/namelist.input --output-dir proofs/v020/s4/fp64_d01d03_1h_20260621T162807Z/output --proof-dir proofs/v020/s4/fp64_d01d03_1h_20260621T162807Z/proofs --scratch-dir proofs/v020/s4/fp64_d01d03_1h_20260621T162807Z/scratch --max-dom 3 --hours 1"
1782059946,2026-06-21T17:39:06+01:00,3104516,3104514,Sl,2,119,17.6,17349556,40028500,"python -m gpuwrf run --input-dir <DATA_ROOT>/wrf_downscale/canary_all7/run --namelist <DATA_ROOT>/wrf_downscale/canary_all7/run/namelist.input --output-dir proofs/v020/s4/fp64_d01d03_1h_20260621T162807Z/output --proof-dir proofs/v020/s4/fp64_d01d03_1h_20260621T162807Z/proofs --scratch-dir proofs/v020/s4/fp64_d01d03_1h_20260621T162807Z/scratch --max-dom 3 --hours 1"
1782059946,2026-06-21T17:39:06+01:00,3136792,3104516,R,3,99.9,1.0,1041980,1072916,"<USER_HOME>/miniconda3/lib/python3.13/site-packages/nvidia/cu13/bin/ptxas /tmp/tempfile-user-battlestation-b5fa6d70835a7bae-3104516-654c6294671f0 -o /tmp/tempfile-user-battlestation-b5fa6d70835a7bae-3104516-654c62946a575 -arch sm_120a --warn-on-spills"
1782059948,2026-06-21T17:39:08+01:00,3104514,3104450,S,19,0.0,0.0,1740,2784,"/usr/bin/time -f wall_s=%e\nmaxrss_kib=%M -o proofs/v020/s4/fp64_d01d03_1h_20260621T162807Z/time.txt taskset -c 0-3 python -m gpuwrf run --input-dir <DATA_ROOT>/wrf_downscale/canary_all7/run --namelist <DATA_ROOT>/wrf_downscale/canary_all7/run/namelist.input --output-dir proofs/v020/s4/fp64_d01d03_1h_20260621T162807Z/output --proof-dir proofs/v020/s4/fp64_d01d03_1h_20260621T162807Z/proofs --scratch-dir proofs/v020/s4/fp64_d01d03_1h_20260621T162807Z/scratch --max-dom 3 --hours 1"
1782059948,2026-06-21T17:39:08+01:00,3104516,3104514,Sl,2,119,17.6,17349556,40028500,"python -m gpuwrf run --input-dir <DATA_ROOT>/wrf_downscale/canary_all7/run --namelist <DATA_ROOT>/wrf_downscale/canary_all7/run/namelist.input --output-dir proofs/v020/s4/fp64_d01d03_1h_20260621T162807Z/output --proof-dir proofs/v020/s4/fp64_d01d03_1h_20260621T162807Z/proofs --scratch-dir proofs/v020/s4/fp64_d01d03_1h_20260621T162807Z/scratch --max-dom 3 --hours 1"
1782059948,2026-06-21T17:39:08+01:00,3136792,3104516,R,3,99.9,1.0,1074696,1105576,"<USER_HOME>/miniconda3/lib/python3.13/site-packages/nvidia/cu13/bin/ptxas /tmp/tempfile-user-battlestation-b5fa6d70835a7bae-3104516-654c6294671f0 -o /tmp/tempfile-user-battlestation-b5fa6d70835a7bae-3104516-654c62946a575 -arch sm_120a --warn-on-spills"
1782059951,2026-06-21T17:39:11+01:00,3104514,3104450,S,19,0.0,0.0,1740,2784,"/usr/bin/time -f wall_s=%e\nmaxrss_kib=%M -o proofs/v020/s4/fp64_d01d03_1h_20260621T162807Z/time.txt taskset -c 0-3 python -m gpuwrf run --input-dir <DATA_ROOT>/wrf_downscale/canary_all7/run --namelist <DATA_ROOT>/wrf_downscale/canary_all7/run/namelist.input --output-dir proofs/v020/s4/fp64_d01d03_1h_20260621T162807Z/output --proof-dir proofs/v020/s4/fp64_d01d03_1h_20260621T162807Z/proofs --scratch-dir proofs/v020/s4/fp64_d01d03_1h_20260621T162807Z/scratch --max-dom 3 --hours 1"
1782059951,2026-06-21T17:39:11+01:00,3104516,3104514,Sl,2,118,17.6,17349492,40028500,"python -m gpuwrf run --input-dir <DATA_ROOT>/wrf_downscale/canary_all7/run --namelist <DATA_ROOT>/wrf_downscale/canary_all7/run/namelist.input --output-dir proofs/v020/s4/fp64_d01d03_1h_20260621T162807Z/output --proof-dir proofs/v020/s4/fp64_d01d03_1h_20260621T162807Z/proofs --scratch-dir proofs/v020/s4/fp64_d01d03_1h_20260621T162807Z/scratch --max-dom 3 --hours 1"
1782059951,2026-06-21T17:39:11+01:00,3136792,3104516,R,1,100,1.1,1106868,1137500,"<USER_HOME>/miniconda3/lib/python3.13/site-packages/nvidia/cu13/bin/ptxas /tmp/tempfile-user-battlestation-b5fa6d70835a7bae-3104516-654c6294671f0 -o /tmp/tempfile-user-battlestation-b5fa6d70835a7bae-3104516-654c62946a575 -arch sm_120a --warn-on-spills"
1782059953,2026-06-21T17:39:13+01:00,3104514,3104450,S,19,0.0,0.0,1740,2784,"/usr/bin/time -f wall_s=%e\nmaxrss_kib=%M -o proofs/v020/s4/fp64_d01d03_1h_20260621T162807Z/time.txt taskset -c 0-3 python -m gpuwrf run --input-dir <DATA_ROOT>/wrf_downscale/canary_all7/run --namelist <DATA_ROOT>/wrf_downscale/canary_all7/run/namelist.input --output-dir proofs/v020/s4/fp64_d01d03_1h_20260621T162807Z/output --proof-dir proofs/v020/s4/fp64_d01d03_1h_20260621T162807Z/proofs --scratch-dir proofs/v020/s4/fp64_d01d03_1h_20260621T162807Z/scratch --max-dom 3 --hours 1"
1782059953,2026-06-21T17:39:13+01:00,3104516,3104514,Sl,0,118,17.6,17349492,40028500,"python -m gpuwrf run --input-dir <DATA_ROOT>/wrf_downscale/canary_all7/run --namelist <DATA_ROOT>/wrf_downscale/canary_all7/run/namelist.input --output-dir proofs/v020/s4/fp64_d01d03_1h_20260621T162807Z/output --proof-dir proofs/v020/s4/fp64_d01d03_1h_20260621T162807Z/proofs --scratch-dir proofs/v020/s4/fp64_d01d03_1h_20260621T162807Z/scratch --max-dom 3 --hours 1"
1782059953,2026-06-21T17:39:13+01:00,3136792,3104516,R,1,100,1.1,1110880,1141232,"<USER_HOME>/miniconda3/lib/python3.13/site-packages/nvidia/cu13/bin/ptxas /tmp/tempfile-user-battlestation-b5fa6d70835a7bae-3104516-654c6294671f0 -o /tmp/tempfile-user-battlestation-b5fa6d70835a7bae-3104516-654c62946a575 -arch sm_120a --warn-on-spills"
1782059955,2026-06-21T17:39:15+01:00,3104514,3104450,S,19,0.0,0.0,1740,2784,"/usr/bin/time -f wall_s=%e\nmaxrss_kib=%M -o proofs/v020/s4/fp64_d01d03_1h_20260621T162807Z/time.txt taskset -c 0-3 python -m gpuwrf run --input-dir <DATA_ROOT>/wrf_downscale/canary_all7/run --namelist <DATA_ROOT>/wrf_downscale/canary_all7/run/namelist.input --output-dir proofs/v020/s4/fp64_d01d03_1h_20260621T162807Z/output --proof-dir proofs/v020/s4/fp64_d01d03_1h_20260621T162807Z/proofs --scratch-dir proofs/v020/s4/fp64_d01d03_1h_20260621T162807Z/scratch --max-dom 3 --hours 1"
1782059955,2026-06-21T17:39:15+01:00,3104516,3104514,Sl,2,118,17.6,17349492,40028500,"python -m gpuwrf run --input-dir <DATA_ROOT>/wrf_downscale/canary_all7/run --namelist <DATA_ROOT>/wrf_downscale/canary_all7/run/namelist.input --output-dir proofs/v020/s4/fp64_d01d03_1h_20260621T162807Z/output --proof-dir proofs/v020/s4/fp64_d01d03_1h_20260621T162807Z/proofs --scratch-dir proofs/v020/s4/fp64_d01d03_1h_20260621T162807Z/scratch --max-dom 3 --hours 1"
1782059955,2026-06-21T17:39:15+01:00,3136792,3104516,R,1,99.9,1.1,1141844,1172664,"<USER_HOME>/miniconda3/lib/python3.13/site-packages/nvidia/cu13/bin/ptxas /tmp/tempfile-user-battlestation-b5fa6d70835a7bae-3104516-654c6294671f0 -o /tmp/tempfile-user-battlestation-b5fa6d70835a7bae-3104516-654c62946a575 -arch sm_120a --warn-on-spills"
1782059957,2026-06-21T17:39:17+01:00,3104514,3104450,S,19,0.0,0.0,1740,2784,"/usr/bin/time -f wall_s=%e\nmaxrss_kib=%M -o proofs/v020/s4/fp64_d01d03_1h_20260621T162807Z/time.txt taskset -c 0-3 python -m gpuwrf run --input-dir <DATA_ROOT>/wrf_downscale/canary_all7/run --namelist <DATA_ROOT>/wrf_downscale/canary_all7/run/namelist.input --output-dir proofs/v020/s4/fp64_d01d03_1h_20260621T162807Z/output --proof-dir proofs/v020/s4/fp64_d01d03_1h_20260621T162807Z/proofs --scratch-dir proofs/v020/s4/fp64_d01d03_1h_20260621T162807Z/scratch --max-dom 3 --hours 1"
1782059957,2026-06-21T17:39:17+01:00,3104516,3104514,Sl,2,117,17.6,17349492,40028500,"python -m gpuwrf run --input-dir <DATA_ROOT>/wrf_downscale/canary_all7/run --namelist <DATA_ROOT>/wrf_downscale/canary_all7/run/namelist.input --output-dir proofs/v020/s4/fp64_d01d03_1h_20260621T162807Z/output --proof-dir proofs/v020/s4/fp64_d01d03_1h_20260621T162807Z/proofs --scratch-dir proofs/v020/s4/fp64_d01d03_1h_20260621T162807Z/scratch --max-dom 3 --hours 1"
1782059957,2026-06-21T17:39:17+01:00,3136792,3104516,R,1,99.9,1.1,1165700,1196040,"<USER_HOME>/miniconda3/lib/python3.13/site-packages/nvidia/cu13/bin/ptxas /tmp/tempfile-user-battlestation-b5fa6d70835a7bae-3104516-654c6294671f0 -o /tmp/tempfile-user-battlestation-b5fa6d70835a7bae-3104516-654c62946a575 -arch sm_120a --warn-on-spills"
1782059959,2026-06-21T17:39:19+01:00,3104514,3104450,S,19,0.0,0.0,1740,2784,"/usr/bin/time -f wall_s=%e\nmaxrss_kib=%M -o proofs/v020/s4/fp64_d01d03_1h_20260621T162807Z/time.txt taskset -c 0-3 python -m gpuwrf run --input-dir <DATA_ROOT>/wrf_downscale/canary_all7/run --namelist <DATA_ROOT>/wrf_downscale/canary_all7/run/namelist.input --output-dir proofs/v020/s4/fp64_d01d03_1h_20260621T162807Z/output --proof-dir proofs/v020/s4/fp64_d01d03_1h_20260621T162807Z/proofs --scratch-dir proofs/v020/s4/fp64_d01d03_1h_20260621T162807Z/scratch --max-dom 3 --hours 1"
1782059959,2026-06-21T17:39:19+01:00,3104516,3104514,Sl,2,117,17.6,17349492,40028500,"python -m gpuwrf run --input-dir <DATA_ROOT>/wrf_downscale/canary_all7/run --namelist <DATA_ROOT>/wrf_downscale/canary_all7/run/namelist.input --output-dir proofs/v020/s4/fp64_d01d03_1h_20260621T162807Z/output --proof-dir proofs/v020/s4/fp64_d01d03_1h_20260621T162807Z/proofs --scratch-dir proofs/v020/s4/fp64_d01d03_1h_20260621T162807Z/scratch --max-dom 3 --hours 1"
1782059959,2026-06-21T17:39:19+01:00,3136792,3104516,R,1,99.9,1.1,1163304,1193620,"<USER_HOME>/miniconda3/lib/python3.13/site-packages/nvidia/cu13/bin/ptxas /tmp/tempfile-user-battlestation-b5fa6d70835a7bae-3104516-654c6294671f0 -o /tmp/tempfile-user-battlestation-b5fa6d70835a7bae-3104516-654c62946a575 -arch sm_120a --warn-on-spills"
1782059961,2026-06-21T17:39:21+01:00,3104514,3104450,S,19,0.0,0.0,1740,2784,"/usr/bin/time -f wall_s=%e\nmaxrss_kib=%M -o proofs/v020/s4/fp64_d01d03_1h_20260621T162807Z/time.txt taskset -c 0-3 python -m gpuwrf run --input-dir <DATA_ROOT>/wrf_downscale/canary_all7/run --namelist <DATA_ROOT>/wrf_downscale/canary_all7/run/namelist.input --output-dir proofs/v020/s4/fp64_d01d03_1h_20260621T162807Z/output --proof-dir proofs/v020/s4/fp64_d01d03_1h_20260621T162807Z/proofs --scratch-dir proofs/v020/s4/fp64_d01d03_1h_20260621T162807Z/scratch --max-dom 3 --hours 1"
1782059961,2026-06-21T17:39:21+01:00,3104516,3104514,Sl,2,116,17.6,17349492,40028500,"python -m gpuwrf run --input-dir <DATA_ROOT>/wrf_downscale/canary_all7/run --namelist <DATA_ROOT>/wrf_downscale/canary_all7/run/namelist.input --output-dir proofs/v020/s4/fp64_d01d03_1h_20260621T162807Z/output --proof-dir proofs/v020/s4/fp64_d01d03_1h_20260621T162807Z/proofs --scratch-dir proofs/v020/s4/fp64_d01d03_1h_20260621T162807Z/scratch --max-dom 3 --hours 1"
1782059961,2026-06-21T17:39:21+01:00,3136792,3104516,R,1,99.9,1.1,1175440,1206084,"<USER_HOME>/miniconda3/lib/python3.13/site-packages/nvidia/cu13/bin/ptxas /tmp/tempfile-user-battlestation-b5fa6d70835a7bae-3104516-654c6294671f0 -o /tmp/tempfile-user-battlestation-b5fa6d70835a7bae-3104516-654c62946a575 -arch sm_120a --warn-on-spills"
1782059963,2026-06-21T17:39:23+01:00,3104514,3104450,S,19,0.0,0.0,1740,2784,"/usr/bin/time -f wall_s=%e\nmaxrss_kib=%M -o proofs/v020/s4/fp64_d01d03_1h_20260621T162807Z/time.txt taskset -c 0-3 python -m gpuwrf run --input-dir <DATA_ROOT>/wrf_downscale/canary_all7/run --namelist <DATA_ROOT>/wrf_downscale/canary_all7/run/namelist.input --output-dir proofs/v020/s4/fp64_d01d03_1h_20260621T162807Z/output --proof-dir proofs/v020/s4/fp64_d01d03_1h_20260621T162807Z/proofs --scratch-dir proofs/v020/s4/fp64_d01d03_1h_20260621T162807Z/scratch --max-dom 3 --hours 1"
1782059963,2026-06-21T17:39:23+01:00,3104516,3104514,Sl,2,116,17.6,17349492,40028500,"python -m gpuwrf run --input-dir <DATA_ROOT>/wrf_downscale/canary_all7/run --namelist <DATA_ROOT>/wrf_downscale/canary_all7/run/namelist.input --output-dir proofs/v020/s4/fp64_d01d03_1h_20260621T162807Z/output --proof-dir proofs/v020/s4/fp64_d01d03_1h_20260621T162807Z/proofs --scratch-dir proofs/v020/s4/fp64_d01d03_1h_20260621T162807Z/scratch --max-dom 3 --hours 1"
1782059963,2026-06-21T17:39:23+01:00,3136792,3104516,R,1,99.9,1.2,1236972,1268264,"<USER_HOME>/miniconda3/lib/python3.13/site-packages/nvidia/cu13/bin/ptxas /tmp/tempfile-user-battlestation-b5fa6d70835a7bae-3104516-654c6294671f0 -o /tmp/tempfile-user-battlestation-b5fa6d70835a7bae-3104516-654c62946a575 -arch sm_120a --warn-on-spills"
1782059965,2026-06-21T17:39:25+01:00,3104514,3104450,S,19,0.0,0.0,1740,2784,"/usr/bin/time -f wall_s=%e\nmaxrss_kib=%M -o proofs/v020/s4/fp64_d01d03_1h_20260621T162807Z/time.txt taskset -c 0-3 python -m gpuwrf run --input-dir <DATA_ROOT>/wrf_downscale/canary_all7/run --namelist <DATA_ROOT>/wrf_downscale/canary_all7/run/namelist.input --output-dir proofs/v020/s4/fp64_d01d03_1h_20260621T162807Z/output --proof-dir proofs/v020/s4/fp64_d01d03_1h_20260621T162807Z/proofs --scratch-dir proofs/v020/s4/fp64_d01d03_1h_20260621T162807Z/scratch --max-dom 3 --hours 1"
1782059965,2026-06-21T17:39:25+01:00,3104516,3104514,Sl,2,116,17.6,17349492,40028500,"python -m gpuwrf run --input-dir <DATA_ROOT>/wrf_downscale/canary_all7/run --namelist <DATA_ROOT>/wrf_downscale/canary_all7/run/namelist.input --output-dir proofs/v020/s4/fp64_d01d03_1h_20260621T162807Z/output --proof-dir proofs/v020/s4/fp64_d01d03_1h_20260621T162807Z/proofs --scratch-dir proofs/v020/s4/fp64_d01d03_1h_20260621T162807Z/scratch --max-dom 3 --hours 1"
1782059965,2026-06-21T17:39:25+01:00,3136792,3104516,R,1,99.9,1.2,1259676,1290720,"<USER_HOME>/miniconda3/lib/python3.13/site-packages/nvidia/cu13/bin/ptxas /tmp/tempfile-user-battlestation-b5fa6d70835a7bae-3104516-654c6294671f0 -o /tmp/tempfile-user-battlestation-b5fa6d70835a7bae-3104516-654c62946a575 -arch sm_120a --warn-on-spills"
1782059968,2026-06-21T17:39:28+01:00,3104514,3104450,S,19,0.0,0.0,1740,2784,"/usr/bin/time -f wall_s=%e\nmaxrss_kib=%M -o proofs/v020/s4/fp64_d01d03_1h_20260621T162807Z/time.txt taskset -c 0-3 python -m gpuwrf run --input-dir <DATA_ROOT>/wrf_downscale/canary_all7/run --namelist <DATA_ROOT>/wrf_downscale/canary_all7/run/namelist.input --output-dir proofs/v020/s4/fp64_d01d03_1h_20260621T162807Z/output --proof-dir proofs/v020/s4/fp64_d01d03_1h_20260621T162807Z/proofs --scratch-dir proofs/v020/s4/fp64_d01d03_1h_20260621T162807Z/scratch --max-dom 3 --hours 1"
1782059968,2026-06-21T17:39:28+01:00,3104516,3104514,Sl,0,115,17.6,17349492,40028500,"python -m gpuwrf run --input-dir <DATA_ROOT>/wrf_downscale/canary_all7/run --namelist <DATA_ROOT>/wrf_downscale/canary_all7/run/namelist.input --output-dir proofs/v020/s4/fp64_d01d03_1h_20260621T162807Z/output --proof-dir proofs/v020/s4/fp64_d01d03_1h_20260621T162807Z/proofs --scratch-dir proofs/v020/s4/fp64_d01d03_1h_20260621T162807Z/scratch --max-dom 3 --hours 1"
1782059968,2026-06-21T17:39:28+01:00,3136792,3104516,R,1,99.9,1.2,1272572,1302460,"<USER_HOME>/miniconda3/lib/python3.13/site-packages/nvidia/cu13/bin/ptxas /tmp/tempfile-user-battlestation-b5fa6d70835a7bae-3104516-654c6294671f0 -o /tmp/tempfile-user-battlestation-b5fa6d70835a7bae-3104516-654c62946a575 -arch sm_120a --warn-on-spills"
1782059970,2026-06-21T17:39:30+01:00,3104514,3104450,S,19,0.0,0.0,1740,2784,"/usr/bin/time -f wall_s=%e\nmaxrss_kib=%M -o proofs/v020/s4/fp64_d01d03_1h_20260621T162807Z/time.txt taskset -c 0-3 python -m gpuwrf run --input-dir <DATA_ROOT>/wrf_downscale/canary_all7/run --namelist <DATA_ROOT>/wrf_downscale/canary_all7/run/namelist.input --output-dir proofs/v020/s4/fp64_d01d03_1h_20260621T162807Z/output --proof-dir proofs/v020/s4/fp64_d01d03_1h_20260621T162807Z/proofs --scratch-dir proofs/v020/s4/fp64_d01d03_1h_20260621T162807Z/scratch --max-dom 3 --hours 1"
1782059970,2026-06-21T17:39:30+01:00,3104516,3104514,Sl,0,115,17.6,17349108,40028500,"python -m gpuwrf run --input-dir <DATA_ROOT>/wrf_downscale/canary_all7/run --namelist <DATA_ROOT>/wrf_downscale/canary_all7/run/namelist.input --output-dir proofs/v020/s4/fp64_d01d03_1h_20260621T162807Z/output --proof-dir proofs/v020/s4/fp64_d01d03_1h_20260621T162807Z/proofs --scratch-dir proofs/v020/s4/fp64_d01d03_1h_20260621T162807Z/scratch --max-dom 3 --hours 1"
1782059970,2026-06-21T17:39:30+01:00,3136792,3104516,R,1,99.9,1.3,1299472,1330532,"<USER_HOME>/miniconda3/lib/python3.13/site-packages/nvidia/cu13/bin/ptxas /tmp/tempfile-user-battlestation-b5fa6d70835a7bae-3104516-654c6294671f0 -o /tmp/tempfile-user-battlestation-b5fa6d70835a7bae-3104516-654c62946a575 -arch sm_120a --warn-on-spills"
1782059972,2026-06-21T17:39:32+01:00,3104514,3104450,S,19,0.0,0.0,1740,2784,"/usr/bin/time -f wall_s=%e\nmaxrss_kib=%M -o proofs/v020/s4/fp64_d01d03_1h_20260621T162807Z/time.txt taskset -c 0-3 python -m gpuwrf run --input-dir <DATA_ROOT>/wrf_downscale/canary_all7/run --namelist <DATA_ROOT>/wrf_downscale/canary_all7/run/namelist.input --output-dir proofs/v020/s4/fp64_d01d03_1h_20260621T162807Z/output --proof-dir proofs/v020/s4/fp64_d01d03_1h_20260621T162807Z/proofs --scratch-dir proofs/v020/s4/fp64_d01d03_1h_20260621T162807Z/scratch --max-dom 3 --hours 1"
1782059972,2026-06-21T17:39:32+01:00,3104516,3104514,Sl,0,115,17.6,17349108,40028500,"python -m gpuwrf run --input-dir <DATA_ROOT>/wrf_downscale/canary_all7/run --namelist <DATA_ROOT>/wrf_downscale/canary_all7/run/namelist.input --output-dir proofs/v020/s4/fp64_d01d03_1h_20260621T162807Z/output --proof-dir proofs/v020/s4/fp64_d01d03_1h_20260621T162807Z/proofs --scratch-dir proofs/v020/s4/fp64_d01d03_1h_20260621T162807Z/scratch --max-dom 3 --hours 1"
1782059972,2026-06-21T17:39:32+01:00,3136792,3104516,R,1,99.9,1.3,1315856,1345900,"<USER_HOME>/miniconda3/lib/python3.13/site-packages/nvidia/cu13/bin/ptxas /tmp/tempfile-user-battlestation-b5fa6d70835a7bae-3104516-654c6294671f0 -o /tmp/tempfile-user-battlestation-b5fa6d70835a7bae-3104516-654c62946a575 -arch sm_120a --warn-on-spills"
1782059975,2026-06-21T17:39:35+01:00,3104514,3104450,S,19,0.0,0.0,1740,2784,"/usr/bin/time -f wall_s=%e\nmaxrss_kib=%M -o proofs/v020/s4/fp64_d01d03_1h_20260621T162807Z/time.txt taskset -c 0-3 python -m gpuwrf run --input-dir <DATA_ROOT>/wrf_downscale/canary_all7/run --namelist <DATA_ROOT>/wrf_downscale/canary_all7/run/namelist.input --output-dir proofs/v020/s4/fp64_d01d03_1h_20260621T162807Z/output --proof-dir proofs/v020/s4/fp64_d01d03_1h_20260621T162807Z/proofs --scratch-dir proofs/v020/s4/fp64_d01d03_1h_20260621T162807Z/scratch --max-dom 3 --hours 1"
1782059975,2026-06-21T17:39:35+01:00,3104516,3104514,Sl,0,114,17.6,17349108,40028500,"python -m gpuwrf run --input-dir <DATA_ROOT>/wrf_downscale/canary_all7/run --namelist <DATA_ROOT>/wrf_downscale/canary_all7/run/namelist.input --output-dir proofs/v020/s4/fp64_d01d03_1h_20260621T162807Z/output --proof-dir proofs/v020/s4/fp64_d01d03_1h_20260621T162807Z/proofs --scratch-dir proofs/v020/s4/fp64_d01d03_1h_20260621T162807Z/scratch --max-dom 3 --hours 1"
1782059975,2026-06-21T17:39:35+01:00,3136792,3104516,R,1,99.9,1.3,1335656,1366644,"<USER_HOME>/miniconda3/lib/python3.13/site-packages/nvidia/cu13/bin/ptxas /tmp/tempfile-user-battlestation-b5fa6d70835a7bae-3104516-654c6294671f0 -o /tmp/tempfile-user-battlestation-b5fa6d70835a7bae-3104516-654c62946a575 -arch sm_120a --warn-on-spills"
1782059977,2026-06-21T17:39:37+01:00,3104514,3104450,S,19,0.0,0.0,1740,2784,"/usr/bin/time -f wall_s=%e\nmaxrss_kib=%M -o proofs/v020/s4/fp64_d01d03_1h_20260621T162807Z/time.txt taskset -c 0-3 python -m gpuwrf run --input-dir <DATA_ROOT>/wrf_downscale/canary_all7/run --namelist <DATA_ROOT>/wrf_downscale/canary_all7/run/namelist.input --output-dir proofs/v020/s4/fp64_d01d03_1h_20260621T162807Z/output --proof-dir proofs/v020/s4/fp64_d01d03_1h_20260621T162807Z/proofs --scratch-dir proofs/v020/s4/fp64_d01d03_1h_20260621T162807Z/scratch --max-dom 3 --hours 1"
1782059977,2026-06-21T17:39:37+01:00,3104516,3104514,Sl,0,114,17.6,17349108,40028500,"python -m gpuwrf run --input-dir <DATA_ROOT>/wrf_downscale/canary_all7/run --namelist <DATA_ROOT>/wrf_downscale/canary_all7/run/namelist.input --output-dir proofs/v020/s4/fp64_d01d03_1h_20260621T162807Z/output --proof-dir proofs/v020/s4/fp64_d01d03_1h_20260621T162807Z/proofs --scratch-dir proofs/v020/s4/fp64_d01d03_1h_20260621T162807Z/scratch --max-dom 3 --hours 1"
1782059977,2026-06-21T17:39:37+01:00,3136792,3104516,R,1,99.9,1.3,1338912,1369716,"<USER_HOME>/miniconda3/lib/python3.13/site-packages/nvidia/cu13/bin/ptxas /tmp/tempfile-user-battlestation-b5fa6d70835a7bae-3104516-654c6294671f0 -o /tmp/tempfile-user-battlestation-b5fa6d70835a7bae-3104516-654c62946a575 -arch sm_120a --warn-on-spills"
1782059979,2026-06-21T17:39:39+01:00,3104514,3104450,S,19,0.0,0.0,1740,2784,"/usr/bin/time -f wall_s=%e\nmaxrss_kib=%M -o proofs/v020/s4/fp64_d01d03_1h_20260621T162807Z/time.txt taskset -c 0-3 python -m gpuwrf run --input-dir <DATA_ROOT>/wrf_downscale/canary_all7/run --namelist <DATA_ROOT>/wrf_downscale/canary_all7/run/namelist.input --output-dir proofs/v020/s4/fp64_d01d03_1h_20260621T162807Z/output --proof-dir proofs/v020/s4/fp64_d01d03_1h_20260621T162807Z/proofs --scratch-dir proofs/v020/s4/fp64_d01d03_1h_20260621T162807Z/scratch --max-dom 3 --hours 1"
1782059979,2026-06-21T17:39:39+01:00,3104516,3104514,Sl,2,113,17.6,17349108,40028500,"python -m gpuwrf run --input-dir <DATA_ROOT>/wrf_downscale/canary_all7/run --namelist <DATA_ROOT>/wrf_downscale/canary_all7/run/namelist.input --output-dir proofs/v020/s4/fp64_d01d03_1h_20260621T162807Z/output --proof-dir proofs/v020/s4/fp64_d01d03_1h_20260621T162807Z/proofs --scratch-dir proofs/v020/s4/fp64_d01d03_1h_20260621T162807Z/scratch --max-dom 3 --hours 1"
1782059979,2026-06-21T17:39:39+01:00,3136792,3104516,R,1,99.9,1.5,1501356,1528476,"<USER_HOME>/miniconda3/lib/python3.13/site-packages/nvidia/cu13/bin/ptxas /tmp/tempfile-user-battlestation-b5fa6d70835a7bae-3104516-654c6294671f0 -o /tmp/tempfile-user-battlestation-b5fa6d70835a7bae-3104516-654c62946a575 -arch sm_120a --warn-on-spills"
1782059981,2026-06-21T17:39:41+01:00,3104514,3104450,S,19,0.0,0.0,1740,2784,"/usr/bin/time -f wall_s=%e\nmaxrss_kib=%M -o proofs/v020/s4/fp64_d01d03_1h_20260621T162807Z/time.txt taskset -c 0-3 python -m gpuwrf run --input-dir <DATA_ROOT>/wrf_downscale/canary_all7/run --namelist <DATA_ROOT>/wrf_downscale/canary_all7/run/namelist.input --output-dir proofs/v020/s4/fp64_d01d03_1h_20260621T162807Z/output --proof-dir proofs/v020/s4/fp64_d01d03_1h_20260621T162807Z/proofs --scratch-dir proofs/v020/s4/fp64_d01d03_1h_20260621T162807Z/scratch --max-dom 3 --hours 1"
1782059981,2026-06-21T17:39:41+01:00,3104516,3104514,Sl,2,113,17.6,17349108,40028500,"python -m gpuwrf run --input-dir <DATA_ROOT>/wrf_downscale/canary_all7/run --namelist <DATA_ROOT>/wrf_downscale/canary_all7/run/namelist.input --output-dir proofs/v020/s4/fp64_d01d03_1h_20260621T162807Z/output --proof-dir proofs/v020/s4/fp64_d01d03_1h_20260621T162807Z/proofs --scratch-dir proofs/v020/s4/fp64_d01d03_1h_20260621T162807Z/scratch --max-dom 3 --hours 1"
1782059981,2026-06-21T17:39:41+01:00,3136792,3104516,R,0,99.8,1.5,1521880,1547936,"<USER_HOME>/miniconda3/lib/python3.13/site-packages/nvidia/cu13/bin/ptxas /tmp/tempfile-user-battlestation-b5fa6d70835a7bae-3104516-654c6294671f0 -o /tmp/tempfile-user-battlestation-b5fa6d70835a7bae-3104516-654c62946a575 -arch sm_120a --warn-on-spills"
1782059983,2026-06-21T17:39:43+01:00,3104514,3104450,S,19,0.0,0.0,1740,2784,"/usr/bin/time -f wall_s=%e\nmaxrss_kib=%M -o proofs/v020/s4/fp64_d01d03_1h_20260621T162807Z/time.txt taskset -c 0-3 python -m gpuwrf run --input-dir <DATA_ROOT>/wrf_downscale/canary_all7/run --namelist <DATA_ROOT>/wrf_downscale/canary_all7/run/namelist.input --output-dir proofs/v020/s4/fp64_d01d03_1h_20260621T162807Z/output --proof-dir proofs/v020/s4/fp64_d01d03_1h_20260621T162807Z/proofs --scratch-dir proofs/v020/s4/fp64_d01d03_1h_20260621T162807Z/scratch --max-dom 3 --hours 1"
1782059983,2026-06-21T17:39:43+01:00,3104516,3104514,Sl,2,113,17.6,17349108,40028500,"python -m gpuwrf run --input-dir <DATA_ROOT>/wrf_downscale/canary_all7/run --namelist <DATA_ROOT>/wrf_downscale/canary_all7/run/namelist.input --output-dir proofs/v020/s4/fp64_d01d03_1h_20260621T162807Z/output --proof-dir proofs/v020/s4/fp64_d01d03_1h_20260621T162807Z/proofs --scratch-dir proofs/v020/s4/fp64_d01d03_1h_20260621T162807Z/scratch --max-dom 3 --hours 1"
1782059983,2026-06-21T17:39:43+01:00,3136792,3104516,R,1,99.8,1.5,1540272,1565344,"<USER_HOME>/miniconda3/lib/python3.13/site-packages/nvidia/cu13/bin/ptxas /tmp/tempfile-user-battlestation-b5fa6d70835a7bae-3104516-654c6294671f0 -o /tmp/tempfile-user-battlestation-b5fa6d70835a7bae-3104516-654c62946a575 -arch sm_120a --warn-on-spills"
1782059985,2026-06-21T17:39:45+01:00,3104514,3104450,S,19,0.0,0.0,1740,2784,"/usr/bin/time -f wall_s=%e\nmaxrss_kib=%M -o proofs/v020/s4/fp64_d01d03_1h_20260621T162807Z/time.txt taskset -c 0-3 python -m gpuwrf run --input-dir <DATA_ROOT>/wrf_downscale/canary_all7/run --namelist <DATA_ROOT>/wrf_downscale/canary_all7/run/namelist.input --output-dir proofs/v020/s4/fp64_d01d03_1h_20260621T162807Z/output --proof-dir proofs/v020/s4/fp64_d01d03_1h_20260621T162807Z/proofs --scratch-dir proofs/v020/s4/fp64_d01d03_1h_20260621T162807Z/scratch --max-dom 3 --hours 1"
1782059985,2026-06-21T17:39:45+01:00,3104516,3104514,Rl,3,113,17.6,17401428,40080700,"python -m gpuwrf run --input-dir <DATA_ROOT>/wrf_downscale/canary_all7/run --namelist <DATA_ROOT>/wrf_downscale/canary_all7/run/namelist.input --output-dir proofs/v020/s4/fp64_d01d03_1h_20260621T162807Z/output --proof-dir proofs/v020/s4/fp64_d01d03_1h_20260621T162807Z/proofs --scratch-dir proofs/v020/s4/fp64_d01d03_1h_20260621T162807Z/scratch --max-dom 3 --hours 1"
1782059987,2026-06-21T17:39:47+01:00,3104514,3104450,S,19,0.0,0.0,1740,2784,"/usr/bin/time -f wall_s=%e\nmaxrss_kib=%M -o proofs/v020/s4/fp64_d01d03_1h_20260621T162807Z/time.txt taskset -c 0-3 python -m gpuwrf run --input-dir <DATA_ROOT>/wrf_downscale/canary_all7/run --namelist <DATA_ROOT>/wrf_downscale/canary_all7/run/namelist.input --output-dir proofs/v020/s4/fp64_d01d03_1h_20260621T162807Z/output --proof-dir proofs/v020/s4/fp64_d01d03_1h_20260621T162807Z/proofs --scratch-dir proofs/v020/s4/fp64_d01d03_1h_20260621T162807Z/scratch --max-dom 3 --hours 1"
1782059987,2026-06-21T17:39:47+01:00,3104516,3104514,Rl,3,113,17.6,17401428,40080700,"python -m gpuwrf run --input-dir <DATA_ROOT>/wrf_downscale/canary_all7/run --namelist <DATA_ROOT>/wrf_downscale/canary_all7/run/namelist.input --output-dir proofs/v020/s4/fp64_d01d03_1h_20260621T162807Z/output --proof-dir proofs/v020/s4/fp64_d01d03_1h_20260621T162807Z/proofs --scratch-dir proofs/v020/s4/fp64_d01d03_1h_20260621T162807Z/scratch --max-dom 3 --hours 1"
1782059990,2026-06-21T17:39:50+01:00,3104514,3104450,S,19,0.0,0.0,1740,2784,"/usr/bin/time -f wall_s=%e\nmaxrss_kib=%M -o proofs/v020/s4/fp64_d01d03_1h_20260621T162807Z/time.txt taskset -c 0-3 python -m gpuwrf run --input-dir <DATA_ROOT>/wrf_downscale/canary_all7/run --namelist <DATA_ROOT>/wrf_downscale/canary_all7/run/namelist.input --output-dir proofs/v020/s4/fp64_d01d03_1h_20260621T162807Z/output --proof-dir proofs/v020/s4/fp64_d01d03_1h_20260621T162807Z/proofs --scratch-dir proofs/v020/s4/fp64_d01d03_1h_20260621T162807Z/scratch --max-dom 3 --hours 1"
1782059990,2026-06-21T17:39:50+01:00,3104516,3104514,Rl,3,112,17.6,17401428,40080700,"python -m gpuwrf run --input-dir <DATA_ROOT>/wrf_downscale/canary_all7/run --namelist <DATA_ROOT>/wrf_downscale/canary_all7/run/namelist.input --output-dir proofs/v020/s4/fp64_d01d03_1h_20260621T162807Z/output --proof-dir proofs/v020/s4/fp64_d01d03_1h_20260621T162807Z/proofs --scratch-dir proofs/v020/s4/fp64_d01d03_1h_20260621T162807Z/scratch --max-dom 3 --hours 1"
1782059992,2026-06-21T17:39:52+01:00,3104514,3104450,S,19,0.0,0.0,1740,2784,"/usr/bin/time -f wall_s=%e\nmaxrss_kib=%M -o proofs/v020/s4/fp64_d01d03_1h_20260621T162807Z/time.txt taskset -c 0-3 python -m gpuwrf run --input-dir <DATA_ROOT>/wrf_downscale/canary_all7/run --namelist <DATA_ROOT>/wrf_downscale/canary_all7/run/namelist.input --output-dir proofs/v020/s4/fp64_d01d03_1h_20260621T162807Z/output --proof-dir proofs/v020/s4/fp64_d01d03_1h_20260621T162807Z/proofs --scratch-dir proofs/v020/s4/fp64_d01d03_1h_20260621T162807Z/scratch --max-dom 3 --hours 1"
1782059992,2026-06-21T17:39:52+01:00,3104516,3104514,Rl,3,112,17.6,17401428,40080700,"python -m gpuwrf run --input-dir <DATA_ROOT>/wrf_downscale/canary_all7/run --namelist <DATA_ROOT>/wrf_downscale/canary_all7/run/namelist.input --output-dir proofs/v020/s4/fp64_d01d03_1h_20260621T162807Z/output --proof-dir proofs/v020/s4/fp64_d01d03_1h_20260621T162807Z/proofs --scratch-dir proofs/v020/s4/fp64_d01d03_1h_20260621T162807Z/scratch --max-dom 3 --hours 1"
1782059994,2026-06-21T17:39:54+01:00,3104514,3104450,S,19,0.0,0.0,1740,2784,"/usr/bin/time -f wall_s=%e\nmaxrss_kib=%M -o proofs/v020/s4/fp64_d01d03_1h_20260621T162807Z/time.txt taskset -c 0-3 python -m gpuwrf run --input-dir <DATA_ROOT>/wrf_downscale/canary_all7/run --namelist <DATA_ROOT>/wrf_downscale/canary_all7/run/namelist.input --output-dir proofs/v020/s4/fp64_d01d03_1h_20260621T162807Z/output --proof-dir proofs/v020/s4/fp64_d01d03_1h_20260621T162807Z/proofs --scratch-dir proofs/v020/s4/fp64_d01d03_1h_20260621T162807Z/scratch --max-dom 3 --hours 1"
1782059994,2026-06-21T17:39:54+01:00,3104516,3104514,Rl,3,112,17.6,17401428,40080700,"python -m gpuwrf run --input-dir <DATA_ROOT>/wrf_downscale/canary_all7/run --namelist <DATA_ROOT>/wrf_downscale/canary_all7/run/namelist.input --output-dir proofs/v020/s4/fp64_d01d03_1h_20260621T162807Z/output --proof-dir proofs/v020/s4/fp64_d01d03_1h_20260621T162807Z/proofs --scratch-dir proofs/v020/s4/fp64_d01d03_1h_20260621T162807Z/scratch --max-dom 3 --hours 1"
1782059996,2026-06-21T17:39:56+01:00,3104514,3104450,S,19,0.0,0.0,1740,2784,"/usr/bin/time -f wall_s=%e\nmaxrss_kib=%M -o proofs/v020/s4/fp64_d01d03_1h_20260621T162807Z/time.txt taskset -c 0-3 python -m gpuwrf run --input-dir <DATA_ROOT>/wrf_downscale/canary_all7/run --namelist <DATA_ROOT>/wrf_downscale/canary_all7/run/namelist.input --output-dir proofs/v020/s4/fp64_d01d03_1h_20260621T162807Z/output --proof-dir proofs/v020/s4/fp64_d01d03_1h_20260621T162807Z/proofs --scratch-dir proofs/v020/s4/fp64_d01d03_1h_20260621T162807Z/scratch --max-dom 3 --hours 1"
1782059996,2026-06-21T17:39:56+01:00,3104516,3104514,Rl,3,112,17.6,17401444,40080700,"python -m gpuwrf run --input-dir <DATA_ROOT>/wrf_downscale/canary_all7/run --namelist <DATA_ROOT>/wrf_downscale/canary_all7/run/namelist.input --output-dir proofs/v020/s4/fp64_d01d03_1h_20260621T162807Z/output --proof-dir proofs/v020/s4/fp64_d01d03_1h_20260621T162807Z/proofs --scratch-dir proofs/v020/s4/fp64_d01d03_1h_20260621T162807Z/scratch --max-dom 3 --hours 1"
1782059998,2026-06-21T17:39:58+01:00,3104514,3104450,S,19,0.0,0.0,1740,2784,"/usr/bin/time -f wall_s=%e\nmaxrss_kib=%M -o proofs/v020/s4/fp64_d01d03_1h_20260621T162807Z/time.txt taskset -c 0-3 python -m gpuwrf run --input-dir <DATA_ROOT>/wrf_downscale/canary_all7/run --namelist <DATA_ROOT>/wrf_downscale/canary_all7/run/namelist.input --output-dir proofs/v020/s4/fp64_d01d03_1h_20260621T162807Z/output --proof-dir proofs/v020/s4/fp64_d01d03_1h_20260621T162807Z/proofs --scratch-dir proofs/v020/s4/fp64_d01d03_1h_20260621T162807Z/scratch --max-dom 3 --hours 1"
1782059998,2026-06-21T17:39:58+01:00,3104516,3104514,Rl,3,112,17.6,17401452,40080700,"python -m gpuwrf run --input-dir <DATA_ROOT>/wrf_downscale/canary_all7/run --namelist <DATA_ROOT>/wrf_downscale/canary_all7/run/namelist.input --output-dir proofs/v020/s4/fp64_d01d03_1h_20260621T162807Z/output --proof-dir proofs/v020/s4/fp64_d01d03_1h_20260621T162807Z/proofs --scratch-dir proofs/v020/s4/fp64_d01d03_1h_20260621T162807Z/scratch --max-dom 3 --hours 1"
1782060000,2026-06-21T17:40:00+01:00,3104514,3104450,S,19,0.0,0.0,1740,2784,"/usr/bin/time -f wall_s=%e\nmaxrss_kib=%M -o proofs/v020/s4/fp64_d01d03_1h_20260621T162807Z/time.txt taskset -c 0-3 python -m gpuwrf run --input-dir <DATA_ROOT>/wrf_downscale/canary_all7/run --namelist <DATA_ROOT>/wrf_downscale/canary_all7/run/namelist.input --output-dir proofs/v020/s4/fp64_d01d03_1h_20260621T162807Z/output --proof-dir proofs/v020/s4/fp64_d01d03_1h_20260621T162807Z/proofs --scratch-dir proofs/v020/s4/fp64_d01d03_1h_20260621T162807Z/scratch --max-dom 3 --hours 1"
1782060000,2026-06-21T17:40:00+01:00,3104516,3104514,Rl,3,112,17.6,17401452,40080700,"python -m gpuwrf run --input-dir <DATA_ROOT>/wrf_downscale/canary_all7/run --namelist <DATA_ROOT>/wrf_downscale/canary_all7/run/namelist.input --output-dir proofs/v020/s4/fp64_d01d03_1h_20260621T162807Z/output --proof-dir proofs/v020/s4/fp64_d01d03_1h_20260621T162807Z/proofs --scratch-dir proofs/v020/s4/fp64_d01d03_1h_20260621T162807Z/scratch --max-dom 3 --hours 1"
1782060002,2026-06-21T17:40:02+01:00,3104514,3104450,S,19,0.0,0.0,1740,2784,"/usr/bin/time -f wall_s=%e\nmaxrss_kib=%M -o proofs/v020/s4/fp64_d01d03_1h_20260621T162807Z/time.txt taskset -c 0-3 python -m gpuwrf run --input-dir <DATA_ROOT>/wrf_downscale/canary_all7/run --namelist <DATA_ROOT>/wrf_downscale/canary_all7/run/namelist.input --output-dir proofs/v020/s4/fp64_d01d03_1h_20260621T162807Z/output --proof-dir proofs/v020/s4/fp64_d01d03_1h_20260621T162807Z/proofs --scratch-dir proofs/v020/s4/fp64_d01d03_1h_20260621T162807Z/scratch --max-dom 3 --hours 1"
1782060002,2026-06-21T17:40:02+01:00,3104516,3104514,Rl,3,112,17.6,17401452,40080700,"python -m gpuwrf run --input-dir <DATA_ROOT>/wrf_downscale/canary_all7/run --namelist <DATA_ROOT>/wrf_downscale/canary_all7/run/namelist.input --output-dir proofs/v020/s4/fp64_d01d03_1h_20260621T162807Z/output --proof-dir proofs/v020/s4/fp64_d01d03_1h_20260621T162807Z/proofs --scratch-dir proofs/v020/s4/fp64_d01d03_1h_20260621T162807Z/scratch --max-dom 3 --hours 1"
1782060004,2026-06-21T17:40:04+01:00,3104514,3104450,S,19,0.0,0.0,1740,2784,"/usr/bin/time -f wall_s=%e\nmaxrss_kib=%M -o proofs/v020/s4/fp64_d01d03_1h_20260621T162807Z/time.txt taskset -c 0-3 python -m gpuwrf run --input-dir <DATA_ROOT>/wrf_downscale/canary_all7/run --namelist <DATA_ROOT>/wrf_downscale/canary_all7/run/namelist.input --output-dir proofs/v020/s4/fp64_d01d03_1h_20260621T162807Z/output --proof-dir proofs/v020/s4/fp64_d01d03_1h_20260621T162807Z/proofs --scratch-dir proofs/v020/s4/fp64_d01d03_1h_20260621T162807Z/scratch --max-dom 3 --hours 1"
1782060004,2026-06-21T17:40:04+01:00,3104516,3104514,Rl,3,112,17.6,17401452,40080700,"python -m gpuwrf run --input-dir <DATA_ROOT>/wrf_downscale/canary_all7/run --namelist <DATA_ROOT>/wrf_downscale/canary_all7/run/namelist.input --output-dir proofs/v020/s4/fp64_d01d03_1h_20260621T162807Z/output --proof-dir proofs/v020/s4/fp64_d01d03_1h_20260621T162807Z/proofs --scratch-dir proofs/v020/s4/fp64_d01d03_1h_20260621T162807Z/scratch --max-dom 3 --hours 1"
1782060006,2026-06-21T17:40:06+01:00,3104514,3104450,S,19,0.0,0.0,1740,2784,"/usr/bin/time -f wall_s=%e\nmaxrss_kib=%M -o proofs/v020/s4/fp64_d01d03_1h_20260621T162807Z/time.txt taskset -c 0-3 python -m gpuwrf run --input-dir <DATA_ROOT>/wrf_downscale/canary_all7/run --namelist <DATA_ROOT>/wrf_downscale/canary_all7/run/namelist.input --output-dir proofs/v020/s4/fp64_d01d03_1h_20260621T162807Z/output --proof-dir proofs/v020/s4/fp64_d01d03_1h_20260621T162807Z/proofs --scratch-dir proofs/v020/s4/fp64_d01d03_1h_20260621T162807Z/scratch --max-dom 3 --hours 1"
1782060006,2026-06-21T17:40:06+01:00,3104516,3104514,Rl,3,112,17.7,17442908,40122172,"python -m gpuwrf run --input-dir <DATA_ROOT>/wrf_downscale/canary_all7/run --namelist <DATA_ROOT>/wrf_downscale/canary_all7/run/namelist.input --output-dir proofs/v020/s4/fp64_d01d03_1h_20260621T162807Z/output --proof-dir proofs/v020/s4/fp64_d01d03_1h_20260621T162807Z/proofs --scratch-dir proofs/v020/s4/fp64_d01d03_1h_20260621T162807Z/scratch --max-dom 3 --hours 1"
1782060009,2026-06-21T17:40:09+01:00,3104514,3104450,S,19,0.0,0.0,1740,2784,"/usr/bin/time -f wall_s=%e\nmaxrss_kib=%M -o proofs/v020/s4/fp64_d01d03_1h_20260621T162807Z/time.txt taskset -c 0-3 python -m gpuwrf run --input-dir <DATA_ROOT>/wrf_downscale/canary_all7/run --namelist <DATA_ROOT>/wrf_downscale/canary_all7/run/namelist.input --output-dir proofs/v020/s4/fp64_d01d03_1h_20260621T162807Z/output --proof-dir proofs/v020/s4/fp64_d01d03_1h_20260621T162807Z/proofs --scratch-dir proofs/v020/s4/fp64_d01d03_1h_20260621T162807Z/scratch --max-dom 3 --hours 1"
1782060009,2026-06-21T17:40:09+01:00,3104516,3104514,Rl,3,112,17.7,17442892,40122172,"python -m gpuwrf run --input-dir <DATA_ROOT>/wrf_downscale/canary_all7/run --namelist <DATA_ROOT>/wrf_downscale/canary_all7/run/namelist.input --output-dir proofs/v020/s4/fp64_d01d03_1h_20260621T162807Z/output --proof-dir proofs/v020/s4/fp64_d01d03_1h_20260621T162807Z/proofs --scratch-dir proofs/v020/s4/fp64_d01d03_1h_20260621T162807Z/scratch --max-dom 3 --hours 1"
1782060011,2026-06-21T17:40:11+01:00,3104514,3104450,S,19,0.0,0.0,1740,2784,"/usr/bin/time -f wall_s=%e\nmaxrss_kib=%M -o proofs/v020/s4/fp64_d01d03_1h_20260621T162807Z/time.txt taskset -c 0-3 python -m gpuwrf run --input-dir <DATA_ROOT>/wrf_downscale/canary_all7/run --namelist <DATA_ROOT>/wrf_downscale/canary_all7/run/namelist.input --output-dir proofs/v020/s4/fp64_d01d03_1h_20260621T162807Z/output --proof-dir proofs/v020/s4/fp64_d01d03_1h_20260621T162807Z/proofs --scratch-dir proofs/v020/s4/fp64_d01d03_1h_20260621T162807Z/scratch --max-dom 3 --hours 1"
1782060011,2026-06-21T17:40:11+01:00,3104516,3104514,Rl,3,112,17.8,17520704,40245056,"python -m gpuwrf run --input-dir <DATA_ROOT>/wrf_downscale/canary_all7/run --namelist <DATA_ROOT>/wrf_downscale/canary_all7/run/namelist.input --output-dir proofs/v020/s4/fp64_d01d03_1h_20260621T162807Z/output --proof-dir proofs/v020/s4/fp64_d01d03_1h_20260621T162807Z/proofs --scratch-dir proofs/v020/s4/fp64_d01d03_1h_20260621T162807Z/scratch --max-dom 3 --hours 1"
1782060013,2026-06-21T17:40:13+01:00,3104514,3104450,S,19,0.0,0.0,1740,2784,"/usr/bin/time -f wall_s=%e\nmaxrss_kib=%M -o proofs/v020/s4/fp64_d01d03_1h_20260621T162807Z/time.txt taskset -c 0-3 python -m gpuwrf run --input-dir <DATA_ROOT>/wrf_downscale/canary_all7/run --namelist <DATA_ROOT>/wrf_downscale/canary_all7/run/namelist.input --output-dir proofs/v020/s4/fp64_d01d03_1h_20260621T162807Z/output --proof-dir proofs/v020/s4/fp64_d01d03_1h_20260621T162807Z/proofs --scratch-dir proofs/v020/s4/fp64_d01d03_1h_20260621T162807Z/scratch --max-dom 3 --hours 1"
1782060013,2026-06-21T17:40:13+01:00,3104516,3104514,Rl,2,112,17.7,17434596,40113864,"python -m gpuwrf run --input-dir <DATA_ROOT>/wrf_downscale/canary_all7/run --namelist <DATA_ROOT>/wrf_downscale/canary_all7/run/namelist.input --output-dir proofs/v020/s4/fp64_d01d03_1h_20260621T162807Z/output --proof-dir proofs/v020/s4/fp64_d01d03_1h_20260621T162807Z/proofs --scratch-dir proofs/v020/s4/fp64_d01d03_1h_20260621T162807Z/scratch --max-dom 3 --hours 1"
1782060015,2026-06-21T17:40:15+01:00,3104514,3104450,S,19,0.0,0.0,1740,2784,"/usr/bin/time -f wall_s=%e\nmaxrss_kib=%M -o proofs/v020/s4/fp64_d01d03_1h_20260621T162807Z/time.txt taskset -c 0-3 python -m gpuwrf run --input-dir <DATA_ROOT>/wrf_downscale/canary_all7/run --namelist <DATA_ROOT>/wrf_downscale/canary_all7/run/namelist.input --output-dir proofs/v020/s4/fp64_d01d03_1h_20260621T162807Z/output --proof-dir proofs/v020/s4/fp64_d01d03_1h_20260621T162807Z/proofs --scratch-dir proofs/v020/s4/fp64_d01d03_1h_20260621T162807Z/scratch --max-dom 3 --hours 1"
1782060015,2026-06-21T17:40:15+01:00,3104516,3104514,Rl,2,112,17.9,17658300,40337568,"python -m gpuwrf run --input-dir <DATA_ROOT>/wrf_downscale/canary_all7/run --namelist <DATA_ROOT>/wrf_downscale/canary_all7/run/namelist.input --output-dir proofs/v020/s4/fp64_d01d03_1h_20260621T162807Z/output --proof-dir proofs/v020/s4/fp64_d01d03_1h_20260621T162807Z/proofs --scratch-dir proofs/v020/s4/fp64_d01d03_1h_20260621T162807Z/scratch --max-dom 3 --hours 1"
1782060017,2026-06-21T17:40:17+01:00,3104514,3104450,S,19,0.0,0.0,1740,2784,"/usr/bin/time -f wall_s=%e\nmaxrss_kib=%M -o proofs/v020/s4/fp64_d01d03_1h_20260621T162807Z/time.txt taskset -c 0-3 python -m gpuwrf run --input-dir <DATA_ROOT>/wrf_downscale/canary_all7/run --namelist <DATA_ROOT>/wrf_downscale/canary_all7/run/namelist.input --output-dir proofs/v020/s4/fp64_d01d03_1h_20260621T162807Z/output --proof-dir proofs/v020/s4/fp64_d01d03_1h_20260621T162807Z/proofs --scratch-dir proofs/v020/s4/fp64_d01d03_1h_20260621T162807Z/scratch --max-dom 3 --hours 1"
1782060017,2026-06-21T17:40:17+01:00,3104516,3104514,Rl,3,112,18.2,17972356,40853660,"python -m gpuwrf run --input-dir <DATA_ROOT>/wrf_downscale/canary_all7/run --namelist <DATA_ROOT>/wrf_downscale/canary_all7/run/namelist.input --output-dir proofs/v020/s4/fp64_d01d03_1h_20260621T162807Z/output --proof-dir proofs/v020/s4/fp64_d01d03_1h_20260621T162807Z/proofs --scratch-dir proofs/v020/s4/fp64_d01d03_1h_20260621T162807Z/scratch --max-dom 3 --hours 1"
1782060019,2026-06-21T17:40:19+01:00,3104514,3104450,S,19,0.0,0.0,1740,2784,"/usr/bin/time -f wall_s=%e\nmaxrss_kib=%M -o proofs/v020/s4/fp64_d01d03_1h_20260621T162807Z/time.txt taskset -c 0-3 python -m gpuwrf run --input-dir <DATA_ROOT>/wrf_downscale/canary_all7/run --namelist <DATA_ROOT>/wrf_downscale/canary_all7/run/namelist.input --output-dir proofs/v020/s4/fp64_d01d03_1h_20260621T162807Z/output --proof-dir proofs/v020/s4/fp64_d01d03_1h_20260621T162807Z/proofs --scratch-dir proofs/v020/s4/fp64_d01d03_1h_20260621T162807Z/scratch --max-dom 3 --hours 1"
1782060019,2026-06-21T17:40:19+01:00,3104516,3104514,Rl,3,112,17.6,17402380,44993672,"python -m gpuwrf run --input-dir <DATA_ROOT>/wrf_downscale/canary_all7/run --namelist <DATA_ROOT>/wrf_downscale/canary_all7/run/namelist.input --output-dir proofs/v020/s4/fp64_d01d03_1h_20260621T162807Z/output --proof-dir proofs/v020/s4/fp64_d01d03_1h_20260621T162807Z/proofs --scratch-dir proofs/v020/s4/fp64_d01d03_1h_20260621T162807Z/scratch --max-dom 3 --hours 1"
1782060021,2026-06-21T17:40:21+01:00,3104514,3104450,S,19,0.0,0.0,1740,2784,"/usr/bin/time -f wall_s=%e\nmaxrss_kib=%M -o proofs/v020/s4/fp64_d01d03_1h_20260621T162807Z/time.txt taskset -c 0-3 python -m gpuwrf run --input-dir <DATA_ROOT>/wrf_downscale/canary_all7/run --namelist <DATA_ROOT>/wrf_downscale/canary_all7/run/namelist.input --output-dir proofs/v020/s4/fp64_d01d03_1h_20260621T162807Z/output --proof-dir proofs/v020/s4/fp64_d01d03_1h_20260621T162807Z/proofs --scratch-dir proofs/v020/s4/fp64_d01d03_1h_20260621T162807Z/scratch --max-dom 3 --hours 1"
1782060021,2026-06-21T17:40:21+01:00,3104516,3104514,Rl,3,112,17.6,17402380,44993672,"python -m gpuwrf run --input-dir <DATA_ROOT>/wrf_downscale/canary_all7/run --namelist <DATA_ROOT>/wrf_downscale/canary_all7/run/namelist.input --output-dir proofs/v020/s4/fp64_d01d03_1h_20260621T162807Z/output --proof-dir proofs/v020/s4/fp64_d01d03_1h_20260621T162807Z/proofs --scratch-dir proofs/v020/s4/fp64_d01d03_1h_20260621T162807Z/scratch --max-dom 3 --hours 1"
1782060024,2026-06-21T17:40:24+01:00,3104514,3104450,S,19,0.0,0.0,1740,2784,"/usr/bin/time -f wall_s=%e\nmaxrss_kib=%M -o proofs/v020/s4/fp64_d01d03_1h_20260621T162807Z/time.txt taskset -c 0-3 python -m gpuwrf run --input-dir <DATA_ROOT>/wrf_downscale/canary_all7/run --namelist <DATA_ROOT>/wrf_downscale/canary_all7/run/namelist.input --output-dir proofs/v020/s4/fp64_d01d03_1h_20260621T162807Z/output --proof-dir proofs/v020/s4/fp64_d01d03_1h_20260621T162807Z/proofs --scratch-dir proofs/v020/s4/fp64_d01d03_1h_20260621T162807Z/scratch --max-dom 3 --hours 1"
1782060024,2026-06-21T17:40:24+01:00,3104516,3104514,Rl,3,112,17.7,17418428,45009048,"python -m gpuwrf run --input-dir <DATA_ROOT>/wrf_downscale/canary_all7/run --namelist <DATA_ROOT>/wrf_downscale/canary_all7/run/namelist.input --output-dir proofs/v020/s4/fp64_d01d03_1h_20260621T162807Z/output --proof-dir proofs/v020/s4/fp64_d01d03_1h_20260621T162807Z/proofs --scratch-dir proofs/v020/s4/fp64_d01d03_1h_20260621T162807Z/scratch --max-dom 3 --hours 1"
1782060026,2026-06-21T17:40:26+01:00,3104514,3104450,S,19,0.0,0.0,1740,2784,"/usr/bin/time -f wall_s=%e\nmaxrss_kib=%M -o proofs/v020/s4/fp64_d01d03_1h_20260621T162807Z/time.txt taskset -c 0-3 python -m gpuwrf run --input-dir <DATA_ROOT>/wrf_downscale/canary_all7/run --namelist <DATA_ROOT>/wrf_downscale/canary_all7/run/namelist.input --output-dir proofs/v020/s4/fp64_d01d03_1h_20260621T162807Z/output --proof-dir proofs/v020/s4/fp64_d01d03_1h_20260621T162807Z/proofs --scratch-dir proofs/v020/s4/fp64_d01d03_1h_20260621T162807Z/scratch --max-dom 3 --hours 1"
1782060026,2026-06-21T17:40:26+01:00,3104516,3104514,Rl,3,112,17.7,17442792,45033624,"python -m gpuwrf run --input-dir <DATA_ROOT>/wrf_downscale/canary_all7/run --namelist <DATA_ROOT>/wrf_downscale/canary_all7/run/namelist.input --output-dir proofs/v020/s4/fp64_d01d03_1h_20260621T162807Z/output --proof-dir proofs/v020/s4/fp64_d01d03_1h_20260621T162807Z/proofs --scratch-dir proofs/v020/s4/fp64_d01d03_1h_20260621T162807Z/scratch --max-dom 3 --hours 1"
1782060028,2026-06-21T17:40:28+01:00,3104514,3104450,S,19,0.0,0.0,1740,2784,"/usr/bin/time -f wall_s=%e\nmaxrss_kib=%M -o proofs/v020/s4/fp64_d01d03_1h_20260621T162807Z/time.txt taskset -c 0-3 python -m gpuwrf run --input-dir <DATA_ROOT>/wrf_downscale/canary_all7/run --namelist <DATA_ROOT>/wrf_downscale/canary_all7/run/namelist.input --output-dir proofs/v020/s4/fp64_d01d03_1h_20260621T162807Z/output --proof-dir proofs/v020/s4/fp64_d01d03_1h_20260621T162807Z/proofs --scratch-dir proofs/v020/s4/fp64_d01d03_1h_20260621T162807Z/scratch --max-dom 3 --hours 1"
1782060028,2026-06-21T17:40:28+01:00,3104516,3104514,Rl,3,112,17.7,17476824,45068424,"python -m gpuwrf run --input-dir <DATA_ROOT>/wrf_downscale/canary_all7/run --namelist <DATA_ROOT>/wrf_downscale/canary_all7/run/namelist.input --output-dir proofs/v020/s4/fp64_d01d03_1h_20260621T162807Z/output --proof-dir proofs/v020/s4/fp64_d01d03_1h_20260621T162807Z/proofs --scratch-dir proofs/v020/s4/fp64_d01d03_1h_20260621T162807Z/scratch --max-dom 3 --hours 1"
1782060030,2026-06-21T17:40:30+01:00,3104514,3104450,S,19,0.0,0.0,1740,2784,"/usr/bin/time -f wall_s=%e\nmaxrss_kib=%M -o proofs/v020/s4/fp64_d01d03_1h_20260621T162807Z/time.txt taskset -c 0-3 python -m gpuwrf run --input-dir <DATA_ROOT>/wrf_downscale/canary_all7/run --namelist <DATA_ROOT>/wrf_downscale/canary_all7/run/namelist.input --output-dir proofs/v020/s4/fp64_d01d03_1h_20260621T162807Z/output --proof-dir proofs/v020/s4/fp64_d01d03_1h_20260621T162807Z/proofs --scratch-dir proofs/v020/s4/fp64_d01d03_1h_20260621T162807Z/scratch --max-dom 3 --hours 1"
1782060030,2026-06-21T17:40:30+01:00,3104516,3104514,Rl,3,112,17.7,17491636,45083784,"python -m gpuwrf run --input-dir <DATA_ROOT>/wrf_downscale/canary_all7/run --namelist <DATA_ROOT>/wrf_downscale/canary_all7/run/namelist.input --output-dir proofs/v020/s4/fp64_d01d03_1h_20260621T162807Z/output --proof-dir proofs/v020/s4/fp64_d01d03_1h_20260621T162807Z/proofs --scratch-dir proofs/v020/s4/fp64_d01d03_1h_20260621T162807Z/scratch --max-dom 3 --hours 1"
1782060032,2026-06-21T17:40:32+01:00,3104514,3104450,S,19,0.0,0.0,1740,2784,"/usr/bin/time -f wall_s=%e\nmaxrss_kib=%M -o proofs/v020/s4/fp64_d01d03_1h_20260621T162807Z/time.txt taskset -c 0-3 python -m gpuwrf run --input-dir <DATA_ROOT>/wrf_downscale/canary_all7/run --namelist <DATA_ROOT>/wrf_downscale/canary_all7/run/namelist.input --output-dir proofs/v020/s4/fp64_d01d03_1h_20260621T162807Z/output --proof-dir proofs/v020/s4/fp64_d01d03_1h_20260621T162807Z/proofs --scratch-dir proofs/v020/s4/fp64_d01d03_1h_20260621T162807Z/scratch --max-dom 3 --hours 1"
1782060032,2026-06-21T17:40:32+01:00,3104516,3104514,Rl,1,112,17.8,17545428,45138056,"python -m gpuwrf run --input-dir <DATA_ROOT>/wrf_downscale/canary_all7/run --namelist <DATA_ROOT>/wrf_downscale/canary_all7/run/namelist.input --output-dir proofs/v020/s4/fp64_d01d03_1h_20260621T162807Z/output --proof-dir proofs/v020/s4/fp64_d01d03_1h_20260621T162807Z/proofs --scratch-dir proofs/v020/s4/fp64_d01d03_1h_20260621T162807Z/scratch --max-dom 3 --hours 1"
1782060034,2026-06-21T17:40:34+01:00,3104514,3104450,S,19,0.0,0.0,1740,2784,"/usr/bin/time -f wall_s=%e\nmaxrss_kib=%M -o proofs/v020/s4/fp64_d01d03_1h_20260621T162807Z/time.txt taskset -c 0-3 python -m gpuwrf run --input-dir <DATA_ROOT>/wrf_downscale/canary_all7/run --namelist <DATA_ROOT>/wrf_downscale/canary_all7/run/namelist.input --output-dir proofs/v020/s4/fp64_d01d03_1h_20260621T162807Z/output --proof-dir proofs/v020/s4/fp64_d01d03_1h_20260621T162807Z/proofs --scratch-dir proofs/v020/s4/fp64_d01d03_1h_20260621T162807Z/scratch --max-dom 3 --hours 1"
1782060034,2026-06-21T17:40:34+01:00,3104516,3104514,Rl,1,112,17.8,17545604,45138072,"python -m gpuwrf run --input-dir <DATA_ROOT>/wrf_downscale/canary_all7/run --namelist <DATA_ROOT>/wrf_downscale/canary_all7/run/namelist.input --output-dir proofs/v020/s4/fp64_d01d03_1h_20260621T162807Z/output --proof-dir proofs/v020/s4/fp64_d01d03_1h_20260621T162807Z/proofs --scratch-dir proofs/v020/s4/fp64_d01d03_1h_20260621T162807Z/scratch --max-dom 3 --hours 1"
