{
  "component": "noahmp_water_hydro",
  "dt_seconds": 60.0,
  "oracle_poll": "ORACLE_PENDING_NO_PROOFS_NOAHMP_WATER after 180s",
  "oracle_status": "oracle-pending",
  "status": "PASS",
  "tests": {
    "canwater_evaporation_hand_computed": {
      "actual_canliq": 0.049940000000000005,
      "actual_fwet": 0.557251548196769,
      "expected_canliq": 0.049940000000000005,
      "expected_fwet": 0.557251548196769,
      "max_abs_canliq": 0.0,
      "max_abs_fwet": 0.0
    },
    "no_op_zero_hydraulic": {
      "expected": "SMOIS/SH2O unchanged; RUNSRF/RUNSUB increments zero",
      "max_abs_sh2o": 0.0,
      "max_abs_smois": 0.0,
      "runoff_m": 0.0
    },
    "wet_column_public_signature_smoke": {
      "finite": true,
      "sfcrunoff_m": 3.5502785734686135e-10,
      "sh2o": [
        0.25001825230450175,
        0.2699981867788043,
        0.28999908007111014,
        0.30999950533610715
      ],
      "smois": [
        0.25001825230450175,
        0.2699981867788043,
        0.28999908007111014,
        0.30999950533610715
      ],
      "udrunoff_m": 1.850021074534252e-07
    }
  }
}
