{
  "schema": "M20PairedCaseScore",
  "schema_version": 1,
  "case_id": "case2_L2",
  "self_test_cpu_vs_cpu": false,
  "domain": "d02",
  "init_time_utc": "2026-05-09T18:00:00+00:00",
  "forecast_hours": 72,
  "total_complete_pairs": 4994,
  "per_block": {
    "T2": {
      "0-24h": {
        "status": "EXCLUDED_LOW_N",
        "n_pairs": 0
      },
      "24-48h": {
        "status": "OK",
        "n_pairs": 588,
        "cpu_rmse": 2.009108840101971,
        "gpu_rmse": 2.1635294520575115,
        "paired_delta_rmse": 0.15442061195554047
      },
      "48-72h": {
        "status": "OK",
        "n_pairs": 1080,
        "cpu_rmse": 2.072715943964474,
        "gpu_rmse": 2.944739736036613,
        "paired_delta_rmse": 0.8720237920721394
      }
    },
    "U10": {
      "0-24h": {
        "status": "EXCLUDED_LOW_N",
        "n_pairs": 0
      },
      "24-48h": {
        "status": "OK",
        "n_pairs": 584,
        "cpu_rmse": 2.3145105912510355,
        "gpu_rmse": 2.2505302366952207,
        "paired_delta_rmse": -0.06398035455581486
      },
      "48-72h": {
        "status": "OK",
        "n_pairs": 1079,
        "cpu_rmse": 1.964326959389596,
        "gpu_rmse": 2.188454223911079,
        "paired_delta_rmse": 0.22412726452148313
      }
    },
    "V10": {
      "0-24h": {
        "status": "EXCLUDED_LOW_N",
        "n_pairs": 0
      },
      "24-48h": {
        "status": "OK",
        "n_pairs": 584,
        "cpu_rmse": 2.367525973029045,
        "gpu_rmse": 2.099585695440442,
        "paired_delta_rmse": -0.26794027758860306
      },
      "48-72h": {
        "status": "OK",
        "n_pairs": 1079,
        "cpu_rmse": 2.0746254565636235,
        "gpu_rmse": 2.1489303043318095,
        "paired_delta_rmse": 0.07430484776818602
      }
    }
  }
}
