{
  "schema": "M21TostResult",
  "schema_version": 1,
  "n_cases": {
    "T2": 3,
    "U10": 3,
    "V10": 3
  },
  "per_case_deltas": {
    "T2": [
      1.1094226202521706,
      0.9663457079000608,
      0.51322220201384
    ],
    "U10": [
      0.10791157539241085,
      0.09635660209624897,
      0.08007345498283414
    ],
    "V10": [
      0.1107372601930104,
      0.1511084583528386,
      -0.09681771491020852
    ]
  },
  "empirical_sigma": {
    "T2": 0.3112466474096264,
    "U10": 0.013985821604576398,
    "V10": 0.13302649405276154
  },
  "tost": {
    "T2": {
      "status": "OK",
      "n": 3,
      "mean_delta": 0.8629968433886906,
      "sd_delta": 0.3112466474096264,
      "margin": 0.2148692978020805,
      "p_lower": 0.013343433943812226,
      "p_upper": 0.9654953480475333,
      "tost_p": 0.9654953480475333,
      "ci90": [
        0.3382802944294836,
        1.3877133923478977
      ],
      "equivalent": false
    },
    "U10": {
      "status": "OK",
      "n": 3,
      "mean_delta": 0.09478054415716465,
      "sd_delta": 0.013985821604576398,
      "margin": 0.23064713972582307,
      "p_lower": 0.000307549399123291,
      "p_upper": 0.0017567332047278214,
      "tost_p": 0.0017567332047278214,
      "ci90": [
        0.0712024844164785,
        0.1183586038978508
      ],
      "equivalent": true
    },
    "V10": {
      "status": "OK",
      "n": 3,
      "mean_delta": 0.055009334545213485,
      "sd_delta": 0.13302649405276154,
      "margin": 0.2752320537920854,
      "p_lower": 0.025030122012923706,
      "p_upper": 0.051574817521040296,
      "tost_p": 0.051574817521040296,
      "ci90": [
        -0.1692539738644779,
        0.2792726429549049
      ],
      "equivalent": false
    }
  },
  "all_variables_equivalent": false
}
