{
  "columns": {
    "DZ": [
      200.957524225555,
      254.3655574225876,
      279.372371651905,
      296.9609103047603,
      310.765067211393,
      322.2278484712306,
      332.0835518397932,
      340.7609078542748,
      348.5336251589715,
      355.5878483543343,
      362.0563026341829,
      368.0371712190049,
      373.6052583140367,
      378.8189505881501,
      383.7247499615278,
      388.360332532221,
      392.7566761230519,
      396.9395787295989,
      400.9307667352678,
      404.7487196799957,
      408.4092947471818,
      411.9262069009073,
      415.311403133127,
      418.5753577945943,
      421.7273082666834,
      424.7754449448094,
      427.7270658176785,
      430.5887033142826,
      433.3662292119207,
      436.0649420292302,
      438.6896403176233,
      441.2446845101185
    ],
    "EL_PBL": [
      0.0,
      6.171843327720908,
      6.661033167657323,
      6.733587509941264,
      6.758277249725993,
      6.765884885415895,
      6.766397834289864,
      6.763918591799976,
      6.760367042984759,
      6.756706399470906,
      6.753431395080515,
      6.750789523779483,
      6.748891277651761,
      6.747769128136004,
      6.747410818295522,
      6.747778911823898,
      6.748822592807162,
      6.750484906877936,
      6.752707228323096,
      6.755431993844709,
      6.758604331699118,
      6.762172977543651,
      6.766090726702148,
      6.770314585483946,
      6.774805729209783,
      6.779529339065632,
      6.78445436647846,
      6.789553257989071,
      6.794801662900147,
      6.800178138613242,
      6.805663863448429,
      6.811242363169232
    ],
    "EXCH_H": [
      0.0,
      0.04939267674174559,
      0.05329704104407652,
      0.05387869020851804,
      0.05407726729298648,
      0.05413904838159507,
      0.05414394313991251,
      0.05412478210724797,
      0.05409693525677314,
      0.05406811899640423,
      0.05404230136579406,
      0.05402147173943431,
      0.05400652264874132,
      0.05399772162315164,
      0.05399497756067621,
      0.05399799717351602,
      0.05400637944883462,
      0.05401967364275169,
      0.05403741508014887,
      0.05405914708386958,
      0.0540844340622112,
      0.05411286888508935,
      0.05414407654666268,
      0.05417771541577941,
      0.0542134769358386,
      0.05425108435142464,
      0.05429029085164887,
      0.05433087739435871,
      0.05437265038976787,
      0.05441543936311367,
      0.05445909467495674,
      0.054503485349141
    ],
    "EXCH_M": [
      0.0,
      0.1733815426436943,
      0.1871022209109568,
      0.1891425434454266,
      0.1898381945969121,
      0.1900537770697247,
      0.1900698241442363,
      0.1900015834522279,
      0.1899030013946191,
      0.1898011542157559,
      0.1897099589214292,
      0.189636386685727,
      0.1895835589155959,
      0.1895524038436279,
      0.1895425916882816,
      0.1895530838521212,
      0.1895824644844937,
      0.1896291440086709,
      0.1896914847283088,
      0.1897678777394373,
      0.1898567888054474,
      0.1899567841861565,
      0.1900665434350902,
      0.1901848637337415,
      0.1903106587874249,
      0.1904429543093597,
      0.190580881461566,
      0.1907236691795841,
      0.1908706360074981,
      0.1910211818628106,
      0.1911747800068374,
      0.1913309693959125
    ],
    "P": [
      100023.9405698841,
      97392.25284207752,
      94377.88401479044,
      91207.06125180933,
      87956.26493035548,
      84669.36692802602,
      81375.61418525515,
      78096.07277156397,
      74846.62791421261,
      71639.60660573823,
      68484.7480006053,
      65389.82782818428,
      62361.08337907788,
      59403.51594553828,
      56521.11400295015,
      53717.02292370373,
      50993.67732255783,
      48352.90648366437,
      45796.01988368949,
      43323.87765832187,
      40936.94944864387,
      38635.36411956725,
      36418.95219476189,
      34287.28239820826,
      32239.69336747657,
      30275.3213670374,
      28393.12465450925,
      26591.90502084058,
      24870.32692483176,
      23226.9345647023,
      21660.16716867836,
      20168.37273859334
    ],
    "PI": [
      1.000068395780562,
      0.9924788498690604,
      0.9836035045594538,
      0.9740462098240533,
      0.9639981989254279,
      0.9535651599213436,
      0.9428159845887144,
      0.9317998305658215,
      0.920553876258157,
      0.9091074103416963,
      0.8974842125322366,
      0.8857040423859199,
      0.8737836225595532,
      0.8617373169009529,
      0.8495776148530291,
      0.8373154877854616,
      0.8249606576897494,
      0.8125218041349983,
      0.8000067266231883,
      0.7874224740119822,
      0.7747754491479075,
      0.7620714945183932,
      0.7493159631477515,
      0.7365137778649232,
      0.7236694812956083,
      0.7107872783741592,
      0.6978710727636198,
      0.6849244982707177,
      0.6719509461161787,
      0.6589535887486081,
      0.6459354007579031,
      0.632899177341444
    ],
    "PINT": [
      101200.0,
      98847.88113976826,
      95936.6245443868,
      92819.1434851941,
      89594.97901842455,
      86317.55084228641,
      83021.18301376565,
      79730.04535674465,
      76462.10018638328,
      73231.15564204195,
      70048.05756943449,
      66921.43843177609,
      63858.21722459247,
      60863.94953356329,
      57943.08235751327,
      55099.14564838704,
      52334.90019902041,
      49652.45444609525,
      47053.35852123349,
      44538.68124614548,
      42109.07407049827,
      39764.82482678947,
      37505.90341234503,
      35332.00097717876,
      33242.56381923777,
      31236.82291571537,
      29313.81981835943,
      27472.42949065908,
      25711.38055102207,
      24029.27329864145,
      22424.59583076314,
      20895.73850659358
    ],
    "QC": [
      0.0,
      0.0,
      0.0,
      0.0,
      0.0,
      0.0,
      0.0,
      0.0,
      0.0,
      0.0,
      0.0,
      0.0,
      0.0,
      0.0,
      0.0,
      0.0,
      0.0,
      0.0,
      0.0,
      0.0,
      0.0,
      0.0,
      0.0,
      0.0,
      0.0,
      0.0,
      0.0,
      0.0,
      0.0,
      0.0,
      0.0,
      0.0
    ],
    "QV": [
      0.009620915392136142,
      0.008814316584754999,
      0.007954480658431025,
      0.007119959600221364,
      0.006334631676176872,
      0.005608606338307296,
      0.004945475650820349,
      0.004345235612450468,
      0.003805789052662101,
      0.003323822136604134,
      0.002895352531480228,
      0.002516085410037309,
      0.002181648406592285,
      0.001887746477320046,
      0.001630262032917476,
      0.001405316940551931,
      0.00120930770162619,
      0.001038921737095114,
      0.00089114045999974,
      0.0007632332573458915,
      0.000652745395880923,
      0.0005574820619240405,
      0.0004754901520853838,
      0.0004050389893528401,
      0.0003446008069975674,
      0.0002928315927279176,
      0.0002485526972433212,
      0.0002107334699833468,
      0.0001784750793933064,
      0.0001509955970936173,
      0.0001276163685687327,
      0.000107749652466823
    ],
    "RHO": [
      1.197171702992128,
      1.171726785518265,
      1.142940132795995,
      1.11241837067762,
      1.080868299908949,
      1.048698581010389,
      1.016185668496882,
      0.9835325714164783,
      0.9508959032507828,
      0.9184003694770068,
      0.886147367472068,
      0.8542204956280468,
      0.822689298514822,
      0.7916119373384903,
      0.7610371697249979,
      0.7310058652156031,
      0.7015521963546136,
      0.672704595359267,
      0.6444865363576383,
      0.6169171844721767,
      0.5900119409832412,
      0.5637829058280247,
      0.5382392732624076,
      0.5133876727288977,
      0.4892324642735804,
      0.4657759958858962,
      0.4430188286694762,
      0.420959934640397,
      0.39959687109075,
      0.3789259347818614,
      0.3589422986953782,
      0.3396401336382039
    ],