{
  "columns": {
    "DZ": [
      200.957524225555,
      254.3655574225876,
      279.372371651905,
      296.9609103047603,
      310.765067211393,
      322.2278484712306,
      332.0835518397932,
      340.7609078542748,
      348.5336251589715,
      355.5878483543343,
      362.0563026341829,
      368.0371712190049,
      373.6052583140367,
      378.8189505881501,
      383.7247499615278,
      388.360332532221,
      392.7566761230519,
      396.9395787295989,
      400.9307667352678,
      404.7487196799957,
      408.4092947471818,
      411.9262069009073,
      415.311403133127,
      418.5753577945943,
      421.7273082666834,
      424.7754449448094,
      427.7270658176785,
      430.5887033142826,
      433.3662292119207,
      436.0649420292302,
      438.6896403176233,
      441.2446845101185
    ],
    "EL_PBL": [
      0.0,
      14.5020808691399,
      15.67251251847633,
      17.19467329997894,
      16.12486537022907,
      10.20692677088314,
      10.19577145556259,
      10.18070679830928,
      10.16583501489468,
      10.15304040099568,
      10.14314133329155,
      10.13641312267544,
      10.13284704331648,
      10.13228693035006,
      10.13450437686191,
      10.13924122924245,
      10.14623383597629,
      10.15522674863799,
      10.16598016734402,
      10.17827361521726,
      10.19190732474514,
      10.20670224304071,
      10.22249922133263,
      10.23915774570989,
      10.25655443620259,
      10.27458145859239,
      10.2931449399093,
      10.31216344358073,
      10.33156653709757,
      10.35129346976578,
      10.37129196797155,
      10.39151714876459
    ],
    "EXCH_H": [
      0.0,
      11.31379962257916,
      12.22691197328299,
      13.41442583633942,
      0.1287665043122571,
      0.08161274447338486,
      0.08152549050532835,
      0.08140664828937814,
      0.08128904786143046,
      0.08118778768240104,
      0.08110944237174085,
      0.08105624193381693,
      0.08102814242645172,
      0.08102391812676407,
      0.08104176294753955,
      0.08107963045944698,
      0.08113542804065316,
      0.08120712668325718,
      0.08129282076358701,
      0.08139075763748356,
      0.08149934891657554,
      0.08161717067896229,
      0.08174295713652154,
      0.08187559061578568,
      0.08201408967027464,
      0.08215759648084404,
      0.0823053642731165,
      0.08245674520105571,
      0.08261117896082615,
      0.08276818227658779,
      0.082927339318638,
      0.0830882930612163
    ],
    "EXCH_M": [
      0.0,
      4.929250117331343,
      5.327079256258364,
      5.844460953307467,
      0.4509666845360403,
      0.2865783516070288,
      0.28626973951908,
      0.2858505675728064,
      0.2854360919068786,
      0.2850792995000956,
      0.2848032452021858,
      0.2846157290558173,
      0.2845165683589469,
      0.2845014331587205,
      0.2845639581831306,
      0.2846969367330968,
      0.2848930022674159,
      0.2851450137849942,
      0.2854462654978116,
      0.2857905905500181,
      0.2861724004221504,
      0.2865866854937982,
      0.2870289926453778,
      0.2874953899309377,
      0.2879824247046956,
      0.2884870792614782,
      0.2890067265500056,
      0.2895390875347172,
      0.2900821911325417,
      0.2906343372209593,
      0.2911940629285115,
      0.2917601122325535
    ],
    "P": [
      98877.34022864261,
      96360.10780515811,
      93466.73368934481,
      90411.9236682456,
      87269.92551607708,
      84089.36272421083,
      80903.31510793045,
      77732.11722783576,
      74591.04171757476,
      71491.87865414601,
      68443.8825474957,
      65454.38367710014,
      62529.20573765405,
      59672.96424359307,
      56889.28760799196,
      54180.98587793019,
      51550.18273369693,
      48998.42089841864,
      46526.74778452601,
      44135.78610915797,
      41825.7928464296,
      39596.7089703211,
      37448.20181358099,
      35379.70142612638,
      33390.43199912301,
      31479.43918875771,
      29645.61400088864,
      27887.7137670715,
      26204.38064221702,
      24594.1579762388,
      23055.50485080053,
      21586.80902359209
    ],
    "PI": [
      0.9967794566474706,
      0.9894622327274495,
      0.9808809602210984,
      0.9716124249520369,
      0.9618429651656557,
      0.9516942514760103,
      0.9412492912721597,
      0.930557040139469,
      0.9196546340399433,
      0.9085713955942754,
      0.8973311694145242,
      0.8859537851519861,
      0.8744560260591343,
      0.8628522989083444,
      0.8511551141988547,
      0.8393754407472359,
      0.8275229741570589,
      0.8156063444668056,
      0.8036332797273209,
      0.791610736924019,
      0.7795450082219232,
      0.7674418082359842,
      0.7553063464852383,
      0.7431433881188054,
      0.7309573052445116,
      0.7187521206456233,
      0.706531545271971,
      0.6942990105950082,
      0.6820576966927222,
      0.6698105567595886,
      0.6575603386048853,
      0.6453096035997157
    ],
    "PINT": [
      100000.0,
      97754.68045728523,
      94965.535153031,
      91967.93222565862,
      88855.91511083258,
      85683.93592132158,
      82494.78952710009,
      79311.8406887608,
      76152.3937669107,
      73029.68966823882,
      69954.06764005321,
      66933.69745493818,
      63975.06989926208,
      61083.34157604603,
      58262.58691114013,
      55515.98830484379,
      52845.9834510166,
      50254.38201637727,
      47742.45978046001,
      45311.03578859202,
      42960.53642972391,
      40691.04926313528,
      38502.36867750692,
      36394.03494965506,
      34365.36790259772,
      32415.49609564831,
      30543.3822818671,
      28747.84571991017,
      27027.58181423283,
      25381.17947020121,
      23807.13648227639,
      22303.87321932467
    ],
    "QC": [
      0.0,
      0.0,
      0.0,
      0.0,
      0.0,
      0.0,
      0.0,
      0.0,
      0.0,
      0.0,
      0.0,
      0.0,
      0.0,
      0.0,
      0.0,
      0.0,
      0.0,
      0.0,
      0.0,
      0.0,
      0.0,
      0.0,
      0.0,
      0.0,
      0.0,
      0.0,
      0.0,
      0.0,
      0.0,
      0.0,
      0.0,
      0.0
    ],
    "QV": [
      0.01340155722874638,
      0.01213856570798036,
      0.01080876790808456,
      0.009535939865011799,
      0.00835577955131077,
      0.007281568597435519,
      0.006316117481996034,
      0.005456645164634281,
      0.004697298351378802,
      0.00403060963633421,
      0.003448392019196962,
      0.002942301412292878,
      0.002504190311409232,
      0.002126324650513327,
      0.001801508921449809,
      0.001523149179618133,
      0.001285274063914443,
      0.001082527815348266,
      0.0009101451387429156,
      0.0007639148770453336,
      0.0006401374276989607,
      0.0005355793613509806,
      0.0004474276355296172,
      0.0003732450168730102,
      0.0003109277571479711,
      0.0002586661555151301,
      0.0002149083423626427,
      0.0001783274091655169,
      0.000147791862333831,
      0.0001223392804218108,
      0.0001011529909235584,
      8.35415457284161e-05
    ],
    "RHO": [
      1.142679568228821,
      1.122424376459297,
      1.098835947063308,
      1.073578767075978,
      1.04595193758049,
      1.014437737526128,
      0.9826220673906872,
      0.9507110191084253,
      0.9188637596771414,
      0.8872067220141563,
      0.855842095529575,
      0.8248533311519646,
      0.7943089421244072,
      0.7642652625476487,
      0.7347685306756148,
      0.7058565125799744,
      0.6775597993214783,
      0.6499028635493732,
      0.6229049332452676,
      0.5965807228285035,
      0.5709410505976577,
      0.5459933640188688,
      0.521742189258412,
      0.4981895177474281,
      0.4753351399453783,
      0.453176934514316,
      0.4317111196235928,
      0.4109324719406847,
      0.3908345179395327,
      0.3714097014126392,
      0.3526495304648823,
      0.3345447067655488
    ],