{
  "columns": {
    "DZ": [
      200.957524225555,
      254.3655574225876,
      279.372371651905,
      296.9609103047603,
      310.765067211393,
      322.2278484712306,
      332.0835518397932,
      340.7609078542748,
      348.5336251589715,
      355.5878483543343,
      362.0563026341829,
      368.0371712190049,
      373.6052583140367,
      378.8189505881501,
      383.7247499615278,
      388.360332532221,
      392.7566761230519,
      396.9395787295989,
      400.9307667352678,
      404.7487196799957,
      408.4092947471818,
      411.9262069009073,
      415.311403133127,
      418.5753577945943,
      421.7273082666834,
      424.7754449448094,
      427.7270658176785,
      430.5887033142826,
      433.3662292119207,
      436.0649420292302,
      438.6896403176233,
      441.2446845101185
    ],
    "EL_PBL": [
      0.0,
      6.123310920796572,
      6.647140522150825,
      6.727045926788352,
      6.761209123590978,
      6.779841457724334,
      6.792517194260933,
      6.803001683635997,
      6.812936282681972,
      6.823057144714351,
      6.833677696549778,
      6.844904182244382,
      6.856740230133664,
      6.869140395303616,
      6.88203841832977,
      6.895362248560998,
      6.909041869294033,
      6.92301311706746,
      6.937219254281543,
      6.95161129448498,
      6.966147659360411,
      6.980793505942403,
      6.995519921362916,
      7.010303097948357,
      7.02512355044427,
      7.039965406262885,
      7.054815781121568,
      7.069664241599994,
      7.084286443028392,
      7.098992343124162,
      7.113864720491988,
      7.128693011473795
    ],
    "EXCH_H": [
      0.0,
      0.0495189317925444,
      0.05412247961025567,
      0.05475022810312402,
      0.05501116302635019,
      0.05515130667919581,
      0.05524814149761181,
      0.05533173773750802,
      0.05541488231926584,
      0.05550304515202321,
      0.05559831912088396,
      0.05570117427929975,
      0.05581130375726465,
      0.05592805281746874,
      0.05605064204354417,
      0.05617828331076612,
      0.05631023786843709,
      0.05644584253379718,
      0.05658451826482969,
      0.05672576917279527,
      0.05686917661268261,
      0.05701439103834872,
      0.05716112316772474,
      0.05730913532393814,
      0.0574582334097506,
      0.05760825972735994,
      0.05775908670984322,
      0.05791061154659184,
      0.05806051647660811,
      0.05821199982587374,
      0.05836594412961613,
      0.05852017163482719
    ],
    "EXCH_M": [
      0.0,
      0.1706600609273341,
      0.1851205426166233,
      0.187353068473691,
      0.1883100239036892,
      0.1888326856917166,
      0.1891877890284156,
      0.1894803602769694,
      0.1897562928313543,
      0.1900362683779959,
      0.1903291836382004,
      0.1906381488677694,
      0.1909633987294614,
      0.1913037837675019,
      0.191657558575352,
      0.1920228017512277,
      0.1923976355220141,
      0.1927803337904601,
      0.1931693675170056,
      0.1935634152255293,
      0.1939613547412881,
      0.1943622455864198,
      0.1947653075337804,
      0.195169898472393,
      0.1955754933185994,
      0.195981664847861,
      0.1963880668060464,
      0.1967944193563796,
      0.1971945915394824,
      0.197597064778736,
      0.1980041084488596,
      0.1984099674030077
    ],
    "P": [
      99321.36620795811,
      96687.81148456951,
      93679.19298618741,
      90523.28797810186,
      87297.24268269655,
      84045.0698872891,
      80795.82314125562,
      77570.14176983922,
      74383.316636804,
      71246.9602339433,
      68170.01332752744,
      65159.39787811815,
      62220.46478798833,
      59357.31463783287,
      56573.03559715816,
      53869.88496982463,
      51249.43099613853,
      48712.66577975381,
      46260.0966937778,
      43891.82139217309,
      41607.59009255404,
      39406.85781204577,
      37288.8285570669,
      35252.49298635792,
      33296.6607190894,
      31419.98820459953,
      29621.00287973103,
      27898.12419538991,
      26249.68262536568,
      24673.93535054246,
      23169.07918230173,
      21733.26350117424
    ],
    "PI": [
      0.9980563285733907,
      0.9904224918379062,
      0.9815174840679454,
      0.9719542110377981,
      0.961928977083214,
      0.9515509985325815,
      0.9408918106569425,
      0.9300026096029047,
      0.9189221614091437,
      0.9076809900929278,
      0.8963038277358769,
      0.8848111550687614,
      0.8732202249432057,
      0.8615457724195641,
      0.849800525026771,
      0.8379955801897296,
      0.8261406912426564,
      0.8142444886603782,
      0.8023146542158114,
      0.7903580601841287,
      0.7783808821015007,
      0.7663886911840722,
      0.7543865308752175,
      0.7423789808477268,
      0.730370210976127,
      0.7183640272070959,
      0.7063639108241206,
      0.6943730522803969,
      0.6823943853003422,
      0.6704306103703372,
      0.6584842078831921,
      0.6465574604867054
    ],
    "PINT": [
      100500.0,
      98142.73241591624,
      95232.89055322278,
      92125.49541915204,
      88921.08053705168,
      85673.40482834143,
      82416.73494623676,
      79174.91133627447,
      75965.37220340398,
      72801.26107020401,
      69692.65939768258,
      66647.36725737229,
      63671.42849886401,
      60769.50107711266,
      57945.12819855309,
      55200.94299576324,
      52538.82694388604,
      49960.03504839103,
      47465.2965111166,
      45054.896876439,
      42728.74590790719,
      40486.4342772009,
      38327.28134689065,
      36250.37576724314,
      34254.61020547271,
      32338.71123270609,
      30501.26517649298,
      28740.74058296908,
      27055.50780781075,
      25443.85744292061,
      23904.01325816432,
      22434.14510643914
    ],
    "QC": [
      0.0,
      0.0,
      0.0,
      0.0,
      0.0,
      0.0,
      0.0,
      0.0,
      0.0,
      0.0,
      0.0,
      0.0,
      0.0,
      0.0,
      0.0,
      0.0,
      0.0,
      0.0,
      0.0,
      0.0,
      0.0,
      0.0,
      0.0,
      0.0,
      0.0,
      0.0,
      0.0,
      0.0,
      0.0,
      0.0,
      0.0,
      0.0
    ],
    "QV": [
      0.005634792046505441,
      0.004887455301969226,
      0.004136618543069421,
      0.003454834403143261,
      0.00285725152770318,
      0.002344447748178964,
      0.001910906161627273,
      0.001548541725882541,
      0.001248457918474497,
      0.001001872915749359,
      0.0008006009601355639,
      0.0006372795639829246,
      0.0005054480057102674,
      0.0003995394907414629,
      0.0003148252441229372,
      0.0002473343626223637,
      0.000193764218400111,
      0.0001513904061142936,
      0.0001179814593812331,
      9.172111814131264e-05,
      7.113935993488537e-05,
      5.50524256547351e-05,
      4.25114806256162e-05,
      3.275922359863691e-05,
      2.519359954340528e-05,
      1.933772527558356e-05,
      1.481515777862232e-05,
      1.132969497783514e-05,
      1e-05,
      1e-05,
      1e-05,
      1e-05
    ],
    "RHO": [
      1.199830270156089,
      1.17119205903898,
      1.139265478769605,
      1.105612163387648,
      1.071046849582891,
      1.036041351579911,
      1.000912229629473,
      0.9658879061525388,
      0.9311400436926716,
      0.8968007111110627,
      0.8629728364960041,
      0.8297370876025548,
      0.797156672254428,
      0.7652808383313597,
      0.7341475126596428,
      0.7037853425023365,
      0.6742153066877762,
      0.6454520071898243,
      0.6175047176291055,
      0.5903782432478987,
      0.5640736323669815,
      0.5385887693402605,
      0.5139188719473449,
      0.4900569110230188,
      0.466993966305177,
      0.4447195295972231,
      0.4232217641275278,
      0.4024877272703639,
      0.3825032547480917,
      0.3632539411382975,
      0.3447248480053298,
      0.3269002405970112
    ],