{
  "columns": {
    "DZ": [
      200.957524225555,
      254.3655574225876,
      279.372371651905,
      296.9609103047603,
      310.765067211393,
      322.2278484712306,
      332.0835518397932,
      340.7609078542748,
      348.5336251589715,
      355.5878483543343,
      362.0563026341829,
      368.0371712190049,
      373.6052583140367,
      378.8189505881501,
      383.7247499615278,
      388.360332532221,
      392.7566761230519,
      396.9395787295989,
      400.9307667352678,
      404.7487196799957,
      408.4092947471818,
      411.9262069009073,
      415.311403133127,
      418.5753577945943,
      421.7273082666834,
      424.7754449448094,
      427.7270658176785,
      430.5887033142826,
      433.3662292119207,
      436.0649420292302,
      438.6896403176233,
      441.2446845101185
    ],
    "EL_PBL": [
      0.0,
      13.82607962927697,
      14.86830381293229,
      12.75354111639253,
      10.32946333519926,
      10.33371980238367,
      10.32386531417496,
      10.30925519439019,
      10.29407274601631,
      10.28025414087126,
      10.26865967972515,
      10.25960375302346,
      10.25311633567833,
      10.24908019902638,
      10.24730599299861,
      10.24757437088785,
      10.24965981466996,
      10.25334394455304,
      10.25842263702207,
      10.26470944405652,
      10.27203679392707,
      10.28025587369124,
      10.28923575031065,
      10.29886207885171,
      10.30903561670053,
      10.31967068076209,
      10.33069363193813,
      10.34204143700461,
      10.35366033568926,
      10.36550462618584,
      10.3775355729001,
      10.38972043422218
    ],
    "EXCH_H": [
      0.0,
      0.1383137387317444,
      0.1390481803253112,
      0.1034112981354076,
      0.08244660900657018,
      0.08247678321252222,
      0.08239520850688584,
      0.08227636942390887,
      0.08215349845839655,
      0.08204192544021598,
      0.08194842202667424,
      0.08187542593845976,
      0.08182312278528196,
      0.08179053683995482,
      0.08177612687186224,
      0.0817781197495486,
      0.08179469864194396,
      0.08182410779380231,
      0.08186470826582694,
      0.08191500443772329,
      0.08197365301588068,
      0.08203946167421944,
      0.08211138173174468,
      0.08218849761733342,
      0.08227001484653113,
      0.08235524758701286,
      0.08244360647340096,
      0.08253458706268203,
      0.08262775914574061,
      0.08272275701606426,
      0.08281927072261214,
      0.08291703828689137
    ],
    "EXCH_M": [
      0.0,
      0.3865261185161253,
      0.4142485532223428,
      0.3553319453881717,
      0.2890430059723177,
      0.2891836610277734,
      0.2889262077347923,
      0.2885326797496082,
      0.2881204586450281,
      0.2877440507228741,
      0.2874278351639974,
      0.2871808843758235,
      0.2870042795419119,
      0.2868949516932026,
      0.2868477855221226,
      0.2868568013276885,
      0.286915824830382,
      0.2870188624810901,
      0.2871603032057695,
      0.2873350163325628,
      0.2875383871479272,
      0.2877663153001639,
      0.2880151916670253,
      0.2882818634690306,
      0.2885635937822734,
      0.2888580193074758,
      0.2891631087746415,
      0.2894771234033723,
      0.2897985802117419,
      0.2901262185568905,
      0.2904589700244823,
      0.2907959316147391
    ],
    "P": [
      98859.34336774255,
      96303.30878612271,
      93368.64326810704,
      90274.96762134862,
      87099.21912162243,
      83886.25341466675,
      80664.591971793,
      77454.80794605507,
      74272.4425392055,
      71129.58163192464,
      68035.79837614507,
      64998.75957865108,
      62024.63833724253,
      59118.40762571796,
      56284.05686966162,
      53524.75655832545,
      50842.98652708517,
      48240.63806237567,
      45719.09664728193,
      43279.31006316816,
      40921.8451934027,
      38646.93595816488,
      36454.52417961264,
      34344.29473451745,
      32315.70603465731,
      30368.01664407471,
      28500.30867078653,
      26711.50844134514,
      25000.40486800017,
      23365.66584193373,
      21805.8529263875,
      20319.43457636098
    ],
    "PI": [
      0.99672761733275,
      0.9892955593703904,
      0.9805867344979176,
      0.9711916831998343,
      0.9613050361836585,
      0.9510369067738392,
      0.9404549209417984,
      0.9296073258366754,
      0.9185306029849715,
      0.9072534828390317,
      0.8957992822348706,
      0.8841873666116179,
      0.8724341162292343,
      0.860553592953309,
      0.8485580169394435,
      0.8364581175495474,
      0.8242633981424565,
      0.811982340130939,
      0.7996225631154161,
      0.7871909525460735,
      0.774693762912435,
      0.7621367021730181,
      0.7495250015862414,
      0.7368634740279068,
      0.7241565631198064,
      0.7114083849463873,
      0.6986227637358411,
      0.6858032625846108,
      0.6729532100805653,
      0.6600757235096615,
      0.6471737291996321,
      0.6342499804520825
    ],
    "PINT": [
      100000.0,
      97718.68673548511,
      94887.93083676032,
      91849.35569945376,
      88700.57954324347,
      85497.8587000014,
      82274.6481293321,
      79054.53581425389,
      75855.08007785624,
      72689.80500055476,
      69569.35826329453,
      66502.2384889956,
      63495.28066830655,
      60553.99600617851,
      57682.81924525741,
      54885.29449406584,
      52164.21862258505,
      49521.7544315853,
      46959.52169316605,
      44478.67160139781,
      42079.9485249385,
      39763.74186186689,
      37530.13005446287,
      35378.91830476242,
      33309.67116427248,
      31321.74090504214,
      29414.29238310727,
      27586.32495846579,
      25836.69192422449,
      24164.11781177585,
      22567.21387209159,
      21044.4919806834
    ],
    "QC": [
      0.0,
      0.0,
      0.0,
      0.0,
      0.0,
      0.0,
      0.0,
      0.0,
      0.0,
      0.0,
      0.0,
      0.0,
      0.0,
      0.0,
      0.0,
      0.0,
      0.0,
      0.0,
      0.0,
      0.0,
      0.0,
      0.0,
      0.0,
      0.0,
      0.0,
      0.0,
      0.0,
      0.0,
      0.0,
      0.0,
      0.0,
      0.0
    ],
    "QV": [
      0.00859819599076698,
      0.00775292269480595,
      0.006867264314233626,
      0.006024177662955053,
      0.005247026012255664,
      0.004543962441860356,
      0.003916084409688385,
      0.003360779980636594,
      0.002873455279354672,
      0.00244852947017814,
      0.002080039085608168,
      0.001762012020781767,
      0.001488697016954554,
      0.001254699058849792,
      0.00105505232578111,
      0.0008852514776605887,
      0.000741255349623476,
      0.0006194727702834458,
      0.0005167372766207058,
      0.0004302754573796815,
      0.0003576722135989902,
      0.0002968351920225099,
      0.0002459599033250271,
      0.0002034965007983933,
      0.0001681188098581392,
      0.0001386959242637933,
      0.0001142664921748615,
      9.401568267146366e-05,
      7.725473524188253e-05,
      6.34029390779382e-05,
      5.197185689114285e-05,
      4.255159265914686e-05
    ],
    "RHO": [
      1.1610593718884,
      1.139244092049456,
      1.11393202316703,
      1.086332805460813,
      1.056154498912935,
      1.02534804697975,
      0.9941791318529689,
      0.962843683561694,
      0.9314934104781973,
      0.9002494803475606,
      0.8692106611637823,
      0.8384585579319082,
      0.8080611918794983,
      0.7780755677136552,
      0.7485495878031493,
      0.7195235246403316,
      0.6910311822965847,
      0.6631008312378738,
      0.635755973062077,
      0.60901597439643,
      0.5828965980253746,
      0.5574104518889245,
      0.5325673715010254,
      0.5083747477525065,
      0.4848378094732969,
      0.4619598682129303,
      0.4397425312508964,
      0.4181858877337428,
      0.3972886719631245,
      0.3770484071659472,
      0.3574615325207212,
      0.338523515762034
    ],