{
  "commands": {
    "parity": "taskset -c 0-3 python - <<PY ... surface_flux_parity_hour_1.json",
    "pipeline": "TF_GPU_ALLOCATOR=cuda_malloc_async XLA_PYTHON_CLIENT_PREALLOCATE=false taskset -c 0-3 python scripts/m7_daily_pipeline.py --hours 24 --output-dir /tmp/m12_surface_flux_mynn_20260521 --proof-dir proofs/m12"
  },
  "cpu_root": "/mnt/data/canairy_meteo/runs/wrf_l3/20260521_18z_l3_24h_20260522T133443Z",
  "fields": {
    "HFX": {
      "cell_count": 5872,
      "cpu_max": 254.2724151611328,
      "cpu_min": -28.643943786621094,
      "gpu_max": 1047.53271484375,
      "gpu_min": -930.9297485351562,
      "max_abs_diff": 1185.202163696289,
      "max_relative_abs_diff": 39.87832628019746,
      "mean_abs_diff": 25.63733962787333,
      "mean_relative_abs_diff": 1.7523216354371987,
      "nontrivial_threshold_abs_w_m2": 5.0,
      "p95_relative_abs_diff": 6.4817689741730495,
      "passes_5pct_per_cell_all_nontrivial": false,
      "rmse": 65.44089239755002,
      "within_5pct_cell_fraction": 0.030483651226158037
    },
    "LH": {
      "cell_count": 9923,
      "cpu_max": 475.8240966796875,
      "cpu_min": 5.0649213790893555,
      "gpu_max": 471.40447998046875,
      "gpu_min": 2.4997849464416504,
      "max_abs_diff": 407.13255310058594,
      "max_relative_abs_diff": 15.92050572875682,
      "mean_abs_diff": 30.974093821288285,
      "mean_relative_abs_diff": 0.462882666935101,
      "nontrivial_threshold_abs_w_m2": 5.0,
      "p95_relative_abs_diff": 1.1061879939023749,
      "passes_5pct_per_cell_all_nontrivial": false,
      "rmse": 41.25788800433628,
      "within_5pct_cell_fraction": 0.07326413383049481
    }
  },
  "gpu_root": "/tmp/m12_surface_flux_mynn_20260521",
  "schema": "M12SurfaceFluxParityHour1",
  "schema_version": 1,
  "status": "FAIL",
  "valid_time": "2026-05-21T19:00:00"
}
