{
  "scheme": "WDM5 (mp_physics=14)",
  "scalars": {
    "CASE": 1,
    "KX": 40,
    "DT": 90.0,
    "RAIN": 0.01504620108255771,
    "RAINNCV": 0.01504620108255771,
    "SNOW": 0.0,
    "SNOWNCV": 0.0,
    "SR": 0.0
  },
  "columns": {
    "T_IN": [
      296.9894724269045,
      294.4619613343141,
      291.6427781676771,
      288.6414404935171,
      285.5037461599721,
      282.896166360576,
      281.1940897094227,
      279.4305412100283,
      277.6091310581811,
      275.7326302336515,
      273.8032308507408,
      271.8227078283041,
      269.7925249703116,
      267.7139077531266,
      265.5878951449856,
      263.4153776467948,
      261.1971259400596,
      258.9338129231747,
      256.6260309612206,
      254.2743055846757,
      251.8791064974003,
      249.4408565090299,
      246.9599388424132,
      244.4367031536366,
      241.8714705225594,
      239.2645376144019,
      236.6161801706177,
      233.9266559553669,
      231.1962072593188,
      228.4250630431835,
      225.6134407879211,
      222.7615481060355,
      219.869584158092,
      216.9377409101295,
      213.9662042606568,
      210.9551550602031,
      207.9047700417454,
      204.8152226766532,
      201.6866839679438,
      198.5193231905419
    ],
    "QV_IN": [
      0.01955925022442952,
      0.01722574274984858,
      0.01490731441163644,
      0.01273664208134673,
      0.01076092966470522,
      0.009148971398565759,
      0.0079372813865653,
      0.00686692335596907,
      0.00592669326810152,
      0.005104318924852688,
      0.00438741673980344,
      0.003764063269190699,
      0.003223123664389372,
      0.002754421770693143,
      0.002348805854902788,
      0.001998146004342349,
      0.001695288010692383,
      0.001433981120727747,
      0.001208791903139023,
      0.00101501282174709,
      0.0008485714395039788,
      0.0007059442081536061,
      0.0005840773332299306,
      0.0004803161132874764,
      0.0003923433447664448,
      0.0003181267938761982,
      0.0002558753157113254,
      0.0002040029119433857,
      0.0001610998340018081,
      0.0001259097371611772,
      9.731185552854292e-05,
      7.430718507855996e-05,
      5.600772050053258e-05,
      4.162788219874651e-05,
      3.04773838635059e-05,
      2.195492077279226e-05,
      1.554219694398527e-05,
      1.079794827074761e-05,
      7.351752029458735e-06,
      4.89753431556364e-06
    ],
    "QC_IN": [
      0.0003401166151803343,
      0.0006364174130859637,
      0.001046171148221886,
      0.001406336960698022,
      0.001482670999524573,
      0.001189181458000551,
      0.000708159716762436,
      0.0003067591282781895,
      9.495287776132536e-05,
      0.0,
      0.0,
      0.0,
      0.0,
      0.0,
      0.0,
      0.0,
      0.0,
      0.0,
      0.0,
      0.0,
      0.0,
      0.0,
      0.0,
      0.0,
      0.0,
      0.0,
      0.0,
      0.0,
      0.0,
      0.0,
      0.0,
      0.0,
      0.0,
      0.0,
      0.0,
      0.0,
      0.0,
      0.0,
      0.0,
      0.0
    ],
    "QR_IN": [
      0.0001290995300599549,
      0.0002049184724270699,
      0.0003062252690062418,
      0.000411833437750346,
      0.0004858963309053774,
      0.0004938329859363728,
      0.0004261545414381889,
      0.0003085136636239407,
      0.0001854299144388407,
      9.168089477449217e-05,
      3.69797058275997e-05,
      1.207646243458373e-05,
      0.0,
      0.0,
      0.0,
      0.0,
      0.0,
      0.0,
      0.0,
      0.0,
      0.0,
      0.0,
      0.0,
      0.0,
      0.0,
      0.0,
      0.0,
      0.0,
      0.0,
      0.0,
      0.0,
      0.0,
      0.0,
      0.0,
      0.0,
      0.0,
      0.0,
      0.0,
      0.0,
      0.0
    ],
    "QI_IN": [
      0.0,
      0.0,
      0.0,
      0.0,
      0.0,
      0.0,
      0.0,
      0.0,
      0.0,
      0.0,
      0.0,
      0.0,
      0.0,
      0.0,
      0.0,
      0.0,
      0.0,
      0.0,
      0.0,
      0.0,
      0.0,
      0.0,
      0.0,
      0.0,
      0.0,
      0.0,
      0.0,
      0.0,
      0.0,
      0.0,
      0.0,
      0.0,
      0.0,
      0.0,
      0.0,
      0.0,
      0.0,
      0.0,
      0.0,
      0.0
    ],
    "QS_IN": [
      0.0,
      0.0,
      0.0,
      0.0,
      0.0,
      0.0,
      0.0,
      0.0,
      0.0,
      0.0,
      0.0,
      0.0,
      0.0,
      0.0,
      0.0,
      0.0,
      0.0,
      0.0,
      0.0,
      0.0,
      0.0,
      0.0,
      0.0,
      0.0,
      0.0,
      0.0,
      0.0,
      0.0,
      0.0,
      0.0,
      0.0,
      0.0,
      0.0,
      0.0,
      0.0,
      0.0,
      0.0,
      0.0,
      0.0,
      0.0
    ],
    "NN_IN": [
      100000000.0,
      100000000.0,
      100000000.0,
      100000000.0,
      100000000.0,
      100000000.0,
      100000000.0,
      100000000.0,
      100000000.0,
      100000000.0,
      100000000.0,
      100000000.0,
      100000000.0,
      100000000.0,
      100000000.0,
      100000000.0,
      100000000.0,
      100000000.0,
      100000000.0,
      100000000.0,
      100000000.0,
      100000000.0,
      100000000.0,
      100000000.0,
      100000000.0,
      100000000.0,
      100000000.0,
      100000000.0,
      100000000.0,
      100000000.0,
      100000000.0,
      100000000.0,
      100000000.0,
      100000000.0,
      100000000.0,
      100000000.0,
      100000000.0,
      100000000.0,
      100000000.0,
      100000000.0
    ],
    "NC_IN": [
      300000000.0,
      300000000.0,
      300000000.0,
      300000000.0,
      300000000.0,
      300000000.0,
      300000000.0,
      300000000.0,
      300000000.0,
      0.0,
      0.0,
      0.0,
      0.0,
      0.0,
      0.0,
      0.0,
      0.0,
      0.0,
      0.0,
      0.0,
      0.0,
      0.0,
      0.0,
      0.0,
      0.0,
      0.0,
      0.0,
      0.0,
      0.0,
      0.0,
      0.0,
      0.0,
      0.0,
      0.0,
      0.0,
      0.0,
      0.0,
      0.0,
      0.0,
      0.0
    ],
    "NR_IN": [
      100000.0,
      100000.0,
      100000.0,
      100000.0,
      100000.0,
      100000.0,
      100000.0,
      100000.0,
      100000.0,
      100000.0,
      100000.0,
      100000.0,
      0.0,
      0.0,
      0.0,
      0.0,
      0.0,
      0.0,
      0.0,
      0.0,
      0.0,
      0.0,
      0.0,
      0.0,
      0.0,
      0.0,
      0.0,
      0.0,
      0.0,
      0.0,
      0.0,
      0.0,
      0.0,
      0.0,
      0.0,
      0.0,
      0.0,
      0.0,
      0.0,
      0.0
    ],
    "PII": [
      0.9966089678755184,
      0.9881273870278996,
      0.9786670408311311,
      0.9685954378977082,
      0.9580662622817857,
      0.9471914232789115,
      0.9360700791981127,
      0.9247485584327814,
      0.9132607988269784,
      0.9016335720901989,
      0.8898885979015764,
      0.8780438782365538,
      0.8661145859499011,
      0.8541136825429284,
      0.8420523630549084,
      0.8299403859650801,
      0.817786323895176,
      0.8055977581058826,
      0.793381432059288,
      0.7811433744925707,
      0.7688889993358227,
      0.7566231877437949,
      0.7443503561091616,
      0.7320745129498485,
      0.7197993068704016,
      0.7075280672956628,
      0.695263839304793,
      0.6830094136157767,
      0.6707673525585782,
      0.6585400127111294,
      0.6463295647438079,
      0.6341380109162259,
      0.6219672005887418,
      0.6098188440455737,
      0.5976945248734287,
      0.58559571109667,
      0.573523765235351,
      0.5614799534244803,
      0.5494654537104922,
      0.5374813636231208
    ],