{
  "checks": {
    "diurnal_amplitude_gt_50_w_m2": true,
    "glw_always_active_physical_band": true,
    "lead_seconds_jit_traceable": true,
    "peak_near_local_noon_10_16Z": true,
    "swdown_zero_at_night": true
  },
  "coszen": [
    -0.58742,
    -0.61833,
    -0.59422,
    -0.51673,
    -0.39114,
    -0.22602,
    -0.03261,
    0.1759,
    0.38531,
    0.58134,
    0.75063,
    0.88166,
    0.96548,
    0.99638,
    0.97227,
    0.89478,
    0.76919,
    0.60407,
    0.41066,
    0.20215,
    -0.00726,
    -0.20329,
    -0.37258,
    -0.5036,
    -0.58734
  ],
  "day_swdown_max_w_m2": 1065.59,
  "diurnal_amplitude_w_m2": 1065.59,
  "domain": "Canary (lat0=28.3, lon0=-15.6), summer solstice",
  "glw_w_m2": [
    325.458,
    325.458,
    325.458,
    325.458,
    325.458,
    325.458,
    325.458,
    325.458,
    325.458,
    325.458,
    325.458,
    325.458,
    325.458,
    325.458,
    325.458,
    325.458,
    325.458,
    325.458,
    325.458,
    325.458,
    325.458,
    325.458,
    325.458,
    325.458,
    325.458
  ],
  "hours_utc": [
    0,
    1,
    2,
    3,
    4,
    5,
    6,
    7,
    8,
    9,
    10,
    11,
    12,
    13,
    14,
    15,
    16,
    17,
    18,
    19,
    20,
    21,
    22,
    23,
    24
  ],
  "init_time_utc": "2026-06-21T00:00:00+00:00",
  "night_hours_utc": [
    0,
    1,
    2,
    3,
    4,
    5,
    6,
    20,
    21,
    22,
    23,
    24
  ],
  "night_swdown_max_w_m2": 0.0,
  "pass": true,
  "peak_swdown_hour_utc": 13,
  "swdown_w_m2": [
    0.0,
    0.0,
    0.0,
    0.0,
    0.0,
    0.0,
    0.0,
    141.108,
    364.329,
    584.923,
    779.408,
    931.639,
    1029.434,
    1065.59,
    1037.366,
    946.869,
    800.861,
    610.874,
    392.447,
    167.747,
    0.0,
    0.0,
    0.0,
    0.0,
    0.0
  ],
  "time_threading": "lead_seconds traced through @jax.jit -> diurnal cycle lives inside scan"
}
