{
  "all_finite": true,
  "device": "cuda:0",
  "dt_s": 3.0,
  "final_lead_fields": {
    "RAINNC": {
      "beats_persistence": true,
      "max_abs_error": 0.00040843713213689625,
      "mean_error": -1.211093698552221e-06,
      "persistence_rmse": 1.4421910101943408e-05,
      "rmse": 1.4421910101943408e-05,
      "skill_score": 0.0,
      "threshold": null,
      "units": "mm",
      "within_threshold": true
    },
    "T2": {
      "beats_persistence": false,
      "max_abs_error": 16.610809326171875,
      "mean_error": 5.571198485453069,
      "persistence_rmse": 2.297936325392803,
      "rmse": 6.756385764850157,
      "skill_score": -1.9401971195591066,
      "threshold": 3.0,
      "units": "K",
      "within_threshold": false
    },
    "U10": {
      "beats_persistence": false,
      "max_abs_error": 22.56061577796936,
      "mean_error": 0.9583477529084917,
      "persistence_rmse": 2.98079500303829,
      "rmse": 7.414134890784715,
      "skill_score": -1.487301167382384,
      "threshold": 7.5,
      "units": "m s-1",
      "within_threshold": true
    },
    "V10": {
      "beats_persistence": false,
      "max_abs_error": 27.899587631225586,
      "mean_error": -1.7428441406574808,
      "persistence_rmse": 4.678583125846212,
      "rmse": 8.387110136351515,
      "skill_score": -0.7926602799933247,
      "threshold": 7.5,
      "units": "m s-1",
      "within_threshold": false
    }
  },
  "hours": 24,
  "output_dir": "/tmp/v010_d03_runs/d03_20260521_18z_l3_24h_20260522T133443Z_run24h_v4",
  "persistence_beat_all_leads": {
    "RAINNC": true,
    "T2": false,
    "U10": false,
    "V10": false
  },
  "pipeline_verdict": "PIPELINE_PARTIAL",
  "proofs": {
    "pipeline": "proofs/v010_validation/pipeline_run_d03_run24h_v4.json",
    "validation": "proofs/v010_validation/d03_validation_run24h_v4.json"
  },
  "run_dir": "/mnt/data/canairy_meteo/runs/wrf_l3/20260521_18z_l3_24h_20260522T133443Z",
  "run_id": "20260521_18z_l3_24h_20260522T133443Z",
  "schema": "V010D03ReplayValidationSummary",
  "schema_version": 1,
  "validation_status": "FAIL",
  "verdict": "D03_1KM_BOUNDED_FAIL",
  "wall_clock_per_forecast_hour_s": 71.69652241579168,
  "wall_clock_total_s": 1720.7165379790003
}
