{
  "all_finite": true,
  "device": "cuda:0",
  "dt_s": 3.0,
  "final_lead_fields": {
    "RAINNC": {
      "beats_persistence": true,
      "max_abs_error": 0.00040843713213689625,
      "mean_error": -1.211093698552221e-06,
      "persistence_rmse": 1.4421910101943408e-05,
      "rmse": 1.4421910101943408e-05,
      "skill_score": 0.0,
      "threshold": null,
      "units": "mm",
      "within_threshold": true
    },
    "T2": {
      "beats_persistence": false,
      "max_abs_error": 41.314971923828125,
      "mean_error": 6.991042047316029,
      "persistence_rmse": 2.297936325392803,
      "rmse": 10.792435840844817,
      "skill_score": -3.69657741234409,
      "threshold": 3.0,
      "units": "K",
      "within_threshold": false
    },
    "U10": {
      "beats_persistence": false,
      "max_abs_error": 24.93381702899933,
      "mean_error": 0.798866632991891,
      "persistence_rmse": 2.98079500303829,
      "rmse": 8.607394274007946,
      "skill_score": -1.8876169831318586,
      "threshold": 7.5,
      "units": "m s-1",
      "within_threshold": false
    },
    "V10": {
      "beats_persistence": false,
      "max_abs_error": 30.325788497924805,
      "mean_error": -2.4486733604937885,
      "persistence_rmse": 4.678583125846212,
      "rmse": 9.792607159183977,
      "skill_score": -1.0930711063112284,
      "threshold": 7.5,
      "units": "m s-1",
      "within_threshold": false
    }
  },
  "hours": 24,
  "output_dir": "/tmp/v010_d03_runs/d03_20260521_18z_l3_24h_20260522T133443Z_run24h_v3",
  "persistence_beat_all_leads": {
    "RAINNC": true,
    "T2": false,
    "U10": false,
    "V10": false
  },
  "pipeline_verdict": "PIPELINE_PARTIAL",
  "proofs": {
    "pipeline": "proofs/v010_validation/pipeline_run_d03_run24h_v3.json",
    "validation": "proofs/v010_validation/d03_validation_run24h_v3.json"
  },
  "run_dir": "/mnt/data/canairy_meteo/runs/wrf_l3/20260521_18z_l3_24h_20260522T133443Z",
  "run_id": "20260521_18z_l3_24h_20260522T133443Z",
  "schema": "V010D03ReplayValidationSummary",
  "schema_version": 1,
  "validation_status": "FAIL",
  "verdict": "D03_1KM_BOUNDED_FAIL",
  "wall_clock_per_forecast_hour_s": 66.731026629125,
  "wall_clock_total_s": 1601.544639099
}
