{
  "all_finite": true,
  "device": "cuda:0",
  "dt_s": 3.0,
  "final_lead_fields": {
    "RAINNC": {
      "beats_persistence": false,
      "max_abs_error": 4.397615909576416,
      "mean_error": 0.17505834802432016,
      "persistence_rmse": 1.4421910101943408e-05,
      "rmse": 0.6075715671713724,
      "skill_score": -42127.3701587836,
      "threshold": null,
      "units": "mm",
      "within_threshold": true
    },
    "T2": {
      "beats_persistence": true,
      "max_abs_error": 9.147735595703125,
      "mean_error": 1.5075165123067877,
      "persistence_rmse": 2.297936325392803,
      "rmse": 1.9213192007476174,
      "skill_score": 0.1638936294637353,
      "threshold": 3.0,
      "units": "K",
      "within_threshold": true
    },
    "U10": {
      "beats_persistence": false,
      "max_abs_error": 12.911141395568848,
      "mean_error": 1.2923784106493095,
      "persistence_rmse": 2.98079500303829,
      "rmse": 3.449880205042123,
      "skill_score": -0.15736915873976565,
      "threshold": 7.5,
      "units": "m s-1",
      "within_threshold": true
    },
    "V10": {
      "beats_persistence": true,
      "max_abs_error": 16.229063749313354,
      "mean_error": -0.1924363358337332,
      "persistence_rmse": 4.678583125846212,
      "rmse": 4.238866901414941,
      "skill_score": 0.09398491222740435,
      "threshold": 7.5,
      "units": "m s-1",
      "within_threshold": true
    }
  },
  "hours": 24,
  "output_dir": "/tmp/v010_d03_runs/d03_20260521_18z_l3_24h_20260522T133443Z_run24h_hfxfix4",
  "persistence_beat_all_leads": {
    "RAINNC": false,
    "T2": false,
    "U10": false,
    "V10": false
  },
  "pipeline_verdict": "PIPELINE_PARTIAL",
  "proofs": {
    "pipeline": "proofs/v010_validation/pipeline_run_d03_run24h_hfxfix4.json",
    "validation": "proofs/v010_validation/d03_validation_run24h_hfxfix4.json"
  },
  "run_dir": "/mnt/data/canairy_meteo/runs/wrf_l3/20260521_18z_l3_24h_20260522T133443Z",
  "run_id": "20260521_18z_l3_24h_20260522T133443Z",
  "schema": "V010D03ReplayValidationSummary",
  "schema_version": 1,
  "validation_status": "PASS",
  "verdict": "D03_1KM_VALIDATED",
  "wall_clock_per_forecast_hour_s": 82.10159691612505,
  "wall_clock_total_s": 1970.438325987001
}
