{
  "case": "20260521_18z_l3_24h_20260522T133443Z",
  "dt_s": 10.0,
  "cadence": 180,
  "hours": [
    1,
    2,
    3,
    4,
    5,
    6
  ],
  "configs": {
    "CONT": {
      "1": {
        "psfc_bias_Pa": 2648.2706505299166,
        "psfc_max_abs_Pa": 2881.555588414165,
        "theta0_bias_K": -0.33666597777173063,
        "theta0_max_abs_K": 3.360709789756754
      },
      "2": {
        "psfc_bias_Pa": 2588.399962229733,
        "psfc_max_abs_Pa": 2793.771359573482,
        "theta0_bias_K": -0.39311354649421065,
        "theta0_max_abs_K": 5.8776533301536915
      },
      "3": {
        "psfc_bias_Pa": 2575.4573868092016,
        "psfc_max_abs_Pa": 2783.6204115551227,
        "theta0_bias_K": -0.4096097684863136,
        "theta0_max_abs_K": 6.663192654216402
      },
      "4": {
        "psfc_bias_Pa": 2571.7614793044263,
        "psfc_max_abs_Pa": 2784.8611943301366,
        "theta0_bias_K": -0.4184184448575993,
        "theta0_max_abs_K": 6.946333820908194
      },
      "5": {
        "psfc_bias_Pa": 2571.3202014191575,
        "psfc_max_abs_Pa": 2780.063549789382,
        "theta0_bias_K": -0.42477673347591943,
        "theta0_max_abs_K": 6.980112703376108
      },
      "6": {
        "psfc_bias_Pa": 2570.6346174941336,
        "psfc_max_abs_Pa": 2773.368147703557,
        "theta0_bias_K": -0.4268822660204015,
        "theta0_max_abs_K": 7.170557118368947
      }
    },
    "PERHOUR": {
      "1": {
        "psfc_bias_Pa": 2566.7821324847446,
        "psfc_max_abs_Pa": 2832.227988613653,
        "theta0_bias_K": 1.0449313004539798,
        "theta0_max_abs_K": 4.694437476603582
      },
      "2": {
        "psfc_bias_Pa": 2424.459014325891,
        "psfc_max_abs_Pa": 2747.7480727126385,
        "theta0_bias_K": 2.2125879090146197,
        "theta0_max_abs_K": 8.289365484972677
      },
      "3": {
        "psfc_bias_Pa": 2322.8853351918187,
        "psfc_max_abs_Pa": 2702.427797217606,
        "theta0_bias_K": 2.9840899665831704,
        "theta0_max_abs_K": 9.902577129293206
      },
      "4": {
        "psfc_bias_Pa": 2253.7851327642925,
        "psfc_max_abs_Pa": 2680.7130016973824,
        "theta0_bias_K": 3.216060340199269,
        "theta0_max_abs_K": 11.181125638919696
      },
      "5": {
        "psfc_bias_Pa": 2209.690213200167,
        "psfc_max_abs_Pa": 2659.303955014577,
        "theta0_bias_K": 3.2403001246578502,
        "theta0_max_abs_K": 11.430991425358513
      },
      "6": {
        "psfc_bias_Pa": 2174.0618201231546,
        "psfc_max_abs_Pa": 2624.534250763827,
        "theta0_bias_K": 3.272823285271979,
        "theta0_max_abs_K": 12.110292950292319
      }
    },
    "PH_CLOCK": {
      "1": {
        "psfc_bias_Pa": 2567.1588792105854,
        "psfc_max_abs_Pa": 2832.387890027152,
        "theta0_bias_K": 1.0388249880324212,
        "theta0_max_abs_K": 4.689164651504484
      },
      "2": {
        "psfc_bias_Pa": 2425.1199067961543,
        "psfc_max_abs_Pa": 2747.620454486925,
        "theta0_bias_K": 2.20658773123696,
        "theta0_max_abs_K": 8.28152379121525
      },
      "3": {
        "psfc_bias_Pa": 2323.4319293405924,
        "psfc_max_abs_Pa": 2702.668505004185,
        "theta0_bias_K": 2.9841333514212685,
        "theta0_max_abs_K": 9.902499779037043
      },
      "4": {
        "psfc_bias_Pa": 2254.031406280115,
        "psfc_max_abs_Pa": 2680.389431641277,
        "theta0_bias_K": 3.2229154875312838,
        "theta0_max_abs_K": 11.180659305662346
      },
      "5": {
        "psfc_bias_Pa": 2209.520175242125,
        "psfc_max_abs_Pa": 2659.381597048734,
        "theta0_bias_K": 3.2534085948283584,
        "theta0_max_abs_K": 11.43660890995335
      },
      "6": {
        "psfc_bias_Pa": 2173.184090369744,
        "psfc_max_abs_Pa": 2624.294561652714,
        "theta0_bias_K": 3.2940608620772407,
        "theta0_max_abs_K": 12.131717465724137
      }
    },
    "PH_GUARDOFF": {
      "1": {
        "psfc_bias_Pa": 2647.892960880519,
        "psfc_max_abs_Pa": 2881.3239399349695,
        "theta0_bias_K": -0.3305148095892318,
        "theta0_max_abs_K": 3.364699772330482
      },
      "2": {
        "psfc_bias_Pa": 2574.0828440887285,
        "psfc_max_abs_Pa": 2820.4095186606573,
        "theta0_bias_K": -0.3033909382921294,
        "theta0_max_abs_K": 5.7823871903895565
      },
      "3": {
        "psfc_bias_Pa": 2524.5340209659685,
        "psfc_max_abs_Pa": 2775.9558531908115,
        "theta0_bias_K": -0.2506061514250996,
        "theta0_max_abs_K": 7.536243957878128
      },
      "4": {
        "psfc_bias_Pa": 2483.34583078748,
        "psfc_max_abs_Pa": 2779.0342909150786,
        "theta0_bias_K": -0.19425704566076213,
        "theta0_max_abs_K": 7.499814037510987
      },
      "5": {
        "psfc_bias_Pa": 2451.2550037493525,
        "psfc_max_abs_Pa": 2719.816695284244,
        "theta0_bias_K": -0.13804392720490305,
        "theta0_max_abs_K": 7.687376185727146
      },
      "6": {
        "psfc_bias_Pa": 2420.065709411868,
        "psfc_max_abs_Pa": 2704.6214810704405,
        "theta0_bias_K": -0.08336109430295181,
        "theta0_max_abs_K": 7.931692170578458
      }
    }
  }
}