{
  "case": "20260521_18z_l3_24h_20260522T133443Z",
  "dt_s": 10.0,
  "cadence": 180,
  "hours": [
    1,
    2,
    3,
    4,
    5,
    6
  ],
  "configs": {
    "CONT": {
      "1": {
        "psfc_bias_Pa": 2648.2706505299166,
        "psfc_max_abs_Pa": 2881.555588414165,
        "theta0_bias_K": -0.33666597777173063,
        "theta0_max_abs_K": 3.360709789756754
      },
      "2": {
        "psfc_bias_Pa": 2588.399962229733,
        "psfc_max_abs_Pa": 2793.771359573482,
        "theta0_bias_K": -0.39311354649421065,
        "theta0_max_abs_K": 5.8776533301536915
      },
      "3": {
        "psfc_bias_Pa": 2575.4573868092016,
        "psfc_max_abs_Pa": 2783.6204115551227,
        "theta0_bias_K": -0.4096097684863136,
        "theta0_max_abs_K": 6.663192654216402
      },
      "4": {
        "psfc_bias_Pa": 2571.7614793044263,
        "psfc_max_abs_Pa": 2784.8611943301366,
        "theta0_bias_K": -0.4184184448575993,
        "theta0_max_abs_K": 6.946333820908194
      },
      "5": {
        "psfc_bias_Pa": 2571.3202014191575,
        "psfc_max_abs_Pa": 2780.063549789382,
        "theta0_bias_K": -0.42477673347591943,
        "theta0_max_abs_K": 6.980112703376108
      },
      "6": {
        "psfc_bias_Pa": 2570.6346174941336,
        "psfc_max_abs_Pa": 2773.368147703557,
        "theta0_bias_K": -0.4268822660204015,
        "theta0_max_abs_K": 7.170557118368947
      }
    },
    "PERHOUR": {
      "1": {
        "psfc_bias_Pa": 2647.8929645819826,
        "psfc_max_abs_Pa": 2881.3309635397745,
        "theta0_bias_K": -0.33051446528592365,
        "theta0_max_abs_K": 3.3648211316758534
      },
      "2": {
        "psfc_bias_Pa": 2574.0829012266377,
        "psfc_max_abs_Pa": 2820.447515092659,
        "theta0_bias_K": -0.3033985859862668,
        "theta0_max_abs_K": 5.782421302775276
      },
      "3": {
        "psfc_bias_Pa": 2524.5341261411036,
        "psfc_max_abs_Pa": 2776.0313501781784,
        "theta0_bias_K": -0.25060653416244266,
        "theta0_max_abs_K": 7.536062907485871
      },
      "4": {
        "psfc_bias_Pa": 2483.345905244895,
        "psfc_max_abs_Pa": 2779.075181243272,
        "theta0_bias_K": -0.1942512064363753,
        "theta0_max_abs_K": 7.499813586988637
      },
      "5": {
        "psfc_bias_Pa": 2451.255099517618,
        "psfc_max_abs_Pa": 2719.8397574419505,
        "theta0_bias_K": -0.138038481209064,
        "theta0_max_abs_K": 7.687440711354668
      },
      "6": {
        "psfc_bias_Pa": 2420.0656359009736,
        "psfc_max_abs_Pa": 2704.680788603786,
        "theta0_bias_K": -0.08334052397674482,
        "theta0_max_abs_K": 7.931747891757141
      }
    }
  }
}