{
  "after_fix": {
    "HFX_all": {
      "bias": 181.16485066790347,
      "gpu_mean": 318.28294396767564,
      "rmse": 390.3029907303636,
      "wrf_mean": 137.1180932997722
    },
    "HFX_land": {
      "bias": 620.7680285143366,
      "gpu_mean": 1079.9223757170969,
      "ratio_vs_wrf": 2.3519811634064927,
      "rmse": 722.5895779862306,
      "wrf_mean": 459.1543472027603
    },
    "HFX_water": {
      "bias": 0.07325817448412321,
      "gpu_mean": 4.530667933248069,
      "rmse": 0.29002687247423076,
      "wrf_mean": 4.457409758763946
    },
    "T2_all": {
      "bias": 0.3645859270978554,
      "gpu_mean": 294.0515482664376,
      "rmse": 0.8377076078676167,
      "wrf_mean": 293.68696233933974
    },
    "T2_land": {
      "bias": 1.2476116706295761,
      "gpu_mean": 295.2311967527376,
      "rmse": 1.5503488794230456,
      "wrf_mean": 293.98358508210805
    },
    "T2_water": {
      "bias": 0.0008293708049301045,
      "gpu_mean": 293.5655999527492,
      "rmse": 0.026410606667032044,
      "wrf_mean": 293.5647705819443
    },
    "UST_land": {
      "bias": -0.06017695257042086,
      "gpu_mean": 0.485968822216116,
      "rmse": 0.09675752734390082,
      "wrf_mean": 0.5461457747865368
    }
  },
  "before_fix": {
    "HFX_all_mean": 567.9,
    "HFX_land_mean": 1935.6,
    "HFX_land_ratio_vs_wrf": 4.22,
    "T2_all_rmse": 2.106,
    "T2_land_bias": 3.56,
    "T2_land_rmse": 3.9,
    "T2_water_bias": 0.001,
    "UST_land_mean": 0.486
  },
  "kind": "corpus-WRF midday d03 column inputs -> GPU sfclayrev -> vs same-step WRF HFX/T2/UST (NOT a self-compare)",
  "notes": [
    "Water (Fairall z0t) and momentum (ustar/u10/v10 on znt) are UNCHANGED.",
    "Residual land HFX > corpus is the Noah-MP LSM surface-energy-balance coupling, not reproducible by a standalone surface layer; the binding metric is the T2 diagnostic, which drops from +3.6 K to ~+1 K land bias."
  ],
  "proof": "sfclay-hfx-oracle-parity (#56 daytime surface-flux over-flux)",
  "root_cause": "Corpus L3 ran sf_sfclay_physics=5 (MYNN surface layer); over land MYNN uses a thermal roughness z_t (Zilitinkevich 1995, CZIL=0.085) << momentum roughness for the heat profile. The bare sfclayrev port used momentum roughness for heat -> psit ~4x too small -> HFX ~4x over -> +3.6 K T2 warm bias. Fix: port the MYNN land thermal roughness for psit/psit2/psiq.",
  "source_file": "/mnt/data/canairy_meteo/runs/wrf_l3/20260521_18z_l3_24h_20260522T133443Z/wrfout_d03_2026-05-22_12:00:00"
}
