{
  "schema": "V014MoistCqwGpuH4Validation",
  "generated_utc": "2026-06-10T17:12:19Z",
  "verdict": "MOIST_CQW_GPU_H4_ACCEPT",
  "run_root": "<DATA_ROOT>/wrf_gpu_validation/v014_canary_d02_moistcqw_h4_20260610T165255Z",
  "old_run_root": "<DATA_ROOT>/wrf_gpu_validation/v014_canary_d02_psfcfix_h4_20260610T160708Z",
  "run_id": "20260501_18z_l2_72h_20260519T173026Z",
  "gpu_rc": 0,
  "compare_json": "<DATA_ROOT>/wrf_gpu_validation/v014_canary_d02_moistcqw_h4_20260610T165255Z/canary_d02_h4_grid_compare.json",
  "old_compare_json": "<DATA_ROOT>/wrf_gpu_validation/v014_canary_d02_psfcfix_h4_20260610T160708Z/canary_d02_h4_grid_compare.json",
  "resource_summary": {
    "available": true,
    "csv": "<DATA_ROOT>/wrf_gpu_validation/v014_canary_d02_moistcqw_h4_20260610T165255Z/resources/v014_canary_d02_moistcqw_h4_gpu_usage.csv",
    "samples": 180,
    "peak_mem_mib": 16921.0,
    "avg_mem_mib": 15255.244444444445,
    "avg_util_pct": 38.388888888888886,
    "max_power_w": 281.78
  },
  "pressure_k0_hydrostatic_residuals": {
    "cpu_truth": {
      "overall": {
        "ptot_k0_minus_moist_half_mean_pa": -13.348898439289615,
        "ptot_k0_minus_moist_half_rmse_pa": 13.443502107871513,
        "ptot_k0_minus_dry_half_mean_pa": 186.42750130999502,
        "ptot_k0_minus_dry_half_rmse_pa": 188.9943103079068
      },
      "by_lead": {
        "h1": {
          "ptot_k0_minus_moist_half_mean_pa": -13.539559378351315,
          "ptot_k0_minus_moist_half_rmse_pa": 13.658001758295912,
          "ptot_k0_minus_dry_half_mean_pa": 182.19590206756706,
          "ptot_k0_minus_dry_half_rmse_pa": 184.91816885606562
        },
        "h2": {
          "ptot_k0_minus_moist_half_mean_pa": -13.42450660498192,
          "ptot_k0_minus_moist_half_rmse_pa": 13.516785772691216,
          "ptot_k0_minus_dry_half_mean_pa": 184.1706157452618,
          "ptot_k0_minus_dry_half_rmse_pa": 186.8234631597085
        },
        "h3": {
          "ptot_k0_minus_moist_half_mean_pa": -13.243186670008704,
          "ptot_k0_minus_moist_half_rmse_pa": 13.33525438099018,
          "ptot_k0_minus_dry_half_mean_pa": 187.7072470363706,
          "ptot_k0_minus_dry_half_rmse_pa": 190.2387632557519
        },
        "h4": {
          "ptot_k0_minus_moist_half_mean_pa": -13.18834110381652,
          "ptot_k0_minus_moist_half_rmse_pa": 13.26396651950874,
          "ptot_k0_minus_dry_half_mean_pa": 191.63624039078053,
          "ptot_k0_minus_dry_half_rmse_pa": 193.9968459601012
        }
      }
    },
    "old_gpu_psfcfix": {
      "overall": {
        "ptot_k0_minus_moist_half_mean_pa": -201.491841472033,
        "ptot_k0_minus_moist_half_rmse_pa": 204.43662022026314,
        "ptot_k0_minus_dry_half_mean_pa": -5.990487569232985,
        "ptot_k0_minus_dry_half_rmse_pa": 9.26766342847609
      },
      "by_lead": {
        "h1": {
          "ptot_k0_minus_moist_half_mean_pa": -202.65640750895872,
          "ptot_k0_minus_moist_half_rmse_pa": 205.7271667105375,
          "ptot_k0_minus_dry_half_mean_pa": -8.18473130056089,
          "ptot_k0_minus_dry_half_rmse_pa": 10.395118845882358
        },
        "h2": {
          "ptot_k0_minus_moist_half_mean_pa": -202.567971951946,
          "ptot_k0_minus_moist_half_rmse_pa": 205.5399032660327,
          "ptot_k0_minus_dry_half_mean_pa": -7.427742529992939,
          "ptot_k0_minus_dry_half_rmse_pa": 10.272975041674943
        },
        "h3": {
          "ptot_k0_minus_moist_half_mean_pa": -201.29274628945998,
          "ptot_k0_minus_moist_half_rmse_pa": 204.19994355462867,
          "ptot_k0_minus_dry_half_mean_pa": -5.462927148805896,
          "ptot_k0_minus_dry_half_rmse_pa": 8.215548995587369
        },
        "h4": {
          "ptot_k0_minus_moist_half_mean_pa": -199.45024013776728,
          "ptot_k0_minus_moist_half_rmse_pa": 202.27946734985375,
          "ptot_k0_minus_dry_half_mean_pa": -2.886549297572215,
          "ptot_k0_minus_dry_half_rmse_pa": 8.187010830759695
        }
      }
    },
    "new_gpu_moistcqw": {
      "overall": {
        "ptot_k0_minus_moist_half_mean_pa": -9.49203232788259,
        "ptot_k0_minus_moist_half_rmse_pa": 11.757620625990633,
        "ptot_k0_minus_dry_half_mean_pa": 186.04887437710508,
        "ptot_k0_minus_dry_half_rmse_pa": 189.24064023719842
      },
      "by_lead": {
        "h1": {
          "ptot_k0_minus_moist_half_mean_pa": -11.753628693911892,
          "ptot_k0_minus_moist_half_rmse_pa": 13.28863732865249,
          "ptot_k0_minus_dry_half_mean_pa": 182.70713527407608,
          "ptot_k0_minus_dry_half_rmse_pa": 185.76397081014343
        },
        "h2": {
          "ptot_k0_minus_moist_half_mean_pa": -10.73732919099845,
          "ptot_k0_minus_moist_half_rmse_pa": 12.955013597644646,
          "ptot_k0_minus_dry_half_mean_pa": 184.41625409969626,
          "ptot_k0_minus_dry_half_rmse_pa": 187.59008040475865
        },
        "h3": {
          "ptot_k0_minus_moist_half_mean_pa": -8.904724151529953,
          "ptot_k0_minus_moist_half_rmse_pa": 10.793476580681746,
          "ptot_k0_minus_dry_half_mean_pa": 186.98179394588456,
          "ptot_k0_minus_dry_half_rmse_pa": 190.17783227717032
        },
        "h4": {
          "ptot_k0_minus_moist_half_mean_pa": -6.572447275090066,
          "ptot_k0_minus_moist_half_rmse_pa": 9.993354996983646,
          "ptot_k0_minus_dry_half_mean_pa": 190.0903141887634,
          "ptot_k0_minus_dry_half_rmse_pa": 193.4306774567213
        }
      }
    }
  },
  "field_summary_new": {
    "PSFC": {
      "rmse": 41.01295001242691,
      "bias": 38.358605401002954,
      "p99_abs": 70.767578125,
      "max_abs": 229.75,
      "rmse_slope_per_hour": -8.016090105992209,
      "worst_lead_h": 1
    },
    "MU": {
      "rmse": 45.28474563695682,
      "bias": 42.56617700174374,
      "p99_abs": 73.11489868164062,
      "max_abs": 114.98876953125,
      "rmse_slope_per_hour": -5.4566615699309065,
      "worst_lead_h": 1
    },
    "P": {
      "rmse": 22.642087950479905,
      "bias": 8.39848414615314,
      "p99_abs": 59.85492706298828,
      "max_abs": 103.9405517578125,
      "rmse_slope_per_hour": -3.2301464634556845,
      "worst_lead_h": 1
    },
    "PH": {
      "rmse": 42.49517466714085,
      "bias": -10.41587849189009,
      "p99_abs": 163.06777954101562,
      "max_abs": 331.29248046875,
      "rmse_slope_per_hour": 6.897776468468723,
      "worst_lead_h": 4
    },
    "W": {
      "rmse": 0.02497974232439288,
      "bias": 0.0013199504932182972,
      "p99_abs": 0.09033006429672241,
      "max_abs": 1.3601862788200378,
      "rmse_slope_per_hour": 0.0014617521027162131,
      "worst_lead_h": 4
    },
    "T": {
      "rmse": 0.25580521744086704,
      "bias": -0.0030111559591870494,
      "p99_abs": 0.8498709201812744,
      "max_abs": 5.62335205078125,
      "rmse_slope_per_hour": 0.04944370505631242,
      "worst_lead_h": 3
    },
    "QVAPOR": {
      "rmse": 0.00037983548831211456,
      "bias": -9.397120412933132e-06,
      "p99_abs": 0.0015083227772265673,
      "max_abs": 0.0046006422489881516,
      "rmse_slope_per_hour": 0.00010841746643590988,
      "worst_lead_h": 4
    },
    "U": {
      "rmse": 0.3839298620489439,
      "bias": 0.21056675153306395,
      "p99_abs": 1.272605538368225,
      "max_abs": 5.265558242797852,
      "rmse_slope_per_hour": 0.1401507954715379,
      "worst_lead_h": 4
    },
    "V": {
      "rmse": 0.2724315883628789,
      "bias": -0.029129593547661144,
      "p99_abs": 0.8001394271850586,
      "max_abs": 8.44457459449768,
      "rmse_slope_per_hour": 0.054352707502305156,
      "worst_lead_h": 4
    },
    "U10": {
      "rmse": 0.4822097818274907,
      "bias": 0.06080879770020599,
      "p99_abs": 2.101620674133301,
      "max_abs": 4.9466917514801025,
      "rmse_slope_per_hour": 0.17141286218539467,
      "worst_lead_h": 4
    },
    "V10": {
      "rmse": 0.5190333178124793,
      "bias": 0.018588505224323763,
      "p99_abs": 2.109260082244873,
      "max_abs": 6.67384397983551,