{
  "created_utc": "2026-06-10T12:03:12.155336+00:00",
  "environment": {
    "jax_backend": "cpu",
    "platform": "Linux-7.0.0-22-generic-x86_64-with-glibc2.43",
    "python": "3.13.11"
  },
  "fastest_next_command": "Manager decision: re-specify the strict MYNN+RRTMG Step-1 gate to an operationally-meaningful mass-coupled tolerance. Post dry-theta RRTMG fix: operational rmse 0.4997, WRF-QKE rmse 0.4582, WRF-QKE+WRF-RTHRATEN rmse 0.277; remaining RRTMG variance share 63.5%, absolute rmse reduction 0.1812. Re-run: JAX_PLATFORMS=cpu CUDA_VISIBLE_DEVICES= JAX_ENABLE_COMPILATION_CACHE=false PYTHONPATH=src python proofs/v014/mynn_rthblten_step1_closure.py",
  "git": {
    "branch": "worker/gpt/v013-close-manager",
    "head": "90ebf4580e9bf6f90943b52fc36e9446e7e32d4f"
  },
  "lane_decomposition": {
    "operational_cold_qke": {
      "bias": 0.2307786214295893,
      "count": 442112,
      "max_abs": 55.92970981221765,
      "p99": 0.9529013024125962,
      "ref_max_abs": 2457.5830078125,
      "rmse": 0.49966462686585295
    },
    "operational_wrf_pinned_qke": {
      "bias": 0.23056420967920904,
      "count": 442112,
      "max_abs": 29.198000960819172,
      "p99": 0.9524202010862267,
      "ref_max_abs": 2457.5830078125,
      "rmse": 0.4581920517800472
    },
    "operational_wrf_qke_and_wrf_rthraten": {
      "bias": 0.0012133421422943678,
      "count": 442112,
      "max_abs": 29.423148383135867,
      "p99": 0.8101713058929071,
      "ref_max_abs": 2457.5830078125,
      "rmse": 0.2770012508782723
    },
    "rthraten_rrtmg_lane_only": {
      "bias": 0.2293508675369146,
      "count": 442112,
      "max_abs": 2.839421098965907,
      "p99": 0.8016732036476859,
      "ref_max_abs": 40.367828395257405,
      "rmse": 0.3647888561515068
    }
  },
  "performance_safety": "No production change. The strict 1e-3/1e-5 mass-coupled gate is unreachable for the MYNN+RRTMG theta tendency without bitwise scheme reproduction. Remaining local fixes (cold-start QKE outlier; residual RRTMG split differences) leave the strict gate red unless they pursue bitwise scheme reproduction. GPU-native vectorized structure preserved (no clamps, no scalarization, no CPU-WRF runtime dependency, no in-loop transfer).",
  "qke_faithfulness": {
    "all_levels_diff": {
      "bias": -9.041850919267377e-06,
      "count": 461736,
      "max_abs": 0.6764575250411049,
      "p99": 5.364492383539219e-06,
      "ref_max_abs": 20.954540253,
      "rmse": 0.0018424312064645424
    },
    "bulk_ratio_p05_p50_p95_where_qke_gt_1": [
      1.0000437003062541,
      1.0002939594805687,
      1.000710113672998
    ],
    "note": "QKE matches WRF mym_initialize INITIALIZE_QKE to ~0.07% over the bulk (p50 ratio ~1.0003); the worst strict column (water) is a RARE ~3.5-4% low outlier of the 5-pass level-2 equilibrium fixed point. Seed + formula + inputs (flt=fltv=flq=0, pmz=phh=1, rmol=0, lmax=5) match WRF line-by-line, so this is fp-convergence sensitivity at marginal-stability columns, not a transcription bug (a bug would bias the bulk).",
    "worst_cell_column_ratio_k0_k4": [
      0.9655939524518747,
      0.9654885624746202,
      0.9617183947033049,
      0.9586374046999118,
      0.9644810351031293
    ]
  },
  "ranked_hypotheses": [
    {
      "evidence": {
        "rmse_collapse_when_wrf_rthraten_substituted": {
          "p99_with_jax_rthraten": 0.9524202010862267,
          "p99_with_wrf_rthraten": 0.8101713058929071,
          "rmse_with_jax_rthraten": 0.4581920517800472,
          "rmse_with_wrf_rthraten": 0.2770012508782723,
          "rrtmg_share_of_rmse_variance": 0.6345160095526744
        },
        "rthraten_only_lane": {
          "bias": 0.2293508675369146,
          "count": 442112,
          "max_abs": 2.839421098965907,
          "p99": 0.8016732036476859,
          "ref_max_abs": 40.367828395257405,
          "rmse": 0.3647888561515068
        }
      },
      "interpretation": "Removing the remaining RRTMG RTHRATEN error reduces the strict rmse 0.4582->0.2770 and p99 0.95->0.81; that is 63.5% of the WRF-QKE rmse variance in the post-dry-theta-fix proof. RRTMG remains field-significant, while MYNN owns the worst-cell max/floor.",
      "lane": "RRTMG step-1 radiation RTHRATEN (held seed) -- FIELD DOMINANT",
      "owner": "src/gpuwrf/physics/rrtmg_lw.py, rrtmg_sw.py (held RTHRATEN seed via carry.rthraten / _refresh_rthraten); localization proofs/v014/rrtmg_step1_forcing_parity.*",
      "rank": 1
    },
    {
      "evidence": {
        "raw_rthblten_floor_K_per_s": "~3e-4 (wrf-exact inputs+qke; matches prior accepted boundary 2.6e-6 rmse)",
        "strict_with_wrf_qke_and_wrf_rthraten": {
          "bias": 0.0012133421422943678,
          "count": 442112,
          "max_abs": 29.423148383135867,
          "p99": 0.8101713058929071,
          "ref_max_abs": 2457.5830078125,
          "rmse": 0.2770012508782723
        }
      },
      "interpretation": "With WRF-exact QKE AND WRF RTHRATEN, the MYNN kernel alone leaves rmse 0.2770 / max 29.4. raw ~3e-4 K/s mass-coupled by mu~1e5. This is an irreducible fp/algorithmic reimplementation floor (level-2.5 closure is iteratively/implicitly solved); reaching the 1e-3 mass-coupled gate needs raw ~1e-8 (bitwise MYNN), which contradicts the operational-RMSE validation philosophy.",
      "lane": "MYNN level-2.5 turbulence kernel RTHBLTEN faithfulness floor (worst-cell MAX)",
      "owner": "src/gpuwrf/physics/mynn_pbl.py (mym_turbulence/_mym_length_option1 level-2.5 solve)",
      "rank": 2
    },
    {
      "evidence": {
        "qke_profile": {
          "all_levels_diff": {
            "bias": -9.041850919267377e-06,
            "count": 461736,
            "max_abs": 0.6764575250411049,
            "p99": 5.364492383539219e-06,
            "ref_max_abs": 20.954540253,
            "rmse": 0.0018424312064645424
          },
          "bulk_ratio_p05_p50_p95_where_qke_gt_1": [
            1.0000437003062541,
            1.0002939594805687,
            1.000710113672998
          ],
          "note": "QKE matches WRF mym_initialize INITIALIZE_QKE to ~0.07% over the bulk (p50 ratio ~1.0003); the worst strict column (water) is a RARE ~3.5-4% low outlier of the 5-pass level-2 equilibrium fixed point. Seed + formula + inputs (flt=fltv=flq=0, pmz=phh=1, rmol=0, lmax=5) match WRF line-by-line, so this is fp-convergence sensitivity at marginal-stability columns, not a transcription bug (a bug would bias the bulk).",
          "worst_cell_column_ratio_k0_k4": [
            0.9655939524518747,
            0.9654885624746202,
            0.9617183947033049,
            0.9586374046999118,
            0.9644810351031293
          ]
        },
        "rmse_unchanged_with_wrf_qke": {
          "rmse_cold": 0.49966462686585295,
          "rmse_wrf_qke": 0.4581920517800472
        },
        "worst_cell_53_to_28_with_wrf_qke": {
          "fortran_i_j_k": [
            20,
            7,
            2
          ],
          "op_cold_qke_jdt": -1222.8177267112203,
          "op_wrf_qke_jdt": -1263.201316832409,
          "residual_cold_qke": 55.92970981221765,
          "residual_wrf_qke": 15.546119691028935,
          "wrf_after_conv": -1278.747436523438
        }
      },
      "interpretation": "Injecting WRF-pinned INIT_QKE drops the worst-cell max 55.9->29.2 but leaves rmse/p99 ~unchanged (0.500->0.458). The cold-start QKE is a RARE single-cell spike (bulk exact to 0.07%); fixing it does not move the field and risks regressing validated MYNN cold-start.",
      "lane": "MYNN cold-start QKE level-2 equilibrium outlier (single worst-cell SPIKE)",
      "owner": "src/gpuwrf/physics/mynn_pbl.py::mynn_coldstart_init_columns",
      "rank": 3
    }
  ],