{
  "attribution_2x2": {
    "A_qke_wrf_inputs_wrf": {
      "rqv": {
        "bias": -2.2247618422093928e-10,
        "corr": 0.9998196528315856,
        "max_abs": 3.1231071728226947e-07,
        "ref_max_abs": 5.3572780416e-06,
        "rmse": 2.2983195444252976e-09,
        "strong_cells": 8625,
        "strong_ratio_median": 0.9735011792809023,
        "strong_ratio_p10": 0.9714902386836202,
        "strong_ratio_p90": 1.0027741169047297
      },
      "rth": {
        "bias": 6.82604014333846e-08,
        "corr": 0.9999580118448544,
        "max_abs": 0.00026206000797283305,
        "ref_max_abs": 0.033187866211,
        "rmse": 2.5971191677632803e-06,
        "strong_cells": 664,
        "strong_ratio_median": 0.9982067143758686,
        "strong_ratio_p10": 0.9916989182880537,
        "strong_ratio_p90": 1.0037529556847133
      }
    },
    "B_qke_prod_inputs_wrf": {
      "rqv": {
        "bias": 7.866246392726517e-11,
        "corr": 0.9699422060605682,
        "max_abs": 3.1214568752992805e-06,
        "ref_max_abs": 5.3572780416e-06,
        "rmse": 2.993361564963938e-08,
        "strong_cells": 8625,
        "strong_ratio_median": 0.9744120270660731,
        "strong_ratio_p10": 0.6102050252186829,
        "strong_ratio_p90": 0.9878263008319569
      },
      "rth": {
        "bias": 3.478569485533479e-07,
        "corr": 0.9927313071747228,
        "max_abs": 0.006332395677158775,
        "ref_max_abs": 0.033187866211,
        "rmse": 7.531773338000368e-05,
        "strong_cells": 664,
        "strong_ratio_median": 0.717671253563853,
        "strong_ratio_p10": 0.6415830691035945,
        "strong_ratio_p90": 0.9982508177227691
      }
    },
    "C_qke_wrf_inputs_jax": {
      "rqv": {
        "bias": -5.371171925897115e-09,
        "corr": 0.7115782829010182,
        "max_abs": 4.628118778496115e-06,
        "ref_max_abs": 5.3572780416e-06,
        "rmse": 8.350828502805743e-08,
        "strong_cells": 8625,
        "strong_ratio_median": 0.26272129126905686,
        "strong_ratio_p10": 0.1382871044530511,
        "strong_ratio_p90": 0.45067537490487564
      },
      "rth": {
        "bias": -4.449524783059451e-06,
        "corr": 0.8130576712506202,
        "max_abs": 0.02253703272337851,
        "ref_max_abs": 0.033187866211,
        "rmse": 0.00017012309019279862,
        "strong_cells": 664,
        "strong_ratio_median": 0.2695472423889126,
        "strong_ratio_p10": -0.002292643029558787,
        "strong_ratio_p90": 1.0682204160269797
      }
    },
    "D_qke_prod_inputs_jax_production": {
      "rqv": {
        "bias": -5.2893963866745695e-09,
        "corr": 0.6786882740924784,
        "max_abs": 4.789201701170209e-06,
        "ref_max_abs": 5.3572780416e-06,
        "rmse": 8.666578419389617e-08,
        "strong_cells": 8625,
        "strong_ratio_median": 0.24646955594177125,
        "strong_ratio_p10": 0.08907195904442977,
        "strong_ratio_p90": 0.4484822218926573
      },
      "rth": {
        "bias": -4.29025698652391e-06,
        "corr": 0.831396009870904,
        "max_abs": 0.023255740598449363,
        "ref_max_abs": 0.033187866211,
        "rmse": 0.00018372241771801064,
        "strong_cells": 664,
        "strong_ratio_median": 0.2365473895227375,
        "strong_ratio_p10": -0.002559292810025852,
        "strong_ratio_p90": 0.7354791775055164
      }
    }
  },
  "created_utc": "2026-06-10T01:57:37.468924+00:00",
  "environment": {
    "jax_backend": "cpu",
    "platform": "Linux-7.0.0-22-generic-x86_64-with-glibc2.43",
    "python": "3.13.11"
  },
  "gates": {
    "init_oracle_rel_p50": true,
    "kernel_corr": true,
    "kernel_ratio_med_band": true,
    "kernel_rmse": true,
    "stale_rmol_all_columns": true,
    "strict_step1_closed": false
  },
  "git": {
    "branch": {
      "command": [
        "git",
        "rev-parse",
        "--abbrev-ref",
        "HEAD"
      ],
      "returncode": 0,
      "stdout_tail": "worker/gpt/v013-close-manager\n"
    },
    "head": {
      "command": [
        "git",
        "rev-parse",
        "HEAD"
      ],
      "returncode": 0,
      "stdout_tail": "1435457b12edab890d546d6b8809a9f31bb549cd\n"
    }
  },
  "init_qke": {
    "oracle_wrf_ust_and_emitted_rmol_vs_wrf": {
      "bias": -2.216851964381613e-05,
      "max_abs": 0.48011697724154345,
      "ref_max_abs": 25.000001907,
      "rel_max": 0.26007754009287465,
      "rel_p50": 2.3785239999217556e-07,
      "rel_p90": 2.3785239999217556e-07,
      "rel_p99": 0.00023997254621269863,
      "rmse": 0.0030592829857925747
    },
    "pre_fix_seed_qke_uniform": 4.99220118e-05,
    "production_formula_vs_rmolpinned_wrf": {
      "bias": -9.055919110168527e-06,
      "max_abs": 0.6763555942390198,
      "ref_max_abs": 20.954540253,
      "rel_max": 0.18080890401953875,
      "rel_p50": 2.3785239999217556e-07,
      "rel_p90": 2.3785239999217556e-07,
      "rel_p99": 0.00021808537527012804,
      "rmse": 0.0018424198524632917
    },
    "production_seed_vs_wrf_unpinned": {
      "bias": -0.0038774584197310245,
      "max_abs": 6.409678847032573,
      "ref_max_abs": 25.000001907,
      "rel_max": 10.236204095274681,
      "rel_p50": 2.3785239999217556e-07,
      "rel_p90": 2.3785239999217556e-07,
      "rel_p99": 0.9424910842079447,
      "rmse": 0.07983044546719091
    },
    "rmolpin_truth_deltas": {
      "init_qke_unpinned_vs_pinned": {
        "bias": -0.0030986760163798917,
        "max_abs": 7.018555640999999,
        "ref_max_abs": 25.000001907,
        "rmse": 0.07922832420702576
      },
      "rthblten_unpinned_vs_pinned": {
        "bias": 2.628303430470639e-07,
        "max_abs": 0.007151285185999997,
        "ref_max_abs": 0.033187866211,
        "rmse": 7.430504583373515e-05
      }
    },
    "wrf_init_qke_max": 25.000001907
  },
  "input_boundary": {
    "p_vs_wrf_p": {
      "bias": 0.5018028497093163,
      "max_abs": 292.8203150000045,
      "ref_max_abs": 101727.03125,
      "rmse": 7.880021831115448
    },
    "qv_vs_wrf_qv": {
      "bias": 6.294596997343352e-12,
      "max_abs": 5.969289746700357e-08,
      "ref_max_abs": 0.01170683559,
      "rmse": 4.714011624832014e-09
    },
    "sfclay_qv_flux_vs_wrf_flqv": {
      "bias": -1.3182737368691703e-05,
      "max_abs": 2.2709921762484634e-05,
      "ref_max_abs": 6.270674727475933e-05,
      "rmse": 1.442591864492997e-05
    },
    "sfclay_theta_flux_vs_wrf_flt": {
      "bias": -0.010733783227345433,
      "max_abs": 0.3121972813467408,
      "ref_max_abs": 0.3119690397296882,
      "rmse": 0.02315528543965535
    },
    "sfclay_ustar_vs_wrf_ust": {
      "bias": -0.025370190466854015,
      "max_abs": 0.15787489948403996,
      "ref_max_abs": 0.33699807525,
      "rmse": 0.02954126268295198
    },
    "theta_full_vs_wrf_th": {
      "bias": 1.0438721485353146,
      "max_abs": 5.490148032343427,
      "ref_max_abs": 494.99581909,
      "rmse": 1.9168839234437072
    },
    "tskin_vs_wrf_ts": {
      "bias": -0.07544341683712853,
      "max_abs": 8.344940187890643,
      "ref_max_abs": 305.0635376,
      "rmse": 1.1131824623693845
    },
    "wspd_level0_vs_wrf_wspd": {
      "bias": -2.445007572508108e-05,
      "max_abs": 0.06396161658921289,
      "ref_max_abs": 6.5508055687,
      "rmse": 0.001053437173531504
    },
    "wspd_level0_vs_wrf_wspd_note": "level-0 wind speed matches to <=0.064 (see json)",
    "znt_vs_wrf_znt": {
      "bias": -0.014158440233910828,
      "max_abs": 0.9737602076530456,
      "ref_max_abs": 1.0,
      "rmse": 0.10380183155466993
    }
  },
  "kernel_response_gate": {
    "rqv": {
      "bias": -2.2247618422093928e-10,
      "corr": 0.9998196528315856,
      "max_abs": 3.1231071728226947e-07,
      "ref_max_abs": 5.3572780416e-06,
      "rmse": 2.2983195444252976e-09,
      "strong_cells": 8625,
      "strong_ratio_median": 0.9735011792809023,
      "strong_ratio_p10": 0.9714902386836202,
      "strong_ratio_p90": 1.0027741169047297
    },
    "rth": {
      "bias": 6.82604014333846e-08,