{
  "commands": {
    "proof": "JAX_PLATFORMS=cpu CUDA_VISIBLE_DEVICES= JAX_ENABLE_COMPILATION_CACHE=false PYTHONPATH=src python proofs/v014/noahmp_step1_closure.py"
  },
  "created_utc": "2026-06-10T06:47:46.565399+00:00",
  "environment": {
    "jax_backend": "cpu",
    "platform": "Linux-7.0.0-22-generic-x86_64-with-glibc2.43",
    "python": "3.13.11"
  },
  "fastest_next_command": "Emit a per-column WRF noahmplsm ENERGY in/out hook on the pinned tree (FVEG/LAI/SAI, CM/CH in+out, two-stream SAV/SAG/FSR/FSA albedo chain, SH/EV/GH/TRAD/T2MV/T2MB, plus EFLXB terms) at step 1, column-diff it against the JAX physics.noahmp energy solve on the worst land cells (start at the strict worst cell i=66 j=37), fix the diverging chain, then rerun JAX_PLATFORMS=cpu CUDA_VISIBLE_DEVICES= JAX_ENABLE_COMPILATION_CACHE=false PYTHONPATH=src python proofs/v014/noahmp_step1_closure.py (secondary lane: RRTMG GLW +17 W/m2 uniform clear-sky bias + RTHRATEN parity via an RRTMG forcing hook)",
  "git": {
    "branch": "worker/gpt/v013-close-manager",
    "head": "c58057e523b9e6a78f5942adde30470628ffe27b"
  },
  "kernel_matrix": {
    "current_inputs_wrf_qke_rthblten": {
      "bias": -4.527801379247899e-06,
      "corr": 0.8549916975250086,
      "count": 461736,
      "max_abs": 0.016064435310936355,
      "nonfinite_count": 0,
      "ref_max_abs": 0.026036581025,
      "rmse": 0.00011906803622303894,
      "strong_cells": 863,
      "strong_ratio_median": 0.41208775619128535,
      "strong_ratio_p10": 0.10728547149884965,
      "strong_ratio_p90": 0.9998226025061588,
      "worst_candidate": -0.009972145714063648,
      "worst_reference": -0.026036581025
    },
    "wrf_inputs_wrf_qke_rthblten": {
      "bias": 8.055844529165623e-08,
      "corr": 0.9999269219802973,
      "count": 461736,
      "max_abs": 0.00026978377168347277,
      "nonfinite_count": 0,
      "ref_max_abs": 0.026036581025,
      "rmse": 2.5913062928007185e-06,
      "strong_cells": 863,
      "strong_ratio_median": 0.9976066926053615,
      "strong_ratio_p10": 0.9906665415802358,
      "strong_ratio_p90": 1.0032734141199182,
      "worst_candidate": 0.004130257404483473,
      "worst_reference": 0.0038604736328
    }
  },
  "land_input_parity": {
    "albedo_carry_vs_pre_albedo": {
      "bias": 0.45259114719130217,
      "count": 768,
      "max_abs": 0.52000000477,
      "ref_max_abs": 0.25,
      "rmse": 0.45474165778717096
    },
    "note": "tslb/smois/sh2o/tsk/vegfra/snow match WRF to hook print precision; the znt/albedo CARRY rows are diagnostic-level (the energy solve derives two-stream albedo and z0wrf internally) but flag the albedo chain for the per-column energy hook.",
    "sh2o1": {
      "bias": 5.417500306143195e-14,
      "count": 768,
      "max_abs": 4.954231469511683e-12,
      "ref_max_abs": 0.17051698267,
      "rmse": 1.5117398811944278e-12
    },
    "smois1": {
      "bias": 5.417500306143195e-14,
      "count": 768,
      "max_abs": 4.954231469511683e-12,
      "ref_max_abs": 0.17051698267,
      "rmse": 1.5117398811944278e-12
    },
    "snow": {
      "bias": 0.0,
      "count": 768,
      "max_abs": 0.0,
      "ref_max_abs": 0.0,
      "rmse": 0.0
    },
    "status": "READY",
    "tsk_carry": {
      "bias": 1.543170036200081e-10,
      "count": 768,
      "max_abs": 5.000003966415534e-09,
      "ref_max_abs": 304.15545654,
      "rmse": 2.923221361454003e-09
    },
    "tslb1": {
      "bias": -2.746839792659254e-12,
      "count": 768,
      "max_abs": 5.000003966415534e-09,
      "ref_max_abs": 307.17541504,
      "rmse": 2.828303696324081e-09
    },
    "vegfra": {
      "bias": -4.810453097418728e-12,
      "count": 768,
      "max_abs": 4.970708289420145e-10,
      "ref_max_abs": 63.909881592,
      "rmse": 2.3351605993049265e-10
    },
    "znt_carry_vs_pre_znt": {
      "bias": -0.13114583326016602,
      "count": 768,
      "max_abs": 0.75000001192,
      "ref_max_abs": 0.80000001192,
      "rmse": 0.23967045592790065
    }
  },
  "mynn_source_leaves": {
    "mass_coupled_max_abs": {
      "jax_rthblten": 1242.36969050612,
      "wrf_driver_rthblten": 2522.905703464659
    },
    "raw_rqvblten_vs_wrf": {
      "bias": -5.519008871561918e-09,
      "corr": 0.7779623583783244,
      "count": 461736,
      "max_abs": 3.706168411134228e-06,
      "nonfinite_count": 0,
      "ref_max_abs": 5.1020956562e-06,
      "rmse": 7.151264761504128e-08,
      "strong_cells": 8362,
      "strong_ratio_median": 0.2534578071021307,
      "strong_ratio_p10": 0.1525139018659962,
      "strong_ratio_p90": 0.445911757341195,
      "worst_candidate": -3.415145669657717e-07,
      "worst_reference": -4.0476829781e-06
    },
    "raw_rthblten_vs_wrf": {
      "bias": -4.528472208489633e-06,
      "corr": 0.8561204423861145,
      "count": 461736,
      "max_abs": 0.016072531466352954,
      "nonfinite_count": 0,
      "ref_max_abs": 0.026036581025,
      "rmse": 0.00011917325735225103,
      "strong_cells": 863,
      "strong_ratio_median": 0.41187007310784046,
      "strong_ratio_p10": 0.10675759184538575,
      "strong_ratio_p90": 0.9965784750284634,
      "worst_candidate": -0.009964049558647048,
      "worst_reference": -0.026036581025
    }
  },
  "noahmp_init_meta": {
    "domain": "d02",
    "init_note": "corpus wrfinput is the PRE-NOAHMP_INIT state; canopy/snow prognostic XY fields are 0 over land, so they are built via a faithful module_sf_noahmpdrv.F NOAHMP_INIT replica (TV/TG/TAH=TSK, EAH=2000, CANLIQ=CANWAT, SNOW_INIT for ZSNSO/ISNOW/TSNO). This is the SAME land carry WRF integrates from.",
    "n_land_cells": 768,
    "run_dir": "/mnt/data/wrf_gpu2/v014_source_save_boundary/run_case3",
    "source": "warm-start from corpus wrfinput",
    "table_dir": "/home/enric/src/wrf_pristine/WRF/run",
    "wrfinput_file": "/mnt/data/wrf_gpu2/v014_source_save_boundary/run_case3/wrfinput_d02"
  },
  "post_overlay_mynn_boundary": {
    "fltv": {
      "all": {
        "bias": -0.013297784077784985,
        "count": 10494,
        "max_abs": 0.25154919874636517,
        "ref_max_abs": 0.3119694983335894,
        "rmse": 0.020507450617942163
      },
      "land": {
        "bias": -0.041838694028673386,
        "count": 768,
        "max_abs": 0.25154919874636517,
        "ref_max_abs": 0.3119694983335894,
        "rmse": 0.06174455503827164
      },
      "water": {
        "bias": -0.011044091003316315,
        "count": 9726,
        "max_abs": 0.03235508459779328,
        "ref_max_abs": 0.03851812980463102,
        "rmse": 0.012358157438792648
      }
    },
    "qv_flux_flqv": {
      "all": {
        "bias": -1.3069868992678886e-05,
        "count": 10494,
        "max_abs": 2.2627856641408083e-05,
        "ref_max_abs": 6.270674727475933e-05,
        "rmse": 1.4378374270656485e-05
      },
      "land": {
        "bias": -5.631023756822546e-07,
        "count": 768,
        "max_abs": 7.702453312724795e-06,
        "ref_max_abs": 1.3251135948602597e-05,
        "rmse": 1.3935357296147104e-06
      },
      "water": {
        "bias": -1.4057448343064803e-05,
        "count": 9726,
        "max_abs": 2.2627856641408083e-05,
        "ref_max_abs": 6.270674727475933e-05,
        "rmse": 1.4930139093172045e-05
      }
    },
    "rhosfc_rho1": {
      "all": {
        "bias": -0.01859769097259396,
        "count": 10494,
        "max_abs": 0.022232895332359393,
        "ref_max_abs": 1.2120962143,
        "rmse": 0.018657927441933085
      },
      "land": {
        "bias": -0.015839842849316388,
        "count": 768,
        "max_abs": 0.01991317783299129,
        "ref_max_abs": 1.2024091482,
        "rmse": 0.01615072626245616
      },
      "water": {
        "bias": -0.01881546059614703,
        "count": 9726,
        "max_abs": 0.022232895332359393,
        "ref_max_abs": 1.2120962143,
        "rmse": 0.018841698210776123
      }
    },
    "theta_flux_flt": {
      "all": {
        "bias": -0.010973364932034142,
        "count": 10494,
        "max_abs": 0.251691908645883,