{
  "commands": {
    "proof": "JAX_PLATFORMS=cpu CUDA_VISIBLE_DEVICES= JAX_ENABLE_COMPILATION_CACHE=false PYTHONPATH=src python proofs/v014/noahmp_step1_closure.py"
  },
  "created_utc": "2026-06-10T12:10:27.413322+00:00",
  "environment": {
    "jax_backend": "cpu",
    "platform": "Linux-7.0.0-22-generic-x86_64-with-glibc2.43",
    "python": "3.13.11"
  },
  "fastest_next_command": "Surface-layer water-path CLOSED (proofs/v014/surface_layer_theta_decoupling.*). Post-RRTMG-fix strict RED at max 55.92970981221765 / rmse 0.499664626865853 is FORMALLY BOUNDED + GATE-UNREACHABLE (see proofs/v014/mynn_rthblten_step1_closure.*). RRTMG forcing is materially reduced to RTHRATEN max 2.798 / rmse 0.3646; the remaining strict max is MYNN level-2.5/QKE floor, and remaining field rmse must be assessed with operational field/rollout gates rather than the bitwise MYNN+RRTMG strict tolerance. Manager decision: re-specify the strict MYNN+RRTMG gate to an operational mass-coupled tolerance. Re-run: JAX_PLATFORMS=cpu CUDA_VISIBLE_DEVICES= JAX_ENABLE_COMPILATION_CACHE=false PYTHONPATH=src python proofs/v014/noahmp_step1_closure.py.",
  "git": {
    "branch": "worker/gpt/v013-close-manager",
    "head": "90ebf4580e9bf6f90943b52fc36e9446e7e32d4f"
  },
  "kernel_matrix": {
    "current_inputs_wrf_qke_rthblten": {
      "bias": 5.241812302244472e-07,
      "corr": 0.9990596345595988,
      "count": 461736,
      "max_abs": 0.0026790675679452237,
      "nonfinite_count": 0,
      "ref_max_abs": 0.026036581025,
      "rmse": 9.3660298042671e-06,
      "strong_cells": 863,
      "strong_ratio_median": 1.0017478600353242,
      "strong_ratio_p10": 0.996770352519824,
      "strong_ratio_p90": 1.0111817627022255,
      "worst_candidate": 0.005491770940845224,
      "worst_reference": 0.0028127033729
    },
    "wrf_inputs_wrf_qke_rthblten": {
      "bias": 8.055844529165623e-08,
      "corr": 0.9999269219802973,
      "count": 461736,
      "max_abs": 0.00026978377168347277,
      "nonfinite_count": 0,
      "ref_max_abs": 0.026036581025,
      "rmse": 2.5913062928007185e-06,
      "strong_cells": 863,
      "strong_ratio_median": 0.9976066926053615,
      "strong_ratio_p10": 0.9906665415802358,
      "strong_ratio_p90": 1.0032734141199182,
      "worst_candidate": 0.004130257404483473,
      "worst_reference": 0.0038604736328
    }
  },
  "land_input_parity": {
    "albedo_carry_vs_pre_albedo": {
      "bias": 0.45259114719130217,
      "count": 768,
      "max_abs": 0.52000000477,
      "ref_max_abs": 0.25,
      "rmse": 0.45474165778717096
    },
    "note": "tslb/smois/sh2o/tsk/vegfra/snow match WRF to hook print precision; the znt/albedo CARRY rows are diagnostic-level (the energy solve derives two-stream albedo and z0wrf internally) but flag the albedo chain for the per-column energy hook.",
    "sh2o1": {
      "bias": 5.417500306143195e-14,
      "count": 768,
      "max_abs": 4.954231469511683e-12,
      "ref_max_abs": 0.17051698267,
      "rmse": 1.5117398811944278e-12
    },
    "smois1": {
      "bias": 5.417500306143195e-14,
      "count": 768,
      "max_abs": 4.954231469511683e-12,
      "ref_max_abs": 0.17051698267,
      "rmse": 1.5117398811944278e-12
    },
    "snow": {
      "bias": 0.0,
      "count": 768,
      "max_abs": 0.0,
      "ref_max_abs": 0.0,
      "rmse": 0.0
    },
    "status": "READY",
    "tsk_carry": {
      "bias": 1.543170036200081e-10,
      "count": 768,
      "max_abs": 5.000003966415534e-09,
      "ref_max_abs": 304.15545654,
      "rmse": 2.923221361454003e-09
    },
    "tslb1": {
      "bias": -2.746839792659254e-12,
      "count": 768,
      "max_abs": 5.000003966415534e-09,
      "ref_max_abs": 307.17541504,
      "rmse": 2.828303696324081e-09
    },
    "vegfra": {
      "bias": -4.810453097418728e-12,
      "count": 768,
      "max_abs": 4.970708289420145e-10,
      "ref_max_abs": 63.909881592,
      "rmse": 2.3351605993049265e-10
    },
    "znt_carry_vs_pre_znt": {
      "bias": -0.13114583326016602,
      "count": 768,
      "max_abs": 0.75000001192,
      "ref_max_abs": 0.80000001192,
      "rmse": 0.23967045592790065
    }
  },
  "mynn_rthblten_lane_decomposition": "proofs/v014/mynn_rthblten_step1_closure.{py,json,md} -- current post-dry-theta-fix operational-path decomposition. FINDINGS: operational strict max/rmse 55.93/0.4997; WRF-pinned QKE 29.2/0.4582; WRF-pinned QKE + WRF RTHRATEN 29.42/0.277; RRTMG lane only 2.839/0.3648; remaining RRTMG share of WRF-QKE rmse variance 63.5%. The 1e-3/1e-5 mass-coupled strict gate remains unreachable without bitwise MYNN+RRTMG reproduction; use operational field/rollout gates for release decisions.",
  "mynn_source_leaves": {
    "mass_coupled_max_abs": {
      "jax_rthblten": 2526.5789066374464,
      "wrf_driver_rthblten": 2522.905703464659
    },
    "raw_rqvblten_vs_wrf": {
      "bias": -5.421569560450067e-11,
      "corr": 0.9993444124310775,
      "count": 461736,
      "max_abs": 9.880759745252364e-07,
      "nonfinite_count": 0,
      "ref_max_abs": 5.1020956562e-06,
      "rmse": 3.655237175029731e-09,
      "strong_cells": 8362,
      "strong_ratio_median": 0.994720766573161,
      "strong_ratio_p10": 0.9912032967938091,
      "strong_ratio_p90": 1.0112826289716803,
      "worst_candidate": -1.4913005867252364e-06,
      "worst_reference": -5.032246122e-07
    },
    "raw_rthblten_vs_wrf": {
      "bias": 5.258121285638431e-07,
      "corr": 0.998999093941308,
      "count": 461736,
      "max_abs": 0.0026920951794989,
      "nonfinite_count": 0,
      "ref_max_abs": 0.026036581025,
      "rmse": 9.611914804026008e-06,
      "strong_cells": 863,
      "strong_ratio_median": 1.0020295551690332,
      "strong_ratio_p10": 0.9967107195277082,
      "strong_ratio_p90": 1.010732523008253,
      "worst_candidate": 0.0055047985523989,
      "worst_reference": 0.0028127033729
    }
  },
  "noahmp_init_meta": {
    "domain": "d02",
    "init_note": "corpus wrfinput is the PRE-NOAHMP_INIT state; canopy/snow prognostic XY fields are 0 over land, so they are built via a faithful module_sf_noahmpdrv.F NOAHMP_INIT replica (TV/TG/TAH=TSK, EAH=2000, CANLIQ=CANWAT, SNOW_INIT for ZSNSO/ISNOW/TSNO). This is the SAME land carry WRF integrates from.",
    "n_land_cells": 768,
    "run_dir": "/mnt/data/wrf_gpu2/v014_source_save_boundary/run_case3",
    "source": "warm-start from corpus wrfinput",
    "table_dir": "/home/user/src/wrf_pristine/WRF/run",
    "wrfinput_file": "/mnt/data/wrf_gpu2/v014_source_save_boundary/run_case3/wrfinput_d02"
  },
  "noahmp_land_tile_energy_closure": "proofs/v014/noahmp_land_tile_energy_closure.{py,json,md} -- energy solve exonerated; moist-theta decoupling fix; RRTMG radiation lane isolated.",
  "post_overlay_mynn_boundary": {
    "fltv": {
      "all": {
        "bias": 0.001123140521985085,
        "count": 10494,
        "max_abs": 0.005768498848239767,
        "ref_max_abs": 0.3119694983335894,
        "rmse": 0.0012487070262191364
      },
      "land": {
        "bias": 0.0013367783448293927,
        "count": 768,
        "max_abs": 0.005768498848239767,
        "ref_max_abs": 0.3119694983335894,
        "rmse": 0.001471403542783733
      },
      "water": {
        "bias": 0.0011062709098172434,
        "count": 9726,
        "max_abs": 0.0022418090500069612,
        "ref_max_abs": 0.03851812980463102,
        "rmse": 0.0012294048611402074
      }
    },
    "qv_flux_flqv": {
      "all": {
        "bias": 3.924067562282228e-07,
        "count": 10494,
        "max_abs": 4.483864125064831e-06,
        "ref_max_abs": 6.270674727475933e-05,
        "rmse": 4.786140764406035e-07
      },
      "land": {
        "bias": -1.960056642321926e-08,
        "count": 768,
        "max_abs": 1.852093467900278e-07,
        "ref_max_abs": 1.3251135948602597e-05,
        "rmse": 3.919206120265945e-08
      },
      "water": {
        "bias": 4.2494033876948417e-07,
        "count": 9726,
        "max_abs": 4.483864125064831e-06,