{
 "allocator_shim": {
  "jax_default_backend": "cpu",
  "jax_devices": [
   "cpu:0"
  ],
  "original_callable": "_gpu_device",
  "selected_device": "cpu:0",
  "shim": "gpuwrf.contracts.state._gpu_device -> first CPU device"
 },
 "anchor": "WRF itimestep=7201 rk=1 iter=1 (call 21601 -> 21602); h36 JAX context",
 "dts": 6.0,
 "fold_diagnosis": {
  "theta": {
   "k00": {
    "corr": -0.09598502537585232,
    "rms_jax": 145.7509894894992,
    "rms_wrf_implied": 29.035273527811263,
    "slope_jax_vs_wrf": 0.15484390310632357
   },
   "k01": {
    "corr": 0.32435892062329214,
    "rms_jax": 19.209890403473594,
    "rms_wrf_implied": 25.571391573981497,
    "slope_jax_vs_wrf": 0.35448718448763966
   },
   "k02": {
    "corr": 0.49898018823976154,
    "rms_jax": 13.671442288261467,
    "rms_wrf_implied": 23.51501951125361,
    "slope_jax_vs_wrf": 0.3547050796799486
   },
   "k03": {
    "corr": 0.4464848345122797,
    "rms_jax": 12.181003522328119,
    "rms_wrf_implied": 21.718537001357205,
    "slope_jax_vs_wrf": 0.30856675806764555
   },
   "k04": {
    "corr": 0.31596009192670027,
    "rms_jax": 10.284527783021472,
    "rms_wrf_implied": 20.55434381876188,
    "slope_jax_vs_wrf": 0.18953461720739118
   },
   "k05": {
    "corr": 0.2761355623846078,
    "rms_jax": 7.7752207598989544,
    "rms_wrf_implied": 21.989038066284674,
    "slope_jax_vs_wrf": 0.1012410001356169
   },
   "k06": {
    "corr": 0.2390784151818446,
    "rms_jax": 9.238836783021375,
    "rms_wrf_implied": 24.670343949340864,
    "slope_jax_vs_wrf": 0.08862304604167534
   },
   "k07": {
    "corr": 0.26334865516359507,
    "rms_jax": 6.589703224261316,
    "rms_wrf_implied": 26.439359610426177,
    "slope_jax_vs_wrf": 0.06666745006266095
   },
   "k08": {
    "corr": 0.23069622742306475,
    "rms_jax": 5.056675758497394,
    "rms_wrf_implied": 26.424616101124307,
    "slope_jax_vs_wrf": 0.04626896129928558
   },
   "k09": {
    "corr": 0.08554917255640049,
    "rms_jax": 5.245010607240004,
    "rms_wrf_implied": 24.94204775943041,
    "slope_jax_vs_wrf": 0.020856602777468054
   },
   "k10": {
    "corr": -0.0044483247474140595,
    "rms_jax": 6.146391956128608,
    "rms_wrf_implied": 22.229189899013736,
    "slope_jax_vs_wrf": -0.0003146729511354091
   },
   "k11": {
    "corr": 0.0430521715782527,
    "rms_jax": 6.162395088030807,
    "rms_wrf_implied": 19.351083633841174,
    "slope_jax_vs_wrf": 0.004615740398681737
   },
   "k12": {
    "corr": 0.07259024356102727,
    "rms_jax": 4.672251475098199,
    "rms_wrf_implied": 16.702070205301894,
    "slope_jax_vs_wrf": 0.0082481764823708
   },
   "k13": {
    "corr": 0.01419913147600735,
    "rms_jax": 3.263800242111156,
    "rms_wrf_implied": 12.851459165954816,
    "slope_jax_vs_wrf": -0.005078887326709454
   }
  },
  "u": {
   "k00": {
    "corr": -0.19150896207780158,
    "rms_jax": 453.9861672619143,
    "rms_wrf_implied": 107.43222016025663,
    "slope_jax_vs_wrf": -0.2323505523593337
   },
   "k01": {
    "corr": 0.5086796522005257,
    "rms_jax": 73.22578802118363,
    "rms_wrf_implied": 76.5598040158379,
    "slope_jax_vs_wrf": 0.49846065197520145
   },
   "k02": {
    "corr": 0.8354475812612598,
    "rms_jax": 52.85442807325862,
    "rms_wrf_implied": 57.03993572533545,
    "slope_jax_vs_wrf": 0.7742411879690532
   },
   "k03": {
    "corr": 0.7495246601414902,
    "rms_jax": 50.22114055215037,
    "rms_wrf_implied": 45.45351921123247,
    "slope_jax_vs_wrf": 0.8037473355891107
   },
   "k04": {
    "corr": 0.6543103248982688,
    "rms_jax": 46.23761740335028,
    "rms_wrf_implied": 42.03883846108994,
    "slope_jax_vs_wrf": 0.6771212380658779
   },
   "k05": {
    "corr": 0.6424298759768816,
    "rms_jax": 43.60487429475951,
    "rms_wrf_implied": 40.26629593149255,
    "slope_jax_vs_wrf": 0.6950222834813775
   },
   "k06": {
    "corr": 0.6376811395312786,
    "rms_jax": 39.188127491382964,
    "rms_wrf_implied": 38.97295519762456,
    "slope_jax_vs_wrf": 0.7009720687687081
   },
   "k07": {
    "corr": 0.7829899238801541,
    "rms_jax": 40.42894544089423,
    "rms_wrf_implied": 40.98398016223053,
    "slope_jax_vs_wrf": 0.8368789938317419
   },
   "k08": {
    "corr": 0.8724828146271405,
    "rms_jax": 40.78066750991885,
    "rms_wrf_implied": 35.74428383768168,
    "slope_jax_vs_wrf": 1.0465665146693606
   },
   "k09": {
    "corr": 0.7858254797136499,
    "rms_jax": 35.54007536973281,
    "rms_wrf_implied": 25.963466016951216,
    "slope_jax_vs_wrf": 1.1777845289264337
   },
   "k10": {
    "corr": 0.5220472598024642,
    "rms_jax": 28.96990674346565,
    "rms_wrf_implied": 15.427638183594043,
    "slope_jax_vs_wrf": 1.1938857321285283
   },
   "k11": {
    "corr": 0.3216499785076972,
    "rms_jax": 18.715465831906364,
    "rms_wrf_implied": 7.038707937605891,
    "slope_jax_vs_wrf": 1.030258995344758
   },
   "k12": {
    "corr": 0.8687764948126955,
    "rms_jax": 4.149976134903067,
    "rms_wrf_implied": 4.00460840672641,
    "slope_jax_vs_wrf": 0.9025654762790238
   },
   "k13": {
    "corr": 0.8725999286651874,
    "rms_jax": 1.0040482223013996,
    "rms_wrf_implied": 1.1633048408275264,
    "slope_jax_vs_wrf": 0.7533021025967781
   }
  },
  "v": {
   "k00": {
    "corr": -0.3564346623276054,
    "rms_jax": 455.60330758249125,
    "rms_wrf_implied": 130.27356418384676,
    "slope_jax_vs_wrf": -1.8326132068754233
   },
   "k01": {
    "corr": 0.667896833437389,
    "rms_jax": 72.69091839487949,
    "rms_wrf_implied": 99.66470682028111,
    "slope_jax_vs_wrf": 0.5042984318117134
   },
   "k02": {
    "corr": 0.9175679200899937,
    "rms_jax": 72.61125337443319,
    "rms_wrf_implied": 84.81138785451861,
    "slope_jax_vs_wrf": 0.799194454640144
   },
   "k03": {
    "corr": 0.9056091850030283,
    "rms_jax": 67.28161099883903,
    "rms_wrf_implied": 75.89134509138553,
    "slope_jax_vs_wrf": 0.8179812904596652
   },
   "k04": {
    "corr": 0.8746752722749142,
    "rms_jax": 61.36040888125081,
    "rms_wrf_implied": 69.40253659263247,
    "slope_jax_vs_wrf": 0.7983091369780887
   },
   "k05": {
    "corr": 0.8534701933044063,
    "rms_jax": 58.381024294888945,
    "rms_wrf_implied": 63.68562037640243,
    "slope_jax_vs_wrf": 0.8133829417598951
   },
   "k06": {
    "corr": 0.9075285498410913,
    "rms_jax": 53.27410585447089,
    "rms_wrf_implied": 57.2566368326154,
    "slope_jax_vs_wrf": 0.864328365673631
   },
   "k07": {
    "corr": 0.9571234935363289,
    "rms_jax": 51.30149760914934,
    "rms_wrf_implied": 47.0339278585184,
    "slope_jax_vs_wrf": 1.0529001555129727
   },
   "k08": {
    "corr": 0.8598735276706009,
    "rms_jax": 39.514047819802,
    "rms_wrf_implied": 30.34159877477929,
    "slope_jax_vs_wrf": 1.142509314395426
   },
   "k09": {
    "corr": 0.6658390680376416,
    "rms_jax": 21.995167405271538,
    "rms_wrf_implied": 18.369517106032667,
    "slope_jax_vs_wrf": 0.7901111547888306
   },
   "k10": {
    "corr": 0.9103505903557203,
    "rms_jax": 13.561080967459544,
    "rms_wrf_implied": 13.416189895764429,
    "slope_jax_vs_wrf": 0.9256558588250402
   },
   "k11": {
    "corr": 0.9360659805771872,
    "rms_jax": 9.275125624919882,
    "rms_wrf_implied": 8.712765366952118,
    "slope_jax_vs_wrf": 1.0010707408340696
   },
   "k12": {
    "corr": 0.9637433743548975,
    "rms_jax": 2.7375632210470155,
    "rms_wrf_implied": 2.858982756436692,
    "slope_jax_vs_wrf": 0.9222202989500121
   },
   "k13": {
    "corr": 0.5121824214953858,
    "rms_jax": 0.39702015070260294,
    "rms_wrf_implied": 0.8106485842327182,
    "slope_jax_vs_wrf": 0.2525818335106882
   }
  }
 },
 "generated_utc": "2026-06-11T21:46:10.712866+00:00",
 "kprofiles": {
  "adv_plus_diff_u": {
   "k24": 423.40880732603944,
   "k25": 453.23919686021503,
   "k26": 448.0239800781672,
   "k27": 424.09002500599746,
   "k28": 422.65755972455173,
   "k29": 463.2922131231015,
   "k30": 531.938137161902,
   "k31": 600.148402712849,
   "k32": 633.2986854312002,
   "k33": 603.8603322704606,
   "k34": 513.5735825452189,
   "k35": 489.62558533238916,