{
 "allocator_shim": {
  "jax_default_backend": "cpu",
  "jax_devices": [
   "cpu:0"
  ],
  "original_callable": "_gpu_device",
  "selected_device": "cpu:0",
  "shim": "gpuwrf.contracts.state._gpu_device -> first CPU device"
 },
 "anchor": "WRF itimestep=7201 rk=1 iter=1 (call 21601 -> 21602); h36 JAX context",
 "dts": 6.0,
 "generated_utc": "2026-06-11T21:09:56.655568+00:00",
 "kprofiles": {
  "adv_plus_diff_u": {
   "k24": 423.26928460768414,
   "k25": 453.110213765652,
   "k26": 447.95351527280116,
   "k27": 424.0491032513135,
   "k28": 422.58751156726436,
   "k29": 463.14560757832874,
   "k30": 531.7106261445912,
   "k31": 599.8398780679235,
   "k32": 632.8887860047744,
   "k33": 603.385173696063,
   "k34": 513.1185470526392,
   "k35": 488.7157222738448,
   "k36": 489.46641113593654,
   "k37": 442.7992339702448
  },
  "err_t": {
   "k00": 28.6528714839566,
   "k01": 25.65336400955419,
   "k02": 23.50476422746416,
   "k03": 21.585361126372526,
   "k04": 20.365494332931917,
   "k05": 21.82015799109605,
   "k06": 24.52401033565089,
   "k07": 26.29162303511556,
   "k08": 26.27124331496227,
   "k09": 24.80745626549723,
   "k10": 22.13139275211915,
   "k11": 19.30247968928482,
   "k12": 16.67464395102072,
   "k13": 12.925197402926958
  },
  "err_u": {
   "k00": 108.89566718545122,
   "k01": 78.09866008883463,
   "k02": 58.27372830653582,
   "k03": 46.38400543191608,
   "k04": 42.73241177459665,
   "k05": 40.783566348008684,
   "k06": 39.330504711033655,
   "k07": 41.14767589683674,
   "k08": 35.84228221990579,
   "k09": 26.020644237357285,
   "k10": 15.434565290824398,
   "k11": 7.144880844598766,
   "k35": 7.721716245034888,
   "k36": 10.77762108856329
  },
  "physics_fold_t": {
   "k00": 0.0,
   "k01": 0.0,
   "k02": 0.0,
   "k03": 0.0,
   "k04": 0.0,
   "k05": 0.0,
   "k06": 0.0,
   "k07": 0.0,
   "k08": 0.0,
   "k09": 0.0,
   "k10": 0.0,
   "k11": 0.0,
   "k12": 0.0,
   "k13": 0.0
  },
  "physics_fold_u": {
   "k00": 0.0,
   "k01": 0.0,
   "k02": 0.0,
   "k03": 0.0,
   "k04": 0.0,
   "k05": 0.0,
   "k06": 0.0,
   "k07": 0.0,
   "k08": 0.0,
   "k09": 0.0,
   "k10": 0.0,
   "k11": 0.0,
   "k12": 0.0,
   "k13": 0.0
  }
 },
 "phase1_guard": {
  "ft_rmse_here": 13.76851657701725,
  "ft_rmse_phase1": 13.768453880097734,
  "ru_rmse_here": 27.302283415347866,
  "ru_rmse_phase1": 27.302311650333404,
  "rv_rmse_here": 35.83274623566871,
  "rv_rmse_phase1": 35.83267914551164
 },
 "ru_tend": {
  "contributor_scales": {
   "adv_plus_diff": {
    "max_abs": 6828.133116935629,
    "mean": 24.793285289616147,
    "rmse": 327.9238816815671
   },
   "coriolis": {
    "max_abs": 301.9519884385135,
    "mean": 67.11467440271727,
    "rmse": 89.7093563493893
   },
   "pgf": {
    "max_abs": 6700.483715567476,
    "mean": -85.81240614369419,
    "rmse": 342.0411001910342
   },
   "physics_fold": {
    "max_abs": 0.0,
    "mean": 0.0,
    "rmse": 0.0
   },
   "relax_fold": {
    "max_abs": 0.0,
    "mean": 0.0,
    "rmse": 0.0
   }
  },
  "corr_err_vs_contrib": {
   "adv_plus_diff": 0.008637280314898584,
   "coriolis": 0.12810234967058176,
   "pgf": 0.0422515236382403,
   "physics_fold": NaN,
   "relax_fold": NaN
  },
  "implied_interior_rms": 47.80205858380144,
  "remove_one": {
   "adv_plus_diff": {
    "max_abs": 6785.057146893988,
    "mean": -22.40058225579218,
    "rmse": 328.6445140286219
   },
   "coriolis": {
    "max_abs": 889.414691287127,
    "mean": -64.72197136889329,
    "rmse": 89.76206885208987
   },
   "pgf": {
    "max_abs": 6743.559685609117,
    "mean": 88.20510917751815,
    "rmse": 342.61818663956706
   },
   "physics_fold": {
    "max_abs": 966.3466337878145,
    "mean": 2.3927030338239694,
    "rmse": 27.302283415347866
   },
   "relax_fold": {
    "max_abs": 966.3466337878145,
    "mean": 2.3927030338239694,
    "rmse": 27.302283415347866
   }
  },
  "total_vs_implied": {
   "max_abs": 966.3466337878145,
   "mean": 2.3927030338239694,
   "rmse": 27.302283415347866
  }
 },
 "rv_tend": {
  "contributor_scales": {
   "adv_plus_diff": {
    "max_abs": 2276.1308660600457,
    "mean": -44.98534564533468,
    "rmse": 199.6442315060656
   },
   "coriolis": {
    "max_abs": 407.9138996251883,
    "mean": -166.9446336875966,
    "rmse": 186.11898609559682
   },
   "pgf": {
    "max_abs": 2174.165904422091,
    "mean": 208.4396460276617,
    "rmse": 295.2527331460726
   },
   "physics_fold": {
    "max_abs": 0.0,
    "mean": 0.0,
    "rmse": 0.0
   },
   "relax_fold": {
    "max_abs": 0.0,
    "mean": 0.0,
    "rmse": 0.0
   }
  },
  "corr_err_vs_contrib": {
   "adv_plus_diff": 0.07889630425450332,
   "coriolis": 0.21610655114671987,
   "pgf": 0.006960010332533975,
   "physics_fold": NaN,
   "relax_fold": NaN
  },
  "implied_interior_rms": 50.04741466062852,
  "remove_one": {
   "adv_plus_diff": {
    "max_abs": 2271.188877983458,
    "mean": 52.54087864537425,
    "rmse": 201.85767371618897
   },
   "coriolis": {
    "max_abs": 862.145195725537,
    "mean": 174.50016668763615,
    "rmse": 192.87649786105501
   },
   "pgf": {
    "max_abs": 2173.4044966311776,
    "mean": -200.88411302762213,
    "rmse": 291.901454716158
   },
   "physics_fold": {
    "max_abs": 859.2258121078787,
    "mean": 7.555533000039573,
    "rmse": 35.83274623566871
   },
   "relax_fold": {
    "max_abs": 859.2258121078787,
    "mean": 7.555533000039573,
    "rmse": 35.83274623566871
   }
  },
  "total_vs_implied": {
   "max_abs": 859.2258121078787,
   "mean": 7.555533000039573,
   "rmse": 35.83274623566871
  }
 },
 "schema": "v014_switzerland_uv_lane_contributors",
 "theta_tend": {
  "contributor_scales": {
   "adv_plus_diff": {
    "max_abs": 659.049853575365,
    "mean": -0.4103454053999248,
    "rmse": 28.685431769011508
   },
   "physics_fold": {
    "max_abs": 0.0,
    "mean": 0.0,
    "rmse": 0.0
   },
   "relax_fold": {
    "max_abs": 0.0,
    "mean": 0.0,
    "rmse": 0.0
   }
  },
  "corr_err_vs_contrib": {
   "adv_plus_diff": 0.4512125586685706,
   "physics_fold": NaN,
   "relax_fold": NaN
  },
  "implied_interior_rms": 25.625592243944862,
  "remove_one": {
   "adv_plus_diff": {
    "max_abs": 495.5546995417505,
    "mean": -0.9495735980369086,
    "rmse": 25.625592243944862
   },
   "physics_fold": {
    "max_abs": 366.738504583313,
    "mean": -1.359919003436834,
    "rmse": 13.76851657701725
   },
   "relax_fold": {
    "max_abs": 366.738504583313,
    "mean": -1.359919003436834,
    "rmse": 13.76851657701725
   }
  },
  "total_vs_implied": {
   "max_abs": 366.738504583313,
   "mean": -1.359919003436834,
   "rmse": 13.76851657701725
  }
 }
}