{
 "schema": "v014_switzerland_ustar_decisive",
 "generated_utc": "2026-06-11T23:32:28.739417+00:00",
 "cpu_reference": "/mnt/data/wrf_gpu_validation/v014_switzerland_72h_cpu_20260610T122909Z/run_cpu",
 "depth": 8,
 "cpu_budget_h36_h37": {
  "dM_pa_per_cell_h": -69.33673469387755,
  "net_influx_pa_per_cell_h": -74.51517857142858,
  "residual_pa_per_cell_h": 5.178443877551032
 },
 "baseline_phys_tendf_excess_h37": -26.544642857142847,
 "variants": {
  "phys_tendf_baseline": {
   "path": "/mnt/data/wrf_gpu_validation/v014_switzerland_d01_reinit_h36_fable/gpu_output_phys_tendf",
   "budget_h37": {
    "dM_pa_per_cell_h": -119.01020408163265,
    "net_influx_pa_per_cell_h": -101.05982142857142,
    "residual_pa_per_cell_h": -17.950382653061226
   },
   "excess_h37": -26.544642857142847,
   "metrics_h37": {
    "available": true,
    "valid_h": 37,
    "mu": {
     "rmse": 53.15507507324219,
     "bias": -39.375389099121094,
     "finite": true
    },
    "psfc": {
     "rmse": 55.16514587402344,
     "bias": -41.51390838623047,
     "finite": true
    },
    "t": {
     "rmse": 0.5943394303321838,
     "bias": 0.21589583158493042,
     "finite": true
    },
    "u": {
     "rmse": 0.8653594255447388,
     "bias": 0.06417784839868546,
     "finite": true
    },
    "v": {
     "rmse": 0.5836421251296997,
     "bias": 0.035043228417634964,
     "finite": true
    },
    "w": {
     "rmse": 0.10084261000156403,
     "bias": 0.0029923287220299244,
     "finite": true
    },
    "ph": {
     "rmse": 67.81607818603516,
     "bias": 54.02067184448242,
     "finite": true
    }
   },
   "budget_h38": {
    "dM_pa_per_cell_h": -237.3265306122449,
    "net_influx_pa_per_cell_h": -92.81364795918367,
    "residual_pa_per_cell_h": -144.51288265306124
   },
   "excess_h38": -21.545280612244895,
   "metrics_h38": {
    "available": true,
    "valid_h": 38,
    "mu": {
     "rmse": 101.15336608886719,
     "bias": -83.3946533203125,
     "finite": true
    },
    "psfc": {
     "rmse": 104.34809112548828,
     "bias": -86.2583999633789,
     "finite": true
    },
    "t": {
     "rmse": 0.8471549153327942,
     "bias": 0.3750513792037964,
     "finite": true
    },
    "u": {
     "rmse": 1.1679426431655884,
     "bias": 0.06034669280052185,
     "finite": true
    },
    "v": {
     "rmse": 0.830303966999054,
     "bias": 0.04037125036120415,
     "finite": true
    },
    "w": {
     "rmse": 0.13974368572235107,
     "bias": 0.004568757489323616,
     "finite": true
    },
    "ph": {
     "rmse": 97.89286041259766,
     "bias": 80.16036224365234,
     "finite": true
    }
   }
  },
  "ustar_x164": {
   "path": "/mnt/data/wrf_gpu_validation/v014_switzerland_d01_reinit_h36_fable/gpu_output_ustar_x164",
   "budget_h37": {
    "dM_pa_per_cell_h": -119.01020408163265,
    "net_influx_pa_per_cell_h": -101.05982142857142,
    "residual_pa_per_cell_h": -17.950382653061226
   },
   "excess_h37": -26.544642857142847,
   "metrics_h37": {
    "available": true,
    "valid_h": 37,
    "mu": {
     "rmse": 53.15507507324219,
     "bias": -39.375389099121094,
     "finite": true
    },
    "psfc": {
     "rmse": 55.16514587402344,
     "bias": -41.51390838623047,
     "finite": true
    },
    "t": {
     "rmse": 0.5943394303321838,
     "bias": 0.21589583158493042,
     "finite": true
    },
    "u": {
     "rmse": 0.8653594255447388,
     "bias": 0.06417784839868546,
     "finite": true
    },
    "v": {
     "rmse": 0.5836421251296997,
     "bias": 0.035043228417634964,
     "finite": true
    },
    "w": {
     "rmse": 0.10084261000156403,
     "bias": 0.0029923287220299244,
     "finite": true
    },
    "ph": {
     "rmse": 67.81607818603516,
     "bias": 54.02067184448242,
     "finite": true
    }
   },
   "budget_h38": {
    "dM_pa_per_cell_h": -237.3265306122449,
    "net_influx_pa_per_cell_h": -92.81364795918367,
    "residual_pa_per_cell_h": -144.51288265306124
   },
   "excess_h38": -21.545280612244895,
   "metrics_h38": {
    "available": true,
    "valid_h": 38,
    "mu": {
     "rmse": 101.15336608886719,
     "bias": -83.3946533203125,
     "finite": true
    },
    "psfc": {
     "rmse": 104.34809112548828,
     "bias": -86.2583999633789,
     "finite": true
    },
    "t": {
     "rmse": 0.8471549153327942,
     "bias": 0.3750513792037964,
     "finite": true
    },
    "u": {
     "rmse": 1.1679426431655884,
     "bias": 0.06034669280052185,
     "finite": true
    },
    "v": {
     "rmse": 0.830303966999054,
     "bias": 0.04037125036120415,
     "finite": true
    },
    "w": {
     "rmse": 0.13974368572235107,
     "bias": 0.004568757489323616,
     "finite": true
    },
    "ph": {
     "rmse": 97.89286041259766,
     "bias": 80.16036224365234,
     "finite": true
    }
   }
  }
 },
 "cpu_budget_h36_h38": {
  "dM_pa_per_cell_h": -135.6122448979592,
  "net_influx_pa_per_cell_h": -71.26836734693877,
  "residual_pa_per_cell_h": -64.34387755102041
 }
}