{
 "schema": "v014_switzerland_theta_advection_operator_oracle",
 "generated_utc": "2026-06-12T00:50:51.008627+00:00",
 "rom_diff_max": 1.4210854715202004e-14,
 "rom_interior_rms": 1.8843384104171192,
 "actual_cpu_dtheta_dt_k_per_s": [
  7.562998536337696e-06,
  1.1544880970933238e-05,
  8.84476821427301e-06,
  5.33441965980803e-06,
  -3.5996001734455227e-06,
  -1.7742955126861957e-05,
  -2.8453399415169525e-05,
  -3.246705209749207e-05,
  -3.5731576961127204e-05,
  -3.877269187872593e-05,
  -4.3781414534910805e-05,
  -5.796707870211294e-05,
  -8.904392481976722e-05,
  -0.0001410256499034787,
  -0.0001939533084217613,
  -0.0002382701527252918,
  -0.00028128205339931497,
  -0.0002946698362190283,
  -0.0002590645131787191,
  -0.00017010510721833145,
  -3.51216360265717e-05,
  8.537555427708253e-05,
  0.00015820118916178236,
  0.00020919760340798322,
  0.00025797775906953954,
  0.00029298621585975603,
  0.00027180889433721383,
  0.00021701338886760427,
  0.00016151614713152813,
  0.00011318029235946824,
  5.8047404069032745e-05,
  -5.0513894433310946e-06,
  -5.467213539247959e-05,
  -6.387928894536013e-05,
  -3.960882630803893e-05,
  -7.1043779965926735e-06,
  2.5236279185707478e-05,
  6.876284638986121e-05,
  0.00011932696607159761,
  0.00013387094272961797,
  0.00010128142684357429,
  4.120611959142559e-05,
  1.9774170224213452e-05,
  4.37928699643996e-05
 ],
 "np_minus_jax_mean_K_per_s": [
  2.9282738330048e-21,
  2.5162176120344197e-22,
  -9.313012629840895e-21,
  8.502962825652776e-22,
  4.721039735171734e-21,
  2.489106398687488e-20,
  -1.4245013490193395e-20,
  1.8297306776252077e-20,
  -2.2375503921020123e-20,
  3.2547282782781547e-21,
  -4.3685721474678265e-21,
  -5.320176921684144e-22,
  1.4288201622532204e-20,
  1.117827597684671e-20,
  -5.823546677072024e-21,
  -4.998953131455376e-21,
  -4.379731852161977e-21,
  -5.315035693487329e-21,
  -7.820628034392087e-21,
  -1.2231838278805124e-20,
  -1.4801890569529533e-20,
  -1.317800609924555e-20,
  -5.957425121672719e-21,
  -2.796351801040818e-20,
  -2.6183243340403342e-20,
  -7.883869254422399e-20,
  -8.680917401971411e-20,
  -6.766995183799125e-20,
  -1.7999089733993136e-19,
  -3.0028606180644276e-20,
  -2.2734331466710185e-19,
  -2.932142405817472e-19,
  -1.4978967074905747e-19,
  -1.753271829090438e-19,
  -1.859538814642341e-19,
  -2.5537521294148106e-19,
  -1.1601059221239524e-19,
  -2.620071238578579e-19,
  -4.243157502265017e-19,
  -3.25587147393937e-19,
  -4.840725295113664e-19,
  -4.895038742878567e-19,
  -5.216969625022864e-19,
  9.236752077717441e-18
 ],
 "np_minus_jax_rms_K_per_s": [
  2.139586561654148e-19,
  5.502728442554978e-19,
  8.223562958876246e-19,
  1.2344671963535371e-18,
  1.388655430962464e-18,
  1.561271747893547e-18,
  1.5741860513149233e-18,
  1.6642718643441148e-18,
  1.591992710257907e-18,
  1.546217533989577e-18,
  1.3821952352555474e-18,
  1.2225852382435882e-18,
  1.0360653760333353e-18,
  9.112350958858266e-19,
  7.655852536260282e-19,
  6.552602429615722e-19,
  5.899832749861067e-19,
  6.204123666337534e-19,
  6.8737923306097e-19,
  8.139890266492071e-19,
  1.0491020798183412e-18,
  1.3223529870988445e-18,
  1.8259858832085545e-18,
  2.653822999305841e-18,
  3.932931432059674e-18,
  5.5075129630809514e-18,
  7.151315012901931e-18,
  8.502727842294527e-18,
  9.719907408394668e-18,
  1.1123451641370545e-17,
  1.243424448182185e-17,
  1.40013742730894e-17,
  1.086212058266603e-17,
  1.3236888190633512e-17,
  1.4670431705024433e-17,
  1.5332807000542733e-17,
  1.5831836523823092e-17,
  1.721176342546694e-17,
  2.122425396256419e-17,
  2.492396304896452e-17,
  2.7295403614696013e-17,
  2.8073117546914333e-17,
  2.933486565511443e-17,
  5.194529968511115e-16
 ],
 "jax_adv_mean_K_per_s": [
  -0.00011689349226395016,
  -0.00012630978784991694,
  -0.00011522593429593751,
  -8.500754754718104e-05,
  -4.656829046054608e-05,
  -1.5525107135766907e-05,
  -1.4849751178400455e-07,
  7.283994366135727e-06,
  1.9354343059357414e-06,
  -1.178684995222691e-05,
  -3.843373819808248e-05,
  -8.408028125910411e-05,
  -0.00013104514151101522,
  -0.00018471517134764967,
  -0.00023763531511427174,
  -0.0002727472584275945,
  -0.00030115470349227494,
  -0.00029033702776738816,
  -0.00022631000270086183,
  -0.0001286232287196809,
  1.8456991566538628e-07,
  0.00011328765845350829,
  0.00017725910478257918,
  0.00022053191059260443,
  0.00026962224758762273,
  0.0003205026577454849,
  0.00030830441664688233,
  0.00023805065486630082,
  0.0001597851217656767,
  9.853461032637732e-05,
  2.945955538670159e-05,
  -5.8178390092422155e-05,
  -0.00012914262308555608,
  -0.00015115161811043312,
  -0.00012594527830732315,
  -7.62852094915525e-05,
  -2.7533224602808895e-05,
  1.7234981996334198e-05,
  7.896561776412405e-05,
  9.631268078709312e-05,
  6.68138797385187e-05,
  1.929646000880311e-05,
  5.588620257413004e-06,
  4.6203554226072965e-05
 ],
 "np_adv_mean_K_per_s": [
  -0.00011689349226395016,
  -0.00012630978784991694,
  -0.00011522593429593753,
  -8.500754754718104e-05,
  -4.656829046054608e-05,
  -1.5525107135766876e-05,
  -1.4849751178401704e-07,
  7.283994366135746e-06,
  1.9354343059357202e-06,
  -1.1786849952226907e-05,
  -3.8433738198082485e-05,
  -8.40802812591041e-05,
  -0.00013104514151101522,
  -0.00018471517134764967,
  -0.00023763531511427174,
  -0.00027274725842759453,
  -0.00030115470349227494,
  -0.0002903370277673882,
  -0.00022631000270086185,
  -0.00012862322871968096,
  1.8456991566537201e-07,
  0.00011328765845350826,
  0.00017725910478257916,
  0.0002205319105926044,
  0.0002696222475876226,
  0.00032050265774548483,
  0.0003083044166468823,
  0.00023805065486630077,
  0.00015978512176567655,
  9.85346103263773e-05,
  2.9459555386701368e-05,
  -5.817839009242244e-05,
  -0.00012914262308555622,
  -0.0001511516181104333,
  -0.00012594527830732334,
  -7.628520949155276e-05,
  -2.7533224602809006e-05,
  1.7234981996333944e-05,
  7.896561776412362e-05,
  9.631268078709279e-05,
  6.681387973851824e-05,
  1.9296460008802625e-05,
  5.588620257412476e-06,
  4.620355422608219e-05
 ]
}