{
  "columns": {
    "DZ": [
      200.9575653076172,
      254.3655548095703,
      279.3724365234375,
      296.9609375,
      310.7650146484375,
      322.2279052734375,
      332.08349609375,
      340.760986328125,
      348.53369140625,
      355.587890625,
      362.05615234375,
      368.037109375,
      373.605224609375,
      378.8193359375,
      383.724609375,
      388.3603515625,
      392.7568359375,
      396.939453125,
      400.9306640625,
      404.7490234375,
      408.40869140625,
      411.9267578125,
      415.31103515625,
      418.57568359375,
      421.7265625,
      424.775390625,
      427.7275390625,
      430.5888671875,
      433.3662109375,
      436.0654296875,
      438.6884765625,
      441.2451171875
    ],
    "P": [
      100023.9375,
      97392.25,
      94377.890625,
      91207.0625,
      87956.265625,
      84669.375,
      81375.6171875,
      78096.078125,
      74846.625,
      71639.609375,
      68484.75,
      65389.828125,
      62361.08203125,
      59403.515625,
      56521.109375,
      53717.015625,
      50993.671875,
      48352.90234375,
      45796.015625,
      43323.875,
      40936.9453125,
      38635.359375,
      36418.9453125,
      34287.27734375,
      32239.69140625,
      30275.3203125,
      28393.12109375,
      26591.900390625,
      24870.322265625,
      23226.9296875,
      21660.1640625,
      20168.37109375
    ],
    "PI": [
      1.000068426132202,
      0.9924788475036621,
      0.9836035370826721,
      0.9740462303161621,
      0.9639981985092163,
      0.9535651803016663,
      0.9428159594535828,
      0.9317998290061951,
      0.9205538630485535,
      0.9091074466705322,
      0.8974841833114624,
      0.8857040405273438,
      0.8737835884094238,
      0.8617373108863831,
      0.8495776057243347,
      0.8373154401779175,
      0.8249605894088745,
      0.8125218152999878,
      0.8000066876411438,
      0.7874224781990051,
      0.7747753858566284,
      0.762071430683136,
      0.7493159174919128,
      0.7365137338638306,
      0.7236694693565369,
      0.710787296295166,
      0.6978710293769836,
      0.6849244236946106,
      0.6719508767127991,
      0.6589535474777222,
      0.6459353566169739,
      0.6328991651535034
    ],
    "QV": [
      0.009620915167033672,
      0.008814316242933273,
      0.00795448012650013,
      0.007119958754628897,
      0.006334631238132715,
      0.005608606152236462,
      0.004945475142449141,
      0.004345235880464315,
      0.003805788699537516,
      0.003323821583762765,
      0.002895352197811007,
      0.00251608551479876,
      0.002181648509576917,
      0.001887746271677315,
      0.001630261773243546,
      0.001405316754244268,
      0.001209307578392327,
      0.001038921531289816,
      0.00089114042930305,
      0.0007632331107743084,
      0.0006527452496811748,
      0.000557481951545924,
      0.0004754901165142655,
      0.0004050389979965985,
      0.0003446007904130965,
      0.0002928315952885896,
      0.0002485527656972408,
      0.0002107335167238489,
      0.000178475005668588,
      0.0001509956200607121,
      0.0001276163966394961,
      0.0001077496854122728
    ],
    "RQCBLTEN": [
      0.0,
      0.0,
      0.0,
      0.0,
      0.0,
      0.0,
      0.0,
      0.0,
      0.0,
      0.0,
      0.0,
      0.0,
      0.0,
      0.0,
      0.0,
      0.0,
      0.0,
      0.0,
      0.0,
      0.0,
      0.0,
      0.0,
      0.0,
      0.0,
      0.0,
      0.0,
      0.0,
      0.0,
      0.0,
      0.0,
      0.0,
      0.0
    ],
    "RQVBLTEN": [
      6.405917218899049e-08,
      3.206557908086438e-09,
      1.46867662476069e-09,
      1.317091102848167e-09,
      1.174538244441692e-09,
      1.041937092161049e-09,
      9.202270057073747e-10,
      8.097826298403277e-10,
      7.10229930422912e-10,
      6.211572367575968e-10,
      5.418139825685842e-10,
      4.714301726771453e-10,
      4.092881311645868e-10,
      3.54601625840445e-10,
      3.06598413324366e-10,
      2.646106667114623e-10,
      2.279686162065531e-10,
      1.960772655351661e-10,
      1.683662237406125e-10,
      1.44357539810791e-10,
      1.235878760441622e-10,
      1.056533957544126e-10,
      9.019619079397856e-11,
      7.689800185506357e-11,
      6.54759163554175e-11,
      5.567752855983876e-11,
      4.728446800772446e-11,
      4.010867679649088e-11,
      3.398087367045832e-11,
      2.875193312601443e-11,
      2.434195033040876e-11,
      9.411769974487783e-11
    ],
    "RTHBLTEN": [
      -4.041683496325277e-05,
      -4.134206847083988e-06,
      -4.169937426468096e-07,
      -4.141764122778113e-07,
      -4.191017808352626e-07,
      -4.207457209304266e-07,
      -4.240994542215049e-07,
      -4.263274320237542e-07,
      -4.296290114780277e-07,
      -4.321305198118353e-07,
      -4.348476636550913e-07,
      -4.383054772461037e-07,
      -4.417866819039773e-07,
      -4.447078651992342e-07,
      -4.485149247557274e-07,
      -4.517066827247618e-07,
      -4.555926977900526e-07,
      -4.595001996676729e-07,
      -4.63281963902773e-07,
      -4.678497020904615e-07,
      -4.714817123385728e-07,
      -4.759318414926383e-07,
      -4.803657702723285e-07,
      -4.850833761338436e-07,
      -4.898537326880614e-07,
      -4.941267661706661e-07,
      -4.993942752662406e-07,
      -5.040375299358857e-07,
      -5.094233870295284e-07,
      -5.143997441336978e-07,
      -5.237432674221054e-07,
      -7.89170189818833e-06
    ],
    "RUBLTEN": [
      -9.789465548237786e-05,
      -7.42836391509627e-07,
      -1.016368216255614e-07,
      -1.005274654630739e-07,
      -1.008165710914e-07,
      -1.012370276498586e-07,
      -1.016969619627162e-07,
      -1.022623195012784e-07,
      -1.028217511134244e-07,
      -1.034982233250048e-07,
      -1.042051991362314e-07,
      -1.049537274866452e-07,
      -1.057547294180949e-07,
      -1.066521022607958e-07,
      -1.075469029387932e-07,
      -1.08523515507386e-07,
      -1.095711041898539e-07,
      -1.106513920490215e-07,
      -1.117960337637669e-07,
      -1.130092570633678e-07,
      -1.14264707917755e-07,
      -1.156022833015413e-07,
      -1.169928935951248e-07,
      -1.18460533826692e-07,
      -1.200146897417653e-07,
      -1.216163951767157e-07,
      -1.233090927144076e-07,
      -1.25092725511422e-07,
      -1.269704057449417e-07,
      -1.289288746875172e-07,
      -1.321111398056019e-07,
      -2.084585503325798e-06
    ],
    "RVBLTEN": [
      -2.447366387059446e-05,
      -1.857090978774067e-07,
      -2.540920540639036e-08,
      -2.513186636576847e-08,
      -2.520414277284999e-08,
      -2.530925691246466e-08,
      -2.542424049067904e-08,
      -2.55655798753196e-08,
      -2.57054377783561e-08,
      -2.58745558312512e-08,
      -2.605129978405785e-08,
      -2.623843187166131e-08,
      -2.643868235452373e-08,
      -2.666302556519895e-08,
      -2.68867257346983e-08,
      -2.713087887684651e-08,
      -2.739277604746349e-08,
      -2.766284801225538e-08,
      -2.794900844094172e-08,
      -2.825231426584196e-08,
      -2.856617697943875e-08,
      -2.890057082538533e-08,
      -2.924822339878119e-08,
      -2.961513345667299e-08,
      -3.000367243544133e-08,
      -3.040409879417894e-08,
      -3.08272731786019e-08,
      -3.127318137785551e-08,
      -3.174260143623542e-08,
      -3.223221867187931e-08,
      -3.302778495140046e-08,
      -5.211463758314494e-07
    ],