{
  "columns": {
    "DZ": [
      200.9575653076172,
      254.3655548095703,
      279.3724365234375,
      296.9609375,
      310.7650146484375,
      322.2279052734375,
      332.08349609375,
      340.760986328125,
      348.53369140625,
      355.587890625,
      362.05615234375,
      368.037109375,
      373.605224609375,
      378.8193359375,
      383.724609375,
      388.3603515625,
      392.7568359375,
      396.939453125,
      400.9306640625,
      404.7490234375,
      408.40869140625,
      411.9267578125,
      415.31103515625,
      418.57568359375,
      421.7265625,
      424.775390625,
      427.7275390625,
      430.5888671875,
      433.3662109375,
      436.0654296875,
      438.6884765625,
      441.2451171875
    ],
    "P": [
      99321.3671875,
      96687.8125,
      93679.1875,
      90523.28125,
      87297.234375,
      84045.0625,
      80795.8125,
      77570.140625,
      74383.3125,
      71246.953125,
      68170.015625,
      65159.3984375,
      62220.46875,
      59357.31640625,
      56573.0390625,
      53869.88671875,
      51249.4296875,
      48712.6640625,
      46260.09765625,
      43891.8203125,
      41607.59375,
      39406.859375,
      37288.828125,
      35252.4921875,
      33296.66015625,
      31419.98828125,
      29621.00390625,
      27898.123046875,
      26249.6796875,
      24673.93359375,
      23169.078125,
      21733.26171875
    ],
    "PI": [
      0.9980563521385193,
      0.9904224872589111,
      0.981517493724823,
      0.9719541668891907,
      0.9619289636611938,
      0.9515509605407715,
      0.9408917427062988,
      0.9300026297569275,
      0.9189221262931824,
      0.9076809287071228,
      0.8963038325309753,
      0.8848111629486084,
      0.8732202053070068,
      0.8615458011627197,
      0.8498005270957947,
      0.8379955887794495,
      0.8261407017707825,
      0.8142444491386414,
      0.8023146390914917,
      0.7903580665588379,
      0.7783808708190918,
      0.7663887143135071,
      0.7543864846229553,
      0.7423789501190186,
      0.7303702235221863,
      0.7183640003204346,
      0.7063639163970947,
      0.6943730711936951,
      0.6823943257331848,
      0.670430600643158,
      0.658484160900116,
      0.6465574502944946
    ],
    "QV": [
      0.005634791683405638,
      0.004887455143034458,
      0.004136618226766586,
      0.003454833989962935,
      0.002857251325622201,
      0.002344447653740644,
      0.001910906052216887,
      0.001548541709780693,
      0.001248457818292081,
      0.001001872704364359,
      0.0008006007992662489,
      0.0006372794741764665,
      0.0005054479697719216,
      0.0003995394508820027,
      0.0003148251271340996,
      0.0002473343047313392,
      0.0001937641645781696,
      0.0001513903844170272,
      0.0001179814353235997,
      9.17211000341922e-05,
      7.113935134839267e-05,
      5.505242370418273e-05,
      4.251148857292719e-05,
      3.275923154433258e-05,
      2.519360168662388e-05,
      1.93377272807993e-05,
      1.481516665080562e-05,
      1.13296946437913e-05,
      9.999999747378752e-06,
      9.999999747378752e-06,
      9.999999747378752e-06,
      9.999999747378752e-06
    ],
    "RQCBLTEN": [
      0.0,
      0.0,
      0.0,
      0.0,
      0.0,
      0.0,
      0.0,
      0.0,
      0.0,
      0.0,
      0.0,
      0.0,
      0.0,
      0.0,
      0.0,
      0.0,
      0.0,
      0.0,
      0.0,
      0.0,
      0.0,
      0.0,
      0.0,
      0.0,
      0.0,
      0.0,
      0.0,
      0.0,
      0.0,
      0.0,
      0.0,
      0.0
    ],
    "RQVBLTEN": [
      -1.66616072050374e-08,
      1.683380101979992e-09,
      1.784876024757409e-09,
      1.611905386944557e-09,
      1.39460665238289e-09,
      1.176803432478835e-09,
      9.771382591949873e-10,
      8.022975617194561e-10,
      6.531648555352376e-10,
      5.281606263451977e-10,
      4.247308338367617e-10,
      3.398752668193339e-10,
      2.708200885770395e-10,
      2.149660449646262e-10,
      1.700282414862642e-10,
      1.340375171965391e-10,
      1.053413606344478e-10,
      8.254451983047417e-11,
      6.451031375753757e-11,
      5.027131835810827e-11,
      3.908456197576626e-11,
      3.030546300020198e-11,
      2.344552330058036e-11,
      1.809541405606296e-11,
      1.393469627880561e-11,
      1.070655196444559e-11,
      8.214402248685193e-12,
      1.458754297911646e-11,
      8.557043094936656e-12,
      6.497749404098295e-15,
      4.85720993358536e-18,
      3.416434452222299e-21
    ],
    "RTHBLTEN": [
      -0.0002087718312395737,
      -3.797473254962824e-06,
      -3.223020144105249e-07,
      -5.515237262443407e-07,
      -6.923272621861543e-07,
      -7.779581210343167e-07,
      -8.32673777040327e-07,
      -8.70601354563405e-07,
      -8.970618523562734e-07,
      -9.175826107821194e-07,
      -9.342617772745143e-07,
      -9.479818459112721e-07,
      -9.607347237761132e-07,
      -9.720214393382776e-07,
      -9.830240514929756e-07,
      -9.937003824234125e-07,
      -1.004273713078874e-06,
      -1.014974259305745e-06,
      -1.024984157993458e-06,
      -1.03635534287605e-06,
      -1.04678451862128e-06,
      -1.058276438925532e-06,
      -1.069330778591393e-06,
      -1.081086111298646e-06,
      -1.092694333237887e-06,
      -1.105216142605059e-06,
      -1.117624378821347e-06,
      -1.130859573095222e-06,
      -1.143609893006214e-06,
      -1.156865209850366e-06,
      -1.18115588065848e-06,
      -1.664771480136551e-05
    ],
    "RUBLTEN": [
      -0.0002648720983415842,
      3.076714392591384e-06,
      1.520035425528476e-06,
      6.06918888479413e-07,
      6.80815901432652e-08,
      -2.582797833383665e-07,
      -4.641321993403835e-07,
      -6.002420036566036e-07,
      -6.946461894585809e-07,
      -7.628163984918501e-07,
      -8.160519655575627e-07,
      -8.583517114857386e-07,
      -8.940336329033016e-07,
      -9.262363391826511e-07,
      -9.5548512035748e-07,
      -9.826840141613502e-07,
      -1.009335846902104e-06,
      -1.034558863466373e-06,
      -1.062275487129227e-06,
      -1.086079350898217e-06,
      -1.114477868213726e-06,
      -1.139268761107814e-06,
      -1.167219238595862e-06,
      -1.194855144603935e-06,
      -1.223661229232675e-06,
      -1.252726747225097e-06,
      -1.282690959669708e-06,
      -1.315771555709944e-06,
      -1.347108877780556e-06,
      -1.377081389364321e-06,
      -1.435003696315107e-06,
      -2.363434759899974e-05
    ],
    "RVBLTEN": [
      -6.621802458539605e-05,
      7.691785981478461e-07,
      3.800088563821191e-07,
      1.517297221198532e-07,
      1.70203975358163e-08,
      -6.456994583459164e-08,
      -1.160330498350959e-07,
      -1.500605009141509e-07,
      -1.736615473646452e-07,
      -1.907040996229625e-07,
      -2.040129913893907e-07,
      -2.145879278714347e-07,
      -2.235084082258254e-07,
      -2.315590847956628e-07,
      -2.3887128008937e-07,
      -2.456710035403376e-07,
      -2.52333961725526e-07,
      -2.586397158665932e-07,
      -2.655688717823068e-07,
      -2.715198377245542e-07,
      -2.786194670534314e-07,
      -2.848171902769536e-07,
      -2.918048096489656e-07,
      -2.987137861509837e-07,
      -3.059153073081688e-07,
      -3.131816868062742e-07,
      -3.20672739917427e-07,
      -3.289428889274859e-07,
      -3.367772194451391e-07,
      -3.442703473410802e-07,
      -3.587509240787767e-07,
      -5.908586899749935e-06
    ],