{
  "columns": {
    "DZ": [
      200.9575653076172,
      254.3655548095703,
      279.3724365234375,
      296.9609375,
      310.7650146484375,
      322.2279052734375,
      332.08349609375,
      340.760986328125,
      348.53369140625,
      355.587890625,
      362.05615234375,
      368.037109375,
      373.605224609375,
      378.8193359375,
      383.724609375,
      388.3603515625,
      392.7568359375,
      396.939453125,
      400.9306640625,
      404.7490234375,
      408.40869140625,
      411.9267578125,
      415.31103515625,
      418.57568359375,
      421.7265625,
      424.775390625,
      427.7275390625,
      430.5888671875,
      433.3662109375,
      436.0654296875,
      438.6884765625,
      441.2451171875
    ],
    "P": [
      98877.34375,
      96360.109375,
      93466.734375,
      90411.921875,
      87269.921875,
      84089.359375,
      80903.3125,
      77732.125,
      74591.046875,
      71491.8828125,
      68443.890625,
      65454.390625,
      62529.2109375,
      59672.96875,
      56889.2890625,
      54180.9921875,
      51550.1875,
      48998.42578125,
      46526.75390625,
      44135.7890625,
      41825.796875,
      39596.7109375,
      37448.203125,
      35379.703125,
      33390.4375,
      31479.4453125,
      29645.619140625,
      27887.716796875,
      26204.3828125,
      24594.16015625,
      23055.5078125,
      21586.8125
    ],
    "PI": [
      0.9967795014381409,
      0.9894622564315796,
      0.9808809757232666,
      0.9716123938560486,
      0.961842954158783,
      0.9516942501068115,
      0.9412492513656616,
      0.9305570721626282,
      0.9196546673774719,
      0.9085714221000671,
      0.897331178188324,
      0.8859537839889526,
      0.8744560480117798,
      0.8628523349761963,
      0.8511551022529602,
      0.8393754363059998,
      0.8275229930877686,
      0.8156063556671143,
      0.8036332726478577,
      0.7916107177734375,
      0.7795450091362,
      0.7674418091773987,
      0.7553063631057739,
      0.7431433796882629,
      0.7309573292732239,
      0.7187521457672119,
      0.7065315842628479,
      0.694299042224884,
      0.6820577383041382,
      0.6698105335235596,
      0.6575603485107422,
      0.6453096270561218
    ],
    "QV": [
      0.01340155676007271,
      0.01213856600224972,
      0.01080876868218184,
      0.009535939432680607,
      0.008355778641998768,
      0.007281568832695484,
      0.006316117476671934,
      0.005456645041704178,
      0.004697298165410757,
      0.004030609503388405,
      0.003448391798883677,
      0.002942301332950592,
      0.002504190430045128,
      0.002126324689015746,
      0.001801508711650968,
      0.001523148966953158,
      0.001285273698158562,
      0.001082527684047818,
      0.0009101451141759753,
      0.0007639147224836051,
      0.000640137295704335,
      0.0005355793982744217,
      0.0004474275920074433,
      0.000373245042283088,
      0.0003109277749899775,
      0.000258666230365634,
      0.0002149083593394607,
      0.0001783274638000876,
      0.0001477918558521196,
      0.0001223392609972507,
      0.0001011530257528648,
      8.354159217560664e-05
    ],
    "RQCBLTEN": [
      0.0,
      0.0,
      0.0,
      0.0,
      0.0,
      0.0,
      0.0,
      0.0,
      0.0,
      0.0,
      0.0,
      0.0,
      0.0,
      0.0,
      0.0,
      0.0,
      0.0,
      0.0,
      0.0,
      0.0,
      0.0,
      0.0,
      0.0,
      0.0,
      0.0,
      0.0,
      0.0,
      0.0,
      0.0,
      0.0,
      0.0,
      0.0
    ],
    "RQVBLTEN": [
      -6.656985078734579e-07,
      -3.636321252997732e-07,
      7.14201817686444e-08,
      3.082061823533877e-07,
      3.640655279468774e-07,
      2.857437095826754e-07,
      1.243473235490455e-07,
      4.437336720286567e-09,
      1.09826936434132e-09,
      9.404772516319326e-10,
      8.052681299552944e-10,
      6.875836566777593e-10,
      5.85601345193254e-10,
      4.975467260415201e-10,
      4.217866056421826e-10,
      3.56806639789653e-10,
      3.012260441082049e-10,
      2.538139420860119e-10,
      2.1347852652287e-10,
      1.792345022399999e-10,
      1.502317298340827e-10,
      1.257142584476512e-10,
      1.0503358599534e-10,
      8.761954356506507e-11,
      7.298580489978335e-11,
      6.070589864126674e-11,
      5.042129214150037e-11,
      4.181876026021492e-11,
      3.463782732859855e-11,
      2.865044312905241e-11,
      2.370251564465242e-11,
      8.395672351779737e-11
    ],
    "RTHBLTEN": [
      0.001110737095586956,
      -9.732282251206925e-07,
      1.575332862557843e-05,
      0.0002815609332174063,
      0.000332923635141924,
      -0.0002143213496310636,
      -0.0001259169075638056,
      1.81326640813495e-07,
      -6.115626547398278e-07,
      -6.143840209915652e-07,
      -6.170932351778902e-07,
      -6.200114626153663e-07,
      -6.235670753085287e-07,
      -6.264128273869574e-07,
      -6.30131694379088e-07,
      -6.339357128126721e-07,
      -6.377869112839107e-07,
      -6.418758289328252e-07,
      -6.459239330069977e-07,
      -6.504860152745096e-07,
      -6.552572244800103e-07,
      -6.596725370400236e-07,
      -6.650257091678213e-07,
      -6.695396450595581e-07,
      -6.75259457239008e-07,
      -6.804261261095235e-07,
      -6.860357757432212e-07,
      -6.918869530636584e-07,
      -6.975379847062868e-07,
      -7.038693183858413e-07,
      -7.154539503062551e-07,
      -1.057621830113931e-05
    ],
    "RUBLTEN": [
      -6.323768957372522e-07,
      0.0001070351790986024,
      1.555486051074695e-05,
      -5.993966260575689e-05,
      -0.0001005716330837458,
      -9.972032421501353e-05,
      -5.291918569128029e-05,
      -1.070123971658177e-06,
      -1.577965917931579e-07,
      -1.574130124026851e-07,
      -1.580030755121697e-07,
      -1.586874560643992e-07,
      -1.594485610212359e-07,
      -1.602985548743163e-07,
      -1.612226867564459e-07,
      -1.622275647150673e-07,
      -1.633017063795705e-07,
      -1.644455380755971e-07,
      -1.656843267028307e-07,
      -1.669691016559227e-07,
      -1.6835889482536e-07,
      -1.698015097417738e-07,
      -1.713317487883614e-07,
      -1.729209913037266e-07,
      -1.746361419918685e-07,
      -1.76433843535051e-07,
      -1.782533018968024e-07,
      -1.802238358550312e-07,
      -1.822948689778059e-07,
      -1.84445568152114e-07,
      -1.883991842532851e-07,
      -3.149039002892096e-06
    ],
    "RVBLTEN": [
      -1.58094223934313e-07,
      2.67587947746506e-05,
      3.888715127686737e-06,
      -1.498491565143922e-05,
      -2.514290827093646e-05,
      -2.493008105375338e-05,
      -1.322979642282007e-05,
      -2.675309929145442e-07,
      -3.944914794828946e-08,
      -3.935325310067128e-08,
      -3.950076887804244e-08,
      -3.967186401609979e-08,
      -3.986214025530899e-08,
      -4.007463871857908e-08,
      -4.030567168911148e-08,
      -4.055689117876682e-08,
      -4.082542659489263e-08,
      -4.111138451889929e-08,
      -4.142108167570768e-08,
      -4.174227541398068e-08,
      -4.208972370634001e-08,
      -4.245037743544344e-08,
      -4.283293719709036e-08,
      -4.323024782593166e-08,
      -4.365903549796712e-08,
      -4.410846088376275e-08,
      -4.456332547420061e-08,
      -4.50559589637578e-08,
      -4.557371724445147e-08,
      -4.61113920380285e-08,
      -4.709979606332126e-08,
      -7.872597507230239e-07
    ],