{
  "columns": {
    "DZ": [
      200.9575653076172,
      254.3655548095703,
      279.3724365234375,
      296.9609375,
      310.7650146484375,
      322.2279052734375,
      332.08349609375,
      340.760986328125,
      348.53369140625,
      355.587890625,
      362.05615234375,
      368.037109375,
      373.605224609375,
      378.8193359375,
      383.724609375,
      388.3603515625,
      392.7568359375,
      396.939453125,
      400.9306640625,
      404.7490234375,
      408.40869140625,
      411.9267578125,
      415.31103515625,
      418.57568359375,
      421.7265625,
      424.775390625,
      427.7275390625,
      430.5888671875,
      433.3662109375,
      436.0654296875,
      438.6884765625,
      441.2451171875
    ],
    "P": [
      98358.921875,
      95802.0703125,
      92866.734375,
      89774.71875,
      86604.6875,
      83401.15625,
      80192.6640625,
      76999.71875,
      73837.6875,
      70718.46875,
      67651.375,
      64643.80078125,
      61701.6171875,
      58829.484375,
      56031.07421875,
      53309.23828125,
      50666.13671875,
      48103.34765625,
      45621.953125,
      43222.6015625,
      40905.578125,
      38670.859375,
      36518.12109375,
      34446.8203125,
      32456.1875,
      30545.28515625,
      28712.998046875,
      26958.0859375,
      25279.181640625,
      23674.818359375,
      22143.4375,
      20683.40625
    ],
    "PI": [
      0.9952834844589233,
      0.987821638584137,
      0.9790778160095215,
      0.9696509838104248,
      0.9597424268722534,
      0.9494622945785522,
      0.9388796091079712,
      0.9280434846878052,
      0.9169911742210388,
      0.9057521820068359,
      0.8943501710891724,
      0.8828050494194031,
      0.8711335062980652,
      0.8593498468399048,
      0.8474665284156799,
      0.8354944586753845,
      0.8234431743621826,
      0.8113214373588562,
      0.799136757850647,
      0.7868961095809937,
      0.7746057510375977,
      0.7622714638710022,
      0.749898374080658,
      0.7374913096427917,
      0.7250545620918274,
      0.7125924229621887,
      0.7001084089279175,
      0.6876060962677002,
      0.6750887036323547,
      0.6625593304634094,
      0.6500206589698792,
      0.6374754309654236
    ],
    "QV": [
      0.007565663196146488,
      0.006666809320449829,
      0.005748165771365166,
      0.00489781005308032,
      0.004137018695473671,
      0.003469963790848851,
      0.002893280470743775,
      0.002400050405412912,
      0.001981826731935143,
      0.001629754900932312,
      0.001335203880444169,
      0.001090111909434199,
      0.0008871587342582643,
      0.0007198314415290952,
      0.0005824243417009711,
      0.0004699993587564677,
      0.0003783252323046327,
      0.0003038074646610767,
      0.0002434139605611563,
      0.0001946033880813047,
      0.0001552577159600332,
      0.0001236203679582104,
      9.824138396652415e-05,
      7.792855467414483e-05,
      6.170562119223177e-05,
      4.877586616203189e-05,
      3.849118365906179e-05,
      3.032608401554171e-05,
      2.385562220297288e-05,
      1.87372206710279e-05,
      1.469525705033448e-05,
      1.150864500232274e-05
    ],
    "RQCBLTEN": [
      0.0,
      0.0,
      0.0,
      0.0,
      0.0,
      0.0,
      0.0,
      0.0,
      0.0,
      0.0,
      0.0,
      0.0,
      0.0,
      0.0,
      0.0,
      0.0,
      0.0,
      0.0,
      0.0,
      0.0,
      0.0,
      0.0,
      0.0,
      0.0,
      0.0,
      0.0,
      0.0,
      0.0,
      0.0,
      0.0,
      0.0,
      0.0
    ],
    "RQVBLTEN": [
      -2.730938604145194e-07,
      7.962967174535152e-08,
      1.38622127110466e-07,
      1.452284870140375e-08,
      1.521903714163386e-09,
      1.264901627884285e-09,
      1.056095100260279e-09,
      8.771294801590557e-10,
      7.249966182953926e-10,
      5.967654148619772e-10,
      4.893013216822339e-10,
      3.997971120828225e-10,
      3.255854197359298e-10,
      2.643419649839274e-10,
      2.140078808610113e-10,
      1.727854109789817e-10,
      1.39147054989408e-10,
      1.117854073195979e-10,
      8.959363112515106e-11,
      7.164688287097931e-11,
      5.71710456753749e-11,
      4.552758170461857e-11,
      3.61805758963829e-11,
      2.869800924676369e-11,
      2.271908182416293e-11,
      1.795305917817736e-11,
      1.416112626467791e-11,
      1.115028121917438e-11,
      8.764502144875674e-12,
      6.877058384563428e-12,
      5.393352431326548e-12,
      1.526019588471428e-11
    ],
    "RTHBLTEN": [
      0.0001099544097087346,
      -1.970756329683354e-06,
      6.689619880262399e-08,
      -4.149138476350345e-06,
      -5.359655119718809e-07,
      -5.338654887054872e-07,
      -5.365276365409954e-07,
      -5.389081252360484e-07,
      -5.42045881957165e-07,
      -5.450619369185006e-07,
      -5.480430900206557e-07,
      -5.511943754754611e-07,
      -5.54835139610077e-07,
      -5.584334985542228e-07,
      -5.623499532703136e-07,
      -5.664917921421875e-07,
      -5.69774158520886e-07,
      -5.746680358242884e-07,
      -5.791080752715061e-07,
      -5.834438638885331e-07,
      -5.879791729057615e-07,
      -5.932631097493868e-07,
      -5.980396053928416e-07,
      -6.032975079506286e-07,
      -6.080916250539303e-07,
      -6.142296342659392e-07,
      -6.194511001922365e-07,
      -6.25224572559091e-07,
      -6.311255447144504e-07,
      -6.369079414980661e-07,
      -6.485026347036182e-07,
      -9.492560820945073e-06
    ],
    "RUBLTEN": [
      -0.0001202755811391398,
      -2.054480864899233e-05,
      -3.916533751180395e-05,
      -4.401217211125186e-06,
      -1.075314060017263e-07,
      -1.021921818278315e-07,
      -1.02495462783736e-07,
      -1.029191381007877e-07,
      -1.033541607853294e-07,
      -1.039096417798646e-07,
      -1.044611579459342e-07,
      -1.051183602385208e-07,
      -1.057953298300163e-07,
      -1.065469987793222e-07,
      -1.073247304361757e-07,
      -1.081623750565086e-07,
      -1.090490258093268e-07,
      -1.099813289329177e-07,
      -1.109664822251943e-07,
      -1.119983039643557e-07,
      -1.130555986605941e-07,
      -1.142046528457286e-07,
      -1.15382974286149e-07,
      -1.166307868061267e-07,
      -1.179234914161498e-07,
      -1.192826601936758e-07,
      -1.207079662890465e-07,
      -1.222053498395326e-07,
      -1.237697375700009e-07,
      -1.25411375506701e-07,
      -1.282606092445349e-07,
      -2.106936562995543e-06
    ],
    "RVBLTEN": [
      -3.006889528478496e-05,
      -5.136202162248082e-06,
      -9.791334377950989e-06,
      -1.100304302781296e-06,
      -2.688285150043157e-08,
      -2.554804545695788e-08,
      -2.5623865695934e-08,
      -2.572978452519692e-08,
      -2.583854019633236e-08,
      -2.597741044496615e-08,
      -2.611528948648356e-08,
      -2.627959005963021e-08,
      -2.644883245750407e-08,
      -2.663674969483054e-08,
      -2.683118260904394e-08,
      -2.704059376412715e-08,
      -2.726225645233171e-08,
      -2.749533223322942e-08,
      -2.774162055629859e-08,
      -2.799957599108893e-08,
      -2.826389966514853e-08,
      -2.855116321143214e-08,
      -2.884574357153724e-08,
      -2.915769670153168e-08,
      -2.948087285403744e-08,
      -2.982066504841896e-08,
      -3.017699157226161e-08,
      -3.055133745988314e-08,
      -3.094243439250022e-08,
      -3.135284387667525e-08,
      -3.206515231113372e-08,
      -5.267341407488857e-07
    ],