{
  "columns": {
    "DZ": [
      200.9575653076172,
      254.3655548095703,
      279.3724365234375,
      296.9609375,
      310.7650146484375,
      322.2279052734375,
      332.08349609375,
      340.760986328125,
      348.53369140625,
      355.587890625,
      362.05615234375,
      368.037109375,
      373.605224609375,
      378.8193359375,
      383.724609375,
      388.3603515625,
      392.7568359375,
      396.939453125,
      400.9306640625,
      404.7490234375,
      408.40869140625,
      411.9267578125,
      415.31103515625,
      418.57568359375,
      421.7265625,
      424.775390625,
      427.7275390625,
      430.5888671875,
      433.3662109375,
      436.0654296875,
      438.6884765625,
      441.2451171875
    ],
    "P": [
      99679.59375,
      97167.0078125,
      94278.1015625,
      91226.921875,
      88085.5625,
      84897.53125,
      81696.8828125,
      78508.109375,
      75346.625,
      72224.375,
      69150.8203125,
      66133.515625,
      63178.5078125,
      60290.65234375,
      57473.828125,
      54731.09375,
      52064.8125,
      49476.765625,
      46968.234375,
      44540.0546875,
      42192.7109375,
      39926.33203125,
      37740.78125,
      35635.67578125,
      33610.3984375,
      31664.158203125,
      29795.98046875,
      28004.75390625,
      26289.23828125,
      24648.0859375,
      23079.84765625,
      21582.9921875
    ],
    "PI": [
      0.9990835189819336,
      0.9918224811553955,
      0.9833062887191772,
      0.9741067886352539,
      0.9644028544425964,
      0.9542986154556274,
      0.9438779950141907,
      0.933201789855957,
      0.9223067164421082,
      0.911221444606781,
      0.8999695181846619,
      0.8885704874992371,
      0.8770408630371094,
      0.8653947710990906,
      0.8536447286605835,
      0.8418015837669373,
      0.8298749327659607,
      0.8178734183311462,
      0.8058046698570251,
      0.7936756610870361,
      0.7814928293228149,
      0.7692617177963257,
      0.7569876909255981,
      0.7446756362915039,
      0.7323299050331116,
      0.7199546098709106,
      0.7075535655021667,
      0.6951302886009216,
      0.6826879978179932,
      0.6702298521995544,
      0.6577586531639099,
      0.6452770233154297
    ],
    "QV": [
      0.01539346482604742,
      0.01410290692001581,
      0.0127271693199873,
      0.01139193493872881,
      0.01013541035354137,
      0.008973770774900913,
      0.00791276153177023,
      0.006952377501875162,
      0.006089262198656797,
      0.005318114999681711,
      0.004632563795894384,
      0.004025736823678017,
      0.003490637755021453,
      0.003020394127815962,
      0.002608419163152575,
      0.002248506993055344,
      0.001934892265126109,
      0.001662274589762092,
      0.001425824826583266,
      0.001221173093654215,
      0.001044392469339073,
      0.000891971227247268,
      0.000760784256272018,
      0.0006480624433606863,
      0.000551361299585551,
      0.0004685305757448077,
      0.0003976844309363514,
      0.0003371736675035208,
      0.0002855600323528051,
      0.0002415930212009698,
      0.0002041862608166412,
      0.0001723995083011687
    ],
    "RQCBLTEN": [
      0.0,
      0.0,
      0.0,
      0.0,
      0.0,
      0.0,
      0.0,
      0.0,
      0.0,
      0.0,
      0.0,
      0.0,
      0.0,
      0.0,
      0.0,
      0.0,
      0.0,
      0.0,
      0.0,
      0.0,
      0.0,
      0.0,
      0.0,
      0.0,
      0.0,
      0.0,
      0.0,
      0.0,
      0.0,
      0.0,
      0.0,
      0.0
    ],
    "RQVBLTEN": [
      -1.423452772542078e-06,
      -7.839675504328625e-07,
      -1.493588968060067e-07,
      2.686771267690347e-07,
      4.811912504010252e-07,
      5.259672093416157e-07,
      4.450921551324427e-07,
      2.823300917498273e-07,
      8.346623303623346e-08,
      1.071422284226742e-09,
      8.643878945946426e-10,
      7.518539124617973e-10,
      6.525407436619446e-10,
      5.651489276559118e-10,
      4.884795901105576e-10,
      4.214431581495148e-10,
      3.629452294262592e-10,
      3.120499969533341e-10,
      2.678524346766409e-10,
      2.295596768231434e-10,
      1.964566426204684e-10,
      1.678741728960986e-10,
      1.432535479128916e-10,
      1.220795409206943e-10,
      1.03898438463812e-10,
      8.831051862001615e-11,
      7.496571419185472e-11,
      6.355693055182243e-11,
      5.382249507190906e-11,
      4.551837726185504e-11,
      3.851963539802661e-11,
      1.51003640147529e-10
    ],
    "RTHBLTEN": [
      0.001910062390379608,
      8.02510985522531e-05,
      -2.403364487690851e-05,
      6.854812090750784e-05,
      0.0004490254796110094,
      0.0004922576481476426,
      -0.0002632796531543136,
      -0.0002493468637112528,
      -8.434642222709954e-05,
      -5.91618857015419e-07,
      -5.115991825732635e-07,
      -5.141923793416936e-07,
      -5.179447839509521e-07,
      -5.205735078561702e-07,
      -5.236053084445302e-07,
      -5.276417596178362e-07,
      -5.314577720128e-07,
      -5.346846592146903e-07,
      -5.392283242144913e-07,
      -5.429742486739997e-07,
      -5.475033049151534e-07,
      -5.516469627764309e-07,
      -5.563072136283154e-07,
      -5.610851872006606e-07,
      -5.655747941091249e-07,
      -5.710700179406558e-07,
      -5.755919119110331e-07,
      -5.813279813082772e-07,
      -5.862054308636289e-07,
      -5.921947945353168e-07,
      -6.020582645760442e-07,
      -9.148096069111489e-06
    ],
    "RUBLTEN": [
      0.0002150183281628415,
      0.0002462052798364311,
      0.0001049885322572663,
      -2.151165790564846e-05,
      -0.000114567912532948,
      -0.0001679258421063423,
      -0.0001763050822773948,
      -0.0001359812886221334,
      -4.585245915222913e-05,
      -2.522937734283914e-07,
      -2.084770898136412e-07,
      -2.095546705049856e-07,
      -2.107169336795778e-07,
      -2.120258102422667e-07,
      -2.13405925819643e-07,
      -2.1492971313819e-07,
      -2.165507595464078e-07,
      -2.182772362857577e-07,
      -2.201500990395289e-07,
      -2.221081984998818e-07,
      -2.241978620531881e-07,
      -2.263948317704489e-07,
      -2.287109879262061e-07,
      -2.311698068524493e-07,
      -2.337593372203628e-07,
      -2.364426023859778e-07,
      -2.39310480765198e-07,
      -2.42286347429399e-07,
      -2.454406740071136e-07,
      -2.487145991381112e-07,
      -2.544427104567148e-07,
      -4.203079242870444e-06
    ],
    "RVBLTEN": [
      5.375458204071037e-05,
      6.155131995910779e-05,
      2.624713306431659e-05,
      -5.377914476412116e-06,
      -2.864197813323699e-05,
      -4.198146052658558e-05,
      -4.407627056934871e-05,
      -3.399532215553336e-05,
      -1.146311478805728e-05,
      -6.307344335709786e-08,
      -5.21192724534103e-08,
      -5.238866762624639e-08,
      -5.267923341989444e-08,
      -5.300645256056669e-08,
      -5.335148145491075e-08,
      -5.37324282845475e-08,
      -5.413768988660195e-08,
      -5.456930907143942e-08,
      -5.503752475988222e-08,
      -5.552704962497046e-08,
      -5.604946551329704e-08,
      -5.659870794261224e-08,
      -5.717774698155154e-08,
      -5.779245171311231e-08,
      -5.84398343050907e-08,
      -5.911065059649445e-08,
      -5.98276201912995e-08,
      -6.057158685734976e-08,
      -6.136016850177839e-08,
      -6.21786497845278e-08,
      -6.361067761417871e-08,
      -1.050769810717611e-06
    ],