{
  "scope": "Task 1 warmed timing breakdown (compile vs throughput) -- coupled real d02",
  "run_dir": "/mnt/data/canairy_meteo/runs/wrf_l3/20260521_18z_l3_24h_20260522T133443Z",
  "init_utc": "2026-05-21 18:00:00+00:00",
  "grid": {
    "ny": 66,
    "nx": 159,
    "nz": 44
  },
  "device": "cuda:0",
  "config": {
    "dt_s": 10.0,
    "acoustic_substeps": 10,
    "radiation_cadence_steps": 180,
    "run_physics": true,
    "run_boundary": true,
    "disable_guards": false,
    "force_fp64": true,
    "use_flux_advection": true,
    "epssm": 0.5,
    "top_lid": false,
    "w_damping": 1,
    "damp_opt": 3
  },
  "cpu_wrf_denominator": "Speedup denominator = 28-rank CPU WRF on this workstation (memory baseline: previous Gen2 attempt was ~4.8x SLOWER than 28-rank CPU WRF on an incomplete dycore). No CPU-WRF wallclock is re-measured here; speedup framing is deferred to the dedicated perf sprint. This artifact reports ABSOLUTE warmed GPU wall.",
  "timing": {
    "h1_hours": 0.1,
    "n1_steps": 36,
    "h2_hours": 0.5,
    "n2_steps": 180,
    "cold_h1_wall_s": 118.31378805299755,
    "warm_h1_wall_s": 2.174469491932541,
    "cold_h2_wall_s": 264.92825285403524,
    "warm_h2_wall_s": 10.462680391967297,
    "warm_h2_b_wall_s": 10.475781435030513,
    "compile_s_at_h1": 116.13931856106501,
    "compile_s_at_h2": 254.46557246206794,
    "fixed_per_call_exec_overhead_s": 0.10077913654095028,
    "warmed_per_step_ms": 57.60250987198864,
    "warmed_ms_per_forecast_hour": 20736.90355391591
  },
  "peak_gpu_mem_mb": {
    "after_h1_compile": 4589.57666015625,
    "after_h2_compile": 5242.537841796875
  },
  "extrapolation_warmed": {
    "3.0h": {
      "steps": 1080.0,
      "warmed_wall_s": 62.311489798288676,
      "warmed_wall_min": 1.038524829971478
    },
    "6.0h": {
      "steps": 2160.0,
      "warmed_wall_s": 124.5222004600364,
      "warmed_wall_min": 2.0753700076672734
    },
    "12.0h": {
      "steps": 4320.0,
      "warmed_wall_s": 248.94362178353185,
      "warmed_wall_min": 4.149060363058864
    },
    "24.0h": {
      "steps": 8640.0,
      "warmed_wall_s": 497.78646443052276,
      "warmed_wall_min": 8.296441073842045
    },
    "48.0h": {
      "steps": 17280.0,
      "warmed_wall_s": 995.4721497245046,
      "warmed_wall_min": 16.59120249540841
    },
    "72.0h": {
      "steps": 25920.0,
      "warmed_wall_s": 1493.1578350184864,
      "warmed_wall_min": 24.885963916974774
    }
  },
  "ensemble_30_case": {
    "24.0h": {
      "per_case_warmed_min": 8.296441073842045,
      "ensemble_30_warmed_min": 248.89323221526135,
      "ensemble_30_warmed_hours": 4.1482205369210225
    },
    "72.0h": {
      "per_case_warmed_min": 24.885963916974774,
      "ensemble_30_warmed_min": 746.5789175092432,
      "ensemble_30_warmed_hours": 12.442981958487387
    }
  },
  "verdict_inputs": {
    "compile_dominates_at_short_runs": true,
    "warmed_per_step_ms": 57.60250987198864
  }
}
