{
  "scalars": {
    "CASE": 4,
    "REGIME": "cold_ice_saturation",
    "PRECISION_MODE": "fp64",
    "N": 8,
    "FULL_WRF_EXE": 0,
    "ISFFLX": 1,
    "ITIMESTEP": 2
  },
  "columns": {
    "U": [
      3.0,
      4.0,
      2.0,
      5.0,
      4.5,
      3.5,
      2.5,
      4.0
    ],
    "V": [
      0.5,
      0.3,
      0.2,
      0.5,
      0.4,
      0.3,
      0.2,
      0.2
    ],
    "T": [
      268.0,
      272.0,
      265.0,
      275.0,
      270.0,
      273.0,
      262.0,
      271.0
    ],
    "QV": [
      0.002,
      0.003,
      0.0015,
      0.0035,
      0.0025,
      0.003,
      0.001,
      0.0028
    ],
    "P": [
      91000.0,
      98000.0,
      88000.0,
      101000.0,
      94000.0,
      100500.0,
      85000.0,
      99000.0
    ],
    "PSFC": [
      91450.0,
      98450.0,
      88450.0,
      101450.0,
      94450.0,
      100950.0,
      85450.0,
      99450.0
    ],
    "TSK": [
      266.0,
      269.0,
      263.0,
      270.0,
      267.0,
      271.0,
      260.0,
      268.0
    ],
    "XLAND": [
      1.0,
      2.0,
      1.0,
      2.0,
      1.0,
      2.0,
      1.0,
      2.0
    ],
    "UST_IN": [
      0.2,
      0.2,
      0.2,
      0.2,
      0.2,
      0.2,
      0.2,
      0.2
    ],
    "ZNT_IN": [
      0.08,
      0.0016,
      0.12,
      0.0025,
      0.04,
      0.0012,
      0.2,
      0.0018
    ],
    "UST": [
      0.0980523740136137,
      0.1077380574742446,
      0.0455050639794715,
      0.1429712816220308,
      0.1586852505217421,
      0.0937160942134993,
      0.07420335849664986,
      0.1097589151418297
    ],
    "ZNT": [
      0.08,
      1.657088265580305e-05,
      0.12,
      2.918132320017992e-05,
      0.04,
      1.253821523199754e-05,
      0.2,
      1.719835747615744e-05
    ],
    "CHS": [
      0.003161151862107703,
      0.002034875455895364,
      0.001030217151854086,
      0.002715582023274774,
      0.005573803080918306,
      0.001839956779418392,
      0.002195441157999198,
      0.002063009979084845
    ],
    "CHS2": [
      0.009870208775124576,
      0.003081656873757025,
      0.004111479452736852,
      0.004025808528586839,
      0.01434034452939937,
      0.00280769309493448,
      0.00895789018419441,
      0.003081417016622123
    ],
    "CQS2": [
      0.009870208775124576,
      0.003081656873757025,
      0.004111479452736852,
      0.004025808528586839,
      0.01434034452939937,
      0.00280769309493448,
      0.00895789018419441,
      0.003081417016622123
    ],
    "CPM": [
      1005.6064,
      1006.4096,
      1005.2048,
      1006.8112,
      1006.008,
      1006.4096,
      1004.8032,
      1006.24896
    ],
    "PSIM": [
      -6.224481364059896,
      -4.856344542345451,
      -11.869041608463,
      -4.487496526544271,
      -4.536717210493742,
      -4.691095425040101,
      -8.2083500618095,
      -4.691131328059861
    ],
    "PSIH": [
      -6.224481364059896,
      -4.856912086494059,
      -11.869041608463,
      -4.488297394980534,
      -4.536717210493742,
      -4.69150655788804,
      -8.2083500618095,
      -4.691745453292715
    ],
    "QGH": [
      0.002810013426352923,
      0.003563761745730159,
      0.002262505352343005,
      0.00430522223839978,
      0.003189098418499933,
      0.003742143510413709,
      0.00179763003747812,
      0.003270833548279532
    ],
    "QSFC": [
      0.002376386705361892,
      0.002819394392205025,
      0.001896083523564037,
      0.002959188398557791,
      0.00250036998281393,
      0.003211599720694597,
      0.001492209456704155,
      0.00257634868298382
    ],
    "U10": [
      1.777919645177086,
      2.885947106515272,
      1.070381234374393,
      3.611322953365915,
      2.896669012737988,
      2.564638756607744,
      1.332041094461738,
      2.89686440704518
    ],
    "V10": [
      0.2963199408628477,
      0.2164460329886454,
      0.1070381234374393,
      0.3611322953365915,
      0.2574816900211545,
      0.2198261791378066,
      0.1065632875569391,
      0.144843220352259
    ],
    "WSPD": [
      3.04138126514911,
      4.011234224026316,
      2.009975124224178,
      5.024937810560445,
      4.517742799230607,
      3.512833614050059,
      2.50798724079689,
      4.004996878900157
    ],
    "BR": [
      0.3655957002303042,
      0.2761700694776616,
      0.8683767919529373,
      0.2732482357262477,
      0.2277314522599019,
      0.2452909058325574,
      0.5794161946621922,
      0.273813685510597
    ],
    "GZ1OZ0": [
      6.182688970140643,
      14.60631060113465,
      5.799102975453453,
      14.02161405222908,
      6.851216537291125,
      14.86371287789092,
      5.31118485740913,
      14.55521066919164
    ],
    "FLHC": [
      3.756386826883572,
      2.566235140354047,
      1.197132814118451,
      3.491359338240128,
      6.791655082054032,
      2.370895862487914,
      2.49215229251675,
      2.637861965199998
    ],
    "FLQC": [
      0.003735444431224355,
      0.002549891356714052,
      0.001190934239588242,
      0.003467739868448155,
      0.006751094506260419,
      0.002355796151475417,
      0.002480239207555022,
      0.002621480438797172
    ],
    "HFX": [
      -9.164512352777548,
      -8.651976582229285,
      -2.959171867182823,
      -18.60098388363496,
      -23.25662109118587,
      -5.553895661778342,
      -6.245066998137257,
      -8.854884122046068
    ],
    "QFX": [
      1.420883576348225e-06,
      0.0,
      4.743850186052571e-07,
      0.0,
      4.45869068119863e-08,
      5.196245567815357e-07,
      1.223274954293108e-06,
      0.0
    ],
    "LH": [
      3.552208940870563,
      0.0,
      1.185962546513143,
      0.0,
      0.1114672670299657,
      1.299061391953839,
      3.058187385732771,
      0.0
    ]
  }
}