{
  "scalars": {
    "CASE": 2,
    "REGIME": "stable_nocturnal_land_water",
    "PRECISION_MODE": "fp64",
    "N": 8,
    "FULL_WRF_EXE": 0,
    "ISFFLX": 1,
    "ITIMESTEP": 2
  },
  "columns": {
    "U": [
      3.5,
      6.0,
      2.0,
      4.5,
      8.0,
      2.8,
      5.0,
      7.0
    ],
    "V": [
      0.4,
      -1.2,
      0.2,
      2.0,
      0.3,
      -2.5,
      1.4,
      0.8
    ],
    "T": [
      292.0,
      295.0,
      289.0,
      294.0,
      299.0,
      296.0,
      285.0,
      293.0
    ],
    "QV": [
      0.007,
      0.01,
      0.0055,
      0.009,
      0.011,
      0.01,
      0.004,
      0.009
    ],
    "P": [
      95000.0,
      100000.0,
      92000.0,
      101000.0,
      96000.0,
      100500.0,
      88000.0,
      99000.0
    ],
    "PSFC": [
      95450.0,
      100450.0,
      92450.0,
      101450.0,
      96450.0,
      100950.0,
      88450.0,
      99450.0
    ],
    "TSK": [
      286.0,
      291.0,
      283.5,
      290.0,
      294.0,
      292.0,
      280.0,
      289.5
    ],
    "XLAND": [
      1.0,
      2.0,
      1.0,
      2.0,
      1.0,
      2.0,
      1.0,
      2.0
    ],
    "UST_IN": [
      0.2,
      0.2,
      0.2,
      0.2,
      0.2,
      0.2,
      0.2,
      0.2
    ],
    "ZNT_IN": [
      0.08,
      0.0016,
      0.12,
      0.0025,
      0.04,
      0.0012,
      0.2,
      0.0018
    ],
    "UST": [
      0.08409846598013979,
      0.1863904292702383,
      0.02754928619221355,
      0.1447386845610849,
      0.3346735618360968,
      0.08641430363115654,
      0.2036757535121339,
      0.2325784178999115
    ],
    "ZNT": [
      0.08,
      4.959690513372169e-05,
      0.12,
      2.990725837249471e-05,
      0.04,
      1.066052588894352e-05,
      0.2,
      7.72229136983131e-05
    ],
    "CHS": [
      0.002007660420400599,
      0.003839804699932958,
      0.0003775982899258205,
      0.002809126681235688,
      0.01399096518264384,
      0.001519003249342385,
      0.00798948378085185,
      0.004947797414162105
    ],
    "CHS2": [
      0.00729828081883536,
      0.005440039909587666,
      0.001760141085184226,
      0.004105531841136901,
      0.0322128974121829,
      0.002529488732587592,
      0.02867270413655763,
      0.00670238124688094
    ],
    "CQS2": [
      0.00729828081883536,
      0.005440039909587666,
      0.001760141085184226,
      0.004105531841136901,
      0.0322128974121829,
      0.002529488732587592,
      0.02867270413655763,
      0.00670238124688094
    ],
    "CPM": [
      1009.6224,
      1012.032,
      1008.4176,
      1011.2288,
      1012.8352,
      1012.032,
      1007.2128,
      1011.2288
    ],
    "PSIM": [
      -10.526970592405,
      -3.029798418600599,
      -23.33983035074689,
      -3.967963169894261,
      -2.630966011571664,
      -6.987713703762285,
      -4.83464695560184,
      -2.13106978559964
    ],
    "PSIH": [
      -10.526970592405,
      -3.030060067325792,
      -23.33983035074689,
      -3.968582401615511,
      -2.630966011571664,
      -6.988421654288192,
      -4.83464695560184,
      -2.131247657364129
    ],
    "QGH": [
      0.01448090969121337,
      0.01661307411710384,
      0.0123286221182102,
      0.01544429793442002,
      0.02219138889317934,
      0.01759295564603811,
      0.009901103063943123,
      0.01479732625887014
    ],
    "QSFC": [
      0.009701187893213597,
      0.01272790220477016,
      0.00848441157105968,
      0.01182476363812274,
      0.01600536437567762,
      0.013489998187064,
      0.006991017587062488,
      0.01168447668579227
    ],
    "U10": [
      1.921003442558526,
      4.505544309505908,
      0.9947706599309644,
      3.250939822307626,
      5.380575524913383,
      1.918497570220507,
      2.78449982079711,
      5.413442174802866
    ],
    "V10": [
      0.2195432505781173,
      -0.9011088619011813,
      0.09947706599309644,
      1.444862143247834,
      0.2017715821842519,
      -1.712944259125453,
      0.7796599498231908,
      0.6186791056917562
    ],
    "WSPD": [
      3.522782990761708,
      6.118823416311342,
      2.009975124224178,
      4.924428900898052,
      8.005623023850173,
      3.753664875824692,
      5.192301994298868,
      7.045565981523415
    ],
    "BR": [
      0.7087431359463843,
      0.1525807270078288,
      2.071711865466515,
      0.2328463981063858,
      0.1147362065367697,
      0.4033618182202866,
      0.2972232805985189,
      0.1028552095611078
    ],
    "GZ1OZ0": [
      6.228545455146351,
      13.57522862976133,
      5.84386769791284,
      14.06713917533484,
      6.937310585993402,
      15.11101702340383,
      5.362545208441466,
      13.13509283063661
    ],
    "FLHC": [
      2.288040232397532,
      4.56212260294538,
      0.4209482085011564,
      3.381761069161242,
      15.74743115792256,
      1.807643925442614,
      8.636563076995687,
      5.858373217272072
    ],
    "FLQC": [
      0.002266233625955141,
      0.004507883745716915,
      0.0004174344125897411,
      0.003344209608311434,
      0.01554787112249116,
      0.001786152933348564,
      0.008574715369975129,
      0.005793321172490411
    ],
    "HFX": [
      -14.82744169961106,
      -19.95130213626377,
      -2.541412074368983,
      -14.730570833395,
      -85.91894645155975,
      -7.892977329757762,
      -48.44444100998404,
      -22.76689587126731
    ],
    "QFX": [
      6.23179636656479e-06,
      1.274339113212703e-05,
      1.258354411310956e-06,
      9.715066494935986e-06,
      7.968358358312673e-05,
      6.410517324289545e-06,
      2.578377332616817e-05,
      1.601710897563599e-05
    ],
    "LH": [
      15.57949091641197,
      31.85847783031758,
      3.145886028277389,
      24.28766623733997,
      199.2089589578168,
      16.02629331072386,
      64.45943331542044,
      40.04277243908997
    ]
  }
}