{
  "scalars": {
    "CASE": 5,
    "REGIME": "strong_unstable_high_wind",
    "PRECISION_MODE": "fp64",
    "N": 8,
    "FULL_WRF_EXE": 0,
    "ISFFLX": 1,
    "ITIMESTEP": 2
  },
  "columns": {
    "U": [
      12.0,
      14.0,
      11.0,
      13.0,
      16.0,
      10.0,
      12.0,
      15.0
    ],
    "V": [
      2.0,
      -2.0,
      1.0,
      3.0,
      1.0,
      -2.0,
      2.0,
      1.0
    ],
    "T": [
      295.0,
      297.0,
      292.0,
      296.0,
      301.0,
      298.0,
      288.0,
      295.0
    ],
    "QV": [
      0.009,
      0.011,
      0.0075,
      0.01,
      0.013,
      0.0115,
      0.005,
      0.0095
    ],
    "P": [
      95000.0,
      99800.0,
      92000.0,
      101000.0,
      96000.0,
      100500.0,
      88000.0,
      99000.0
    ],
    "PSFC": [
      95450.0,
      100250.0,
      92450.0,
      101450.0,
      96450.0,
      100950.0,
      88450.0,
      99450.0
    ],
    "TSK": [
      303.0,
      301.0,
      300.0,
      302.0,
      308.0,
      303.0,
      296.0,
      302.0
    ],
    "XLAND": [
      1.0,
      2.0,
      1.0,
      2.0,
      1.0,
      2.0,
      1.0,
      2.0
    ],
    "UST_IN": [
      0.5,
      0.6,
      0.45,
      0.55,
      0.7,
      0.5,
      0.48,
      0.62
    ],
    "ZNT_IN": [
      0.08,
      0.0016,
      0.12,
      0.0025,
      0.04,
      0.0012,
      0.2,
      0.0018
    ],
    "UST": [
      0.883531153186907,
      0.5808610693468546,
      0.876034719078159,
      0.5831254338517171,
      0.9974138457053817,
      0.4204046001056875,
      1.041423784423524,
      0.6334259042474161
    ],
    "ZNT": [
      0.08,
      0.0004816725534569705,
      0.12,
      0.0004854352712156085,
      0.04,
      0.0002523145405475185,
      0.2,
      0.0005727947124046635
    ],
    "CHS": [
      0.07139011722548831,
      0.0147935416811012,
      0.07877211038599334,
      0.01481426012764252,
      0.06639317441617841,
      0.0115577443666256,
      0.1007608410690903,
      0.01606730394511669
    ],
    "CHS2": [
      0.113700774137624,
      0.01739145356654787,
      0.1759838940713681,
      0.01715309737418863,
      0.1037328007543619,
      0.01328723882942659,
      0.1839514530525359,
      0.01861346059387785
    ],
    "CQS2": [
      0.113700774137624,
      0.01739145356654787,
      0.1759838940713681,
      0.01715309737418863,
      0.1037328007543619,
      0.01328723882942659,
      0.1839514530525359,
      0.01861346059387785
    ],
    "CPM": [
      1011.2288,
      1012.8352,
      1010.024,
      1012.032,
      1014.4416,
      1013.2368,
      1008.016,
      1011.6304
    ],
    "PSIM": [
      0.7322739408454597,
      0.3720050572493643,
      0.8120459855216599,
      0.4967356672258701,
      0.5160411023925641,
      0.6920377263239577,
      0.7009660430644093,
      0.5000206127029669
    ],
    "PSIH": [
      1.289517949413458,
      0.6901414894796776,
      1.406938759887027,
      0.9035907880585585,
      0.9360207497744351,
      1.225016303363824,
      1.239377033354047,
      0.9091198325426504
    ],
    "QGH": [
      0.01750781967054542,
      0.01885352202771548,
      0.01496211831769344,
      0.01750380807575141,
      0.02506607264519305,
      0.0199095618373984,
      0.01208074614225308,
      0.01678463145136783
    ],
    "QSFC": [
      0.02779217803221074,
      0.02351274242845777,
      0.02405666368696377,
      0.02463900212888896,
      0.03663691892284748,
      0.02625383365629346,
      0.01976123522812759,
      0.02514207861948497
    ],
    "U10": [
      9.89615594517853,
      12.38314996091163,
      8.797967596927673,
      11.51943140605092,
      13.29466460959689,
      9.013809453233492,
      9.411434635422095,
      13.33388682025096
    ],
    "V10": [
      1.649359324196422,
      -1.769021422987376,
      0.799815236084334,
      2.65833032447329,
      0.8309165380998057,
      -1.802761890646698,
      1.568572439237016,
      0.8889257880167304
    ],
    "WSPD": [
      12.16552506059644,
      14.14213562373095,
      11.04536101718726,
      13.34166406412633,
      16.0312195418814,
      10.19803902718557,
      12.16552506059644,
      15.03329637837291
    ],
    "BR": [
      -0.06906389385657753,
      -0.0233424826193874,
      -0.08631693649708201,
      -0.04012643871671006,
      -0.03430720310824881,
      -0.05683977371998657,
      -0.07412803212758647,
      -0.03786160533771233
    ],
    "GZ1OZ0": [
      6.239957520180608,
      11.31123825956854,
      5.855389942852559,
      11.28756707173506,
      6.945155601216851,
      11.9545089032618,
      5.373617174162059,
      11.13836108605465
    ],
    "FLHC": [
      80.5632980043124,
      17.42642291589446,
      86.94635344180158,
      17.71697047783511,
      74.25986512608625,
      13.66551237585174,
      107.8075669401818,
      18.89708839739747
    ],
    "FLQC": [
      0.07966871394912052,
      0.01720558578127464,
      0.0860834529098334,
      0.01750633426397101,
      0.07320270099933426,
      0.01348698781553506,
      0.1069502537064708,
      0.01867983445080088
    ],
    "HFX": [
      620.5861984570116,
      63.00036210124654,
      675.115519581134,
      99.22411846640938,
      495.0064152098555,
      62.95310432078281,
      846.33536067495,
      125.24524558911
    ],
    "QFX": [
      0.00150354426151059,
      0.000217348287622838,
      0.001430060926956007,
      0.0002580085649814887,
      0.001742498802500996,
      0.000200748150077258,
      0.001581378306741439,
      0.000293861429231125
    ],
    "LH": [
      3758.860653776474,
      543.3707190570949,
      3575.152317390018,
      645.0214124537218,
      4356.24700625249,
      501.870375193145,
      3953.445766853598,
      734.6535730778123
    ]
  }
}