{
  "scalars": {
    "CASE": 3,
    "REGIME": "near_neutral_land_water",
    "PRECISION_MODE": "fp64",
    "N": 8,
    "FULL_WRF_EXE": 0,
    "ISFFLX": 1,
    "ITIMESTEP": 2
  },
  "columns": {
    "U": [
      5.0,
      7.0,
      3.5,
      6.0,
      8.0,
      4.0,
      5.5,
      7.0
    ],
    "V": [
      1.0,
      0.0,
      0.8,
      2.0,
      1.0,
      -1.0,
      1.5,
      0.5
    ],
    "T": [
      292.0,
      294.0,
      289.0,
      296.0,
      300.0,
      296.0,
      285.0,
      293.0
    ],
    "QV": [
      0.008,
      0.01,
      0.006,
      0.011,
      0.012,
      0.01,
      0.004,
      0.009
    ],
    "P": [
      95000.0,
      100000.0,
      92000.0,
      101000.0,
      96000.0,
      100500.0,
      88000.0,
      99000.0
    ],
    "PSFC": [
      95450.0,
      100450.0,
      92450.0,
      101450.0,
      96450.0,
      100950.0,
      88450.0,
      99450.0
    ],
    "TSK": [
      291.6,
      293.9,
      288.6,
      295.7,
      299.6,
      295.5,
      284.6,
      292.8
    ],
    "XLAND": [
      1.0,
      2.0,
      1.0,
      2.0,
      1.0,
      2.0,
      1.0,
      2.0
    ],
    "UST_IN": [
      0.25,
      0.25,
      0.25,
      0.25,
      0.25,
      0.25,
      0.25,
      0.25
    ],
    "ZNT_IN": [
      0.08,
      0.0016,
      0.12,
      0.0025,
      0.04,
      0.0012,
      0.2,
      0.0018
    ],
    "UST": [
      0.2806777833724072,
      0.2682507404433415,
      0.1862203684260518,
      0.2493392562874381,
      0.4347772641124167,
      0.1370812512057114,
      0.3735067449040508,
      0.2705006624526706
    ],
    "ZNT": [
      0.08,
      0.0001027280912929098,
      0.12,
      8.875415214814623e-05,
      0.04,
      2.682646694332184e-05,
      0.2,
      0.0001044585579604321
    ],
    "CHS": [
      0.01545003267173992,
      0.006416249778293515,
      0.009658905218168775,
      0.005816800864297078,
      0.02344644332773547,
      0.003149332739433006,
      0.02447119722417971,
      0.00634134907269671
    ],
    "CHS2": [
      0.03375377020016095,
      0.0079859553244417,
      0.02475685569597985,
      0.007271768570267207,
      0.04392952941501752,
      0.004240985190520213,
      0.06126623557395993,
      0.007885449197252184
    ],
    "CQS2": [
      0.03375377020016095,
      0.0079859553244417,
      0.02475685569597985,
      0.007271768570267207,
      0.04392952941501752,
      0.004240985190520213,
      0.06126623557395993,
      0.007885449197252184
    ],
    "CPM": [
      1010.4256,
      1012.032,
      1008.8192,
      1012.8352,
      1013.6384,
      1012.032,
      1007.2128,
      1011.2288
    ],
    "PSIM": [
      -1.037581883001501,
      -0.3399928515875923,
      -1.867695277007315,
      -0.4969459605065565,
      -0.4761289018189503,
      -1.643641306381556,
      -0.7427015677153322,
      -0.3913014854757288
    ],
    "PSIH": [
      -1.037581883001501,
      -0.3400090014511128,
      -1.867695277007315,
      -0.4969850809529825,
      -0.4761289018189503,
      -1.643724463184734,
      -0.7427015677153322,
      -0.3913226759145223
    ],
    "QGH": [
      0.01448090969121337,
      0.01560190564176727,
      0.0123286221182102,
      0.01750380807575141,
      0.02358885265677295,
      0.01759295564603811,
      0.009901103063943123,
      0.01479732625887014
    ],
    "QSFC": [
      0.01391858918036801,
      0.01526704752355757,
      0.01186832970828251,
      0.01688954160529308,
      0.022502278325522,
      0.01676717303593347,
      0.009546785035879602,
      0.01440020859591748
    ],
    "U10": [
      3.545974502682365,
      5.926380237920785,
      2.288442760977058,
      4.991446107285019,
      6.100741614970101,
      3.18719970551532,
      3.727651992764322,
      5.891735343441791
    ],
    "V10": [
      0.709194900536473,
      0.0,
      0.5230726310804704,
      1.663815369095006,
      0.7625927018712626,
      -0.79679992637883,
      1.016632361662997,
      0.4208382388172708
    ],
    "WSPD": [
      5.099019513592784,
      7.0,
      3.590264614203249,
      6.324555320336759,
      8.06225774829855,
      4.123105625617661,
      5.70087712549569,
      7.017834423809099
    ],
    "BR": [
      0.04166324755264276,
      0.01263127325972572,
      0.0876110301686716,
      0.02171841835295011,
      0.01666825833376185,
      0.06666587763272101,
      0.03684188352623362,
      0.01541186760158806
    ],
    "GZ1OZ0": [
      6.229141478323232,
      12.84367586883245,
      5.844167060176161,
      12.98733424964668,
      6.941239404923014,
      14.18817580114633,
      5.362545208441466,
      12.83299863498467
    ],
    "FLHC": [
      17.61105253407396,
      7.649160335511534,
      10.76881479608153,
      6.957862736302787,
      26.30698028623327,
      3.747768280349768,
      26.45315319404725,
      7.508389382015702
    ],
    "FLQC": [
      0.01742934119451641,
      0.007558219834463272,
      0.01067467272240807,
      0.006869688905265919,
      0.02595302258303678,
      0.003703211242677867,
      0.02626371824707474,
      0.007425015369435385
    ],
    "HFX": [
      -14.18337063972842,
      -3.648416598624055,
      -8.847779673502979,
      -4.68692115609004,
      -21.29911003960164,
      -3.282639676616022,
      -22.35228236648866,
      -4.362433832363146
    ],
    "QFX": [
      0.0001042637350525543,
      4.055784165908506e-05,
      6.302449530366352e-05,
      4.128150690937083e-05,
      0.0002762587867650541,
      2.54269258462983e-05,
      0.0001460977446701426,
      4.069269351256118e-05
    ],
    "LH": [
      260.6593376313858,
      101.3946041477127,
      157.5612382591588,
      103.2037672734271,
      690.6469669126353,
      63.56731461574576,
      365.2443616753565,
      101.731733781403
    ]
  }
}