{
  "scalars": {
    "CASE": 1,
    "REGIME": "unstable_convective_land_water",
    "PRECISION_MODE": "fp64",
    "N": 8,
    "FULL_WRF_EXE": 0,
    "ISFFLX": 1,
    "ITIMESTEP": 2
  },
  "columns": {
    "U": [
      6.0,
      8.0,
      3.0,
      5.0,
      10.0,
      4.5,
      7.5,
      9.0
    ],
    "V": [
      1.0,
      -1.5,
      0.5,
      4.0,
      0.2,
      -3.0,
      2.0,
      1.0
    ],
    "T": [
      292.0,
      294.0,
      289.0,
      291.5,
      300.0,
      296.0,
      285.0,
      293.0
    ],
    "QV": [
      0.008,
      0.01,
      0.0065,
      0.0095,
      0.012,
      0.011,
      0.004,
      0.009
    ],
    "P": [
      95000.0,
      99800.0,
      92000.0,
      101000.0,
      96000.0,
      100500.0,
      88000.0,
      99000.0
    ],
    "PSFC": [
      95450.0,
      100250.0,
      92450.0,
      101450.0,
      96450.0,
      100950.0,
      88450.0,
      99450.0
    ],
    "TSK": [
      298.0,
      297.0,
      295.0,
      294.5,
      305.0,
      299.0,
      291.0,
      296.0
    ],
    "XLAND": [
      1.0,
      2.0,
      1.0,
      2.0,
      1.0,
      2.0,
      1.0,
      2.0
    ],
    "UST_IN": [
      0.3,
      0.3,
      0.3,
      0.3,
      0.3,
      0.3,
      0.3,
      0.3
    ],
    "ZNT_IN": [
      0.08,
      0.0016,
      0.12,
      0.0025,
      0.04,
      0.0012,
      0.2,
      0.0018
    ],
    "UST": [
      0.4883049088340502,
      0.3432868234123311,
      0.3213143870680104,
      0.2885170666065374,
      0.6440295990753289,
      0.2305941294734499,
      0.7061877788767369,
      0.3830489638581621
    ],
    "ZNT": [
      0.08,
      0.0001682370436183005,
      0.12,
      0.0001188366433109549,
      0.04,
      7.591084984848592e-05,
      0.2,
      0.0002094671597313416
    ],
    "CHS": [
      0.04696354486883553,
      0.0089843445596081,
      0.04868134723354464,
      0.00753987737031879,
      0.04554032582971026,
      0.006561569740705498,
      0.07604697372528223,
      0.009751920232407509
    ],
    "CHS2": [
      0.07385459183873887,
      0.01032680341807187,
      0.06773111915043956,
      0.00853839532586982,
      0.06807659085647211,
      0.007601817548273031,
      0.1681603458246391,
      0.01126302649601628
    ],
    "CQS2": [
      0.07385459183873887,
      0.01032680341807187,
      0.06773111915043956,
      0.00853839532586982,
      0.06807659085647211,
      0.007601817548273031,
      0.1681603458246391,
      0.01126302649601628
    ],
    "CPM": [
      1010.4256,
      1012.032,
      1009.2208,
      1011.6304,
      1013.6384,
      1012.8352,
      1007.2128,
      1011.2288
    ],
    "PSIM": [
      1.246383844514198,
      0.6159071939674924,
      2.058291015004856,
      0.7556611929968499,
      0.7291026867346271,
      1.006527595476792,
      0.9659314010054901,
      0.5301347137229778
    ],
    "PSIH": [
      2.070129119287415,
      1.101420906642066,
      3.20432228171209,
      1.326757162583839,
      1.284454238443878,
      1.710444202577332,
      1.648063254549007,
      0.9595995471866934
    ],
    "QGH": [
      0.01448090969121337,
      0.01563381398216948,
      0.0123286221182102,
      0.01317802851874995,
      0.02358885265677295,
      0.01759295564603811,
      0.009901103063943123,
      0.01479732625887014
    ],
    "QSFC": [
      0.02065965001955854,
      0.01850445449462864,
      0.01777077050301639,
      0.01568738077521644,
      0.0308774472654248,
      0.0207294792174414,
      0.01446988017490103,
      0.01755216211696158
    ],
    "U10": [
      5.058664373279486,
      7.167654837429987,
      2.555311639424796,
      4.489316071375223,
      8.426612496859411,
      4.087635442017588,
      5.915612668976729,
      8.017020555083345
    ],
    "V10": [
      0.8431107288799142,
      -1.343935282018123,
      0.4258852732374661,
      3.591452857100178,
      0.1685322499371882,
      -2.725090294678392,
      1.577496711727128,
      0.8907800616759273
    ],
    "WSPD": [
      6.082762530298219,
      8.139410298049853,
      3.04138126514911,
      6.403124237432849,
      10.00199980003999,
      5.408326913195984,
      7.762087348130012,
      9.055385138137417
    ],
    "BR": [
      -0.2042564228360423,
      -0.05111759679526937,
      -0.8414390946848966,
      -0.08183086894069848,
      -0.06159837777331015,
      -0.1150503224831335,
      -0.1345144570185065,
      -0.04157878606320497
    ],
    "GZ1OZ0": [
      6.229141478323232,
      12.35238502772346,
      5.844466035553017,
      12.67924748491548,
      6.941239404923014,
      13.14859658546691,
      5.362545208441466,
      12.13722208157596
    ],
    "FLHC": [
      53.5324082119407,
      10.68930434938155,
      54.28051006193397,
      9.155578779527895,
      51.09638323752264,
      7.809875267559987,
      82.20612287456278,
      11.54663045479291
    ],
    "FLQC": [
      0.05298005930564378,
      0.01056221972169017,
      0.05378457326873759,
      0.00905031993851499,
      0.05040888667746077,
      0.007710904269085423,
      0.08161743265629941,
      0.01141841535248295
    ],
    "HFX": [
      304.0853121419158,
      28.00375263253163,
      310.6815932411189,
      23.97417152310843,
      237.4166401933369,
      20.4201767405097,
      475.4429416106784,
      30.29883176020909
    ],
    "QFX": [
      0.0006740728221141534,
      9.087168131426347e-05,
      0.0006084513049355795,
      5.680688047523467e-05,
      0.0009587639059719812,
      7.594595070373625e-05,
      0.0008558254163121392,
      9.856878107998752e-05
    ],
    "LH": [
      1685.182055285384,
      227.1792032856587,
      1521.128262338949,
      142.0172011880867,
      2396.909764929953,
      189.8648767593406,
      2139.563540780348,
      246.4219526999688
    ]
  }
}