{
  "scalars": {
    "CASE": 5,
    "REGIME": "mixed_land_water_strong_substep",
    "PRECISION_MODE": "fp64",
    "N": 8,
    "NSOIL": 5,
    "FULL_WRF_EXE": 0,
    "IFSNOW": 0,
    "DELTSM": 180.0,
    "DTMIN": 3.0
  },
  "columns": {
    "T": [
      292.0,
      294.0,
      289.0,
      291.5,
      300.0,
      296.0,
      285.0,
      293.0
    ],
    "QV": [
      0.008,
      0.01,
      0.0065,
      0.0095,
      0.012,
      0.011,
      0.004,
      0.009
    ],
    "P": [
      95000.0,
      99800.0,
      92000.0,
      101000.0,
      96000.0,
      100500.0,
      88000.0,
      99000.0
    ],
    "FLHC": [
      0.02,
      0.025,
      0.015,
      0.022,
      0.03,
      0.018,
      0.012,
      0.024
    ],
    "FLQC": [
      0.018,
      0.022,
      0.013,
      0.02,
      0.027,
      0.016,
      0.01,
      0.021
    ],
    "PSFC": [
      95450.0,
      100250.0,
      92450.0,
      101450.0,
      96450.0,
      100950.0,
      88450.0,
      99450.0
    ],
    "XLAND": [
      1.0,
      2.0,
      1.0,
      2.0,
      1.0,
      2.0,
      1.0,
      2.0
    ],
    "TMN": [
      285.0,
      290.0,
      283.0,
      288.0,
      290.0,
      291.0,
      280.0,
      289.0
    ],
    "GSW": [
      600.0,
      700.0,
      500.0,
      650.0,
      800.0,
      720.0,
      450.0,
      680.0
    ],
    "GLW": [
      330.0,
      360.0,
      320.0,
      350.0,
      380.0,
      365.0,
      300.0,
      355.0
    ],
    "THC": [
      0.12,
      0.12,
      0.1,
      0.12,
      0.11,
      0.12,
      0.1,
      0.11
    ],
    "SNOWC": [
      0.0,
      0.0,
      0.0,
      0.0,
      0.0,
      0.0,
      0.0,
      0.0
    ],
    "EMISS": [
      0.98,
      0.98,
      0.97,
      0.98,
      0.96,
      0.98,
      0.95,
      0.98
    ],
    "MAVAIL": [
      0.7,
      1.0,
      0.55,
      1.0,
      0.8,
      1.0,
      0.6,
      1.0
    ],
    "TSK_IN": [
      298.0,
      297.0,
      295.0,
      294.5,
      305.0,
      299.0,
      291.0,
      296.0
    ],
    "HFX_IN": [
      60.0,
      20.0,
      15.0,
      5.0,
      120.0,
      0.0,
      30.0,
      10.0
    ],
    "QFX_IN": [
      0.0001,
      0.0002,
      5e-05,
      0.0001,
      0.0003,
      0.0,
      4e-05,
      0.0002
    ],
    "TSK": [
      298.4180574436753,
      297.0,
      295.558997012816,
      294.5,
      305.2569483347805,
      299.0,
      291.5282802446925,
      296.0
    ],
    "HFX": [
      -0.01377268660077107,
      20.0,
      -0.02167014562460326,
      5.0,
      -0.08115845462803088,
      0.0,
      -0.01762017752328748,
      10.0
    ],
    "QFX": [
      0.0001175460849029057,
      0.0002,
      6.972167918863698e-05,
      0.0001,
      0.0002456410801229121,
      0.0,
      5.525468511362624e-05,
      0.0002
    ],
    "LH": [
      293.8652122572642,
      0.0,
      174.3041979715925,
      0.0,
      614.1027003072801,
      0.0,
      138.1367127840656,
      0.0
    ],
    "QSFC": [
      0.01453033805016143,
      0.01909090909090909,
      0.01186320609143361,
      0.0145,
      0.02109781778233008,
      0.011,
      0.009525468511362625,
      0.01852380952380952
    ],
    "CHKLOWQ": [
      0.7,
      1.0,
      0.55,
      1.0,
      0.8,
      1.0,
      0.6,
      1.0
    ],
    "CAPG": [
      7093680.0,
      7093680.0,
      5911400.0,
      7093680.0,
      6502540.0,
      7093680.0,
      5911400.0,
      6502540.0
    ]
  },
  "soil": {
    "TSLB_IN": [
      [
        290.0,
        290.0,
        290.0,
        290.0,
        290.0
      ],
      [
        291.0,
        291.0,
        291.0,
        291.0,
        291.0
      ],
      [
        286.0,
        286.0,
        286.0,
        286.0,
        286.0
      ],
      [
        289.0,
        289.0,
        289.0,
        289.0,
        289.0
      ],
      [
        296.0,
        296.0,
        296.0,
        296.0,
        296.0
      ],
      [
        293.0,
        293.0,
        293.0,
        293.0,
        293.0
      ],
      [
        282.0,
        282.0,
        282.0,
        282.0,
        282.0
      ],
      [
        290.0,
        290.0,
        290.0,
        290.0,
        290.0
      ]
    ],
    "TSLB": [
      [
        290.4180574436753,
        290.0332541228024,
        290.0002181582518,
        289.999999779861,
        290.0
      ],
      [
        291.0,
        291.0,
        291.0,
        291.0,
        291.0
      ],
      [
        286.5589970128161,
        286.0535424995255,
        286.0006110899346,
        286.0000006878266,
        286.0
      ],
      [
        289.0,
        289.0,
        289.0,
        289.0,
        289.0
      ],
      [
        296.2569483347804,
        295.9841471857731,
        295.9988532615298,
        295.9999959186345,
        296.0
      ],
      [
        293.0,
        293.0,
        293.0,
        293.0,
        293.0
      ],
      [
        282.5282802446924,
        282.0550037298206,
        282.0007333877223,
        282.0000011309751,
        282.0
      ],
      [
        290.0,
        290.0,
        290.0,
        290.0,
        290.0
      ]
    ]
  },
  "vectors": {
    "ZS": [
      0.005,
      0.02,
      0.05,
      0.11,
      0.23
    ],
    "DZS": [
      0.01,
      0.02,
      0.04,
      0.08,
      0.16
    ]
  }
}