{
  "scalars": {
    "CASE": 4,
    "KX": 40,
    "DT": 90.0,
    "RAINNCV": 0.2521355051264144,
    "SNOWNCV": 0.002180225585581609,
    "GRAUPELNCV": 0.002461405993713655,
    "SR": 0.01840927392177336
  },
  "columns": {
    "TH_IN": [
      296.0,
      296.0,
      296.0,
      296.0,
      297.9306049685321,
      300.1189467305873,
      302.3681083615033,
      304.6699728028465,
      307.0184675825093,
      309.4088647090524,
      311.8373702678132,
      314.3008671326264,
      316.7967450969501,
      319.3227840009429,
      321.8770705682556,
      324.4579375479884,
      327.0639181109635,
      329.6937109750308,
      332.3461532609405,
      335.020199036518,
      337.7149021243251,
      340.4294021575018,
      343.1629131465805,
      345.9147140129253,
      348.6841406807442,
      351.4705794175837,
      354.2734611847192,
      357.0922568117772,
      359.9264728496038,
      362.7756479854896,
      365.6393499279345,
      368.5171726860149,
      371.4087341823785,
      374.3136741499121,
      377.2316522708783,
      380.1623465243281,
      383.1054517132495,
      386.0606781474993,
      389.0277504623134,
      392.0064065552706
    ],
    "QV_IN": [
      0.01693012498663962,
      0.0148801890510719,
      0.01284716116552918,
      0.01094767691426774,
      0.01011314153089526,
      0.009405776911445382,
      0.00873470937506992,
      0.008100314934904668,
      0.007501768757620876,
      0.006937591062889588,
      0.006405985186221754,
      0.005905053316689642,
      0.005432934265613603,
      0.004987888683226689,
      0.00456834752801021,
      0.004172934305481318,
      0.003800468474950911,
      0.00344995546609809,
      0.003120567447703913,
      0.002811618081538156,
      0.002522533826868231,
      0.002252823849380386,
      0.002002050180674707,
      0.001769799438594976,
      0.001555657133656048,
      0.001359185338948474,
      0.001179904280849789,
      0.001017278209389635,
      0.0008707057260951647,
      0.0007395145811175097,
      0.0006229607992660656,
      0.0005202318562249388,
      0.000430453502608835,
      0.0003526997263271786,
      0.0002860052552491526,
      0.000229379935041546,
      0.0001818242740106231,
      0.0001423454303010953,
      0.0001099729287720562,
      8.377343619771506e-05
    ],
    "QC_IN": [
      0.0004883539105471245,
      0.0006159228494271422,
      0.0007658696386676061,
      0.0009211364439951237,
      0.001060536575241021,
      0.001160411547373586,
      0.001199876488692997,
      0.001167026360857204,
      0.00106344493036117,
      0.0009047299764720981,
      0.0007163583163400679,
      0.0005263942281409301,
      0.0003580338742857262,
      0.0002248615221549065,
      0.0001301068125579946,
      0.0,
      0.0,
      0.0,
      0.0,
      0.0,
      0.0,
      0.0,
      0.0,
      0.0,
      0.0,
      0.0,
      0.0,
      0.0,
      0.0,
      0.0,
      0.0,
      0.0,
      0.0,
      0.0,
      0.0,
      0.0,
      0.0,
      0.0,
      0.0,
      0.0
    ],
    "QR_IN": [
      0.0003569501917931207,
      0.0004807890747204097,
      0.0006432889562384384,
      0.0008364101813855103,
      0.001044640254070326,
      0.001243387243996448,
      0.001401845273699646,
      0.001489682463271189,
      0.001485786614629566,
      0.001385762276950111,
      0.001204661219311733,
      0.000973184293339533,
      0.0007286153597749864,
      0.000504293510587115,
      0.0003219097556821017,
      0.0001891029967905162,
      0.0001020185516436824,
      0.0,
      0.0,
      0.0,
      0.0,
      0.0,
      0.0,
      0.0,
      0.0,
      0.0,
      0.0,
      0.0,
      0.0,
      0.0,
      0.0,
      0.0,
      0.0,
      0.0,
      0.0,
      0.0,
      0.0,
      0.0,
      0.0,
      0.0
    ],
    "QI_IN": [
      0.0,
      0.0,
      0.0,
      0.0,
      0.0,
      0.0,
      0.0,
      0.0,
      0.0,
      0.0,
      0.0,
      0.0,
      7.00028328439769e-05,
      0.0001030091582324878,
      0.0001449338662226231,
      0.0001946301414959708,
      0.0002490379791099668,
      0.00030314743357402,
      0.0003505375179999972,
      0.0003845063135888211,
      0.0003995665048156252,
      0.0003928693690892404,
      0.0003650590910061712,
      0.0003202133577156848,
      0.0002648519254409374,
      0.0002063475125527244,
      0.0001512829463271904,
      0.0001042685527713052,
      6.74965972438317e-05,
      4.099977859065223e-05,
      2.334912472050623e-05,
      1.245601340577091e-05,
      6.219386737153443e-06,
      2.904201936958279e-06,
      1.267292720732537e-06,
      5.163770341268619e-07,
      1.963242852253625e-07,
      6.959585458992742e-08,
      2.298727393777731e-08,
      7.069453340034668e-09
    ],
    "QS_IN": [
      2.10050040642766e-05,
      2.942043570939024e-05,
      4.205857541153721e-05,
      6.02309708543919e-05,
      8.56435040287207e-05,
      0.0001202356630416106,
      0.000165984646072126,
      0.0002246048271235639,
      0.0002971375493241855,
      0.0003834658191660542,
      0.0004818320307229197,
      0.0005884766992194587,
      0.0006975365748588297,
      0.0008013245233151108,
      0.0008910510410098728,
      0.0009579428325829393,
      0.0009945910620917195,
      0.0009962596204910314,
      0.0009618439297380053,
      0.0008942206256216575,
      0.0007998651826459659,
      0.0006878011888119957,
      0.0005681213855987515,
      0.0004504265776036628,
      0.0003425289252194262,
      0.0002496655178658545,
      0.0001743077133500626,
      0.000116490391997642,
      7.447441315765759e-05,
      4.55202013454235e-05,
      2.658434484832949e-05,
      1.482601672219519e-05,
      7.891484671839929e-06,
      4.006767321316445e-06,
      1.939555725938129e-06,
      8.946649464681622e-07,
      3.930531559475276e-07,
      1.643851719611946e-07,
      6.541646599271985e-08,
      2.475835385302288e-08
    ],
    "QG_IN": [
      7.67670380589367e-06,
      1.247052392767916e-05,
      2.08631826286715e-05,
      3.499214772863846e-05,
      5.809114967651497e-05,
      9.46842953545009e-05,
      0.0001506356604001833,
      0.0002328485185142059,
      0.0003484085861226126,
      0.000503032892601113,
      0.000698875404165529,
      0.0009320520087172921,
      0.001190601576613042,
      0.001453831720931515,
      0.001693907588573462,
      0.001880005018762826,
      0.001984440814567604,
      0.001989236577554405,
      0.001891039636660264,
      0.001702591022033039,
      0.00145002061704082,
      0.001166746759972148,
      0.00088598268367191,
      0.0006342326092622876,
      0.0004275570169070683,
      0.0002711604392484447,
      0.0001616314644333426,
      9.04664918353435e-05,
      4.750290888955301e-05,
      2.337997307885337e-05,
      1.077683865339727e-05,
      4.64841886412473e-06,
      1.874729220454396e-06,
      7.064046231626086e-07,
      2.484970588405491e-07,
      8.154944373555723e-08,
      2.494823636338149e-08,
      7.110042515984656e-09,
      1.886337457023547e-09,
      4.655746637389277e-10
    ],