{
  "scalars": {
    "CASE": 1,
    "KX": 40,
    "DT": 90.0,
    "RAINNCV": 0.08073001580596197,
    "SNOWNCV": 0.0,
    "GRAUPELNCV": 0.0,
    "SR": 0.0
  },
  "columns": {
    "TH_IN": [
      298.0,
      298.0,
      298.0,
      298.0,
      298.0,
      298.6684205619902,
      300.3985448934641,
      302.1692098483435,
      303.975744294238,
      305.8145113146557,
      307.6825925137025,
      309.5775901020203,
      311.4974962284232,
      313.4406030776484,
      315.4054388986582,
      317.3907211907604,
      319.3953216238181,
      321.4182392115621,
      323.4585794314927,
      325.5155377203985,
      327.5883862494808,
      329.6764631980783,
      331.7791639589081,
      333.8959338560964,
      336.026262062111,
      338.1696764750644,
      340.325739372861,
      342.494043701367,
      344.6742098843107,
      346.8658830657612,
      349.0687307137958,
      351.2824405277037,
      353.5067186018296,
      355.7412878076247,
      357.985886362214,
      360.2402665571755,
      362.5041936255766,
      364.7774447288456,
      367.0598080479334,
      369.3510819655928
    ],
    "QV_IN": [
      0.01955925022442952,
      0.01722574274984858,
      0.01490731441163644,
      0.01273664208134673,
      0.01076092966470522,
      0.009148971398565759,
      0.0079372813865653,
      0.00686692335596907,
      0.00592669326810152,
      0.005104318924852688,
      0.00438741673980344,
      0.003764063269190699,
      0.003223123664389372,
      0.002754421770693143,
      0.002348805854902788,
      0.001998146004342349,
      0.001695288010692383,
      0.001433981120727747,
      0.001208791903139023,
      0.00101501282174709,
      0.0008485714395039788,
      0.0007059442081536061,
      0.0005840773332299306,
      0.0004803161132874764,
      0.0003923433447664448,
      0.0003181267938761982,
      0.0002558753157113254,
      0.0002040029119433857,
      0.0001610998340018081,
      0.0001259097371611772,
      9.731185552854292e-05,
      7.430718507855996e-05,
      5.600772050053258e-05,
      4.162788219874651e-05,
      3.04773838635059e-05,
      2.195492077279226e-05,
      1.554219694398527e-05,
      1.079794827074761e-05,
      7.351752029458735e-06,
      4.89753431556364e-06
    ],
    "QC_IN": [
      0.0003401166151803343,
      0.0006364174130859637,
      0.001046171148221886,
      0.001406336960698022,
      0.001482670999524573,
      0.001189181458000551,
      0.000708159716762436,
      0.0003067591282781895,
      9.495287776132536e-05,
      0.0,
      0.0,
      0.0,
      0.0,
      0.0,
      0.0,
      0.0,
      0.0,
      0.0,
      0.0,
      0.0,
      0.0,
      0.0,
      0.0,
      0.0,
      0.0,
      0.0,
      0.0,
      0.0,
      0.0,
      0.0,
      0.0,
      0.0,
      0.0,
      0.0,
      0.0,
      0.0,
      0.0,
      0.0,
      0.0,
      0.0
    ],
    "QR_IN": [
      0.0001290995300599549,
      0.0002049184724270699,
      0.0003062252690062418,
      0.000411833437750346,
      0.0004858963309053774,
      0.0004938329859363728,
      0.0004261545414381889,
      0.0003085136636239407,
      0.0001854299144388407,
      9.168089477449217e-05,
      3.69797058275997e-05,
      1.207646243458373e-05,
      0.0,
      0.0,
      0.0,
      0.0,
      0.0,
      0.0,
      0.0,
      0.0,
      0.0,
      0.0,
      0.0,
      0.0,
      0.0,
      0.0,
      0.0,
      0.0,
      0.0,
      0.0,
      0.0,
      0.0,
      0.0,
      0.0,
      0.0,
      0.0,
      0.0,
      0.0,
      0.0,
      0.0
    ],
    "QI_IN": [
      0.0,
      0.0,
      0.0,
      0.0,
      0.0,
      0.0,
      0.0,
      0.0,
      0.0,
      0.0,
      0.0,
      0.0,
      0.0,
      0.0,
      0.0,
      0.0,
      0.0,
      0.0,
      0.0,
      0.0,
      0.0,
      0.0,
      0.0,
      0.0,
      0.0,
      0.0,
      0.0,
      0.0,
      0.0,
      0.0,
      0.0,
      0.0,
      0.0,
      0.0,
      0.0,
      0.0,
      0.0,
      0.0,
      0.0,
      0.0
    ],
    "QS_IN": [
      0.0,
      0.0,
      0.0,
      0.0,
      0.0,
      0.0,
      0.0,
      0.0,
      0.0,
      0.0,
      0.0,
      0.0,
      0.0,
      0.0,
      0.0,
      0.0,
      0.0,
      0.0,
      0.0,
      0.0,
      0.0,
      0.0,
      0.0,
      0.0,
      0.0,
      0.0,
      0.0,
      0.0,
      0.0,
      0.0,
      0.0,
      0.0,
      0.0,
      0.0,
      0.0,
      0.0,
      0.0,
      0.0,
      0.0,
      0.0
    ],
    "QG_IN": [
      0.0,
      0.0,
      0.0,
      0.0,
      0.0,
      0.0,
      0.0,
      0.0,
      0.0,
      0.0,
      0.0,
      0.0,
      0.0,
      0.0,
      0.0,
      0.0,
      0.0,
      0.0,
      0.0,
      0.0,
      0.0,
      0.0,
      0.0,
      0.0,
      0.0,
      0.0,
      0.0,
      0.0,
      0.0,
      0.0,
      0.0,
      0.0,
      0.0,
      0.0,
      0.0,
      0.0,
      0.0,
      0.0,
      0.0,
      0.0
    ],
    "PII": [
      0.9966089678755184,
      0.9881273870278996,
      0.9786670408311311,
      0.9685954378977082,
      0.9580662622817857,
      0.9471914232789115,
      0.9360700791981127,
      0.9247485584327814,
      0.9132607988269784,
      0.9016335720901989,
      0.8898885979015764,
      0.8780438782365538,
      0.8661145859499011,
      0.8541136825429284,
      0.8420523630549084,
      0.8299403859650801,
      0.817786323895176,
      0.8055977581058826,
      0.793381432059288,
      0.7811433744925707,
      0.7688889993358227,
      0.7566231877437949,
      0.7443503561091616,
      0.7320745129498485,
      0.7197993068704016,
      0.7075280672956628,
      0.695263839304793,
      0.6830094136157767,
      0.6707673525585782,
      0.6585400127111294,
      0.6463295647438079,
      0.6341380109162259,
      0.6219672005887418,
      0.6098188440455737,
      0.5976945248734287,
      0.58559571109667,
      0.573523765235351,
      0.5614799534244803,
      0.5494654537104922,
      0.5374813636231208
    ],
    "RHO": [
      1.145723031516451,
      1.123076548129234,
      1.097919971673411,
      1.071291646472623,
      1.043658770064584,
      1.013010831396871,
      0.9785891156003931,
      0.9443165652351185,
      0.9103409447069306,
      0.876777680230898,
      0.8437180165267738,
      0.8112344162702712,
      0.7793843624613717,
      0.7482131680699545,
      0.7177561301148908,
      0.688040227651601,
      0.6590854880927921,
      0.6309061033688063,
      0.6035113518123538,
      0.5769063657224813,
      0.5510927742551416,
      0.5260692443468217,
      0.5018319375149348,
      0.478374896839365,
      0.4556903757612611,
      0.4337691182607954,
      0.4126005983216148,
      0.3921732252448937,
      0.3724745202668807,
      0.3534912690108652,
      0.3352096535324422,
      0.3176153670701931,
      0.3006937140728456,
      0.2844296976231285,
      0.2688080960051376,
      0.2538135298552288,
      0.2394305210868109,
      0.2256435445784677,
      0.2124370734550053,
      0.1997956186653333
    ],