{
  "scalars": {
    "CASE": 6,
    "KX": 40,
    "DT": 90.0,
    "RAINNCV": 0.0,
    "SNOWNCV": 0.0,
    "GRAUPELNCV": 0.0,
    "SR": 0.0
  },
  "columns": {
    "TH_IN": [
      295.0,
      295.0,
      295.0,
      295.0,
      295.0,
      295.0,
      295.0,
      296.6692098483435,
      298.475744294238,
      300.3145113146557,
      302.1825925137025,
      304.0775901020203,
      305.9974962284232,
      307.9406030776484,
      309.9054388986582,
      311.8907211907604,
      313.8953216238181,
      315.9182392115621,
      317.9585794314927,
      320.0155377203985,
      322.0883862494808,
      324.1764631980783,
      326.2791639589081,
      328.3959338560964,
      330.526262062111,
      332.6696764750644,
      334.825739372861,
      336.994043701367,
      339.1742098843107,
      341.3658830657612,
      343.5687307137958,
      345.7824405277037,
      348.0067186018296,
      350.2412878076247,
      352.485886362214,
      354.7402665571755,
      357.0041936255766,
      359.2774447288456,
      361.5598080479334,
      363.8510819655928
    ],
    "QV_IN": [
      0.01605796485896914,
      0.01409937855298304,
      0.01215867062039635,
      0.01034732092764825,
      0.008704459713126016,
      0.007243084389438495,
      0.005963126451407767,
      0.005155223906630637,
      0.004460643894708408,
      0.003850609142449731,
      0.003316465325388702,
      0.002849888004924866,
      0.002443108420158759,
      0.002089027122424821,
      0.001781254411947335,
      0.001514103499275931,
      0.001282554158564498,
      0.001082199246914265,
      0.0009091827420459351,
      0.0007601352990083005,
      0.0006321113953315724,
      0.0005225307076839989,
      0.0004291253028212955,
      0.0003498934380258786,
      0.0002830601862085649,
      0.0002270446816345512,
      0.0001804334894218679,
      0.0001419594096544989,
      0.0001104849152609386,
      8.498937607347233e-05,
      6.455922700873939e-05,
      4.838028541951902e-05,
      3.573150200376568e-05,
      2.597953267683162e-05,
      1.85736374586836e-05,
      1.304053895738731e-05,
      8.978999998582871e-06,
      6.054000331015831e-06,
      3.990499756334115e-06,
      2.566864085276565e-06
    ],
    "QC_IN": [
      1.423032130674772e-06,
      2.767961159905361e-06,
      4.936080906156511e-06,
      7.562794594944141e-06,
      9.596348381924254e-06,
      9.822873052235246e-06,
      7.944377047176274e-06,
      4.989285247914068e-06,
      2.396967263764352e-06,
      0.0,
      0.0,
      0.0,
      0.0,
      0.0,
      0.0,
      0.0,
      0.0,
      0.0,
      0.0,
      0.0,
      0.0,
      0.0,
      0.0,
      0.0,
      0.0,
      0.0,
      0.0,
      0.0,
      0.0,
      0.0,
      0.0,
      0.0,
      0.0,
      0.0,
      0.0,
      0.0,
      0.0,
      0.0,
      0.0,
      0.0
    ],
    "QR_IN": [
      0.0,
      0.0,
      0.0,
      0.0,
      0.0,
      0.0,
      0.0,
      0.0,
      0.0,
      0.0,
      0.0,
      0.0,
      0.0,
      0.0,
      0.0,
      0.0,
      0.0,
      0.0,
      0.0,
      0.0,
      0.0,
      0.0,
      0.0,
      0.0,
      0.0,
      0.0,
      0.0,
      0.0,
      0.0,
      0.0,
      0.0,
      0.0,
      0.0,
      0.0,
      0.0,
      0.0,
      0.0,
      0.0,
      0.0,
      0.0
    ],
    "QI_IN": [
      0.0,
      0.0,
      0.0,
      0.0,
      0.0,
      0.0,
      0.0,
      0.0,
      0.0,
      0.0,
      0.0,
      0.0,
      0.0,
      0.0,
      0.0,
      0.0,
      0.0,
      0.0,
      0.0,
      0.0,
      0.0,
      0.0,
      0.0,
      0.0,
      0.0,
      0.0,
      0.0,
      0.0,
      0.0,
      0.0,
      0.0,
      0.0,
      0.0,
      0.0,
      0.0,
      0.0,
      0.0,
      0.0,
      0.0,
      0.0
    ],
    "QS_IN": [
      0.0,
      0.0,
      0.0,
      0.0,
      0.0,
      0.0,
      0.0,
      0.0,
      0.0,
      0.0,
      0.0,
      0.0,
      0.0,
      0.0,
      0.0,
      0.0,
      0.0,
      0.0,
      0.0,
      0.0,
      0.0,
      0.0,
      0.0,
      0.0,
      0.0,
      0.0,
      0.0,
      0.0,
      0.0,
      0.0,
      0.0,
      0.0,
      0.0,
      0.0,
      0.0,
      0.0,
      0.0,
      0.0,
      0.0,
      0.0
    ],
    "QG_IN": [
      0.0,
      0.0,
      0.0,
      0.0,
      0.0,
      0.0,
      0.0,
      0.0,
      0.0,
      0.0,
      0.0,
      0.0,
      0.0,
      0.0,
      0.0,
      0.0,
      0.0,
      0.0,
      0.0,
      0.0,
      0.0,
      0.0,
      0.0,
      0.0,
      0.0,
      0.0,
      0.0,
      0.0,
      0.0,
      0.0,
      0.0,
      0.0,
      0.0,
      0.0,
      0.0,
      0.0,
      0.0,
      0.0,
      0.0,
      0.0
    ],
    "PII": [
      0.9965745419338665,
      0.9879890969179546,
      0.9784150944602817,
      0.9682248276007871,
      0.9575739189686949,
      0.9465510467637773,
      0.9352144622799743,
      0.9236707092484941,
      0.9119606374437546,
      0.9001115088696543,
      0.8881452913701489,
      0.8760801677664389,
      0.8639314466116749,
      0.8517121945045472,
      0.8394336906206813,
      0.8271057630197414,
      0.8147370435889213,
      0.8023351653234986,
      0.7899069176940082,
      0.7774583708722925,
      0.7649949763749111,
      0.7525216495494421,
      0.7400428378781333,
      0.7275625780637172,
      0.7150845441450133,
      0.7026120883706799,
      0.6901482761768047,
      0.677695916327383,
      0.6652575870587868,
      0.6528356589013908,
      0.640432314720581,
      0.6280495674162657,
      0.6156892756381893,
      0.6033531578090462,
      0.591042804695111,
      0.5787596907222152,
      0.5665051842013918,
      0.5542805566018154,
      0.5420869909875269,
      0.5299255897178191
    ],
    "RHO": [
      1.159714271123685,
      1.136238179378827,
      1.110210285700072,
      1.082712029222012,
      1.054227882527723,
      1.025056590959655,
      0.9954109192893299,
      0.9600181515106722,
      0.9246407932839615,
      0.8897479639819901,
      0.8554288049264182,
      0.8217532808068336,
      0.788776220911575,
      0.75654027140947,
      0.7250781307178538,
      0.6944142895865426,
      0.6645664147936277,
      0.6355464675536476,
      0.6073616189073988,
      0.5800150062683416,
      0.5535063635121927,
      0.5278325490359436,
      0.5029879906489385,
      0.4789650621416577,
      0.4557544033894892,
      0.4333451935659637,
      0.4117253852564152,
      0.3908819058441405,
      0.3708008313965921,
      0.3514675373470214,
      0.3328668295033431,
      0.3149830582888835,
      0.2978002186048985,
      0.2813020372835529,
      0.2654720497572245,
      0.2502936672929805,
      0.2357502359191086,
      0.2218250879943237,
      0.2085015872314551,
      0.1957631678787052
    ],
    "P": [
      98806.21440958457,
      95858.9199941257,
      92646.92394627364,
      89313.4265910542,
      85921.74350102435,
      82509.53514675896,
      79102.32519531026,
      75737.349302525,
      72429.64008910663,
      69189.007574633,
      66022.81873010534,
      62936.62817668808,
      59934.58303305342,
      57019.71322791753,
      54194.14695246175,
      51459.27509595791,
      48815.87967082619,
      46264.23605044565,
      43804.19567249337,
      41435.25384886136,
      39156.60600499815,
      36967.19478264616,
      34865.74982496456,
      32850.82162759026,
      30920.8105243985,
      29073.99164487054,
      27308.53650634804,
      25622.53177250696,
      24013.99560781013,
      22480.89197862401,
      21021.14318952277,
      19632.64089401807,
      18313.25577958472,
      17060.84609519208,
      15873.26516392703,
      14748.36800242717,
      13684.01715173847,
      12678.08781009429,
      11728.47234637221,
      10833.08426313845
    ],