{
  "scalars": {
    "CASE": 5,
    "KX": 40,
    "DT": 90.0,
    "RAINNCV": 0.04472481627764043,
    "SNOWNCV": 0.001304740311279972,
    "GRAUPELNCV": 0.0,
    "SR": 0.02917262539775007
  },
  "columns": {
    "TH_IN": [
      287.1779689969561,
      287.5778905313886,
      289.3364927292747,
      291.206786983112,
      293.1600658909857,
      295.1800736713443,
      297.2562228691129,
      299.3810208149682,
      301.5488621500416,
      303.7553825745429,
      305.9970800133991,
      308.2710771193804,
      310.5749644710638,
      312.9066926901342,
      315.2644956753459,
      317.6468344258685,
      320.0523549455377,
      322.4798560508306,
      324.9282643147473,
      327.3966142614342,
      329.884032496333,
      332.3897248346501,
      334.9129657476458,
      337.4530896242717,
      340.0094834714891,
      342.5815807670334,
      345.1688562443892,
      347.7708214385965,
      350.3870208581288,
      353.0170286758695,
      355.660445853511,
      358.3168976302005,
      360.9860313191516,
      363.6675143661057,
      366.3610326316129,
      369.0662888655666,
      371.7830013476479,
      374.5109026715708,
      377.2497386544761,
      379.9992673556674
    ],
    "QV_IN": [
      0.004191861732262057,
      0.003692392621912658,
      0.003388691593357436,
      0.003095069404619473,
      0.002817224053370991,
      0.002557391119771722,
      0.002316165257627773,
      0.002093273180403318,
      0.001887972753510878,
      0.001699281737507944,
      0.001526116042706718,
      0.00136737473559432,
      0.001221991499706937,
      0.001088964037351606,
      0.0009673686358941809,
      0.0008563647159476229,
      0.0007551927185442819,
      0.0006631677447979605,
      0.0005796707175670176,
      0.0005041383738960905,
      0.0004360530539898262,
      0.0003749329885409166,
      0.0003203235777455068,
      0.000271789987315177,
      0.0002289112495011459,
      0.000191275944143016,
      0.0001584794417563616,
      0.0001301226148511494,
      0.0001058118632007386,
      8.516025252222296e-05,
      6.778953329540863e-05,
      5.333278680236568e-05,
      4.143743854897239e-05,
      3.176838458535754e-05,
      2.40109931965867e-05,
      1.7873771963457e-05,
      1.309052683599741e-05,
      9.421883680594479e-06,
      6.656091347886842e-06,
      4.609075857295415e-06
    ],
    "QC_IN": [
      0.0,
      0.0,
      0.0,
      0.0,
      0.0,
      0.0,
      0.0,
      0.0,
      0.0,
      0.0,
      0.0,
      0.0,
      0.0,
      0.0,
      0.0,
      0.0,
      0.0,
      0.0,
      0.0,
      0.0,
      0.0,
      0.0,
      0.0,
      0.0,
      0.0,
      0.0,
      0.0,
      0.0,
      0.0,
      0.0,
      0.0,
      0.0,
      0.0,
      0.0,
      0.0,
      0.0,
      0.0,
      0.0,
      0.0,
      0.0
    ],
    "QR_IN": [
      8.595883626837878e-05,
      0.000123649630421739,
      0.0001780193847960355,
      0.000250221494693768,
      0.0003390141462483323,
      0.0004389456313687061,
      0.0005396020335780509,
      0.0006264936914045336,
      0.0006839239864171199,
      0.0006993079207803771,
      0.0006674358189292471,
      0.0005927738288493213,
      0.000488520152731413,
      0.000372616061085951,
      0.0002624086803940801,
      0.000170236361078225,
      0.0001015225259854495,
      0.0,
      0.0,
      0.0,
      0.0,
      0.0,
      0.0,
      0.0,
      0.0,
      0.0,
      0.0,
      0.0,
      0.0,
      0.0,
      0.0,
      0.0,
      0.0,
      0.0,
      0.0,
      0.0,
      0.0,
      0.0,
      0.0,
      0.0
    ],
    "QI_IN": [
      0.0,
      0.0,
      0.0,
      0.0,
      0.0,
      0.0,
      0.0,
      0.0,
      0.0,
      0.0,
      0.0,
      0.0,
      0.0,
      0.0,
      0.0,
      0.0,
      0.0,
      0.0,
      0.0,
      0.0,
      0.0,
      0.0,
      0.0,
      0.0,
      0.0,
      0.0,
      0.0,
      0.0,
      0.0,
      0.0,
      0.0,
      0.0,
      0.0,
      0.0,
      0.0,
      0.0,
      0.0,
      0.0,
      0.0,
      0.0
    ],
    "QS_IN": [
      1.294940282623459e-05,
      1.933787911794863e-05,
      2.945583252190927e-05,
      4.471372890429928e-05,
      6.688637947399351e-05,
      9.788530443928985e-05,
      0.0001394051440033511,
      0.0001924017958993272,
      0.00025645557428892,
      0.0003291633171613288,
      0.0004057810597516867,
      0.0004793591202454648,
      0.0005415316004521225,
      0.0005839331545207136,
      0.0005999656644632323,
      0.0005864285080997511,
      0.0005444733840225805,
      0.0004795106481613108,
      0.0004000382394584803,
      0.0003157463754260535,
      0.0002354982611246275,
      0.0001657877173532373,
      0.0001100415595280045,
      6.879308337969798e-05,
      4.046486537789416e-05,
      2.237353022461467e-05,
      1.161733882712759e-05,
      5.659796429040926e-06,
      2.584853186673049e-06,
      1.105713119741151e-06,
      4.426515851480156e-07,
      1.657090290743472e-07,
      5.796368636872659e-08,
      1.893047334515612e-08,
      5.768208103530534e-09,
      1.638628553160489e-09,
      4.336844584822558e-10,
      1.068615675432312e-10,
      2.449800915246968e-11,
      5.221738688089042e-12
    ],
    "QG_IN": [
      0.0,
      0.0,
      0.0,
      0.0,
      0.0,
      0.0,
      0.0,
      0.0,
      0.0,
      0.0,
      0.0,
      0.0,
      0.0,
      0.0,
      0.0,
      0.0001312955368318522,
      0.0001575602522151503,
      0.0001797718292107499,
      0.0001947362384769046,
      0.0001999996909816721,
      0.0001944946548004485,
      0.0001788742704891437,
      0.0001553963277033569,
      0.0001273794532330662,
      9.841402568466834e-05,
      7.159211010697359e-05,
      4.898827871783259e-05,
      3.15008090640452e-05,
      1.901741785709277e-05,
      1.076942636877263e-05,
      5.71567805388151e-06,
      2.840608339644095e-06,
      1.320894463209773e-06,
      5.742389050654213e-07,
      2.332107716462875e-07,
      8.841144897621808e-08,
      3.126459890026966e-08,
      1.030551916714319e-08,
      3.164135003628254e-09,
      9.042959013832824e-10
    ],
    "PII": [
      0.9819331347861957,
      0.9730645920322614,
      0.9632435536059505,
      0.9528674878038802,
      0.9421041661179491,
      0.9310498952205464,
      0.9197681559198302,
      0.9083043351227259,
      0.8966926741253921,
      0.8849600083071212,
      0.8731279726221193,
      0.861214393259105,
      0.8492342128583756,
      0.8372001317921806,
      0.8251230680364252,
      0.8130124964315447,
      0.800876705031416,
      0.7887229928118179,
      0.7765578248757803,
      0.7643869561882919,
      0.7522155315694383,
      0.7400481674791353,
      0.7278890196317467,
      0.7157418394393066,
      0.7036100215450924,
      0.6914966441776171,
      0.6794045036653192,
      0.6673361441622173,
      0.6552938834160114,
      0.6432798352429693,
      0.631295929244706,
      0.6193439282009653,
      0.6074254434927941,
      0.5955419488470279,
      0.5836947926420892,
      0.57188520897403,
      0.5601143276484623,
      0.5483831832369997,
      0.536692723314884,
      0.5250438159786821
    ],