{
  "scalars": {
    "CASE": 3,
    "KX": 40,
    "DT": 90.0,
    "RAINNCV": 0.003896938132790159,
    "SNOWNCV": 0.003896938132790159,
    "GRAUPELNCV": 0.0,
    "SR": 0.9999999997433883
  },
  "columns": {
    "TH_IN": [
      270.2624610442189,
      270.2624610442189,
      271.6911077988443,
      273.4055441981952,
      275.1960498637461,
      277.0477236624081,
      278.9508604270293,
      280.8985918773967,
      282.8857797678806,
      284.9084234903401,
      286.9633128092916,
      289.0478101564412,
      291.1597068954844,
      293.2971244296321,
      295.4584438327429,
      297.6422543540552,
      299.8473148304187,
      302.0725241769372,
      304.3168984188608,
      306.5795525366572,
      308.8596859186478,
      311.156570562105,
      313.4695413990178,
      315.7979882859249,
      318.1413493125409,
      320.4991051667897,
      322.8707743543659,
      325.2559091157226,
      327.6540919169606,
      330.0649324165562,
      332.4880648293942,
      334.9231456246929,
      337.3698515062314,
      339.827877632606,
      342.2969360426544,
      344.7767542571119,
      347.2670740323531,
      349.7676502459491,
      352.2782498969456,
      354.7986512063709
    ],
    "QV_IN": [
      0.001349531273476986,
      0.001125081332989346,
      0.0009992969580167412,
      0.0008908884134025499,
      0.0007895291019754404,
      0.0006960153913181057,
      0.0006105221094196409,
      0.0005328997411827188,
      0.0004628249612307377,
      0.0003998842566264517,
      0.0003436223864988171,
      0.0002935707056420998,
      0.0002492633931094068,
      0.0002102462841197793,
      0.0001760812215992863,
      0.0001463478051804028,
      0.000120643764216116,
      9.858474841330338e-05,
      7.980402925853935e-05,
      6.395239129483121e-05,
      5.069833829393837e-05,
      3.972862980504964e-05,
      3.074908856504681e-05,
      2.348557214423293e-05,
      1.768497804395211e-05,
      1.31161462420702e-05,
      9.570533300238585e-06,
      6.862554141194578e-06,
      4.829518014256402e-06,
      3.331120506751798e-06,
      2.248490277607461e-06,
      1.482824198793961e-06,
      9.536748412326767e-07,
      5.969773220310688e-07,
      3.62916758717781e-07,
      2.137421602407981e-07,
      1.216277044646687e-07,
      6.666915102852711e-08,
      3.508359738268721e-08,
      1.765748348316924e-08
    ],
    "QC_IN": [
      0.0,
      0.0,
      0.0,
      0.0,
      0.0,
      0.0,
      0.0,
      0.0,
      0.0,
      0.0,
      0.0,
      0.0,
      0.0,
      0.0,
      0.0,
      0.0,
      0.0,
      0.0,
      0.0,
      0.0,
      0.0,
      0.0,
      0.0,
      0.0,
      0.0,
      0.0,
      0.0,
      0.0,
      0.0,
      0.0,
      0.0,
      0.0,
      0.0,
      0.0,
      0.0,
      0.0,
      0.0,
      0.0,
      0.0,
      0.0
    ],
    "QR_IN": [
      0.0,
      0.0,
      0.0,
      0.0,
      0.0,
      0.0,
      0.0,
      0.0,
      0.0,
      0.0,
      0.0,
      0.0,
      0.0,
      0.0,
      0.0,
      0.0,
      0.0,
      0.0,
      0.0,
      0.0,
      0.0,
      0.0,
      0.0,
      0.0,
      0.0,
      0.0,
      0.0,
      0.0,
      0.0,
      0.0,
      0.0,
      0.0,
      0.0,
      0.0,
      0.0,
      0.0,
      0.0,
      0.0,
      0.0,
      0.0
    ],
    "QI_IN": [
      4.201000812855321e-06,
      5.884087141878048e-06,
      8.411715082307442e-06,
      1.204619417087838e-05,
      1.712870080574414e-05,
      2.404713260832211e-05,
      3.31969292144252e-05,
      4.492096542471277e-05,
      5.94275098648371e-05,
      7.669316383321084e-05,
      9.636640614458393e-05,
      0.0001176953398438917,
      0.000139507314971766,
      0.0001602649046630222,
      0.0001782102082019746,
      0.0001915885665165878,
      0.0001989182124183439,
      0.0001992519240982063,
      0.0001923687859476011,
      0.0001788441251243315,
      0.0001599730365291932,
      0.0001375602377623992,
      0.0001136242771197503,
      9.008531552073256e-05,
      6.850578504388524e-05,
      4.99331035731709e-05,
      3.486154267001251e-05,
      2.32980783995284e-05,
      1.489488263153152e-05,
      9.1040402690847e-06,
      5.316868969665899e-06,
      2.965203344439039e-06,
      1.578296934367986e-06,
      8.013534642632889e-07,
      3.879111451876257e-07,
      1.789329892936324e-07,
      7.861063118950552e-08,
      3.287703439223892e-08,
      1.308329319854397e-08,
      4.951670770604576e-09
    ],
    "QS_IN": [
      3.484126831842231e-05,
      4.602966092216867e-05,
      6.165327501391793e-05,
      8.23830391416831e-05,
      0.0001089667303457286,
      0.0001419518340753652,
      0.0001814599564241524,
      0.0002269627772154087,
      0.0002770916266604551,
      0.0003295343451120521,
      0.0003810763819581119,
      0.0004278272448816506,
      0.0004656377337728804,
      0.0004906635679998725,
      0.0004999801297239784,
      0.0004921187160181854,
      0.0004673928781629612,
      0.0004279211559172237,
      0.0003773229648693577,
      0.0003201473793683844,
      0.000261163203125812,
      0.0002046699590573341,
      0.0001539735193424813,
      0.0001111145836773686,
      7.68643149550179e-05,
      5.09347217601608e-05,
      3.231139456883828e-05,
      1.960995709744769e-05,
      1.137920991726953e-05,
      6.309654345579238e-06,
      3.341242842362387e-06,
      1.688797546191478e-06,
      8.142895413096916e-07,
      3.743541562192129e-07,
      1.640082174605344e-07,
      6.843996419173377e-08,
      2.718957201226042e-08,
      1.027863593018882e-08,
      3.695777332988484e-09,
      1.263322899394558e-09
    ],
    "QG_IN": [
      0.0,
      0.0,
      0.0,
      0.0,
      0.0,
      0.0,
      0.0,
      0.0,
      0.0,
      0.0,
      0.0,
      0.0,
      0.0,
      0.0,
      0.0,
      0.0,
      0.0,
      0.0,
      0.0,
      5.283413452822158e-05,
      6.699184799746269e-05,
      8.048922047656476e-05,
      9.152064841697563e-05,
      9.836674656655798e-05,
      9.982290786836053e-05,
      9.554107713784658e-05,
      8.615332165030119e-05,
      7.312012548453875e-05,
      5.835277836910802e-05,
      4.374586437022436e-05,
      3.077994327875841e-05,
      2.030817349677192e-05,
      1.25537814535559e-05,
      7.264706525027068e-06,
      3.93233595082231e-06,
      1.989439885091242e-06,
      9.3999639055107e-07,
      4.144885447672696e-07,
      1.70440790603992e-07,
      6.531310226677013e-08
    ],
    "PII": [
      0.9508895069118121,
      0.9414407820471539,
      0.9309710186875403,
      0.919909526526899,
      0.9084350747789769,
      0.8966501855267021,
      0.8846224001254644,
      0.8723999837778977,
      0.8600193327715218,
      0.8475089610572852,
      0.834891851042914,
      0.8221869365710888,
      0.809410088474818,
      0.7965747973342571,
      0.7836926627939409,
      0.7707737543042021,
      0.7578268835161573,
      0.7448598142358888,
      0.7318794271631441,
      0.7188918511898532,
      0.7059025695051223,
      0.6929165064063684,
      0.6799380991175674,
      0.6669713578032592,
      0.654019916178188,
      0.641087074543487,
      0.6281758366635576,
      0.615288941588282,
      0.6024288912924899,
      0.5895979748276949,
      0.5767982895453154,
      0.5640317598454601,
      0.5513001538233483,
      0.5386050981210274,
      0.5259480912411769,
      0.5133305155393795,
      0.5007536480789874,
      0.4882186705068572,
      0.4757266780874268,
      0.4632786880158606
    ],