{
  "savepoint": "/mnt/data/wrf_gpu2/physics_oracle/microphysics_coldmix",
  "n_columns": 8,
  "n_levels": 44,
  "regime": {
    "T_min_K": 211.99999649701203,
    "T_max_K": 273.9999967884287,
    "cold_rain_snow_levels": 184,
    "cold_rain_graupel_levels": 138
  },
  "wrf_reference": {
    "qr_column_delta_kg": -0.15499899594578892,
    "qg_column_delta_kg": 0.2799716080266124,
    "rainncv_mm_per_col": [
      0.013090532273054123,
      0.01709706336259842,
      0.021476995199918747,
      0.026224907487630844,
      0.03393235057592392,
      0.039333462715148926,
      0.04496227204799652,
      0.050801873207092285
    ],
    "total_rainncv_mm": 0.24691945686936378
  },
  "jax_scheme_cold_collection_ON": {
    "surface_precip_mm": 0.24620883047014416,
    "precip_by_species_mm": {
      "rain": 0.24620883047014416,
      "snow": 0.0,
      "graupel": 0.0,
      "ice": 0.0,
      "cloudw": 9.281768232356392e-05
    },
    "per_field": {
      "qv": {
        "active_cells": 352,
        "max_abs": 0.00016719736802423175,
        "max_rel": 0.17145912976147556,
        "mean_rel": 0.008362755324269016
      },
      "qc": {
        "active_cells": 235,
        "max_abs": 0.00014103731483830457,
        "max_rel": 9.625580745141422,
        "mean_rel": 0.35143421452940515
      },
      "qr": {
        "active_cells": 240,
        "max_abs": 0.00029307793543925366,
        "max_rel": 11.755042908165303,
        "mean_rel": 0.8595749149975186
      },
      "qi": {
        "active_cells": 208,
        "max_abs": 0.0002354666022485071,
        "max_rel": 1.0,
        "mean_rel": 0.1808767816634136
      },
      "qs": {
        "active_cells": 312,
        "max_abs": 3.377294439892793e-05,
        "max_rel": 0.07648889332906418,
        "mean_rel": 0.006735592417426586
      },
      "qg": {
        "active_cells": 214,
        "max_abs": 0.003289579895188483,
        "max_rel": 1.0,
        "mean_rel": 0.30015045893561226
      },
      "ni": {
        "active_cells": 227,
        "max_abs": 5242203.647974744,
        "max_rel": 1.0,
        "mean_rel": 0.3316922524828718
      },
      "nr": {
        "active_cells": 240,
        "max_abs": 7064.29296875,
        "max_rel": 326.95195348070837,
        "mean_rel": 15.31380706580912
      }
    },
    "column_deltas_vs_wrf": {
      "qr": {
        "wrf_column_delta": -0.15499899594578892,
        "jax_column_delta": -0.1604626058391151,
        "ratio_jax_over_wrf": 1.03524932442296
      },
      "qg": {
        "wrf_column_delta": 0.2799716080266124,
        "jax_column_delta": 0.2521453486605143,
        "ratio_jax_over_wrf": 0.9006104241703926
      },
      "nr": {
        "wrf_column_delta": -472611.91718292236,
        "jax_column_delta": -794976.2287013632,
        "ratio_jax_over_wrf": 1.6820909498853605
      }
    }
  },
  "jax_scheme_cold_collection_OFF": {
    "per_field": {
      "qv": {
        "active_cells": 352,
        "max_abs": 0.00016719736802423175,
        "max_rel": 0.17145912976147556,
        "mean_rel": 0.008528137970535398
      },
      "qc": {
        "active_cells": 235,
        "max_abs": 0.00014103731483830457,
        "max_rel": 9.625580745141422,
        "mean_rel": 0.35775248645064217
      },
      "qr": {
        "active_cells": 240,
        "max_abs": 0.0012666441577880824,
        "max_rel": 36.67852733516413,
        "mean_rel": 12.809967920145331
      },
      "qi": {
        "active_cells": 208,
        "max_abs": 0.00023484050722444655,
        "max_rel": 1.0,
        "mean_rel": 0.18036358062075158
      },
      "qs": {
        "active_cells": 312,
        "max_abs": 0.00010240826202294903,
        "max_rel": 0.1182614084026944,
        "mean_rel": 0.023542669856343148
      },
      "qg": {
        "active_cells": 214,
        "max_abs": 0.004400506819238254,
        "max_rel": 1.0,
        "mean_rel": 0.5546483600757242
      },
      "ni": {
        "active_cells": 227,
        "max_abs": 5242047.020241461,
        "max_rel": 1.0,
        "mean_rel": 0.3297108588547882
      },
      "nr": {
        "active_cells": 240,
        "max_abs": 6409.264891317733,
        "max_rel": 324.889005834735,
        "mean_rel": 22.60762338231717
      }
    },
    "column_deltas_vs_wrf": {
      "qr": {
        "wrf_column_delta": -0.15499899594578892,
        "jax_column_delta": -0.027979896894092304,
        "ratio_jax_over_wrf": 0.1805166331779227
      },
      "qg": {
        "wrf_column_delta": 0.2799716080266124,
        "jax_column_delta": 0.04498381131800487,
        "ratio_jax_over_wrf": 0.16067276119558874
      },
      "nr": {
        "wrf_column_delta": -472611.91718292236,
        "jax_column_delta": -183184.834205138,
        "ratio_jax_over_wrf": 0.3876009629571764
      }
    }
  }
}