{
  "scope": "Task 1 warmed timing breakdown (compile vs throughput) -- coupled real d02",
  "run_dir": "/mnt/data/canairy_meteo/runs/wrf_l3/20260521_18z_l3_24h_20260522T133443Z",
  "init_utc": "2026-05-21 18:00:00+00:00",
  "grid": {
    "ny": 66,
    "nx": 159,
    "nz": 44
  },
  "device": "cuda:0",
  "config": {
    "dt_s": 10.0,
    "acoustic_substeps": 10,
    "radiation_cadence_steps": 180,
    "run_physics": true,
    "run_boundary": true,
    "disable_guards": false,
    "force_fp64": true,
    "use_flux_advection": true,
    "epssm": 0.5,
    "top_lid": false,
    "w_damping": 1,
    "damp_opt": 3
  },
  "cpu_wrf_denominator": "Speedup denominator = 28-rank CPU WRF on this workstation (memory baseline: previous Gen2 attempt was ~4.8x SLOWER than 28-rank CPU WRF on an incomplete dycore). No CPU-WRF wallclock is re-measured here; speedup framing is deferred to the dedicated perf sprint. This artifact reports ABSOLUTE warmed GPU wall.",
  "timing": {
    "h1_hours": 0.1,
    "n1_steps": 36,
    "h2_hours": 0.5,
    "n2_steps": 180,
    "cold_h1_wall_s": 12.734633739106357,
    "warm_h1_wall_s": 2.123694306006655,
    "cold_h2_wall_s": 35.76537896296941,
    "warm_h2_wall_s": 10.861462421016768,
    "warm_h2_b_wall_s": 10.854668925050646,
    "compile_s_at_h1": 10.610939433099702,
    "compile_s_at_h2": 24.90391654195264,
    "fixed_per_call_exec_overhead_s": -0.05989853575010784,
    "warmed_per_step_ms": 60.655356715465636,
    "warmed_ms_per_forecast_hour": 21835.92841756763
  },
  "peak_gpu_mem_mb": {
    "after_h1_compile": 4589.546630859375,
    "after_h2_compile": 4949.939453125
  },
  "extrapolation_warmed": {
    "3.0h": {
      "steps": 1080.0,
      "warmed_wall_s": 65.44788671695278,
      "warmed_wall_min": 1.090798111949213
    },
    "6.0h": {
      "steps": 2160.0,
      "warmed_wall_s": 130.95567196965567,
      "warmed_wall_min": 2.1825945328275944
    },
    "12.0h": {
      "steps": 4320.0,
      "warmed_wall_s": 261.97124247506144,
      "warmed_wall_min": 4.366187374584357
    },
    "24.0h": {
      "steps": 8640.0,
      "warmed_wall_s": 524.002383485873,
      "warmed_wall_min": 8.733373058097884
    },
    "48.0h": {
      "steps": 17280.0,
      "warmed_wall_s": 1048.064665507496,
      "warmed_wall_min": 17.467744425124934
    },
    "72.0h": {
      "steps": 25920.0,
      "warmed_wall_s": 1572.1269475291192,
      "warmed_wall_min": 26.202115792151986
    }
  },
  "ensemble_30_case": {
    "24.0h": {
      "per_case_warmed_min": 8.733373058097884,
      "ensemble_30_warmed_min": 262.0011917429365,
      "ensemble_30_warmed_hours": 4.366686529048942
    },
    "72.0h": {
      "per_case_warmed_min": 26.202115792151986,
      "ensemble_30_warmed_min": 786.0634737645596,
      "ensemble_30_warmed_hours": 13.101057896075993
    }
  },
  "verdict_inputs": {
    "compile_dominates_at_short_runs": true,
    "warmed_per_step_ms": 60.655356715465636
  }
}
