{
  "scope": "Task 1 warmed timing breakdown (compile vs throughput) -- coupled real d02",
  "run_dir": "<DATA_ROOT>/canairy_meteo/runs/wrf_l3/20260521_18z_l3_24h_20260522T133443Z",
  "init_utc": "2026-05-21 18:00:00+00:00",
  "grid": {
    "ny": 66,
    "nx": 159,
    "nz": 44
  },
  "device": "cuda:0",
  "config": {
    "dt_s": 10.0,
    "acoustic_substeps": 10,
    "radiation_cadence_steps": 180,
    "run_physics": true,
    "run_boundary": true,
    "disable_guards": false,
    "force_fp64": true,
    "use_flux_advection": true,
    "epssm": 0.5,
    "top_lid": true,
    "w_damping": 1,
    "damp_opt": 3
  },
  "cpu_wrf_denominator": "Speedup denominator = 28-rank CPU WRF on this workstation (memory baseline: previous Gen2 attempt was ~4.8x SLOWER than 28-rank CPU WRF on an incomplete dycore). No CPU-WRF wallclock is re-measured here; speedup framing is deferred to the dedicated perf sprint. This artifact reports ABSOLUTE warmed GPU wall.",
  "timing": {
    "h1_hours": 0.1,
    "n1_steps": 36,
    "h2_hours": 0.5,
    "n2_steps": 180,
    "cold_h1_wall_s": 173.43734014499933,
    "warm_h1_wall_s": 1.542841420014156,
    "cold_h2_wall_s": 427.5603133350087,
    "warm_h2_wall_s": 7.822114189009881,
    "warm_h2_b_wall_s": 7.807753788016271,
    "compile_s_at_h1": 171.89449872498517,
    "compile_s_at_h2": 419.7381991459988,
    "fixed_per_call_exec_overhead_s": -0.0251817221105739,
    "warmed_per_step_ms": 43.556198392353615,
    "warmed_ms_per_forecast_hour": 15680.231421247301
  },
  "peak_gpu_mem_mb": {
    "after_h1_compile": 1785.44970703125,
    "after_h2_compile": 8939.251953125
  },
  "extrapolation_warmed": {
    "3.0h": {
      "steps": 1080.0,
      "warmed_wall_s": 47.015512541631324,
      "warmed_wall_min": 0.7835918756938554
    },
    "6.0h": {
      "steps": 2160.0,
      "warmed_wall_s": 94.05620680537322,
      "warmed_wall_min": 1.5676034467562203
    },
    "12.0h": {
      "steps": 4320.0,
      "warmed_wall_s": 188.13759533285702,
      "warmed_wall_min": 3.1356265888809505
    },
    "24.0h": {
      "steps": 8640.0,
      "warmed_wall_s": 376.3003723878246,
      "warmed_wall_min": 6.27167287313041
    },
    "48.0h": {
      "steps": 17280.0,
      "warmed_wall_s": 752.6259264977598,
      "warmed_wall_min": 12.54376544162933
    },
    "72.0h": {
      "steps": 25920.0,
      "warmed_wall_s": 1128.951480607695,
      "warmed_wall_min": 18.81585801012825
    }
  },
  "ensemble_30_case": {
    "24.0h": {
      "per_case_warmed_min": 6.27167287313041,
      "ensemble_30_warmed_min": 188.1501861939123,
      "ensemble_30_warmed_hours": 3.135836436565205
    },
    "72.0h": {
      "per_case_warmed_min": 18.81585801012825,
      "ensemble_30_warmed_min": 564.4757403038475,
      "ensemble_30_warmed_hours": 9.407929005064124
    }
  },
  "verdict_inputs": {
    "compile_dominates_at_short_runs": true,
    "warmed_per_step_ms": 43.556198392353615
  }
}
