{
  "scope": "Task 1 warmed timing breakdown (compile vs throughput) -- coupled real d02",
  "run_dir": "/mnt/data/canairy_meteo/runs/wrf_l3/20260521_18z_l3_24h_20260522T133443Z",
  "init_utc": "2026-05-21 18:00:00+00:00",
  "grid": {
    "ny": 66,
    "nx": 159,
    "nz": 44
  },
  "device": "cuda:0",
  "config": {
    "dt_s": 10.0,
    "acoustic_substeps": 10,
    "radiation_cadence_steps": 180,
    "run_physics": true,
    "run_boundary": true,
    "disable_guards": false,
    "force_fp64": true,
    "use_flux_advection": true,
    "epssm": 0.5,
    "top_lid": false,
    "w_damping": 1,
    "damp_opt": 3
  },
  "cpu_wrf_denominator": "Speedup denominator = 28-rank CPU WRF on this workstation (memory baseline: previous Gen2 attempt was ~4.8x SLOWER than 28-rank CPU WRF on an incomplete dycore). No CPU-WRF wallclock is re-measured here; speedup framing is deferred to the dedicated perf sprint. This artifact reports ABSOLUTE warmed GPU wall.",
  "timing": {
    "h1_hours": 0.1,
    "n1_steps": 36,
    "h2_hours": 0.5,
    "n2_steps": 180,
    "cold_h1_wall_s": 12.165269793011248,
    "warm_h1_wall_s": 2.131089391070418,
    "cold_h2_wall_s": 34.5898394419346,
    "warm_h2_wall_s": 10.325119535904378,
    "warm_h2_b_wall_s": 10.437313798931427,
    "compile_s_at_h1": 10.03418040194083,
    "compile_s_at_h2": 24.264719906030223,
    "fixed_per_call_exec_overhead_s": 0.06855757198354695,
    "warmed_per_step_ms": 57.29255053019086,
    "warmed_ms_per_forecast_hour": 20625.318190868707
  },
  "peak_gpu_mem_mb": {
    "after_h1_compile": 4589.5703125,
    "after_h2_compile": 5151.7431640625
  },
  "extrapolation_warmed": {
    "3.0h": {
      "steps": 1080.0,
      "warmed_wall_s": 61.94451214458968,
      "warmed_wall_min": 1.0324085357431614
    },
    "6.0h": {
      "steps": 2160.0,
      "warmed_wall_s": 123.82046671719581,
      "warmed_wall_min": 2.0636744452865967
    },
    "12.0h": {
      "steps": 4320.0,
      "warmed_wall_s": 247.57237586240808,
      "warmed_wall_min": 4.126206264373468
    },
    "24.0h": {
      "steps": 8640.0,
      "warmed_wall_s": 495.0761941528326,
      "warmed_wall_min": 8.251269902547211
    },
    "48.0h": {
      "steps": 17280.0,
      "warmed_wall_s": 990.0838307336817,
      "warmed_wall_min": 16.501397178894695
    },
    "72.0h": {
      "steps": 25920.0,
      "warmed_wall_s": 1485.0914673145307,
      "warmed_wall_min": 24.75152445524218
    }
  },
  "ensemble_30_case": {
    "24.0h": {
      "per_case_warmed_min": 8.251269902547211,
      "ensemble_30_warmed_min": 247.53809707641634,
      "ensemble_30_warmed_hours": 4.1256349512736055
    },
    "72.0h": {
      "per_case_warmed_min": 24.75152445524218,
      "ensemble_30_warmed_min": 742.5457336572654,
      "ensemble_30_warmed_hours": 12.37576222762109
    }
  },
  "verdict_inputs": {
    "compile_dominates_at_short_runs": true,
    "warmed_per_step_ms": 57.29255053019086
  }
}
