{
  "label": "v018_physics_off",
  "run_dir": "/mnt/data/canairy_meteo/runs/wrf_l3/20260521_18z_l3_24h_20260522T133443Z",
  "override": {
    "run_physics": false
  },
  "timing": {
    "h1_hours": 0.1,
    "n1_steps": 36,
    "h2_hours": 0.5,
    "n2_steps": 180,
    "cold_h1_wall_s": 70.81806800700724,
    "warm_h1_wall_s": 0.7757894470123574,
    "cold_h2_wall_s": 74.39181677391753,
    "warm_h2_wall_s": 3.920748795964755,
    "warm_h2_b_wall_s": 3.906629198929295,
    "warmed_per_step_ms": 21.790969100240748,
    "s_per_forecast_hour": 7.844748876086669
  },
  "device": "cuda:0"
}
