{
  "all_finite": true,
  "cases": [
    {
      "case": 1,
      "extrema": {
        "DZ": {
          "max": 441.2446845101185,
          "min": 200.957524225555
        },
        "EL_PBL": {
          "max": 17.19467329997894,
          "min": 0.0
        },
        "EXCH_H": {
          "max": 13.41442583633942,
          "min": 0.0
        },
        "EXCH_M": {
          "max": 5.844460953307467,
          "min": 0.0
        },
        "P": {
          "max": 98877.34022864261,
          "min": 21586.80902359209
        },
        "PI": {
          "max": 0.9967794566474706,
          "min": 0.6453096035997157
        },
        "PINT": {
          "max": 100000.0,
          "min": 22303.87321932467
        },
        "QC": {
          "max": 0.0,
          "min": 0.0
        },
        "QV": {
          "max": 0.01340155722874638,
          "min": 8.35415457284161e-05
        },
        "RHO": {
          "max": 1.142679568228821,
          "min": 0.3345447067655488
        },
        "RQCBLTEN": {
          "max": 0.0,
          "min": 0.0
        },
        "RQVBLTEN": {
          "max": 2.08274390441011e-07,
          "min": 2.013164824125373e-12
        },
        "RTHBLTEN": {
          "max": 0.001381725900264049,
          "min": -1.293424511459307e-05
        },
        "RUBLTEN": {
          "max": 1.877868297646875e-06,
          "min": -0.004742938696506401
        },
        "RVBLTEN": {
          "max": 4.694670744117187e-07,
          "min": -0.0011857346741266
        },
        "T": {
          "max": 299.0638835440122,
          "min": 224.8176055826524
        },
        "TH": {
          "max": 348.3871994598522,
          "min": 300.0301436286338
        },
        "TKE_PBL": {
          "max": 1.0,
          "min": 0.03837043717132092
        },
        "U": {
          "max": 21.66906648661741,
          "min": 4.150718143169167
        },
        "V": {
          "max": 5.417266621654353,
          "min": 1.037679535792292
        }
      },
      "finite": {
        "DZ": true,
        "EL_PBL": true,
        "EXCH_H": true,
        "EXCH_M": true,
        "P": true,
        "PI": true,
        "PINT": true,
        "QC": true,
        "QV": true,
        "RHO": true,
        "RQCBLTEN": true,
        "RQVBLTEN": true,
        "RTHBLTEN": true,
        "RUBLTEN": true,
        "RVBLTEN": true,
        "T": true,
        "TH": true,
        "TKE_PBL": true,
        "U": true,
        "V": true
      },
      "kpbl": 32,
      "pblh_m": 12000.0,
      "regime": "unstable_daytime",
      "scalar_finite": {
        "AKHS": true,
        "AKMS": true,
        "CASE": true,
        "DT": true,
        "ELFLX": true,
        "FULL_WRF_EXE": true,
        "HFX": true,
        "KPBL": true,
        "KX": true,
        "PBL": true,
        "QSFC": true,
        "QZ0": true,
        "THZ0": true,
        "TSK": true,
        "UST": true,
        "UZ0": true,
        "VZ0": true,
        "XLAND": true,
        "ZNT": true
      }
    },
    {
      "case": 2,
      "extrema": {
        "DZ": {
          "max": 441.2446845101185,
          "min": 200.957524225555
        },
        "EL_PBL": {
          "max": 19.77129467773605,
          "min": 0.0
        },
        "EXCH_H": {
          "max": 12.7687671110535,
          "min": 0.0
        },
        "EXCH_M": {
          "max": 5.563157284023806,
          "min": 0.0
        },
        "P": {
          "max": 99679.59091600752,
          "min": 21582.99567030153
        },
        "PI": {
          "max": 0.9990834959808836,
          "min": 0.6452770314757623
        },
        "PINT": {
          "max": 100800.0,
          "min": 22313.77497969112
        },
        "QC": {
          "max": 0.0,
          "min": 0.0
        },
        "QV": {
          "max": 0.01539346462741783,
          "min": 0.0001723994439469169
        },
        "RHO": {
          "max": 1.140351050996959,
          "min": 0.3410088085899209
        },
        "RQCBLTEN": {
          "max": 0.0,
          "min": 0.0
        },
        "RQVBLTEN": {
          "max": 1.686329701606345e-07,
          "min": 3.816713058807938e-12
        },
        "RTHBLTEN": {
          "max": 0.0023564221141811,
          "min": -7.553821989366346e-06
        },
        "RUBLTEN": {
          "max": 1.748414493585315e-06,
          "min": -0.004795242929992701
        },
        "RVBLTEN": {
          "max": 4.371036233963288e-07,
          "min": -0.001198810732498175
        },
        "T": {
          "max": 301.7432931208115,
          "min": 220.5051222880043
        },
        "TH": {
          "max": 341.7216350994307,
          "min": 302.0200957524225
        },
        "TKE_PBL": {
          "max": 2.115702479338843,
          "min": 0.0400992745124323
        },
        "U": {
          "max": 27.55875531548988,
          "min": 4.200957524225555
        },
        "V": {
          "max": 6.889688828872471,
          "min": 1.050239381056389
        }
      },
      "finite": {
        "DZ": true,
        "EL_PBL": true,
        "EXCH_H": true,
        "EXCH_M": true,
        "P": true,
        "PI": true,
        "PINT": true,
        "QC": true,
        "QV": true,
        "RHO": true,
        "RQCBLTEN": true,
        "RQVBLTEN": true,
        "RTHBLTEN": true,
        "RUBLTEN": true,
        "RVBLTEN": true,
        "T": true,
        "TH": true,
        "TKE_PBL": true,
        "U": true,
        "V": true
      },
      "kpbl": 32,
      "pblh_m": 12000.0,
      "regime": "strong_unstable",
      "scalar_finite": {
        "AKHS": true,
        "AKMS": true,
        "CASE": true,
        "DT": true,
        "ELFLX": true,
        "FULL_WRF_EXE": true,
        "HFX": true,
        "KPBL": true,
        "KX": true,
        "PBL": true,
        "QSFC": true,
        "QZ0": true,
        "THZ0": true,
        "TSK": true,
        "UST": true,
        "UZ0": true,
        "VZ0": true,
        "XLAND": true,
        "ZNT": true
      }
    },
    {
      "case": 3,
      "extrema": {
        "DZ": {
          "max": 441.2446845101185,
          "min": 200.957524225555
        },
        "EL_PBL": {
          "max": 7.128693011473795,
          "min": 0.0
        },
        "EXCH_H": {
          "max": 0.05852017163482719,
          "min": 0.0
        },
        "EXCH_M": {
          "max": 0.1984099674030077,
          "min": 0.0
        },
        "P": {
          "max": 99321.36620795811,
          "min": 21733.26350117424
        },
        "PI": {
          "max": 0.9980563285733907,
          "min": 0.6465574604867054
        },
        "PINT": {
          "max": 100500.0,
          "min": 22434.14510643914
        },
        "QC": {
          "max": 0.0,
          "min": 0.0
        },
        "QV": {
          "max": 0.005634792046505441,
          "min": 1e-05
        },
        "RHO": {
          "max": 1.199830270156089,
          "min": 0.3269002405970112
        },
        "RQCBLTEN": {
          "max": 0.0,
          "min": 0.0
        },
        "RQVBLTEN": {
          "max": 9.515206925547369e-11,
          "min": -7.44233774411331e-10
        },
        "RTHBLTEN": {
          "max": -2.018053919528029e-08,
          "min": -0.0002254706608776284
        },
        "RUBLTEN": {
          "max": -6.730763402925295e-08,
          "min": -0.005322666574818546
        },
        "RVBLTEN": {
          "max": -1.682690850731324e-08,
          "min": -0.001330666643704637
        },
        "T": {
          "max": 287.4450009447019,
          "min": 231.6461926630089
        },
        "TH": {
          "max": 358.2762659464697,
          "min": 288.0047876211278
        },
        "TKE_PBL": {
          "max": 0.2066115702479339,
          "min": 0.03303118618639356
        },
        "U": {
          "max": 74.67626594646964,
          "min": 4.602872572676665
        },
        "V": {
          "max": 18.66906648661741,
          "min": 1.150718143169166
        }
      },