{
  "field_pass": {
    "column_absorbed": false,
    "flux_down": false,
    "flux_up": false,
    "heating_rate": true,
    "surface_absorbed": false,
    "surface_down": false,
    "surface_up": false,
    "toa_down": false,
    "toa_up": false
  },
  "fixture_id": "analytic-rrtmg-sw-column-v1",
  "pass": false,
  "per_field_max_abs_err": {
    "column_absorbed": 111.13281551200805,
    "flux_down": 110.06500642846026,
    "flux_up": 61.75079673358232,
    "heating_rate": 2.9081790395809297e-05,
    "surface_absorbed": 51.956979251966914,
    "surface_down": 59.04202187723513,
    "surface_up": 14.577811528532976,
    "toa_down": 67.04383583984372,
    "toa_up": 33.56782034463845
  },
  "per_field_max_rel_err": {
    "column_absorbed": 0.48022099458978923,
    "flux_down": 1.0075506503850897,
    "flux_up": 1.1674680168193086,
    "heating_rate": 1.117537732933217,
    "surface_absorbed": 0.9892833913961285,
    "surface_down": 0.9892833913961285,
    "surface_up": 0.9892833913961281,
    "toa_down": 0.07765583457175178,
    "toa_up": 0.11160814275006119
  },
  "scenarios_tested": 3,
  "tolerances_met": false
}
