{
  "field_pass": {
    "Ni": true,
    "Nr": true,
    "T": true,
    "qc": true,
    "qg": true,
    "qi": true,
    "qr": true,
    "qs": true,
    "qv": true
  },
  "fixture_id": "analytic-thompson-column-v1",
  "pass": true,
  "per_field_max_abs_err": {
    "Ni": 126975.12500000079,
    "Nr": 67300.453125,
    "T": 0.011792500929288963,
    "qc": 1.2657008724556353e-07,
    "qg": 2.9509294563467847e-06,
    "qi": 1.269506099959173e-07,
    "qr": 4.760876436193939e-06,
    "qs": 9.2685395199886e-11,
    "qv": 4.7608781466789915e-06
  },
  "per_field_max_rel_err": {
    "Ni": 0.38833267515380804,
    "Nr": 45425309332488.81,
    "T": 4.269903621371147e-05,
    "qc": 0.9999988999202443,
    "qg": 7069.908932000242,
    "qi": 0.014704757128235544,
    "qr": 45035996.27370496,
    "qs": 0.004521667790390042,
    "qv": 0.0011606937216976894
  },
  "scenarios_tested": 3,
  "tolerances_met": true
}
