{
  "field_pass": {
    "column_absorbed": true,
    "flux_down": true,
    "flux_up": true,
    "heating_rate": true,
    "surface_absorbed": true,
    "surface_down": true,
    "surface_up": true,
    "toa_down": true,
    "toa_up": true
  },
  "fixture_id": "analytic-rrtmg-sw-column-v1",
  "pass": true,
  "per_field_max_abs_err": {
    "column_absorbed": 0.0353851318359375,
    "flux_down": 0.07147216796875,
    "flux_up": 0.0467681884765625,
    "heating_rate": 3.421277171294793e-08,
    "surface_absorbed": 0.02814483642578125,
    "surface_down": 0.0343170166015625,
    "surface_up": 0.006171226501464844,
    "toa_down": 0.0,
    "toa_up": 0.0267333984375
  },
  "per_field_max_rel_err": {
    "column_absorbed": 0.00017432836969822623,
    "flux_down": 0.0004956016382591008,
    "flux_up": 0.0006133230402413838,
    "heating_rate": 0.0011637263017713257,
    "surface_absorbed": 0.00044519027660508203,
    "surface_down": 0.00044511304862063445,
    "surface_up": 0.00044469254194049915,
    "toa_down": 0.0,
    "toa_up": 4.398053128481792e-05
  },
  "scenarios_tested": 3,
  "tolerances_met": true
}
