{
  "field_pass": {
    "Ni": true,
    "Nr": true,
    "T": true,
    "qc": true,
    "qg": true,
    "qi": true,
    "qr": true,
    "qs": true,
    "qv": true
  },
  "fixture_id": "analytic-thompson-column-v1",
  "pass": true,
  "per_field_max_abs_err": {
    "Ni": 6.984919309616089e-10,
    "Nr": 4.802132025361061e-10,
    "T": 5.684341886080802e-14,
    "qc": 4.0657581468206416e-20,
    "qg": 4.0657581468206416e-20,
    "qi": 2.710505431213761e-20,
    "qr": 6.776263578034403e-20,
    "qs": 1.3552527156068805e-19,
    "qv": 8.673617379884035e-19
  },
  "per_field_max_rel_err": {
    "Ni": 5.856987456667662e-16,
    "Nr": 9.36946134682277e-15,
    "T": 2.1967988599350705e-16,
    "qc": 3.856294859549032e-15,
    "qg": 2.8494370406429928e-15,
    "qi": 8.347220984710122e-16,
    "qr": 1.206785968243006e-14,
    "qs": 1.534263329354716e-15,
    "qv": 2.8774027596144357e-16
  },
  "scenarios_tested": 3,
  "tolerances_met": true
}
