{
  "field_pass": {
    "column_absorbed": false,
    "flux_down": false,
    "flux_up": false,
    "heating_rate": true,
    "surface_absorbed": false,
    "surface_down": false,
    "surface_up": false,
    "toa_down": false,
    "toa_up": false
  },
  "fixture_id": "analytic-rrtmg-sw-column-v1",
  "pass": false,
  "per_field_max_abs_err": {
    "column_absorbed": 111.53624306037793,
    "flux_down": 107.68936518613896,
    "flux_up": 59.54565780869302,
    "heating_rate": 2.9023857620628224e-05,
    "surface_absorbed": 51.880029494281544,
    "surface_down": 58.95457983775114,
    "surface_up": 14.572475222160797,
    "toa_down": 67.04383583984372,
    "toa_up": 33.06389892320226
  },
  "per_field_max_rel_err": {
    "column_absorbed": 0.48076951453666855,
    "flux_down": 1.0002684001338669,
    "flux_up": 1.1278234650078665,
    "heating_rate": 1.1989202897643898,
    "surface_absorbed": 0.9863706768890842,
    "surface_down": 0.9863707057022061,
    "surface_up": 0.9863707849382953,
    "toa_down": 0.07765583457175178,
    "toa_up": 0.11123142682827993
  },
  "scenarios_tested": 3,
  "tolerances_met": false
}
