{
  "field_pass": {
    "Ni": true,
    "Nr": true,
    "T": true,
    "qc": true,
    "qg": true,
    "qi": true,
    "qr": true,
    "qs": true,
    "qv": true
  },
  "fixture_id": "analytic-thompson-column-v1",
  "pass": true,
  "per_field_max_abs_err": {
    "Ni": 772.3940057673026,
    "Nr": 33653.28915198239,
    "T": 0.008302000075161686,
    "qc": 2.375154443240955e-09,
    "qg": 2.9509294563467847e-06,
    "qi": 4.855188355740517e-09,
    "qr": 3.327517035206257e-08,
    "qs": 9.2685395199886e-11,
    "qv": 2.9510734091959916e-06
  },
  "per_field_max_rel_err": {
    "Ni": 0.000475999667235722,
    "Nr": 45425309332488.81,
    "T": 3.07080321166646e-05,
    "qc": 0.9999988999202443,
    "qg": 7069.908932000242,
    "qi": 0.00010104107835022291,
    "qr": 45035996.27370496,
    "qs": 0.004521667790390042,
    "qv": 0.0007966384925163768
  },
  "scenarios_tested": 3,
  "tolerances_met": true
}
