{
  "field_pass": {
    "column_net_heating": false,
    "flux_down": false,
    "flux_up": false,
    "heating_rate": true,
    "surface_down": true,
    "surface_emission": true,
    "surface_up": true,
    "toa_down": true,
    "toa_up": false
  },
  "fixture_id": "analytic-rrtmg-lw-column-v1",
  "pass": false,
  "per_field_max_abs_err": {
    "column_net_heating": 19.46317747827817,
    "flux_down": 59.56806548056011,
    "flux_up": 46.99548470324379,
    "heating_rate": 9.681600304132727e-05,
    "surface_down": 2.656286712606118,
    "surface_emission": 3.059611549360852e-05,
    "surface_up": 0.15862750607828957,
    "toa_down": 0.0,
    "toa_up": 23.93536747974059
  },
  "per_field_max_rel_err": {
    "column_net_heating": 0.14083856176308374,
    "flux_down": 0.39366247466876875,
    "flux_up": 0.12134916158736776,
    "heating_rate": 63.84159974360952,
    "surface_down": 0.007399241809106388,
    "surface_emission": 7.076241582851272e-08,
    "surface_up": 0.00040858834885691003,
    "toa_down": 0.0,
    "toa_up": 0.10418587360050686
  },
  "scenarios_tested": 3,
  "tolerances_met": false
}
