{
  "field_pass": {
    "Ni": true,
    "Nr": true,
    "T": true,
    "qc": true,
    "qg": true,
    "qi": true,
    "qr": true,
    "qs": true,
    "qv": true
  },
  "fixture_id": "analytic-thompson-column-v1",
  "pass": true,
  "per_field_max_abs_err": {
    "Ni": 1414680.648483333,
    "Nr": 67300.453125,
    "T": 0.3185808044124201,
    "qc": 1.3156242553626768e-05,
    "qg": 6.1901419917707566e-06,
    "qi": 9.110253202400062e-05,
    "qr": 4.760876436193939e-06,
    "qs": 3.256108306597016e-05,
    "qv": 0.00011249136010742282
  },
  "per_field_max_rel_err": {
    "Ni": 7.073396611107341,
    "Nr": 737752084808165.5,
    "T": 0.0013562084411008497,
    "qc": 0.06548253915828572,
    "qg": 114143002.9113162,
    "qi": 0.7714512515077105,
    "qr": 731429254.5406036,
    "qs": 284.470654330897,
    "qv": 0.41060925203240894
  },
  "scenarios_tested": 3,
  "tolerances_met": true
}
