{
  "field_pass": {
    "column_net_heating": true,
    "flux_down": true,
    "flux_up": true,
    "heating_rate": true,
    "surface_down": true,
    "surface_emission": true,
    "surface_up": true,
    "toa_down": true,
    "toa_up": true
  },
  "fixture_id": "analytic-rrtmg-lw-column-v1",
  "pass": true,
  "per_field_max_abs_err": {
    "column_net_heating": 7.693761449445446e-05,
    "flux_down": 0.00011972309022212357,
    "flux_up": 9.836661547524272e-05,
    "heating_rate": 3.577349810213941e-08,
    "surface_down": 4.9348690595252265e-05,
    "surface_emission": 3.059611549360852e-05,
    "surface_up": 6.529287418288732e-05,
    "toa_down": 0.0,
    "toa_up": 3.312847172765032e-05
  },
  "per_field_max_rel_err": {
    "column_net_heating": 5.567324751045815e-07,
    "flux_down": 4.0311532140935646e-07,
    "flux_up": 2.817916575069164e-07,
    "heating_rate": 0.0005825734686641809,
    "surface_down": 1.1673273152165642e-07,
    "surface_emission": 7.076241582851272e-08,
    "surface_up": 1.6817958192787317e-07,
    "toa_down": 0.0,
    "toa_up": 1.309330761967611e-07
  },
  "scenarios_tested": 3,
  "tolerances_met": true
}
