{
  "field_pass": {
    "el": true,
    "kh": true,
    "km": true,
    "qv": true,
    "theta": true,
    "tke": true,
    "u": true,
    "v": true,
    "w": true
  },
  "fixture_id": "analytic-mynn-pbl-column-v1",
  "pass": true,
  "per_field_max_abs_err": {
    "el": 19.475817149220106,
    "kh": 0.1921010696951453,
    "km": 10.407959799384692,
    "qv": 2.1452974625219e-07,
    "theta": 0.0002337156127509843,
    "tke": 0.01723391592916143,
    "u": 0.002731071963350651,
    "v": 0.001581277272939552,
    "w": 0.0
  },
  "per_field_max_rel_err": {
    "el": 0.6424454135092649,
    "kh": 0.5594103477573804,
    "km": 0.5995435729104268,
    "qv": 3.0657074257215185e-05,
    "theta": 8.091687700795205e-07,
    "tke": 0.10611697302740834,
    "u": 0.0003648338531537778,
    "v": 0.860437694819504,
    "w": 0.0
  },
  "scenarios_tested": 3,
  "tolerances_met": true
}
