{
  "field_pass": {
    "column_absorbed": false,
    "flux_down": false,
    "flux_up": false,
    "heating_rate": true,
    "surface_absorbed": false,
    "surface_down": false,
    "surface_up": false,
    "toa_down": true,
    "toa_up": false
  },
  "fixture_id": "analytic-rrtmg-sw-column-v1",
  "pass": false,
  "per_field_max_abs_err": {
    "column_absorbed": 87.53339162140193,
    "flux_down": 56.4980975502483,
    "flux_up": 64.43487698173968,
    "heating_rate": 2.478007334543835e-05,
    "surface_absorbed": 15.0083069250594,
    "surface_down": 20.55932413682686,
    "surface_up": 5.551019119116095,
    "toa_down": 8.68866504788457e-05,
    "toa_up": 30.142989195802443
  },
  "per_field_max_rel_err": {
    "column_absorbed": 0.36886590796769336,
    "flux_down": 0.30048455344774133,
    "flux_up": 0.857605195729086,
    "heating_rate": 1.272799496791177,
    "surface_absorbed": 0.21431564550608043,
    "surface_down": 0.21431564208218598,
    "surface_up": 0.21431569068245995,
    "toa_down": 7.744305929600154e-08,
    "toa_up": 0.1006209216570679
  },
  "scenarios_tested": 3,
  "tolerances_met": false
}
