{
  "field_pass": {
    "el": true,
    "kh": true,
    "km": true,
    "qv": true,
    "theta": true,
    "tke": true,
    "u": true,
    "v": true,
    "w": true
  },
  "fixture_id": "analytic-mynn-pbl-column-v1",
  "pass": true,
  "per_field_max_abs_err": {
    "el": 0.003063558221498397,
    "kh": 0.00032089994855666326,
    "km": 0.000847167737763499,
    "qv": 7.272842592054296e-09,
    "theta": 6.28055916536141e-05,
    "tke": 1.4604412032492853e-06,
    "u": 0.0007672377562855104,
    "v": 0.00028047270054099016,
    "w": 0.0
  },
  "per_field_max_rel_err": {
    "el": 6.687678410683416e-05,
    "kh": 0.0002479171158941156,
    "km": 3.747446843558558e-05,
    "qv": 1.0393154296819097e-06,
    "theta": 2.1660825165729758e-07,
    "tke": 3.867326831037364e-06,
    "u": 7.018402862321396e-05,
    "v": 7.019830150865125e-05,
    "w": 0.0
  },
  "scenarios_tested": 3,
  "tolerances_met": true
}
