{
  "field_pass": {
    "column_net_heating": true,
    "flux_down": true,
    "flux_up": true,
    "heating_rate": true,
    "surface_down": true,
    "surface_emission": true,
    "surface_up": true,
    "toa_down": true,
    "toa_up": true
  },
  "fixture_id": "analytic-rrtmg-lw-column-v1",
  "pass": true,
  "per_field_max_abs_err": {
    "column_net_heating": 7.607716526081276e-05,
    "flux_down": 0.00011974164334560555,
    "flux_up": 9.836681255137592e-05,
    "heating_rate": 3.577208162086794e-08,
    "surface_down": 4.966107121617824e-05,
    "surface_emission": 3.059611549360852e-05,
    "surface_up": 6.470336597885762e-05,
    "toa_down": 0.0,
    "toa_up": 3.3088221243815497e-05
  },
  "per_field_max_rel_err": {
    "column_net_heating": 5.505061314013762e-07,
    "flux_down": 4.0427149538685083e-07,
    "flux_up": 2.817922220725463e-07,
    "heating_rate": 0.0005811777938167553,
    "surface_down": 1.1664580281389288e-07,
    "surface_emission": 7.076241582851272e-08,
    "surface_up": 1.6666114297817916e-07,
    "toa_down": 0.0,
    "toa_up": 1.307739949173641e-07
  },
  "scenarios_tested": 3,
  "tolerances_met": true
}
