{
  "field_pass": {
    "column_net_heating": true,
    "flux_down": true,
    "flux_up": true,
    "heating_rate": true,
    "surface_down": true,
    "surface_emission": true,
    "surface_up": true,
    "toa_down": true,
    "toa_up": true
  },
  "fixture_id": "analytic-rrtmg-lw-column-v1",
  "pass": true,
  "per_field_max_abs_err": {
    "column_net_heating": 126.14816676184483,
    "flux_down": 411.0085015998552,
    "flux_up": 186.89718581163322,
    "heating_rate": 6.822976237090471e-05,
    "surface_down": 411.0085015998552,
    "surface_emission": 3.059611549360852e-05,
    "surface_up": 21.53421841479087,
    "toa_down": 0.0,
    "toa_up": 176.88046217882072
  },
  "per_field_max_rel_err": {
    "column_net_heating": 0.9562420236805302,
    "flux_down": 1.0,
    "flux_up": 0.7691190538202254,
    "heating_rate": 96.9771086845863,
    "surface_down": 0.984110118075122,
    "surface_emission": 7.076241582851272e-08,
    "surface_up": 0.05546724501664271,
    "toa_down": 0.0,
    "toa_up": 0.6990815399687763
  },
  "scenarios_tested": 3,
  "tolerances_met": true
}
