{
  "field_pass": {
    "column_absorbed": false,
    "flux_down": false,
    "flux_up": false,
    "heating_rate": true,
    "surface_absorbed": false,
    "surface_down": false,
    "surface_up": false,
    "toa_down": false,
    "toa_up": false
  },
  "fixture_id": "analytic-rrtmg-sw-column-v1",
  "pass": false,
  "per_field_max_abs_err": {
    "column_absorbed": 79.73584900803431,
    "flux_down": 135.97104293374935,
    "flux_up": 79.21669171335645,
    "heating_rate": 3.632664522070731e-05,
    "surface_absorbed": 52.33967065174305,
    "surface_down": 59.476898467889825,
    "surface_up": 15.039959431639133,
    "toa_down": 67.04542671926288,
    "toa_up": 23.579080632559453
  },
  "per_field_max_rel_err": {
    "column_absorbed": 0.3924687672148566,
    "flux_down": 1.0273788764621958,
    "flux_up": 1.2128467380949062,
    "heating_rate": 1.2790599782112937,
    "surface_absorbed": 0.9965700014200232,
    "surface_down": 0.9965700014200232,
    "surface_up": 0.9965700014200233,
    "toa_down": 0.07765767726269346,
    "toa_up": 0.08020510057802743
  },
  "scenarios_tested": 3,
  "tolerances_met": false
}
