{
  "field_pass": {
    "column_net_heating": true,
    "flux_down": true,
    "flux_up": true,
    "heating_rate": true,
    "surface_down": true,
    "surface_emission": true,
    "surface_up": true,
    "toa_down": true,
    "toa_up": true
  },
  "fixture_id": "analytic-rrtmg-lw-column-v1",
  "pass": true,
  "per_field_max_abs_err": {
    "column_net_heating": 5.684341886080802e-14,
    "flux_down": 2.842170943040401e-14,
    "flux_up": 2.2737367544323206e-13,
    "heating_rate": 4.8000165980819124e-18,
    "surface_down": 2.842170943040401e-14,
    "surface_emission": 0.0,
    "surface_up": 1.1368683772161603e-13,
    "toa_down": 0.0,
    "toa_up": 5.684341886080802e-14
  },
  "per_field_max_rel_err": {
    "column_net_heating": 1.821386467145868e-15,
    "flux_down": 4.1459523261027437e-16,
    "flux_up": 5.548566047627678e-16,
    "heating_rate": 8.287322556770291e-11,
    "surface_down": 4.1459523261027437e-16,
    "surface_emission": 0.0,
    "surface_up": 3.1002780477679524e-16,
    "toa_down": 0.0,
    "toa_up": 1.5615619268088413e-16
  },
  "scenarios_tested": 3,
  "tolerances_met": true
}
