{
  "field_pass": {
    "column_net_heating": false,
    "flux_down": false,
    "flux_up": false,
    "heating_rate": true,
    "surface_down": true,
    "surface_emission": true,
    "surface_up": true,
    "toa_down": true,
    "toa_up": false
  },
  "fixture_id": "analytic-rrtmg-lw-column-v1",
  "pass": false,
  "per_field_max_abs_err": {
    "column_net_heating": 88.2496334872834,
    "flux_down": 75.56380595798305,
    "flux_up": 45.5067191111325,
    "heating_rate": 6.148058425830156e-05,
    "surface_down": 9.851630433311186,
    "surface_emission": 3.059611549360852e-05,
    "surface_up": 0.5965461592547854,
    "toa_down": 0.0,
    "toa_up": 45.5067191111325
  },
  "per_field_max_rel_err": {
    "column_net_heating": 0.6743828713267073,
    "flux_down": 0.7026938651515625,
    "flux_up": 0.19808165842029532,
    "heating_rate": 19.939872022891567,
    "surface_down": 0.027442292070385416,
    "surface_emission": 7.076241582851272e-08,
    "surface_up": 0.0015365671203741102,
    "toa_down": 0.0,
    "toa_up": 0.19808165842029532
  },
  "scenarios_tested": 3,
  "tolerances_met": false
}
