{
  "field_pass": {
    "Ni": true,
    "Nr": true,
    "T": true,
    "qc": true,
    "qg": true,
    "qi": true,
    "qr": true,
    "qs": true,
    "qv": true
  },
  "fixture_id": "analytic-thompson-column-v1",
  "pass": true,
  "per_field_max_abs_err": {
    "Ni": 772.3940057675354,
    "Nr": 33612.431190367046,
    "T": 0.008302000075161686,
    "qc": 2.375154443240955e-09,
    "qg": 2.9509294563467847e-06,
    "qi": 4.85518835742103e-09,
    "qr": 3.328100360002393e-08,
    "qs": 9.268539519988269e-11,
    "qv": 2.9510734091959916e-06
  },
  "per_field_max_rel_err": {
    "Ni": 0.000475999667235722,
    "Nr": 7481247281.464669,
    "T": 3.07080321166646e-05,
    "qc": 0.9999988999202443,
    "qg": 7069.908932000242,
    "qi": 0.0001010410783355776,
    "qr": 5583.553851448486,
    "qs": 0.00452166779038988,
    "qv": 0.0007966384925163768
  },
  "scenarios_tested": 3,
  "tolerances_met": true
}
