{
  "field_pass": {
    "Ni": true,
    "Nr": true,
    "T": true,
    "qc": true,
    "qg": true,
    "qi": true,
    "qr": true,
    "qs": true,
    "qv": true
  },
  "fixture_id": "analytic-thompson-column-v1",
  "pass": true,
  "per_field_max_abs_err": {
    "Ni": 126975.12500000041,
    "Nr": 67300.453125,
    "T": 0.040290844661740266,
    "qc": 0.0001517228938283358,
    "qg": 1.521843532880611e-05,
    "qi": 0.00013708094759935302,
    "qr": 4.760876436193939e-06,
    "qs": 0.0001447943623500526,
    "qv": 1.4304079020558032e-05
  },
  "per_field_max_rel_err": {
    "Ni": 0.3883326751538069,
    "Nr": 45425309332488.81,
    "T": 0.00015064605175968627,
    "qc": 0.9999988999202443,
    "qg": 983428014.0158471,
    "qi": 0.3049187629215758,
    "qr": 45035996.27370496,
    "qs": 1249.636404283526,
    "qv": 0.004086360113325722
  },
  "scenarios_tested": 3,
  "tolerances_met": true
}
