{
  "field_pass": {
    "column_net_heating": false,
    "flux_down": false,
    "flux_up": false,
    "heating_rate": true,
    "surface_down": true,
    "surface_emission": true,
    "surface_up": true,
    "toa_down": true,
    "toa_up": false
  },
  "fixture_id": "analytic-rrtmg-lw-column-v1",
  "pass": false,
  "per_field_max_abs_err": {
    "column_net_heating": 73.57036677312863,
    "flux_down": 70.60186487697774,
    "flux_up": 44.615773276228026,
    "heating_rate": 5.978802100628081e-05,
    "surface_down": 10.948037190213029,
    "surface_emission": 3.059611549360852e-05,
    "surface_up": 0.6561325347346383,
    "toa_down": 0.0,
    "toa_up": 44.615773276228026
  },
  "per_field_max_rel_err": {
    "column_net_heating": 0.5732919412474431,
    "flux_down": 0.6591331132195449,
    "flux_up": 0.19420354916549387,
    "heating_rate": 10.998735911059551,
    "surface_down": 0.03049639714005069,
    "surface_emission": 7.076241582851272e-08,
    "surface_up": 0.0016900480605564832,
    "toa_down": 0.0,
    "toa_up": 0.19420354916549387
  },
  "scenarios_tested": 3,
  "tolerances_met": false
}
