{
  "_doc": "GPU wind localization: real operational segmented forecast for case2 (0509 18z) L2, V10/U10/T2 error decomposed by land/water/coast mask + surface-layer internals (u0,v0,ustar,zol,regime,Cd-proxy,10m-ratio). Truth = corpus CPU-WRF wrfout_d02.",
  "case": "case3_0521_18z_L3_bracketguard",
  "init_utc": "2026-05-21T18:00:00+00:00",
  "config": {
    "dt_s": 10.0,
    "acoustic_substeps": 10,
    "segment_steps": 180,
    "radiation_cadence_steps": 180
  },
  "grid": {
    "all": 10494,
    "land": 768,
    "water": 9726,
    "coast": 542
  },
  "per_lead": [
    {
      "lead_h": 24,
      "wall_s": 904.6,
      "U10": {
        "all": {
          "rmse": 2.3919325273813463,
          "bias": 1.562528689204263,
          "mae": 1.7679889423011996,
          "n": 10494
        },
        "land": {
          "rmse": 1.942047292949506,
          "bias": 0.8184824469494204,
          "mae": 1.6044426202229924,
          "n": 768
        },
        "water": {
          "rmse": 2.4239026253182874,
          "bias": 1.6212812610787968,
          "mae": 1.7809031491031806,
          "n": 9726
        },
        "coast": {
          "rmse": 2.1021613808225883,
          "bias": 1.0637037208584874,
          "mae": 1.750802523915555,
          "n": 542
        }
      },
      "V10": {
        "all": {
          "rmse": 3.388190278246233,
          "bias": 2.2602114253829444,
          "mae": 2.806090090959254,
          "n": 10494
        },
        "land": {
          "rmse": 2.4418448833936965,
          "bias": 0.6517467265723597,
          "mae": 1.8652882730089846,
          "n": 768
        },
        "water": {
          "rmse": 3.4518825989240445,
          "bias": 2.3872215928399187,
          "mae": 2.8803791919448405,
          "n": 9726
        },
        "coast": {
          "rmse": 3.0413884398569833,
          "bias": 1.5599597158474632,
          "mae": 2.4541419038275856,
          "n": 542
        }
      },
      "T2": {
        "all": {
          "rmse": 1.1451268564082437,
          "bias": 0.8683338003836883,
          "mae": 0.9838422033499636,
          "n": 10494
        },
        "land": {
          "rmse": 2.2934545148469674,
          "bias": 1.233923175050312,
          "mae": 1.9279149939864417,
          "n": 768
        },
        "water": {
          "rmse": 0.9997591743965545,
          "bias": 0.8394655462459166,
          "mae": 0.9092948145766945,
          "n": 9726
        },
        "coast": {
          "rmse": 1.8769122437292303,
          "bias": 1.2604178645785657,
          "mae": 1.5903480399111345,
          "n": 542
        }
      },
      "surface_internals_mean": {
        "all": {
          "u0": 1.1697850406920367,
          "v0": -4.7015624357629715,
          "wspd0": 6.036614310941392,
          "ustar": 0.26244706908767457,
          "zol": 0.20292288344715104,
          "regime": 1.7855917667238421,
          "br": -0.014730648342654636,
          "znt": 0.0065810380579570385,
          "ratio10_u": 0.8718519369933204,
          "ratio10_v": 0.8717073366869762
        },
        "land": {
          "u0": 1.8033015986740664,
          "v0": -2.782469132392096,
          "wspd0": 5.176710935448084,
          "ustar": 0.3591923517927779,
          "zol": -0.4463800224211503,
          "regime": 3.3359375,
          "br": -0.5201413680997741,
          "znt": 0.053831137213803594,
          "ratio10_u": 0.879027582297779,
          "ratio10_v": 0.8796939211205533
        },
        "water": {
          "u0": 1.119760290894566,
          "v0": -4.853100956942165,
          "wspd0": 6.104515379456594,
          "ustar": 0.2548077130196591,
          "zol": 0.25419418014742406,
          "regime": 1.663170882171499,
          "br": 0.025178402939832284,
          "znt": 0.00285,
          "ratio10_u": 0.8712902935965897,
          "ratio10_v": 0.8710812452198117
        },
        "coast": {
          "u0": 1.5329905226199299,
          "v0": -3.0349736151911197,
          "wspd0": 5.834911430140915,
          "ustar": 0.32757382070941304,
          "zol": -0.6510246921719758,
          "regime": 3.0092250922509227,
          "br": -0.3951484340149748,
          "znt": 0.022573839884344832,
          "ratio10_u": 0.8832716990332236,
          "ratio10_v": 0.8835064170716064
        }
      },
      "wspd_check": {
        "all": {
          "gpu_wspd0_mean": 6.036614310941392,
          "gpu_wspd10_mean": 5.287672606728103,
          "wrf_wspd10_mean": 7.17927156795933
        },
        "land": {
          "gpu_wspd0_mean": 5.176710935448084,
          "gpu_wspd10_mean": 4.563841022924823,
          "wrf_wspd10_mean": 4.749813601787736
        },
        "water": {
          "gpu_wspd0_mean": 6.104515379456594,
          "gpu_wspd10_mean": 5.344828956343662,
          "wrf_wspd10_mean": 7.371110321611374
        },
        "coast": {
          "gpu_wspd0_mean": 5.834911430140915,
          "gpu_wspd10_mean": 5.1562460154688114,
          "wrf_wspd10_mean": 6.161651984823305
        }
      }
    }
  ],
  "npz_file": "proofs/wind/gpu_wind_localize_case3_bracketguard_fields.npz",
  "generated_utc": "2026-05-31T02:46:23.427984+00:00"
}
