{
  "_doc": "GPU wind localization: real operational segmented forecast for case2 (0509 18z) L2, V10/U10/T2 error decomposed by land/water/coast mask + surface-layer internals (u0,v0,ustar,zol,regime,Cd-proxy,10m-ratio). Truth = corpus CPU-WRF wrfout_d02.",
  "case": "case2_0509_18z_L2",
  "init_utc": "2026-05-09T18:00:00+00:00",
  "config": {
    "dt_s": 10.0,
    "acoustic_substeps": 10,
    "segment_steps": 180,
    "radiation_cadence_steps": 180
  },
  "grid": {
    "all": 7920,
    "land": 547,
    "water": 7373,
    "coast": 372
  },
  "per_lead": [
    {
      "lead_h": 24,
      "wall_s": 843.5,
      "U10": {
        "all": {
          "rmse": 2.5387195238552285,
          "bias": 0.03280808093082615,
          "mae": 1.7268118529152527,
          "n": 7920
        },
        "land": {
          "rmse": 3.0034189320410514,
          "bias": 0.3234479627637836,
          "mae": 2.345165110378601,
          "n": 547
        },
        "water": {
          "rmse": 2.500805227486287,
          "bias": 0.011245621231568336,
          "mae": 1.6809364654430636,
          "n": 7373
        },
        "coast": {
          "rmse": 3.4324566090712816,
          "bias": 0.04219060234556208,
          "mae": 2.817857292448075,
          "n": 372
        }
      },
      "V10": {
        "all": {
          "rmse": 3.2752024188138993,
          "bias": -1.4083430816637976,
          "mae": 2.4834401500241308,
          "n": 7920
        },
        "land": {
          "rmse": 2.569588420938715,
          "bias": -1.2113184743014749,
          "mae": 2.066057734072881,
          "n": 547
        },
        "water": {
          "rmse": 3.3215841358500446,
          "bias": -1.4229602605905831,
          "mae": 2.514405588994066,
          "n": 7373
        },
        "coast": {
          "rmse": 3.0032784314261045,
          "bias": -1.0304792198422532,
          "mae": 2.4108852588527396,
          "n": 372
        }
      },
      "T2": {
        "all": {
          "rmse": 1.0404558596397502,
          "bias": 0.8418325474494238,
          "mae": 0.8810367947048997,
          "n": 7920
        },
        "land": {
          "rmse": 2.330147099280974,
          "bias": 1.7333473833712185,
          "mae": 2.023140409696348,
          "n": 547
        },
        "water": {
          "rmse": 0.8718046827723385,
          "bias": 0.7756914088017606,
          "mae": 0.7963045720817719,
          "n": 7373
        },
        "coast": {
          "rmse": 1.42503719713433,
          "bias": 0.9527396647584168,
          "mae": 1.1864264436539598,
          "n": 372
        }
      },
      "surface_internals_mean": {
        "all": {
          "u0": 1.742017354436257,
          "v0": -3.23995752727649,
          "wspd0": 4.98658762590289,
          "ustar": 0.2451847201789923,
          "zol": -0.5803773119198861,
          "regime": 3.9265151515151517,
          "br": -0.08065448076150628,
          "znt": 0.007285611511610372,
          "ratio10_u": 0.922873578132471,
          "ratio10_v": 0.9228328482778777
        },
        "land": {
          "u0": 1.633746367622437,
          "v0": -1.5140745554901984,
          "wspd0": 3.8806411382814208,
          "ustar": 0.2761830885591416,
          "zol": -0.8278777760485796,
          "regime": 3.2815356489945153,
          "br": -0.2790416087844365,
          "znt": 0.06707311365987963,
          "ratio10_u": 0.8683356902432638,
          "ratio10_v": 0.8685358437121584
        },
        "water": {
          "u0": 1.750049936802615,
          "v0": -3.3680001131393817,
          "wspd0": 5.068637365320894,
          "ustar": 0.24288496329523512,
          "zol": -0.5620153488277396,
          "regime": 3.974365929743659,
          "br": -0.06593621695728237,
          "znt": 0.002849999999999999,
          "ratio10_u": 0.9269211948807079,
          "ratio10_v": 0.9268427025615231
        },
        "coast": {
          "u0": 1.2433651374709889,
          "v0": -2.3008545189087917,
          "wspd0": 4.489908133484426,
          "ustar": 0.26561914303523493,
          "zol": -1.0870651206926047,
          "regime": 3.685483870967742,
          "br": -0.2491144238040669,
          "znt": 0.027744491853957536,
          "ratio10_u": 0.906372888239734,
          "ratio10_v": 0.9072905325236026
        }
      },
      "wspd_check": {
        "all": {
          "gpu_wspd0_mean": 4.98658762590289,
          "gpu_wspd10_mean": 4.579148281137583,
          "wrf_wspd10_mean": 2.7228955600113367
        },
        "land": {
          "gpu_wspd0_mean": 3.8806411382814208,
          "gpu_wspd10_mean": 3.3255151603573463,
          "wrf_wspd10_mean": 2.3734346326902385
        },
        "water": {
          "gpu_wspd0_mean": 5.068637365320894,
          "gpu_wspd10_mean": 4.672154834381418,
          "wrf_wspd10_mean": 2.7488219301787913
        },
        "coast": {
          "gpu_wspd0_mean": 4.489908133484426,
          "gpu_wspd10_mean": 4.045508442111261,
          "wrf_wspd10_mean": 2.6929122820468554
        }
      }
    },
    {
      "lead_h": 48,
      "wall_s": 650.7,
      "U10": {
        "all": {
          "rmse": 2.8107841006726346,
          "bias": 0.11568952700572677,
          "mae": 1.9673460061445252,
          "n": 7920
        },
        "land": {
          "rmse": 3.6093950861086967,
          "bias": 1.3756240687795824,
          "mae": 2.8899768335144618,
          "n": 547
        },
        "water": {
          "rmse": 2.742283790408777,
          "bias": 0.022215473791255113,
          "mae": 1.8988963842034763,
          "n": 7373
        },
        "coast": {
          "rmse": 3.86103454702394,
          "bias": 0.4743750289365415,
          "mae": 3.175021643186061,
          "n": 372
        }
      },
      "V10": {
        "all": {
          "rmse": 3.211725991800074,
          "bias": -1.0031631251367408,
          "mae": 2.4221280208657565,
          "n": 7920
        },
        "land": {
          "rmse": 3.3460315315285496,
          "bias": -1.4245911098267037,
          "mae": 2.5850804255702324,
          "n": 547
        },
        "water": {
          "rmse": 3.201537420355203,
          "bias": -0.9718975469968508,
          "mae": 2.4100386453912757,
          "n": 7373
        },
        "coast": {
          "rmse": 2.824285263383445,
          "bias": -0.6192345887636695,
          "mae": 2.245608411076318,
          "n": 372
        }
      },
      "T2": {
        "all": {
          "rmse": 1.059967525835523,
          "bias": 0.9114206574288995,
          "mae": 0.9528990887556253,
          "n": 7920
        },
        "land": {
          "rmse": 2.0667425638441492,
          "bias": 1.372906091181662,
          "mae": 1.685557410168308,
          "n": 547
        },
        "water": {
          "rmse": 0.943392892615668,
          "bias": 0.877183232735727,
          "mae": 0.8985434530832075,
          "n": 7373
        },
        "coast": {
          "rmse": 1.359987367811274,
          "bias": 0.9487417963146451,
          "mae": 1.149498417545233,
          "n": 372
        }
      },
      "surface_internals_mean": {
        "all": {
          "u0": 2.116066401349963,
          "v0": -4.683414494621249,
          "wspd0": 6.546156183444796,
          "ustar": 0.31300373743157434,
          "zol": -0.32733336655434475,
          "regime": 3.8208333333333333,
          "br": -0.17608745899093745,
          "znt": 0.007285611511610372,
          "ratio10_u": 0.9147439033918926,
          "ratio10_v": 0.9147190818532935
        },
        "land": {
          "u0": 2.570350382729755,
          "v0": -2.848444413094304,
          "wspd0": 5.971606283977106,
          "ustar": 0.41536090975395207,
          "zol": -0.8486493125208311,
          "regime": 3.1718464351005484,
          "br": -2.1383211856289446,
          "znt": 0.06707311365987963,
          "ratio10_u": 0.8605822175735947,
          "ratio10_v": 0.8612209052307425
        },