{
  "_doc": "GPU wind localization: real operational segmented forecast for case2 (0509 18z) L2, V10/U10/T2 error decomposed by land/water/coast mask + surface-layer internals (u0,v0,ustar,zol,regime,Cd-proxy,10m-ratio). Truth = corpus CPU-WRF wrfout_d02.",
  "case": "case2_0509_18z_L2",
  "init_utc": "2026-05-09T18:00:00+00:00",
  "config": {
    "dt_s": 10.0,
    "acoustic_substeps": 10,
    "segment_steps": 180,
    "radiation_cadence_steps": 180
  },
  "grid": {
    "all": 7920,
    "land": 547,
    "water": 7373,
    "coast": 372
  },
  "per_lead": [
    {
      "lead_h": 24,
      "wall_s": 855.1,
      "U10": {
        "all": {
          "rmse": 1.671396234415184,
          "bias": 0.6231305935254363,
          "mae": 1.1799152443765573,
          "n": 7920
        },
        "land": {
          "rmse": 2.154483109918725,
          "bias": 0.8988382759482235,
          "mae": 1.5691645205322253,
          "n": 547
        },
        "water": {
          "rmse": 1.6298606543101422,
          "bias": 0.6026759478879394,
          "mae": 1.1510369920970034,
          "n": 7373
        },
        "coast": {
          "rmse": 2.182780418614788,
          "bias": 0.5615413405074829,
          "mae": 1.6468197823677178,
          "n": 372
        }
      },
      "V10": {
        "all": {
          "rmse": 1.5652408236285142,
          "bias": -0.20917070373990948,
          "mae": 1.158691436167006,
          "n": 7920
        },
        "land": {
          "rmse": 2.1125615406514,
          "bias": -0.6150752517270742,
          "mae": 1.7411590547895617,
          "n": 547
        },
        "water": {
          "rmse": 1.5167860072501838,
          "bias": -0.17905680332637644,
          "mae": 1.1154783902716394,
          "n": 7373
        },
        "coast": {
          "rmse": 2.2966760568553237,
          "bias": -0.13064180968717343,
          "mae": 1.8992411457727698,
          "n": 372
        }
      },
      "T2": {
        "all": {
          "rmse": 1.2315620006687782,
          "bias": 1.0806009809830526,
          "mae": 1.1207103742794118,
          "n": 7920
        },
        "land": {
          "rmse": 1.9045097581769563,
          "bias": 1.3718073543777123,
          "mae": 1.6306951031601193,
          "n": 547
        },
        "water": {
          "rmse": 1.1662650996941102,
          "bias": 1.0589964934953433,
          "mae": 1.082874805759441,
          "n": 7373
        },
        "coast": {
          "rmse": 1.4448242093188797,
          "bias": 1.060474885971683,
          "mae": 1.2565685109171396,
          "n": 372
        }
      },
      "surface_internals_mean": {
        "all": {
          "u0": 2.389877298903765,
          "v0": -1.9376851118068132,
          "wspd0": 3.7392970718748533,
          "ustar": 0.1854887145037977,
          "zol": -0.5970265117277492,
          "regime": 3.7299242424242425,
          "br": -0.1326547462553139,
          "znt": 0.007285611511610372,
          "ratio10_u": 0.9199363703091198,
          "ratio10_v": 0.920034780422944
        },
        "land": {
          "u0": 2.2160083895573384,
          "v0": -0.8262292393819807,
          "wspd0": 3.629119996716952,
          "ustar": 0.27911887541937885,
          "zol": -1.9656986004709942,
          "regime": 3.489945155393053,
          "br": -1.138416670072643,
          "znt": 0.06707311365987963,
          "ratio10_u": 0.8854705308032306,
          "ratio10_v": 0.8852450875381942
        },
        "water": {
          "u0": 2.4027765656082947,
          "v0": -2.020143590338806,
          "wspd0": 3.747471066193499,
          "ustar": 0.1785423293117696,
          "zol": -0.4954852622305899,
          "regime": 3.747728197477282,
          "br": -0.05803766062828567,
          "znt": 0.002849999999999999,
          "ratio10_u": 0.9224673086597567,
          "ratio10_v": 0.9226183389473982
        },
        "coast": {
          "u0": 1.819498336754369,
          "v0": -1.2857625566874706,
          "wspd0": 3.6736905326818694,
          "ustar": 0.22350623081940763,
          "zol": -1.7658002697800084,
          "regime": 3.5806451612903225,
          "br": -0.4010910992436482,
          "znt": 0.027744491853957536,
          "ratio10_u": 0.9100032336390463,
          "ratio10_v": 0.9099004673888956
        }
      },
      "wspd_check": {
        "all": {
          "gpu_wspd0_mean": 3.7392970718748533,
          "gpu_wspd10_mean": 3.427405099802853,
          "wrf_wspd10_mean": 2.7228955600113367
        },
        "land": {
          "gpu_wspd0_mean": 3.629119996716952,
          "gpu_wspd10_mean": 3.178440124857605,
          "wrf_wspd10_mean": 2.3734346326902385
        },
        "water": {
          "gpu_wspd0_mean": 3.747471066193499,
          "gpu_wspd10_mean": 3.445875714382407,
          "wrf_wspd10_mean": 2.7488219301787913
        },
        "coast": {
          "gpu_wspd0_mean": 3.6736905326818694,
          "gpu_wspd10_mean": 3.3096154134818674,
          "wrf_wspd10_mean": 2.6929122820468554
        }
      }
    }
  ],
  "npz_file": "proofs/wind/gpu_wind_localize_FIXED.npz",
  "generated_utc": "2026-05-30T18:50:46.163217+00:00"
}
