{
  "cases": [
    {
      "case": 1,
      "fields": {
        "RQCBLTEN": {
          "abs_tolerance": 5e-12,
          "jax": 0.0,
          "max_abs": 0.0,
          "max_rel": 0.0,
          "oracle": 0.0,
          "pass": true,
          "rel_tolerance": 1e-09,
          "scale": 1e-30
        },
        "RQVBLTEN": {
          "abs_tolerance": 5e-12,
          "jax": -6.656961391216903e-07,
          "max_abs": 2.5302197623466036e-16,
          "max_rel": 3.800862908183064e-10,
          "oracle": -6.656961388686683e-07,
          "pass": true,
          "rel_tolerance": 1e-09,
          "scale": 6.656961388686683e-07
        },
        "RTHBLTEN": {
          "abs_tolerance": 5e-12,
          "jax": 0.0011107342896074397,
          "max_abs": 7.698616050211271e-14,
          "max_rel": 6.931105055196007e-11,
          "oracle": 0.001110734289684426,
          "pass": true,
          "rel_tolerance": 1e-09,
          "scale": 0.001110734289684426
        },
        "RUBLTEN": {
          "abs_tolerance": 5e-12,
          "jax": -9.971955032866594e-05,
          "max_abs": 2.3114851504212053e-14,
          "max_rel": 2.159575951015546e-10,
          "oracle": -9.971955030555109e-05,
          "pass": true,
          "rel_tolerance": 1e-09,
          "scale": 0.0001070342142555451
        },
        "RVBLTEN": {
          "abs_tolerance": 5e-12,
          "jax": -2.4929887582166484e-05,
          "max_abs": 5.778712876053013e-15,
          "max_rel": 2.1595759510155465e-10,
          "oracle": -2.492988757638777e-05,
          "pass": true,
          "rel_tolerance": 1e-09,
          "scale": 2.675855356388627e-05
        }
      },
      "pass": true,
      "regime": "unstable_daytime",
      "scalars": {
        "KPBL": {
          "abs_tolerance": 0.5,
          "jax": 8.0,
          "max_abs": 0.0,
          "max_rel": 0.0,
          "oracle": 8.0,
          "pass": true,
          "rel_tolerance": 0.0,
          "scale": 8.0
        },
        "PBL": {
          "abs_tolerance": 1e-06,
          "jax": 2112.2408829250608,
          "max_abs": 7.73070496506989e-12,
          "max_rel": 3.659954235126976e-15,
          "oracle": 2112.240882925053,
          "pass": true,
          "rel_tolerance": 1e-09,
          "scale": 2112.240882925053
        }
      }
    },
    {
      "case": 2,
      "fields": {
        "RQCBLTEN": {
          "abs_tolerance": 5e-12,
          "jax": 0.0,
          "max_abs": 0.0,
          "max_rel": 0.0,
          "oracle": 0.0,
          "pass": true,
          "rel_tolerance": 1e-09,
          "scale": 1e-30
        },
        "RQVBLTEN": {
          "abs_tolerance": 5e-12,
          "jax": -1.4234527121100522e-06,
          "max_abs": 3.7742729338467555e-16,
          "max_rel": 2.651491618048003e-10,
          "oracle": -1.423452711732625e-06,
          "pass": true,
          "rel_tolerance": 1e-09,
          "scale": 1.423452711732625e-06
        },
        "RTHBLTEN": {
          "abs_tolerance": 5e-12,
          "jax": 0.001910052370469967,
          "max_abs": 1.2185109692086638e-13,
          "max_rel": 6.379463662722063e-11,
          "oracle": 0.001910052370591818,
          "pass": true,
          "rel_tolerance": 1e-09,
          "scale": 0.001910052370591818
        },
        "RUBLTEN": {
          "abs_tolerance": 5e-12,
          "jax": 0.00024620608049076657,
          "max_abs": 5.222488023634564e-14,
          "max_rel": 2.1211856402296322e-10,
          "oracle": 0.0002462060804385417,
          "pass": true,
          "rel_tolerance": 1e-09,
          "scale": 0.0002462060804385417
        },
        "RVBLTEN": {
          "abs_tolerance": 5e-12,
          "jax": 6.155152012269164e-05,
          "max_abs": 1.305622005908641e-14,
          "max_rel": 2.1211856402296322e-10,
          "oracle": 6.155152010963542e-05,
          "pass": true,
          "rel_tolerance": 1e-09,
          "scale": 6.155152010963542e-05
        }
      },
      "pass": true,
      "regime": "strong_unstable",
      "scalars": {
        "KPBL": {
          "abs_tolerance": 0.5,
          "jax": 9.0,
          "max_abs": 0.0,
          "max_rel": 0.0,
          "oracle": 9.0,
          "pass": true,
          "rel_tolerance": 0.0,
          "scale": 9.0
        },
        "PBL": {
          "abs_tolerance": 1e-06,
          "jax": 2716.0257880767263,
          "max_abs": 1.2732925824820995e-11,
          "max_rel": 4.688072506792133e-15,
          "oracle": 2716.025788076739,
          "pass": true,
          "rel_tolerance": 1e-09,
          "scale": 2716.025788076739
        }
      }
    },
    {
      "case": 3,
      "fields": {
        "RQCBLTEN": {
          "abs_tolerance": 5e-12,
          "jax": 0.0,
          "max_abs": 0.0,
          "max_rel": 0.0,
          "oracle": 0.0,
          "pass": true,
          "rel_tolerance": 1e-09,
          "scale": 1e-30
        },
        "RQVBLTEN": {
          "abs_tolerance": 5e-12,
          "jax": 1.6118840544431304e-09,
          "max_abs": 3.6385607194676305e-21,
          "max_rel": 2.1838012754737984e-13,
          "oracle": 1.611884054446769e-09,
          "pass": true,
          "rel_tolerance": 1e-09,
          "scale": 1.666159261070221e-08
        },
        "RTHBLTEN": {
          "abs_tolerance": 5e-12,
          "jax": -1.11756417956659e-06,
          "max_abs": 6.706110191760433e-16,
          "max_rel": 3.212171005789245e-12,
          "oracle": -1.117564178895979e-06,
          "pass": true,
          "rel_tolerance": 1e-09,
          "scale": 0.0002087718922708074
        },
        "RUBLTEN": {
          "abs_tolerance": 5e-12,
          "jax": -0.0002648721670480469,
          "max_abs": 6.222420582263632e-14,
          "max_rel": 2.3492164741479564e-10,
          "oracle": -0.0002648721669858227,
          "pass": true,
          "rel_tolerance": 1e-09,
          "scale": 0.0002648721669858227
        },
        "RVBLTEN": {
          "abs_tolerance": 5e-12,
          "jax": -6.621804176201173e-05,
          "max_abs": 1.5556065008186237e-14,
          "max_rel": 2.349218520799715e-10,
          "oracle": -6.621804174645567e-05,
          "pass": true,
          "rel_tolerance": 1e-09,
          "scale": 6.621804174645567e-05
        }
      },
      "pass": true,
      "regime": "stable_nocturnal",
      "scalars": {
        "KPBL": {
          "abs_tolerance": 0.5,
          "jax": 1.0,
          "max_abs": 0.0,
          "max_rel": 0.0,
          "oracle": 1.0,
          "pass": true,
          "rel_tolerance": 0.0,
          "scale": 1.0
        },
        "PBL": {
          "abs_tolerance": 1e-06,
          "jax": 192.13086745257624,
          "max_abs": 2.842170943040401e-14,
          "max_rel": 1.479289080783407e-16,
          "oracle": 192.1308674525762,
          "pass": true,
          "rel_tolerance": 1e-09,
          "scale": 192.1308674525762
        }
      }
    },
    {
      "case": 4,
      "fields": {
        "RQCBLTEN": {
          "abs_tolerance": 5e-12,
          "jax": 0.0,
          "max_abs": 0.0,
          "max_rel": 0.0,
          "oracle": 0.0,
          "pass": true,
          "rel_tolerance": 1e-09,
          "scale": 1e-30
        },
        "RQVBLTEN": {
          "abs_tolerance": 5e-12,
          "jax": 6.405943439336379e-08,
          "max_abs": 4.420585542381388e-19,
          "max_rel": 6.900756436914204e-12,
          "oracle": 6.405943439380584e-08,
          "pass": true,
          "rel_tolerance": 1e-09,
          "scale": 6.405943439380584e-08
        },
        "RTHBLTEN": {
          "abs_tolerance": 5e-12,
          "jax": -4.134173849808395e-06,
          "max_abs": 9.545705561718118e-16,
          "max_rel": 2.3618056622719922e-11,
          "oracle": -4.134173848853825e-06,
          "pass": true,
          "rel_tolerance": 1e-09,
          "scale": 4.041698144010465e-05
        },
        "RUBLTEN": {
          "abs_tolerance": 5e-12,
          "jax": -9.789476325858803e-05,