{
  "sprint": "0.2.0 rrtmg-sw operational wiring \u2014 daytime SWDOWN/T2 REMEASURE (use_noahmp=ON, d03 1km)",
  "branch": "worker/opus/v020-integration",
  "wiring_commit": "28456d2",
  "method": "Coupled GPU Noah-MP forecast through the WIRED operational RRTMG-SW coupler (_solar_source_scale_for_time threading solcon/rrsw_scon into RRTMGSWColumnState). 18z init, dt=3, advanced to daytime leads 09z/12z/15z. Land-mean GPU vs pristine-WRF hourly wrfout. Repro: WT_SRC=<this src> JAX_PLATFORMS=cuda python proofs/noahmp/daytime_hfx_localize.py",
  "operational_solar_source_scale": "1370*ECCFAC(JULIAN)/1368.22 = ~0.9762 for 2026-05-22; WRF-faithful (radconst :3634 x rrtmg_sw.F :9869), pure function of run date, NOT replay SWDNTC",
  "before_source": "a554a01 proofs/noahmp/s6b_daytime_hfx_localization.json (use_noahmp ON, default solar_source_scale=1.0)",
  "verdict": {
    "wiring_active": "CONFIRMED \u2014 SWDOWN dropped by exactly the 0.9762 factor at every lead (e.g. 12z 1066.4*0.9762=1041.0 matches measured 1041.0)",
    "swdown_within_1to2pct": "PARTIAL \u2014 12z (near-noon) +1.6% PASS; 09z +8.7% and 15z -3.0% FAIL (residual is zenith/airmass-dependent, NOT the source scale)",
    "daytime_T2_collapsed_to_zero": "NO \u2014 daytime land T2 mean bias +0.66K -> +0.59K (improved but not collapsed to ~0 +/-0.2K). Residual driven by off-noon SWDOWN airmass bias + Bowen-ratio imbalance (LH under-flux ~8 W/m2 at all leads)"
  },
  "leads": [
    {
      "lead": 15,
      "label": "09:00:00",
      "gpu_T2_land": 292.4432085148418,
      "wrf_T2_land": 291.92071533203125,
      "T2_bias": 0.5224889238463271,
      "gpu_HFX_land": 173.55848630782177,
      "wrf_HFX_land": 160.6168975830078,
      "HFX_bias": 12.941595966353566,
      "gpu_LH_land": 6.904680991900817,
      "wrf_LH_land": 11.674737930297852,
      "LH_bias": -4.770057220568895,
      "gpu_QFX_land": 2.75043060544169e-06,
      "gpu_TSK_land": 300.5982192068564,
      "wrf_TSK_land": 299.43243408203125,
      "gpu_TG_land": 301.7971246460121,
      "gpu_GRDFLX_land": 129.12038340228094,
      "wrf_GRDFLX_land": 116.80150604248047,
      "gpu_CHS_land": 0.05342265208862304,
      "gpu_SAV_land": 65.14325936989677,
      "gpu_SAG_land": 398.3542554213496,
      "gpu_SAVpSAG_land": 463.4975147912464,
      "wrf_SWDOWN_land": 534.8863525390625,
      "gpu_SWDOWN_land": 581.3887424778294,
      "gpu_SALB_land": 0.20281767120796626,
      "gpu_FVEG_land": 0.2594741099566148,
      "gpu_TSLB0_land": 290.42938038949706,
      "wrf_TSLB0_land": 290.418212890625
    },
    {
      "lead": 18,
      "label": "12:00:00",
      "gpu_T2_land": 294.6667779869601,
      "wrf_T2_land": 293.9836120605469,
      "T2_bias": 0.6831929048520464,
      "gpu_HFX_land": 470.17261390101794,
      "wrf_HFX_land": 459.15435791015625,
      "HFX_bias": 11.018266698257673,
      "gpu_LH_land": 14.099582480135563,
      "wrf_LH_land": 22.248109817504883,
      "LH_bias": -8.148526011602028,
      "gpu_QFX_land": 5.616468483164262e-06,
      "gpu_TSK_land": 311.84659536993047,
      "wrf_TSK_land": 311.54852294921875,
      "gpu_TG_land": 314.58429389785096,
      "gpu_GRDFLX_land": 145.3432980759633,
      "wrf_GRDFLX_land": 153.82212829589844,
      "gpu_CHS_land": 0.06739028317748123,
      "gpu_SAV_land": 101.63720029330337,
      "gpu_SAG_land": 732.0793755461606,
      "gpu_SAVpSAG_land": 833.716575839464,
      "wrf_SWDOWN_land": 1024.89013671875,
      "gpu_SWDOWN_land": 1041.0354589663793,
      "gpu_SALB_land": 0.19916784665469994,
      "gpu_FVEG_land": 0.2594741099566148,
      "gpu_TSLB0_land": 300.7133838771736,
      "wrf_TSLB0_land": 300.8622131347656
    },
    {
      "lead": 21,
      "label": "15:00:00",
      "gpu_T2_land": 295.04635837554343,
      "wrf_T2_land": 294.487548828125,
      "T2_bias": 0.5587870228964072,
      "gpu_HFX_land": 474.3609344389837,
      "wrf_HFX_land": 481.42645263671875,
      "HFX_bias": -7.065511528107103,
      "gpu_LH_land": 14.309893195806442,
      "wrf_LH_land": 22.99919319152832,
      "LH_bias": -8.689300791599516,
      "gpu_QFX_land": 5.700244262191859e-06,
      "gpu_TSK_land": 312.161170589058,
      "wrf_TSK_land": 312.5229797363281,
      "gpu_TG_land": 315.00361027766013,
      "gpu_GRDFLX_land": 70.6843968862869,
      "wrf_GRDFLX_land": 90.96440124511719,
      "gpu_CHS_land": 0.06697747622087533,
      "gpu_SAV_land": 94.76301925119094,
      "gpu_SAG_land": 665.9453133710136,
      "gpu_SAVpSAG_land": 760.7083326222046,
      "wrf_SWDOWN_land": 979.677734375,
      "gpu_SWDOWN_land": 950.6859180047412,
      "gpu_SALB_land": 0.19984037279189343,
      "gpu_FVEG_land": 0.2594741099566148,
      "gpu_TSLB0_land": 307.43079233297755,
      "wrf_TSLB0_land": 307.4862365722656
    }
  ],
  "generated_utc": "2026-06-02T10:14:36.457622+00:00"
}