{
  "after": {
    "affected_band_top_layer_detail": [
      {
        "band": 9,
        "gpoints": 8,
        "max_abs": 3.528594970703125e-05,
        "max_rel": 3.2819892178836464e-05,
        "pass": true,
        "top_layer_col0_jax": [
          0.0031881839968264103,
          0.0075223855674266815,
          0.016179630532860756,
          0.025391647592186928,
          0.04409269616007805,
          0.21927018463611603,
          3.036652088165283,
          65.72434997558594
        ],
        "top_layer_col0_ref": [
          0.003188184229657054,
          0.0075223855674266815,
          0.016179632395505905,
          0.025391647592186928,
          0.04409269616007805,
          0.21927016973495483,
          3.0366523265838623,
          65.7243423461914
        ]
      },
      {
        "band": 10,
        "gpoints": 6,
        "max_abs": 6.705522537231445e-08,
        "max_rel": 4.14459735636526e-05,
        "pass": true,
        "top_layer_col0_jax": [
          0.0015412585344165564,
          0.004043868277221918,
          0.012625358998775482,
          0.030359787866473198,
          0.04073985293507576,
          0.04511029273271561
        ],
        "top_layer_col0_ref": [
          0.0015412585344165564,
          0.004043868277221918,
          0.012625358998775482,
          0.030359791591763496,
          0.04073985293507576,
          0.04511029273271561
        ]
      },
      {
        "band": 12,
        "gpoints": 8,
        "max_abs": 0.14013671875,
        "max_rel": 8.817964522852503e-05,
        "pass": true,
        "top_layer_col0_jax": [
          0.018211446702480316,
          0.17268730700016022,
          1.0339258909225464,
          4.724830150604248,
          15.380001068115234,
          34.163841247558594,
          67.18573760986328,
          87.39756774902344
        ],
        "top_layer_col0_ref": [
          0.018211446702480316,
          0.17268730700016022,
          1.0339258909225464,
          4.724830150604248,
          15.380001068115234,
          34.163841247558594,
          67.18572998046875,
          87.39756774902344
        ]
      },
      {
        "band": 13,
        "gpoints": 6,
        "max_abs": 2.8908252716064453e-05,
        "max_rel": 4.0106241018992896e-05,
        "pass": true,
        "top_layer_col0_jax": [
          8.959091186523438,
          11.631518363952637,
          27.400333404541016,
          70.70637512207031,
          96.6906967163086,
          101.68199157714844
        ],
        "top_layer_col0_ref": [
          8.959091186523438,
          11.631518363952637,
          27.400333404541016,
          70.70636749267578,
          96.6906967163086,
          101.68199157714844
        ]
      }
    ],
    "intermediate_oracle_pass": true,
    "sw_setcoef_pass": true,
    "sw_sfluxzen_pass": true,
    "sw_taug_all_bands_pass": true,
    "sw_taug_per_band_pass": [
      {
        "band": 1,
        "pass": true
      },
      {
        "band": 2,
        "pass": true
      },
      {
        "band": 3,
        "pass": true
      },
      {
        "band": 4,
        "pass": true
      },
      {
        "band": 5,
        "pass": true
      },
      {
        "band": 6,
        "pass": true
      },
      {
        "band": 7,
        "pass": true
      },
      {
        "band": 8,
        "pass": true
      },
      {
        "band": 9,
        "pass": true
      },
      {
        "band": 10,
        "pass": true
      },
      {
        "band": 11,
        "pass": true
      },
      {
        "band": 12,
        "pass": true
      },
      {
        "band": 13,
        "pass": true
      },
      {
        "band": 14,
        "pass": true
      }
    ],
    "sw_taur_pass": true
  },
  "before": {
    "constant_o3_vmr": 8e-08,
    "failing_bands_1based": [
      9,
      10,
      12,
      13
    ],
    "note": "Against the constant-8e-8 oracle, bands 9/10/12/13 failed entirely at the extra top layer. Example band-9 col0 TOP jax_top[g=8] ~ [3.19e-3,7.52e-3,1.62e-2,2.54e-2,4.41e-2,2.19e-1,3.04e0,6.57e1] vs constant-oracle ref ~ [1.34e-4,3.54e-4,7.77e-4,1.15e-3,1.41e-2,1.90e-1,3.03e0,6.57e1] (top-layer climatology ozone ~28x the 8e-8 constant). Band 12 all-layer max_abs ~1.04e4."
  },
  "integrated_flux_gate": {
    "tier1_lw_pass": true,
    "tier1_sw_flux_down_max_abs_w_m2": 0.07147216796875,
    "tier1_sw_flux_up_max_abs_w_m2": 0.0467681884765625,
    "tier1_sw_pass": true,
    "tolerance_w_m2": 1.0
  },
  "ki": "KI-6",
  "root_cause": "Oracle ozone-source mismatch, NOT a top-layer pressure/temperature bug. JAX kernel uses the WRF O3DATA climatology (o3input=0); the SW intermediate-oracle harness used a constant 8e-8 VMR. Fixed by making the harness use the climatology and regenerating the oracle vs the independent pristine WRFv4 build.",
  "title": "RRTMG-SW intermediate taug UV-band fidelity (extra model-top layer)"
}
