{
  "window_min": 120.0,
  "nsteps": 2400,
  "dt": 3.0,
  "qv0_init_kgkg": 0.011108582839369774,
  "lev0": {
    "qv_final_ED": 0.01043047168819315,
    "qv_final_MF": 0.00995343338280428,
    "MF_minus_ED_kgkg": -0.0004770383053888695
  },
  "lev1": {
    "qv_final_ED": 0.010423030505366384,
    "qv_final_MF": 0.009937565039642306,
    "MF_minus_ED_kgkg": -0.00048546546572407825
  },
  "equiv_t2_qair_dry_bias_kgkg": -0.001739,
  "note": "MF_minus_ED > 0 at the surface means the missing mass flux was leaving our near-surface TOO DRY (consistent with the equiv-T2 qair dry bias of -1.74e-3 kg/kg). Magnitudes are a frozen-forcing single-column proxy, not the full coupled GPU run."
}