{
  "schema": "M21TostResult",
  "schema_version": 1,
  "n_cases": {
    "T2": 3,
    "U10": 3,
    "V10": 3
  },
  "per_case_deltas": {
    "T2": [
      0.6353271578159374,
      0.9078545682136365,
      0.6597911615395824
    ],
    "U10": [
      0.10173036396830071,
      0.2838312930581366,
      0.16660200568419237
    ],
    "V10": [
      0.25041703050645725,
      0.23004577231360912,
      0.2771849680320013
    ]
  },
  "empirical_sigma": {
    "T2": 0.15077860736136917,
    "U10": 0.09229642832787847,
    "V10": 0.02364182174561286
  },
  "tost": {
    "T2": {
      "status": "OK",
      "n": 3,
      "mean_delta": 0.7343242958563855,
      "sd_delta": 0.15077860736136917,
      "margin": 0.2148692978020805,
      "p_lower": 0.0041531834886188775,
      "p_upper": 0.986523040317421,
      "tost_p": 0.986523040317421,
      "ci90": [
        0.4801335080359157,
        0.9885150836768553
      ],
      "equivalent": false
    },
    "U10": {
      "status": "OK",
      "n": 3,
      "mean_delta": 0.18405455423687656,
      "sd_delta": 0.09229642832787847,
      "margin": 0.23064713972582307,
      "p_lower": 0.008056572751998477,
      "p_upper": 0.23706209405991804,
      "tost_p": 0.23706209405991804,
      "ci90": [
        0.028456208820072743,
        0.3396528996536804
      ],
      "equivalent": false
    },
    "V10": {
      "status": "OK",
      "n": 3,
      "mean_delta": 0.25254925695068925,
      "sd_delta": 0.02364182174561286,
      "margin": 0.2752320537920854,
      "p_lower": 0.00033409283220899803,
      "p_upper": 0.11922167728963007,
      "tost_p": 0.11922167728963007,
      "ci90": [
        0.21269258629829707,
        0.29240592760308143
      ],
      "equivalent": false
    }
  },
  "all_variables_equivalent": false
}
