{
  "columns": {
    "DZ": [
      200.9575653076172,
      254.3655548095703,
      279.3724365234375,
      296.9609375,
      310.7650146484375,
      322.2279052734375,
      332.08349609375,
      340.760986328125,
      348.53369140625,
      355.587890625,
      362.05615234375,
      368.037109375,
      373.605224609375,
      378.8193359375,
      383.724609375,
      388.3603515625,
      392.7568359375,
      396.939453125,
      400.9306640625,
      404.7490234375,
      408.40869140625,
      411.9267578125,
      415.31103515625,
      418.57568359375,
      421.7265625,
      424.775390625,
      427.7275390625,
      430.5888671875,
      433.3662109375,
      436.0654296875,
      438.6884765625,
      441.2451171875
    ],
    "P": [
      99679.59375,
      97167.0078125,
      94278.1015625,
      91226.921875,
      88085.5625,
      84897.53125,
      81696.8828125,
      78508.109375,
      75346.625,
      72224.375,
      69150.8203125,
      66133.515625,
      63178.5078125,
      60290.65234375,
      57473.828125,
      54731.09375,
      52064.8125,
      49476.765625,
      46968.234375,
      44540.0546875,
      42192.7109375,
      39926.33203125,
      37740.78125,
      35635.67578125,
      33610.3984375,
      31664.158203125,
      29795.98046875,
      28004.75390625,
      26289.23828125,
      24648.0859375,
      23079.84765625,
      21582.9921875
    ],
    "PI": [
      0.9990835189819336,
      0.9918224811553955,
      0.9833062887191772,
      0.9741067886352539,
      0.9644028544425964,
      0.9542986154556274,
      0.9438779950141907,
      0.933201789855957,
      0.9223067164421082,
      0.911221444606781,
      0.8999695181846619,
      0.8885704874992371,
      0.8770408630371094,
      0.8653947710990906,
      0.8536447286605835,
      0.8418015837669373,
      0.8298749327659607,
      0.8178734183311462,
      0.8058046698570251,
      0.7936756610870361,
      0.7814928293228149,
      0.7692617177963257,
      0.7569876909255981,
      0.7446756362915039,
      0.7323299050331116,
      0.7199546098709106,
      0.7075535655021667,
      0.6951302886009216,
      0.6826879978179932,
      0.6702298521995544,
      0.6577586531639099,
      0.6452770233154297
    ],
    "QV": [
      0.01539346482604742,
      0.01410290692001581,
      0.0127271693199873,
      0.01139193493872881,
      0.01013541035354137,
      0.008973770774900913,
      0.00791276153177023,
      0.006952377501875162,
      0.006089262198656797,
      0.005318114999681711,
      0.004632563795894384,
      0.004025736823678017,
      0.003490637755021453,
      0.003020394127815962,
      0.002608419163152575,
      0.002248506993055344,
      0.001934892265126109,
      0.001662274589762092,
      0.001425824826583266,
      0.001221173093654215,
      0.001044392469339073,
      0.000891971227247268,
      0.000760784256272018,
      0.0006480624433606863,
      0.000551361299585551,
      0.0004685305757448077,
      0.0003976844309363514,
      0.0003371736675035208,
      0.0002855600323528051,
      0.0002415930212009698,
      0.0002041862608166412,
      0.0001723995083011687
    ],
    "RQCBLTEN": [
      0.0,
      0.0,
      0.0,
      0.0,
      0.0,
      0.0,
      0.0,
      0.0,
      0.0,
      0.0,
      0.0,
      0.0,
      0.0,
      0.0,
      0.0,
      0.0,
      0.0,
      0.0,
      0.0,
      0.0,
      0.0,
      0.0,
      0.0,
      0.0,
      0.0,
      0.0,
      0.0,
      0.0,
      0.0,
      0.0,
      0.0,
      0.0
    ],
    "RQVBLTEN": [
      -1.432475073670503e-06,
      -9.458279919272172e-07,
      -3.046045833343669e-07,
      1.608239017514279e-07,
      4.316214585742273e-07,
      5.309237280926027e-07,
      4.929723331770219e-07,
      3.542906483744446e-07,
      1.495548929142387e-07,
      3.864988773472078e-09,
      2.211891225734064e-10,
      1.940255456300832e-10,
      1.765632501316006e-10,
      1.55220433728509e-10,
      1.377581382300264e-10,
      1.183555892181332e-10,
      1.067140473209882e-10,
      9.119200533591609e-11,
      8.052060407326422e-11,
      6.887906911501318e-11,
      6.014792136577185e-11,
      5.19018335254362e-11,
      4.462587591125278e-11,
      3.783498167542199e-11,
      3.298434442244869e-11,
      2.861876881310454e-11,
      2.401066151458409e-11,
      2.061521439666869e-11,
      1.746229896792961e-11,
      1.527951203061928e-11,
      1.309672422594721e-11,
      7.239578381224021e-11
    ],
    "RTHBLTEN": [
      0.001988516887649894,
      6.794864020776004e-05,
      -4.241543138050474e-05,
      5.012605470255949e-05,
      0.0004638485261239111,
      0.0005561693105846643,
      -0.0002573098172433674,
      -0.0002823274116963148,
      -0.0001411768316756934,
      -1.953632818185724e-06,
      0.0,
      0.0,
      5.799345785817422e-07,
      0.0,
      2.979145392600913e-07,
      0.0,
      3.064475890823815e-07,
      3.109444151050411e-07,
      3.156015111471788e-07,
      -3.204245331289712e-07,
      1.627098527023918e-07,
      0.0,
      -1.67977077580872e-07,
      -1.707543191287186e-07,
      0.0,
      1.766175046213903e-07,
      -1.797130124714386e-07,
      0.0,
      -1.862587026835172e-07,
      1.897208505852177e-07,
      1.933179873958579e-07,
      -3.941147042496596e-06
    ],
    "RUBLTEN": [
      0.0001759926526574418,
      0.0002677321608643979,
      0.0001408696261933073,
      1.67171165230684e-05,
      -8.1523263361305e-05,
      -0.0001454949524486437,
      -0.0001690626231720671,
      -0.000146683058119379,
      -7.305940380319953e-05,
      -1.152356503553165e-06,
      3.178914553814138e-08,
      3.973643103449831e-08,
      2.384186004178446e-08,
      2.384186004178446e-08,
      3.178914553814138e-08,
      3.178914553814138e-08,
      2.384186004178446e-08,
      1.589457276907069e-08,
      1.589457276907069e-08,
      3.178914553814138e-08,
      1.589457276907069e-08,
      3.178914553814138e-08,
      1.589457276907069e-08,
      0.0,
      3.178914553814138e-08,
      1.589457276907069e-08,
      1.589457276907069e-08,
      1.589457276907069e-08,
      1.589457276907069e-08,
      0.0,
      3.178914553814138e-08,
      -2.018610757659189e-06
    ],
    "RVBLTEN": [
      4.399816316436045e-05,
      6.693304021609947e-05,
      3.521740654832684e-05,
      4.1792791307671e-06,
      -2.038081584032625e-05,
      -3.637373811216094e-05,
      -4.226565579301678e-05,
      -3.667076452984475e-05,
      -1.826485095079988e-05,
      -2.880891258882912e-07,
      7.947286384535346e-09,
      9.934107758624577e-09,
      5.960465010446114e-09,
      5.960465010446114e-09,
      7.947286384535346e-09,
      7.947286384535346e-09,
      5.960465010446114e-09,
      3.973643192267673e-09,
      3.973643192267673e-09,
      7.947286384535346e-09,
      3.973643192267673e-09,
      7.947286384535346e-09,
      3.973643192267673e-09,
      0.0,
      7.947286384535346e-09,
      3.973643192267673e-09,
      3.973643192267673e-09,
      3.973643192267673e-09,
      3.973643192267673e-09,
      0.0,
      7.947286384535346e-09,
      -5.046526894147974e-07
    ],
    "T": [
      301.7432861328125,
      299.5954895019531,
      297.0755004882812,
      294.3523254394531,
      291.4786071777344,
      288.8408508300781,
      286.8601989746094,
      284.8085632324219,
      282.6913452148438,
      280.5127258300781,
      278.2760314941406,
      275.9839782714844,
      273.6388244628906,
      271.2423706054688,
      268.7962951660156,
      266.3020324707031,
      263.7607116699219,
      261.1733703613281,
      258.541015625,
      255.8643951416016,
      253.1443023681641,
      250.38134765625,
      247.576171875,
      244.7293090820312,
      241.8412322998047,
      238.9124450683594,
      235.9432830810547,
      232.9342041015625,
      229.885498046875,
      226.7975616455078,
      223.6706390380859,
      220.5050811767578
    ],