{
  "columns": {
    "DZ": [
      200.9575653076172,
      254.3655548095703,
      279.3724365234375,
      296.9609375,
      310.7650146484375,
      322.2279052734375,
      332.08349609375,
      340.760986328125,
      348.53369140625,
      355.587890625,
      362.05615234375,
      368.037109375,
      373.605224609375,
      378.8193359375,
      383.724609375,
      388.3603515625,
      392.7568359375,
      396.939453125,
      400.9306640625,
      404.7490234375,
      408.40869140625,
      411.9267578125,
      415.31103515625,
      418.57568359375,
      421.7265625,
      424.775390625,
      427.7275390625,
      430.5888671875,
      433.3662109375,
      436.0654296875,
      438.6884765625,
      441.2451171875
    ],
    "P": [
      98877.34375,
      96360.109375,
      93466.734375,
      90411.921875,
      87269.921875,
      84089.359375,
      80903.3125,
      77732.125,
      74591.046875,
      71491.8828125,
      68443.890625,
      65454.390625,
      62529.2109375,
      59672.96875,
      56889.2890625,
      54180.9921875,
      51550.1875,
      48998.42578125,
      46526.75390625,
      44135.7890625,
      41825.796875,
      39596.7109375,
      37448.203125,
      35379.703125,
      33390.4375,
      31479.4453125,
      29645.619140625,
      27887.716796875,
      26204.3828125,
      24594.16015625,
      23055.5078125,
      21586.8125
    ],
    "PI": [
      0.9967795014381409,
      0.9894622564315796,
      0.9808809757232666,
      0.9716123938560486,
      0.961842954158783,
      0.9516942501068115,
      0.9412492513656616,
      0.9305570721626282,
      0.9196546673774719,
      0.9085714221000671,
      0.897331178188324,
      0.8859537839889526,
      0.8744560480117798,
      0.8628523349761963,
      0.8511551022529602,
      0.8393754363059998,
      0.8275229930877686,
      0.8156063556671143,
      0.8036332726478577,
      0.7916107177734375,
      0.7795450091362,
      0.7674418091773987,
      0.7553063631057739,
      0.7431433796882629,
      0.7309573292732239,
      0.7187521457672119,
      0.7065315842628479,
      0.694299042224884,
      0.6820577383041382,
      0.6698105335235596,
      0.6575603485107422,
      0.6453096270561218
    ],
    "QV": [
      0.01340155676007271,
      0.01213856600224972,
      0.01080876868218184,
      0.009535939432680607,
      0.008355778641998768,
      0.007281568832695484,
      0.006316117476671934,
      0.005456645041704178,
      0.004697298165410757,
      0.004030609503388405,
      0.003448391798883677,
      0.002942301332950592,
      0.002504190430045128,
      0.002126324689015746,
      0.001801508711650968,
      0.001523148966953158,
      0.001285273698158562,
      0.001082527684047818,
      0.0009101451141759753,
      0.0007639147224836051,
      0.000640137295704335,
      0.0005355793982744217,
      0.0004474275920074433,
      0.000373245042283088,
      0.0003109277749899775,
      0.000258666230365634,
      0.0002149083593394607,
      0.0001783274638000876,
      0.0001477918558521196,
      0.0001223392609972507,
      0.0001011530257528648,
      8.354159217560664e-05
    ],
    "RQCBLTEN": [
      0.0,
      0.0,
      0.0,
      0.0,
      0.0,
      0.0,
      0.0,
      0.0,
      0.0,
      0.0,
      0.0,
      0.0,
      0.0,
      0.0,
      0.0,
      0.0,
      0.0,
      0.0,
      0.0,
      0.0,
      0.0,
      0.0,
      0.0,
      0.0,
      0.0,
      0.0,
      0.0,
      0.0,
      0.0,
      0.0,
      0.0,
      0.0
    ],
    "RQVBLTEN": [
      -7.513367563660722e-07,
      -5.167520953364146e-07,
      -2.402812349089345e-08,
      2.850856049008144e-07,
      4.009266376669984e-07,
      3.562658150713105e-07,
      1.912859062258576e-07,
      1.365939805708649e-08,
      2.677552624064106e-10,
      2.328306436538696e-10,
      2.095475876151554e-10,
      1.823840106718322e-10,
      1.610412081465284e-10,
      1.396983917434369e-10,
      1.202958427315437e-10,
      1.057439205642829e-10,
      9.022187857921082e-11,
      7.761021686425451e-11,
      6.548361852765083e-11,
      5.578234402170423e-11,
      4.656613289411027e-11,
      4.026030203663211e-11,
      3.346940780080132e-11,
      2.861876881310454e-11,
      2.376812982540777e-11,
      2.013015101831606e-11,
      1.697723558957698e-11,
      1.394558600542606e-11,
      1.176279906811573e-11,
      9.822542952619973e-12,
      8.306719027906251e-12,
      3.99571348230765e-11
    ],
    "RTHBLTEN": [
      0.001157801831141114,
      -1.490725207986543e-05,
      -7.778104986755352e-07,
      0.0002803272218443453,
      0.0003661967057269067,
      -0.000218854402191937,
      -0.0001545468694530427,
      -9.838487130764406e-06,
      0.0,
      0.0,
      0.0,
      0.0,
      0.0,
      0.0,
      0.0,
      3.029790320852044e-07,
      3.073185439461668e-07,
      0.0,
      3.164542476952192e-07,
      0.0,
      -1.63116411044939e-07,
      -1.656888883871943e-07,
      0.0,
      0.0,
      -1.739589663429797e-07,
      -3.538259534252575e-07,
      1.79972957425889e-07,
      -3.662876508769841e-07,
      -1.864308245558277e-07,
      1.898396249089274e-07,
      1.933762945327544e-07,
      -4.532090315478854e-06
    ],
    "RUBLTEN": [
      -2.693335409276187e-05,
      0.0001211921407957561,
      3.536542499205098e-05,
      -4.201730189379305e-05,
      -8.928776514949277e-05,
      -9.835561650106683e-05,
      -6.273190228966996e-05,
      -4.374981017463142e-06,
      3.178914553814138e-08,
      3.178914553814138e-08,
      2.384186004178446e-08,
      2.384186004178446e-08,
      2.384186004178446e-08,
      2.384186004178446e-08,
      2.384186004178446e-08,
      1.589457276907069e-08,
      7.947286384535346e-09,
      7.947286384535346e-09,
      1.589457276907069e-08,
      3.178914553814138e-08,
      1.589457276907069e-08,
      7.947286384535346e-09,
      1.589457276907069e-08,
      0.0,
      0.0,
      3.178914553814138e-08,
      1.589457276907069e-08,
      3.178914553814138e-08,
      1.589457276907069e-08,
      1.589457276907069e-08,
      1.589457276907069e-08,
      -1.47819525864179e-06
    ],
    "RVBLTEN": [
      -6.733338523190469e-06,
      3.029803519893903e-05,
      8.841356248012744e-06,
      -1.050432547344826e-05,
      -2.232194128737319e-05,
      -2.458890412526671e-05,
      -1.568297557241749e-05,
      -1.093745254365786e-06,
      7.947286384535346e-09,
      7.947286384535346e-09,
      5.960465010446114e-09,
      5.960465010446114e-09,
      5.960465010446114e-09,
      5.960465010446114e-09,
      5.960465010446114e-09,
      3.973643192267673e-09,
      1.986821596133836e-09,
      1.986821596133836e-09,
      3.973643192267673e-09,
      7.947286384535346e-09,
      3.973643192267673e-09,
      1.986821596133836e-09,
      3.973643192267673e-09,
      0.0,
      0.0,
      7.947286384535346e-09,
      3.973643192267673e-09,
      7.947286384535346e-09,
      3.973643192267673e-09,
      3.973643192267673e-09,
      3.973643192267673e-09,
      -3.695488146604475e-07
    ],
    "T": [
      299.0639038085938,
      296.9360961914062,
      294.4393920898438,
      291.7411499023438,
      289.2470092773438,
      287.5505065917969,
      285.7803039550781,
      283.9427185058594,
      282.0423889160156,
      280.082763671875,
      278.0666809082031,
      275.9963989257812,
      273.873779296875,
      271.7003173828125,
      269.4773864746094,
      267.2060852050781,
      264.8873596191406,
      262.5220642089844,
      260.1109313964844,
      257.6546325683594,
      255.1537322998047,
      252.6087188720703,
      250.0200958251953,
      247.3882293701172,
      244.7135772705078,
      241.9964141845703,
      239.2370910644531,
      236.4358978271484,
      233.5930938720703,
      230.7089691162109,
      227.7837219238281,
      224.8175964355469
    ],