{
  "columns": {
    "DZ": [
      200.9575653076172,
      254.3655548095703,
      279.3724365234375,
      296.9609375,
      310.7650146484375,
      322.2279052734375,
      332.08349609375,
      340.760986328125,
      348.53369140625,
      355.587890625,
      362.05615234375,
      368.037109375,
      373.605224609375,
      378.8193359375,
      383.724609375,
      388.3603515625,
      392.7568359375,
      396.939453125,
      400.9306640625,
      404.7490234375,
      408.40869140625,
      411.9267578125,
      415.31103515625,
      418.57568359375,
      421.7265625,
      424.775390625,
      427.7275390625,
      430.5888671875,
      433.3662109375,
      436.0654296875,
      438.6884765625,
      441.2451171875
    ],
    "P": [
      99321.3671875,
      96687.8125,
      93679.1875,
      90523.28125,
      87297.234375,
      84045.0625,
      80795.8125,
      77570.140625,
      74383.3125,
      71246.953125,
      68170.015625,
      65159.3984375,
      62220.46875,
      59357.31640625,
      56573.0390625,
      53869.88671875,
      51249.4296875,
      48712.6640625,
      46260.09765625,
      43891.8203125,
      41607.59375,
      39406.859375,
      37288.828125,
      35252.4921875,
      33296.66015625,
      31419.98828125,
      29621.00390625,
      27898.123046875,
      26249.6796875,
      24673.93359375,
      23169.078125,
      21733.26171875
    ],
    "PI": [
      0.9980563521385193,
      0.9904224872589111,
      0.981517493724823,
      0.9719541668891907,
      0.9619289636611938,
      0.9515509605407715,
      0.9408917427062988,
      0.9300026297569275,
      0.9189221262931824,
      0.9076809287071228,
      0.8963038325309753,
      0.8848111629486084,
      0.8732202053070068,
      0.8615458011627197,
      0.8498005270957947,
      0.8379955887794495,
      0.8261407017707825,
      0.8142444491386414,
      0.8023146390914917,
      0.7903580665588379,
      0.7783808708190918,
      0.7663887143135071,
      0.7543864846229553,
      0.7423789501190186,
      0.7303702235221863,
      0.7183640003204346,
      0.7063639163970947,
      0.6943730711936951,
      0.6823943257331848,
      0.670430600643158,
      0.658484160900116,
      0.6465574502944946
    ],
    "QV": [
      0.005634791683405638,
      0.004887455143034458,
      0.004136618226766586,
      0.003454833989962935,
      0.002857251325622201,
      0.002344447653740644,
      0.001910906052216887,
      0.001548541709780693,
      0.001248457818292081,
      0.001001872704364359,
      0.0008006007992662489,
      0.0006372794741764665,
      0.0005054479697719216,
      0.0003995394508820027,
      0.0003148251271340996,
      0.0002473343047313392,
      0.0001937641645781696,
      0.0001513903844170272,
      0.0001179814353235997,
      9.17211000341922e-05,
      7.113935134839267e-05,
      5.505242370418273e-05,
      4.251148857292719e-05,
      3.275923154433258e-05,
      2.519360168662388e-05,
      1.93377272807993e-05,
      1.481516665080562e-05,
      1.13296946437913e-05,
      9.999999747378752e-06,
      9.999999747378752e-06,
      9.999999747378752e-06,
      9.999999747378752e-06
    ],
    "RQCBLTEN": [
      0.0,
      0.0,
      0.0,
      0.0,
      0.0,
      0.0,
      0.0,
      0.0,
      0.0,
      0.0,
      0.0,
      0.0,
      0.0,
      0.0,
      0.0,
      0.0,
      0.0,
      0.0,
      0.0,
      0.0,
      0.0,
      0.0,
      0.0,
      0.0,
      0.0,
      0.0,
      0.0,
      0.0,
      0.0,
      0.0,
      0.0,
      0.0
    ],
    "RQVBLTEN": [
      -3.386909952496353e-08,
      2.308515867355254e-08,
      1.358178847166158e-10,
      2.890980510539265e-10,
      3.317836838601096e-10,
      3.220824162930569e-10,
      2.900681916884196e-10,
      2.522332065435506e-10,
      2.153683620331748e-10,
      1.804437571584216e-10,
      1.484295464315721e-10,
      1.207808991710024e-10,
      9.798289957174688e-11,
      7.882287877958305e-11,
      6.35433650142403e-11,
      5.093170676873093e-11,
      4.026030203663211e-11,
      3.201421419629646e-11,
      2.504142206094517e-11,
      1.970571969489576e-11,
      1.546140993013978e-11,
      1.206596367958612e-11,
      9.428428524027588e-12,
      7.336591403839243e-12,
      5.68434231976167e-12,
      4.380733189396357e-12,
      3.380288887341876e-12,
      6.972793002713029e-12,
      4.267046351674741e-12,
      0.0,
      0.0,
      -7.579122910056444e-15
    ],
    "RTHBLTEN": [
      -0.0001712312659947202,
      -4.981384699931368e-05,
      1.036408093568753e-06,
      5.23302787769353e-07,
      5.287566295919532e-07,
      5.345234512788011e-07,
      2.702895187667309e-07,
      2.73454247690097e-07,
      2.767515923096653e-07,
      2.801790230932966e-07,
      2.83735431594323e-07,
      0.0,
      0.0,
      -2.951824171759654e-07,
      0.0,
      0.0,
      -6.156654990263632e-07,
      0.0,
      -3.169743649777956e-07,
      -3.217695621060557e-07,
      -3.267207375756698e-07,
      -3.318331209811731e-07,
      -3.371125671947084e-07,
      0.0,
      -1.740988011533773e-07,
      -3.540171462645958e-07,
      -3.600313505103259e-07,
      -1.831242997241134e-07,
      -1.863388661149656e-07,
      0.0,
      0.0,
      -8.850020094541833e-06
    ],
    "RUBLTEN": [
      -0.0002174298133468255,
      -5.33103957423009e-05,
      2.717971938182018e-06,
      1.772244900166697e-06,
      1.215934844367439e-06,
      8.583069188716763e-07,
      6.35782896551973e-07,
      4.92731771828403e-07,
      3.814697606685513e-07,
      3.33786033479555e-07,
      2.702077495086996e-07,
      2.384185791015625e-07,
      1.907348803342757e-07,
      2.066294513269895e-07,
      1.907348803342757e-07,
      1.271565821525655e-07,
      1.589457241379932e-07,
      1.271565821525655e-07,
      9.536744016713783e-08,
      9.536744016713783e-08,
      1.271565821525655e-07,
      9.536744016713783e-08,
      1.271565821525655e-07,
      1.271565821525655e-07,
      6.357829107628277e-08,
      6.357829107628277e-08,
      6.357829107628277e-08,
      0.0,
      6.357829107628277e-08,
      6.357829107628277e-08,
      6.357829107628277e-08,
      -1.52587890625e-05
    ],
    "RVBLTEN": [
      -5.435745333670639e-05,
      -1.332759893557522e-05,
      6.794929845455044e-07,
      4.430612250416743e-07,
      3.039837110918597e-07,
      2.145767297179191e-07,
      1.589457241379932e-07,
      1.231829429571007e-07,
      9.536744016713783e-08,
      8.344650836988876e-08,
      6.755193737717491e-08,
      5.960464477539062e-08,
      4.768372008356891e-08,
      5.165736283174738e-08,
      4.768372008356891e-08,
      3.178914553814138e-08,
      3.973643103449831e-08,
      3.178914553814138e-08,
      2.384186004178446e-08,
      2.384186004178446e-08,
      3.178914553814138e-08,
      2.384186004178446e-08,
      3.178914553814138e-08,
      3.178914553814138e-08,
      1.589457276907069e-08,
      1.589457276907069e-08,
      1.589457276907069e-08,
      0.0,
      1.589457276907069e-08,
      1.589457276907069e-08,
      1.589457276907069e-08,
      -3.814697265625e-06
    ],
    "T": [
      287.4450073242188,
      286.7955017089844,
      285.7884826660156,
      284.6844482421875,
      283.5018615722656,
      282.2502136230469,
      280.9353637695312,
      279.561279296875,
      278.1306762695312,
      276.6456604003906,
      275.1077880859375,
      273.5182495117188,
      271.8780517578125,
      270.1879272460938,
      268.4485473632812,
      266.6604309082031,
      264.8240051269531,
      262.9396362304688,
      261.0075988769531,
      259.0282592773438,
      257.0017395019531,
      254.9283294677734,
      252.8081359863281,
      250.6413726806641,
      248.4281616210938,
      246.1686859130859,
      243.8630218505859,
      241.5112915039062,
      239.1136322021484,
      236.6701812744141,
      234.1809844970703,
      231.6461791992188
    ],