{
  "columns": {
    "DZ": [
      200.9575653076172,
      254.3655548095703,
      279.3724365234375,
      296.9609375,
      310.7650146484375,
      322.2279052734375,
      332.08349609375,
      340.760986328125,
      348.53369140625,
      355.587890625,
      362.05615234375,
      368.037109375,
      373.605224609375,
      378.8193359375,
      383.724609375,
      388.3603515625,
      392.7568359375,
      396.939453125,
      400.9306640625,
      404.7490234375,
      408.40869140625,
      411.9267578125,
      415.31103515625,
      418.57568359375,
      421.7265625,
      424.775390625,
      427.7275390625,
      430.5888671875,
      433.3662109375,
      436.0654296875,
      438.6884765625,
      441.2451171875
    ],
    "P": [
      98358.921875,
      95802.0703125,
      92866.734375,
      89774.71875,
      86604.6875,
      83401.15625,
      80192.6640625,
      76999.71875,
      73837.6875,
      70718.46875,
      67651.375,
      64643.80078125,
      61701.6171875,
      58829.484375,
      56031.07421875,
      53309.23828125,
      50666.13671875,
      48103.34765625,
      45621.953125,
      43222.6015625,
      40905.578125,
      38670.859375,
      36518.12109375,
      34446.8203125,
      32456.1875,
      30545.28515625,
      28712.998046875,
      26958.0859375,
      25279.181640625,
      23674.818359375,
      22143.4375,
      20683.40625
    ],
    "PI": [
      0.9952834844589233,
      0.987821638584137,
      0.9790778160095215,
      0.9696509838104248,
      0.9597424268722534,
      0.9494622945785522,
      0.9388796091079712,
      0.9280434846878052,
      0.9169911742210388,
      0.9057521820068359,
      0.8943501710891724,
      0.8828050494194031,
      0.8711335062980652,
      0.8593498468399048,
      0.8474665284156799,
      0.8354944586753845,
      0.8234431743621826,
      0.8113214373588562,
      0.799136757850647,
      0.7868961095809937,
      0.7746057510375977,
      0.7622714638710022,
      0.749898374080658,
      0.7374913096427917,
      0.7250545620918274,
      0.7125924229621887,
      0.7001084089279175,
      0.6876060962677002,
      0.6750887036323547,
      0.6625593304634094,
      0.6500206589698792,
      0.6374754309654236
    ],
    "QV": [
      0.007565663196146488,
      0.006666809320449829,
      0.005748165771365166,
      0.00489781005308032,
      0.004137018695473671,
      0.003469963790848851,
      0.002893280470743775,
      0.002400050405412912,
      0.001981826731935143,
      0.001629754900932312,
      0.001335203880444169,
      0.001090111909434199,
      0.0008871587342582643,
      0.0007198314415290952,
      0.0005824243417009711,
      0.0004699993587564677,
      0.0003783252323046327,
      0.0003038074646610767,
      0.0002434139605611563,
      0.0001946033880813047,
      0.0001552577159600332,
      0.0001236203679582104,
      9.824138396652415e-05,
      7.792855467414483e-05,
      6.170562119223177e-05,
      4.877586616203189e-05,
      3.849118365906179e-05,
      3.032608401554171e-05,
      2.385562220297288e-05,
      1.87372206710279e-05,
      1.469525705033448e-05,
      1.150864500232274e-05
    ],
    "RQCBLTEN": [
      0.0,
      0.0,
      0.0,
      0.0,
      0.0,
      0.0,
      0.0,
      0.0,
      0.0,
      0.0,
      0.0,
      0.0,
      0.0,
      0.0,
      0.0,
      0.0,
      0.0,
      0.0,
      0.0,
      0.0,
      0.0,
      0.0,
      0.0,
      0.0,
      0.0,
      0.0,
      0.0,
      0.0,
      0.0,
      0.0,
      0.0,
      0.0
    ],
    "RQVBLTEN": [
      -2.287561216007816e-07,
      3.131572157144547e-08,
      1.26407641687365e-07,
      3.513026669565988e-08,
      3.10440867457018e-10,
      2.832772905136949e-10,
      2.502929530301401e-10,
      2.211891225734064e-10,
      1.901450386032622e-10,
      1.62981461659939e-10,
      1.348477579599106e-10,
      1.125348148001137e-10,
      9.507251930163108e-11,
      7.906540699931242e-11,
      6.49985551492982e-11,
      5.384209050829369e-11,
      4.414081253290014e-11,
      3.565219300338818e-11,
      2.898256634686902e-11,
      2.364686398081961e-11,
      1.891749083771099e-11,
      1.527951203061928e-11,
      1.224786244646836e-11,
      9.883175874914052e-12,
      7.821654782191878e-12,
      6.245197067822339e-12,
      4.941587937457026e-12,
      3.941143852242979e-12,
      3.122598533911169e-12,
      2.470793968728513e-12,
      1.95541369554797e-12,
      7.222904132436758e-12
    ],
    "RTHBLTEN": [
      0.0001134501362685114,
      1.029793907036947e-06,
      5.97419602854643e-06,
      -2.334228884137701e-05,
      -2.649806276622257e-07,
      2.678496855423873e-07,
      0.0,
      2.740315210303379e-07,
      -2.773343510398263e-07,
      2.807756516176596e-07,
      -2.843552522335813e-07,
      -2.880739771171648e-07,
      0.0,
      0.0,
      0.0,
      6.087728365855583e-07,
      3.088411801854818e-07,
      6.269110031098535e-07,
      1.591174196846623e-07,
      3.231851906093652e-07,
      3.283130354247987e-07,
      3.336254508212733e-07,
      0.0,
      0.0,
      0.0,
      0.0,
      -1.816241308461031e-07,
      0.0,
      0.0,
      -1.919172802899993e-07,
      -1.956192932084377e-07,
      -4.38831784776994e-06
    ],
    "RUBLTEN": [
      -0.0001279393909499049,
      -7.70092083257623e-06,
      -3.730853495653719e-05,
      -1.244942450284725e-05,
      3.576278828631985e-08,
      3.178914553814138e-08,
      2.781550278996292e-08,
      1.986821551724915e-08,
      1.986821551724915e-08,
      1.986821551724915e-08,
      1.589457276907069e-08,
      1.192093002089223e-08,
      1.589457276907069e-08,
      1.589457276907069e-08,
      7.947286384535346e-09,
      1.589457276907069e-08,
      1.589457276907069e-08,
      2.384186004178446e-08,
      1.589457276907069e-08,
      2.384186004178446e-08,
      1.589457276907069e-08,
      1.589457276907069e-08,
      1.589457276907069e-08,
      2.384186004178446e-08,
      1.589457276907069e-08,
      7.947286384535346e-09,
      0.0,
      1.589457276907069e-08,
      1.589457276907069e-08,
      0.0,
      7.947286384535346e-09,
      -9.85463543656806e-07
    ],
    "RVBLTEN": [
      -3.198484773747623e-05,
      -1.925230208144058e-06,
      -9.327133739134297e-06,
      -3.112356125711813e-06,
      8.940697071579962e-09,
      7.947286384535346e-09,
      6.95387569749073e-09,
      4.967053879312289e-09,
      4.967053879312289e-09,
      4.967053879312289e-09,
      3.973643192267673e-09,
      2.980232505223057e-09,
      3.973643192267673e-09,
      3.973643192267673e-09,
      1.986821596133836e-09,
      3.973643192267673e-09,
      3.973643192267673e-09,
      5.960465010446114e-09,
      3.973643192267673e-09,
      5.960465010446114e-09,
      3.973643192267673e-09,
      3.973643192267673e-09,
      3.973643192267673e-09,
      5.960465010446114e-09,
      3.973643192267673e-09,
      1.986821596133836e-09,
      0.0,
      3.973643192267673e-09,
      3.973643192267673e-09,
      0.0,
      1.986821596133836e-09,
      -2.463658859142015e-07
    ],
    "T": [
      293.7086181640625,
      291.7315368652344,
      289.4104919433594,
      287.436279296875,
      285.6655578613281,
      283.8077087402344,
      281.8730163574219,
      279.8686218261719,
      277.7997741699219,
      275.6704711914062,
      273.4838562011719,
      271.2425231933594,
      268.9485778808594,
      266.603759765625,
      264.2095642089844,
      261.7672424316406,
      259.2778625488281,
      256.7424926757812,
      254.1618804931641,
      251.5367584228516,
      248.8678131103516,
      246.1556701660156,
      243.4007873535156,
      240.6036834716797,
      237.7647705078125,
      234.8845367431641,
      231.9632415771484,
      229.0012817382812,
      225.9989624023438,
      222.9565887451172,
      219.8744659423828,
      216.7528076171875
    ],