{
  "oracle": "/mnt/data/wrf_gpu2/physics_oracle/microphysics_precip",
  "oracle_kind": "WRF mp_gt_driver single-column PRECIPITATING (active rain/snow/graupel/ice)",
  "dt_s": 18.0,
  "nsed_substeps": 64,
  "wrf_reference": {
    "wrf_rainncv_mm_per_col": [
      0.018857767805457115,
      0.026613179594278336,
      0.03278670832514763,
      0.03933486342430115,
      0.04621913284063339,
      0.05340641736984253,
      0.060871273279190063,
      0.06858163326978683
    ],
    "wrf_total_rainncv_mm": 0.34667097590863705
  },
  "faithful_explicit": {
    "label": "faithful_explicit",
    "n_columns": 8,
    "n_levels": 44,
    "per_field": {
      "qv": {
        "active_cells": 352,
        "max_abs": 1.449897435485412e-05,
        "max_rel": 0.020481847433572897,
        "mean_rel": 0.004609150462570367
      },
      "qc": {
        "active_cells": 189,
        "max_abs": 2.2305209179890664e-08,
        "max_rel": 9.933667872572322e-05,
        "mean_rel": 7.533631778533897e-06
      },
      "qr": {
        "active_cells": 176,
        "max_abs": 3.818381453014408e-06,
        "max_rel": 0.004059445873549803,
        "mean_rel": 0.0008037229739594081
      },
      "qi": {
        "active_cells": 104,
        "max_abs": 8.730310112152598e-06,
        "max_rel": 0.07883061190261328,
        "mean_rel": 0.03758208933342204
      },
      "qs": {
        "active_cells": 176,
        "max_abs": 2.565240791907431e-05,
        "max_rel": 0.5890136822094644,
        "mean_rel": 0.08875921588640973
      },
      "qg": {
        "active_cells": 102,
        "max_abs": 0.0008622994001407885,
        "max_rel": 1.0,
        "mean_rel": 0.6130569422857403
      },
      "ni": {
        "active_cells": 104,
        "max_abs": 8959.616654157071,
        "max_rel": 0.07224232878923441,
        "mean_rel": 0.017722840202288013
      },
      "nr": {
        "active_cells": 176,
        "max_abs": 259.8938766061756,
        "max_rel": 0.03566433687248576,
        "mean_rel": 0.01766161241765014
      }
    },
    "precip_mass": {
      "surface_precip_mm_per_col": [
        0.018592042073359214,
        0.02622868899003071,
        0.03227369684614412,
        0.03867906191951245,
        0.04540890313568939,
        0.05243296800017189,
        0.059728878149449764,
        0.06726800593360091
      ],
      "total_surface_precip_mm": 0.34061224504795845,
      "cloudw_surface_sink_mm": 0.0003937857065151604,
      "water_closure_max_abs_residual_kg_m2": 9.41823913332418e-05,
      "water_closure_max_rel_residual": 2.2881706046870696e-06
    },
    "precip_by_species_mm": {
      "rain": 0.34061224504795845,
      "snow": 0.0,
      "graupel": 0.0,
      "ice": 0.0,
      "cloudw": 0.0003937857065151604
    }
  },
  "implicit_be_nsub1": {
    "label": "implicit_be_nsub1",
    "n_columns": 8,
    "n_levels": 44,
    "per_field": {
      "qv": {
        "active_cells": 352,
        "max_abs": 1.449897435485412e-05,
        "max_rel": 0.020481847433572897,
        "mean_rel": 0.004609150462570367
      },
      "qc": {
        "active_cells": 189,
        "max_abs": 9.307344271512215e-06,
        "max_rel": 1.0,
        "mean_rel": 0.0071201246260073165
      },
      "qr": {
        "active_cells": 176,
        "max_abs": 0.0005718958031379768,
        "max_rel": 0.4737554818842757,
        "mean_rel": 0.051123842284239336
      },
      "qi": {
        "active_cells": 104,
        "max_abs": 8.73147949325758e-06,
        "max_rel": 0.07884117086636933,
        "mean_rel": 0.04129015471990731
      },
      "qs": {
        "active_cells": 176,
        "max_abs": 1.771312214324464e-05,
        "max_rel": 3.728821506004877,
        "mean_rel": 0.22420043315986202
      },
      "qg": {
        "active_cells": 102,
        "max_abs": 0.0008706386744961982,
        "max_rel": 0.9979155963561362,
        "mean_rel": 0.6107713224984085
      },
      "ni": {
        "active_cells": 104,
        "max_abs": 8643.65802535208,
        "max_rel": 0.06969472122665692,
        "mean_rel": 0.021455274252532096
      },
      "nr": {
        "active_cells": 176,
        "max_abs": 2069.31737636063,
        "max_rel": 0.3859314506583616,
        "mean_rel": 0.05249917226656684
      }
    },
    "precip_mass": {
      "surface_precip_mm_per_col": [
        0.034238595422768074,
        0.04207228783962221,
        0.05025985035441447,
        0.05873337097828176,
        0.0674604924018297,
        0.07641488859730437,
        0.08557909555890149,
        0.09492677101301364
      ],
      "total_surface_precip_mm": 0.5096853521661358,
      "cloudw_surface_sink_mm": 0.0,
      "water_closure_max_abs_residual_kg_m2": 0.0001329876328818036,
      "water_closure_max_rel_residual": 3.2309478241041013e-06
    },
    "precip_by_species_mm": {
      "rain": 0.5096853521661355,
      "ice": 3.204453912940563e-33,
      "snow": 1.6647409874157242e-16,
      "graupel": 6.7692407315254984e-21
    }
  },
  "implicit_be_nsub2": {
    "label": "implicit_be_nsub2",
    "n_columns": 8,
    "n_levels": 44,
    "per_field": {
      "qv": {
        "active_cells": 352,
        "max_abs": 1.449897435485412e-05,
        "max_rel": 0.020481847433572897,
        "mean_rel": 0.004609150462570367
      },
      "qc": {
        "active_cells": 189,
        "max_abs": 9.307344271512215e-06,
        "max_rel": 1.0,
        "mean_rel": 0.00712012462600741
      },
      "qr": {
        "active_cells": 176,
        "max_abs": 0.0004416586013233014,
        "max_rel": 0.3891725184927667,
        "mean_rel": 0.03684135934978144
      },
      "qi": {
        "active_cells": 104,
        "max_abs": 8.731317269083992e-06,
        "max_rel": 0.0788397060580515,
        "mean_rel": 0.0404089262659137
      },
      "qs": {
        "active_cells": 176,
        "max_abs": 1.7713297664646957e-05,
        "max_rel": 2.8898353382635538,
        "mean_rel": 0.18757360747159735
      },
      "qg": {
        "active_cells": 102,
        "max_abs": 0.0008686958176106913,
        "max_rel": 1.0,
        "mean_rel": 0.6119393910251495
      },
      "ni": {
        "active_cells": 104,
        "max_abs": 8718.670879690704,
        "max_rel": 0.07029955773872303,
        "mean_rel": 0.02056783772031545
      },
      "nr": {
        "active_cells": 176,
        "max_abs": 1517.7354989785986,
        "max_rel": 0.306491251678942,
        "mean_rel": 0.04166655447426957
      }
    },
    "precip_mass": {
      "surface_precip_mm_per_col": [
        0.030796864456960844,
        0.038053386760590426,
        0.045660522562979214,
        0.053559705647323964,
        0.06171844937355088,
        0.07011023683432445,
        0.07871711617774182,
        0.08751301204650083
      ],
      "total_surface_precip_mm": 0.4661292938599725,
      "cloudw_surface_sink_mm": 0.0,
      "water_closure_max_abs_residual_kg_m2": 0.0001225758528413945,
      "water_closure_max_rel_residual": 2.9779925880596437e-06
    },
    "precip_by_species_mm": {
      "rain": 0.4661292938599725,
      "ice": 1.3717836543378694e-40,
      "snow": 4.583641354355701e-21,
      "graupel": 1.20739907660975e-25
    }
  },
  "implicit_be_nsub4": {
    "label": "implicit_be_nsub4",
    "n_columns": 8,
    "n_levels": 44,
    "per_field": {
      "qv": {
        "active_cells": 352,
        "max_abs": 1.449897435485412e-05,
        "max_rel": 0.020481847433572897,
        "mean_rel": 0.004609150462570367
      },
      "qc": {
        "active_cells": 189,
        "max_abs": 9.307344271512215e-06,
        "max_rel": 1.0,
        "mean_rel": 0.00712012462600741
      },
      "qr": {
        "active_cells": 176,
        "max_abs": 0.00034630887452557634,
        "max_rel": 0.32716733342001286,
        "mean_rel": 0.027597114260854812
      },
      "qi": {
        "active_cells": 104,
        "max_abs": 8.731189582339853e-06,
        "max_rel": 0.07883855310654772,
        "mean_rel": 0.03995736507058158
      },
      "qs": {
        "active_cells": 176,