{
  "config": {
    "DT": 3.0,
    "ACOUSTIC": 4,
    "RADCAD": 600,
    "radt_min": 30.0,
    "case": "20260521_18z_l3_24h_20260522T133443Z",
    "domain": "d03",
    "edmf": true
  },
  "stability": {
    "edmf": true,
    "worst_maxabs_W_mps": 6.442733312112037,
    "worst_maxabs_W_lead": "step1200",
    "nan_or_inf": false,
    "first_bad_field": null,
    "first_bad_step": null,
    "per_lead_maxabs_W": {
      "step600": 6.249399395874204,
      "step1200": 6.442733312112037,
      "step1800": 6.168867508640024,
      "step2400": 6.121022026854199,
      "step3000": 5.893670281508051,
      "step3600": 5.401740140273481,
      "step4200": 4.774134508588217,
      "step4800": 4.341960478624219,
      "step5400": 4.248042633443988,
      "step6000": 4.178239542602735,
      "step6600": 4.1316768270710424,
      "step7200": 4.105522359168238,
      "step7800": 4.018728321370802,
      "step8400": 3.914407656945699,
      "step9000": 3.7941955282661595,
      "step9600": 3.7647949563501664,
      "step10200": 3.772863741254801,
      "step10800": 3.7005801730811516,
      "step11400": 3.648923337790349,
      "step12000": 3.6828624774428556,
      "step12600": 3.7672108739264187,
      "step13200": 3.8314763491415227,
      "step13800": 3.8454970405550553,
      "step14400": 3.7994184295665208,
      "step15000": 3.8674647818935384,
      "step15600": 3.9563244691958532,
      "step16200": 4.040561569669091,
      "step16800": 4.116209471471384,
      "step17400": 4.184403099286081,
      "step18000": 4.245718258182672,
      "step18600": 4.297357103681308,
      "step19200": 4.340996531782121,
      "step19800": 4.378049257811576,
      "step20400": 4.409899052147346,
      "step21000": 4.437742717176036,
      "step21600": 4.461129201186059,
      "step22200": 4.484485586678395,
      "step22800": 4.510321985605544,
      "step23400": 4.542548435551313,
      "step24000": 4.582172444053787,
      "step24600": 4.629307406254526,
      "step25200": 4.684334545262003
    },
    "physical": true,
    "verdict": "STABLE"
  },
  "leads": [
    {
      "lead": 15,
      "label": "09:00:00",
      "radt_min": 30.0,
      "gpu_SWDOWN_held_land": 526.0565304917844,
      "wrf_SWDOWN_land": 534.8863916795435,
      "SWDOWN_resid_pct": -1.6507918924677303,
      "gpu_GLW_held_land": 309.169533720104,
      "wrf_GLW_land": 301.53289753681906,
      "gpu_T2_land": 292.8857837817338,
      "wrf_T2_land": 291.9207195909955,
      "T2_bias": 0.9650641907383033,
      "gpu_sfctmp_land": 290.9435778660805,
      "wrf_lev0_T_land": 291.06227397895753,
      "sfctmp_bias_vs_lev0": -0.11869611287704629,
      "gpu_qair_land": 0.00876895308838405,
      "wrf_lev0_QV_land": 0.008666757866969053,
      "qair_bias_vs_lev0": 0.00010219522141499682,
      "gpu_wspd_land": 2.314374428119381,
      "wrf_lev0_wspd_land": 2.318830467156291,
      "wspd_bias_vs_lev0": -0.004456039036909942,
      "gpu_zlvl_land": 25.072357370743717,
      "wrf_lev0_zlvl_land": 25.25467347226571,
      "zlvl_bias_vs_lev0": -0.1823161015219945,
      "wrf_T2_for_forcing": 291.9207195909955,
      "sfctmp_bias_vs_T2": -0.9771417249149863,
      "wrf_Q2_for_forcing": 0.008813174696597991,
      "qair_bias_vs_Q2": -4.4221608213941554e-05,
      "wrf_wspd10_for_forcing": 1.9605394118826627,
      "wspd_bias_vs_wspd10": 0.35383501623671854,
      "gpu_forcing_soldn_land": 526.0565304917844,
      "gpu_forcing_lwdn_land": 309.169533720104,
      "gpu_CHS_land": 0.051385329868193615,
      "gpu_CH_carry_land": 0.043198423197641105,
      "gpu_HFX_land": 131.66947821696024,
      "wrf_HFX_land": 160.61689034146818,
      "HFX_bias": -28.947412124507935,
      "gpu_LH_land": 5.8107857417390365,
      "wrf_LH_land": 11.674738212469714,
      "LH_bias": -5.863952470730678,
      "gpu_QFX_land": 2.3146852062376664e-06,
      "wrf_QFX_land": 4.6505490024480985e-06,
      "gpu_TSK_land": 299.0065359032564,
      "wrf_TSK_land": 299.43241347704236,
      "gpu_TG_land": 300.00423633667975,
      "gpu_TAH_land": 293.58742899836847,
      "gpu_EAH_land": 1456.671539007347,
      "gpu_TV_land": 294.89758644087516,
      "gpu_SH2O0_land": 0.0829899935101464,
      "gpu_SMOIS0_land": 0.0829899935101464,
      "wrf_SMOIS0_land": 0.08291163251206682,
      "gpu_TG_vs_wrf_TSLB0": 9.586016382772527,
      "wrf_TSLB0_land": 290.4182199539072,
      "maxabs_W_mps_at_lead": 4.245718258182672,
      "all_finite_at_lead": true,
      "t_elapsed_s": 1450.6
    },
    {
      "lead": 18,
      "label": "12:00:00",
      "radt_min": 30.0,
      "gpu_SWDOWN_held_land": 1021.6420448546913,
      "wrf_SWDOWN_land": 1024.890123671923,
      "SWDOWN_resid_pct": -0.3169197109241926,
      "gpu_GLW_held_land": 313.9477833882243,
      "wrf_GLW_land": 313.7654089400458,
      "gpu_T2_land": 294.4759391850583,
      "wrf_T2_land": 293.98358508210805,
      "T2_bias": 0.4923541029502303,
      "gpu_sfctmp_land": 292.5036441966374,
      "wrf_lev0_T_land": 292.03271422884865,
      "sfctmp_bias_vs_lev0": 0.47092996778877705,
      "gpu_qair_land": 0.00867509862733766,
      "wrf_lev0_QV_land": 0.010480360680600716,
      "qair_bias_vs_lev0": -0.0018052620532630556,
      "gpu_wspd_land": 3.757550364486365,
      "wrf_lev0_wspd_land": 3.404905799503363,
      "wspd_bias_vs_lev0": 0.3526445649830019,
      "gpu_zlvl_land": 25.203980834912855,
      "wrf_lev0_zlvl_land": 25.407190948201727,
      "zlvl_bias_vs_lev0": -0.20321011328887195,
      "wrf_T2_for_forcing": 293.98358508210805,
      "sfctmp_bias_vs_T2": -1.4799408854706257,
      "wrf_Q2_for_forcing": 0.010915446148485091,
      "qair_bias_vs_Q2": -0.002240347521147431,
      "wrf_wspd10_for_forcing": 2.92068175466145,
      "wspd_bias_vs_wspd10": 0.836868609824915,
      "gpu_forcing_soldn_land": 1021.6420448546913,
      "gpu_forcing_lwdn_land": 313.9477833882243,
      "gpu_CHS_land": 0.06689375986296936,
      "gpu_CH_carry_land": 0.05338556654905015,
      "gpu_HFX_land": 447.02598397490635,
      "wrf_HFX_land": 459.1543472027603,
      "HFX_bias": -12.128363227853924,
      "gpu_LH_land": 13.523689100210044,
      "wrf_LH_land": 22.248108491737593,
      "LH_bias": -8.72441939152755,
      "gpu_QFX_land": 5.387065447821081e-06,
      "wrf_QFX_land": 8.862375920045292e-06,
      "gpu_TSK_land": 310.7116599529303,
      "wrf_TSK_land": 311.5485020742955,
      "gpu_TG_land": 313.80628913360044,
      "gpu_TAH_land": 297.848062307285,
      "gpu_EAH_land": 1459.371895440692,
      "gpu_TV_land": 301.0698440074095,
      "gpu_SH2O0_land": 0.08274155988333963,
      "gpu_SMOIS0_land": 0.08274155988333963,
      "wrf_SMOIS0_land": 0.0826169626132862,
      "gpu_TG_vs_wrf_TSLB0": 12.94406377680724,
      "wrf_TSLB0_land": 300.8622253567932,
      "maxabs_W_mps_at_lead": 4.461129201186059,
      "all_finite_at_lead": true,
      "t_elapsed_s": 1648.2
    },
    {
      "lead": 21,
      "label": "15:00:00",
      "radt_min": 30.0,
      "gpu_SWDOWN_held_land": 980.3986876091734,
      "wrf_SWDOWN_land": 979.6777265843947,
      "SWDOWN_resid_pct": 0.07359165215405246,
      "gpu_GLW_held_land": 316.00094226612373,
      "wrf_GLW_land": 320.2940202492754,
      "gpu_T2_land": 295.1711603652819,
      "wrf_T2_land": 294.487571352647,
      "T2_bias": 0.6835890126348545,
      "gpu_sfctmp_land": 293.0144985199264,
      "wrf_lev0_T_land": 292.4439650766371,
      "sfctmp_bias_vs_lev0": 0.570533443289321,
      "gpu_qair_land": 0.008700522720482353,
      "wrf_lev0_QV_land": 0.01058312919475962,
      "qair_bias_vs_lev0": -0.001882606474277267,
      "gpu_wspd_land": 4.239923091933755,
      "wrf_lev0_wspd_land": 3.883054850488964,
      "wspd_bias_vs_lev0": 0.3568682414447908,
      "gpu_zlvl_land": 25.247392093070257,
      "wrf_lev0_zlvl_land": 25.44063153525218,
      "zlvl_bias_vs_lev0": -0.19323944218192324,
      "wrf_T2_for_forcing": 294.487571352647,
      "sfctmp_bias_vs_T2": -1.473072832720618,
      "wrf_Q2_for_forcing": 0.01104305647473773,