{
  "columns": {
    "DZ": [
      250.0,
      250.0,
      250.0,
      250.0,
      250.0,
      250.0,
      250.0,
      250.0,
      250.0,
      250.0,
      250.0,
      250.0,
      250.0,
      250.0,
      250.0,
      250.0,
      250.0,
      250.0,
      250.0,
      250.0,
      250.0,
      250.0,
      250.0,
      250.0,
      250.0,
      250.0,
      250.0,
      250.0,
      250.0,
      250.0,
      250.0,
      250.0,
      250.0,
      250.0,
      250.0,
      250.0,
      250.0,
      250.0,
      250.0,
      250.0
    ],
    "F_ICE_PHY_OUT": [
      2.3019783839117736e-06,
      7.59143858886091e-06,
      2.6125415388378315e-05,
      9.371346095576882e-05,
      0.00034994957968592644,
      0.0009642069926485419,
      0.002218527253717184,
      0.005434426013380289,
      0.015132817439734936,
      0.05461787059903145,
      0.21464231610298157,
      0.6572031378746033,
      0.6898418068885803,
      0.7235154509544373,
      0.7568712830543518,
      0.7921580076217651,
      0.8266457319259644,
      0.8613099455833435,
      0.8978357315063477,
      0.9326974749565125,
      0.9696829319000244,
      1.0,
      1.0,
      1.0,
      1.0,
      1.0,
      1.0,
      1.0,
      1.0,
      1.0,
      1.0,
      1.0,
      1.0,
      1.0,
      1.0,
      1.0,
      1.0,
      1.0,
      1.0,
      1.0
    ],
    "F_RAIN_PHY_OUT": [
      0.0,
      0.0,
      0.0,
      0.0,
      0.0,
      0.0,
      0.0,
      0.0,
      0.0,
      0.0,
      0.0,
      0.0,
      0.0,
      0.0,
      0.0,
      0.0,
      0.0,
      0.0,
      0.0,
      0.0,
      0.0,
      0.0,
      0.0,
      0.0,
      0.0,
      0.0,
      0.0,
      0.0,
      0.0,
      0.0,
      0.0,
      0.0,
      0.0,
      0.0,
      0.0,
      0.0,
      0.0,
      0.0,
      0.0,
      0.0
    ],
    "F_RIMEF_PHY_OUT": [
      1.0,
      1.0,
      1.0,
      1.0,
      1.0,
      1.0,
      1.0,
      1.0,
      1.0,
      1.0,
      1.0,
      1.0,
      1.0,
      1.0,
      1.0,
      1.0,
      1.0,
      1.0,
      1.0,
      1.0,
      1.0,
      1.0,
      1.0,
      1.0,
      1.0,
      1.0,
      1.0,
      1.0,
      1.0,
      1.0,
      1.0,
      1.0,
      1.0,
      1.0,
      1.0,
      1.0,
      1.0,
      1.0,
      1.0,
      1.0
    ],
    "P": [
      98487.171875,
      95529.828125,
      92661.28125,
      89878.8671875,
      87180.015625,
      84562.1875,
      82022.9765625,
      79560.015625,
      77171.0078125,
      74853.734375,
      72606.0546875,
      70425.859375,
      68311.125,
      66259.8984375,
      64270.265625,
      62340.37109375,
      60468.4296875,
      58652.69921875,
      56891.48828125,
      55183.16796875,
      53526.14453125,
      51918.875,
      50359.8671875,
      48847.67578125,
      47380.88671875,
      45958.1484375,
      44578.12890625,
      43239.546875,
      41941.1640625,
      40681.765625,
      39460.18359375,
      38275.28515625,
      37125.96484375,
      36011.15234375,
      34929.8203125,
      33880.953125,
      32863.5859375,
      31876.76953125,
      30919.583984375,
      29991.134765625
    ],
    "PII": [
      0.9956539273262024,
      0.9870182871818542,
      0.9784575700759888,
      0.9699710607528687,
      0.9615582227706909,
      0.9532182812690735,
      0.9449507594108582,
      0.9367548823356628,
      0.9286301136016846,
      0.9205757975578308,
      0.9125913977622986,
      0.9046761989593506,
      0.8968296647071838,
      0.8890511393547058,
      0.8813401460647583,
      0.873695969581604,
      0.8661181330680847,
      0.8586060404777527,
      0.8511590361595154,
      0.8437767028808594,
      0.8364583849906921,
      0.8292034864425659,
      0.8220115303993225,
      0.8148819804191589,
      0.8078142404556274,
      0.8008078336715698,
      0.7938621640205383,
      0.78697669506073,
      0.7801510095596313,
      0.7733845114707947,
      0.7666767239570618,
      0.7600271105766296,
      0.7534351348876953,
      0.7469003796577454,
      0.740422248840332,
      0.7340003252029419,
      0.7276341319084167,
      0.7213231325149536,
      0.7150668501853943,
      0.7088648676872253
    ],
    "QC_IN": [
      0.0,
      0.0,
      0.0,
      0.0,
      0.0,
      0.0,
      0.0,
      0.0,
      0.0,
      0.0,
      0.0,
      0.0,
      0.0,
      0.0,
      0.0,
      0.0,
      0.0,
      0.0,
      0.0,
      0.0,
      0.0,
      0.0,
      0.0,
      0.0,
      0.0,
      0.0,
      0.0,
      0.0,
      0.0,
      0.0,
      0.0,
      0.0,
      0.0,
      0.0,
      0.0,
      0.0,
      0.0,
      0.0,
      0.0,
      0.0
    ],
    "QC_OUT": [
      0.0008748193504288793,
      0.000803987612016499,
      0.0007387017831206322,
      0.0006786358426325023,
      0.0006233978201635182,
      0.0006103137275204062,
      0.0005617731367237866,
      0.0005169052165001631,
      0.0004750329826492816,
      0.0004320261941757053,
      0.00036809357698075473,
      0.00021294245379976928,
      0.00018421572167426348,
      0.00015738123329356313,
      0.00013315817341208458,
      0.00010957967606373131,
      8.82002932485193e-05,
      6.825622403994203e-05,
      4.8746500397101045e-05,
      3.120189649052918e-05,
      1.3685174053534865e-05,
      0.0,
      0.0,
      0.0,
      0.0,
      0.0,
      0.0,
      0.0,
      0.0,
      0.0,
      0.0,
      0.0,
      0.0,
      0.0,
      0.0,
      0.0,
      0.0,
      0.0,
      0.0,
      0.0
    ],
    "QI_IN": [
      0.0,
      0.0,
      0.0,
      0.0,
      0.0,
      0.0,
      0.0,
      0.0,
      0.0,
      0.0,
      0.0,
      0.0002500000118743628,
      0.0002500000118743628,
      0.0002500000118743628,
      0.0002500000118743628,
      0.0002500000118743628,
      0.0002500000118743628,
      0.0002500000118743628,
      0.0002500000118743628,
      0.0002500000118743628,
      0.0002500000118743628,
      0.0002500000118743628,
      0.0002500000118743628,
      0.0002500000118743628,
      0.0002500000118743628,
      0.0002500000118743628,
      0.0002500000118743628,
      0.0002500000118743628,
      0.0002500000118743628,
      0.0002500000118743628,
      0.0002500000118743628,
      0.0002500000118743628,
      0.0002500000118743628,
      0.0002500000118743628,
      0.0,
      0.0,
      0.0,
      0.0,
      0.0,
      0.0
    ],
    "QI_OUT": [
      2.013819999646671e-09,
      6.103468841445192e-09,
      1.9299395859206925e-08,
      6.360327375887209e-08,
      2.1823417739597062e-07,
      5.890367447136668e-07,
      1.2490801282183384e-06,
      2.8244321583770216e-06,
      7.299042408703826e-06,
      2.4959590518847108e-05,
      0.000100601879239548,
      0.0004082488885615021,
      0.0004097254713997245,
      0.0004118412616662681,
      0.00041452771984040737,
      0.00041764622437767684,
      0.00042058611870743334,
      0.00042389315785840154,
      0.0004283919697627425,
      0.0004324049223214388,
      0.00043771680793724954,
      0.0004434891161508858,
      0.000449712504632771,
      0.00045786111149936914,
      0.0004654131771530956,
      0.00047516950871795416,
      0.0004876082530245185,
      0.0004956211196258664,
      0.0004954494070261717,
      0.0004854287253692746,
      0.0004750467778649181,
      0.0004639714607037604,
      0.0004479687486309558,
      0.00040252352482639253,
      0.00019042011990677565,
      0.0001818290911614895,
      0.000173535430803895,
      0.00016552928718738258,
      0.00015780313697177917,
      0.00015034861280582845
    ],