{
  "columns": {
    "DZ": [
      250.0,
      250.0,
      250.0,
      250.0,
      250.0,
      250.0,
      250.0,
      250.0,
      250.0,
      250.0,
      250.0,
      250.0,
      250.0,
      250.0,
      250.0,
      250.0,
      250.0,
      250.0,
      250.0,
      250.0,
      250.0,
      250.0,
      250.0,
      250.0,
      250.0,
      250.0,
      250.0,
      250.0,
      250.0,
      250.0,
      250.0,
      250.0,
      250.0,
      250.0,
      250.0,
      250.0,
      250.0,
      250.0,
      250.0,
      250.0
    ],
    "F_ICE_PHY_OUT": [
      0.0,
      0.0,
      0.0,
      0.0008657407015562057,
      0.006877530366182327,
      0.021709971129894257,
      0.05557787045836449,
      0.12007874995470047,
      0.23280633985996246,
      0.4041474759578705,
      0.7147927284240723,
      1.0,
      0.0,
      0.0,
      0.0,
      1.0,
      1.0,
      1.0,
      1.0,
      1.0,
      1.0,
      1.0,
      1.0,
      1.0,
      1.0,
      1.0,
      1.0,
      1.0,
      1.0,
      1.0,
      1.0,
      1.0,
      1.0,
      1.0,
      1.0,
      1.0,
      1.0,
      1.0,
      1.0,
      1.0
    ],
    "F_RAIN_PHY_OUT": [
      0.0,
      0.9999999403953552,
      1.0,
      1.0,
      1.0,
      1.0,
      1.0,
      1.0,
      1.0,
      1.0,
      1.0,
      0.0,
      0.0,
      0.0,
      0.0,
      0.0,
      0.0,
      0.0,
      0.0,
      0.0,
      0.0,
      0.0,
      0.0,
      0.0,
      0.0,
      0.0,
      0.0,
      0.0,
      0.0,
      0.0,
      0.0,
      0.0,
      0.0,
      0.0,
      0.0,
      0.0,
      0.0,
      0.0,
      0.0,
      0.0
    ],
    "F_RIMEF_PHY_OUT": [
      1.0,
      1.0,
      1.0,
      45.42277526855469,
      41.40739059448242,
      37.806671142578125,
      34.64665603637695,
      31.806427001953125,
      29.312698364257812,
      27.14128875732422,
      25.187686920166016,
      23.47726058959961,
      1.0,
      1.0,
      1.0,
      1.0,
      1.0,
      1.0,
      1.0,
      1.0,
      1.0,
      1.0,
      1.0,
      1.0,
      1.0,
      1.0,
      1.0,
      1.0,
      1.0,
      1.0,
      1.0,
      1.0,
      1.0,
      1.0,
      1.0,
      1.0,
      1.0,
      1.0,
      1.0,
      1.0
    ],
    "P": [
      98487.171875,
      95529.828125,
      92661.28125,
      89878.8671875,
      87180.015625,
      84562.1875,
      82022.9765625,
      79560.015625,
      77171.0078125,
      74853.734375,
      72606.0546875,
      70425.859375,
      68311.125,
      66259.8984375,
      64270.265625,
      62340.37109375,
      60468.4296875,
      58652.69921875,
      56891.48828125,
      55183.16796875,
      53526.14453125,
      51918.875,
      50359.8671875,
      48847.67578125,
      47380.88671875,
      45958.1484375,
      44578.12890625,
      43239.546875,
      41941.1640625,
      40681.765625,
      39460.18359375,
      38275.28515625,
      37125.96484375,
      36011.15234375,
      34929.8203125,
      33880.953125,
      32863.5859375,
      31876.76953125,
      30919.583984375,
      29991.134765625
    ],
    "PII": [
      0.9956539273262024,
      0.9870182871818542,
      0.9784575700759888,
      0.9699710607528687,
      0.9615582227706909,
      0.9532182812690735,
      0.9449507594108582,
      0.9367548823356628,
      0.9286301136016846,
      0.9205757975578308,
      0.9125913977622986,
      0.9046761989593506,
      0.8968296647071838,
      0.8890511393547058,
      0.8813401460647583,
      0.873695969581604,
      0.8661181330680847,
      0.8586060404777527,
      0.8511590361595154,
      0.8437767028808594,
      0.8364583849906921,
      0.8292034864425659,
      0.8220115303993225,
      0.8148819804191589,
      0.8078142404556274,
      0.8008078336715698,
      0.7938621640205383,
      0.78697669506073,
      0.7801510095596313,
      0.7733845114707947,
      0.7666767239570618,
      0.7600271105766296,
      0.7534351348876953,
      0.7469003796577454,
      0.740422248840332,
      0.7340003252029419,
      0.7276341319084167,
      0.7213231325149536,
      0.7150668501853943,
      0.7088648676872253
    ],
    "QC_IN": [
      0.0,
      0.0,
      0.0,
      0.0,
      0.0,
      0.0,
      0.0,
      0.0,
      0.0,
      0.0,
      0.0,
      0.0,
      0.0,
      0.0,
      0.0,
      0.0,
      0.0,
      0.0,
      0.0,
      0.0,
      0.0,
      0.0,
      0.0,
      0.0,
      0.0,
      0.0,
      0.0,
      0.0,
      0.0,
      0.0,
      0.0,
      0.0,
      0.0,
      0.0,
      0.0,
      0.0,
      0.0,
      0.0,
      0.0,
      0.0
    ],
    "QC_OUT": [
      9.999999960041972e-13,
      1.8189894035458565e-12,
      0.0,
      0.0,
      0.0,
      0.0,
      0.0,
      0.0,
      0.0,
      0.0,
      0.0,
      0.0,
      0.0,
      0.0,
      9.999999960041972e-13,
      0.0,
      0.0,
      0.0,
      0.0,
      0.0,
      0.0,
      0.0,
      0.0,
      0.0,
      0.0,
      0.0,
      0.0,
      0.0,
      0.0,
      0.0,
      0.0,
      0.0,
      0.0,
      0.0,
      0.0,
      0.0,
      0.0,
      0.0,
      0.0,
      0.0
    ],
    "QI_IN": [
      0.0,
      0.0,
      0.0,
      0.0,
      0.0,
      0.0,
      0.0,
      0.0,
      0.0,
      0.0,
      0.0,
      0.0,
      0.0,
      0.0,
      0.0,
      0.0,
      0.0,
      9.999999747378752e-05,
      9.999999747378752e-05,
      9.999999747378752e-05,
      9.999999747378752e-05,
      9.999999747378752e-05,
      9.999999747378752e-05,
      9.999999747378752e-05,
      9.999999747378752e-05,
      9.999999747378752e-05,
      9.999999747378752e-05,
      9.999999747378752e-05,
      9.999999747378752e-05,
      9.999999747378752e-05,
      9.999999747378752e-05,
      9.999999747378752e-05,
      0.0,
      0.0,
      0.0,
      0.0,
      0.0,
      0.0,
      0.0,
      0.0
    ],
    "QI_OUT": [
      0.0,
      0.0,
      0.0,
      2.0741988748795848e-07,
      1.6330415064658155e-06,
      5.058776878286153e-06,
      1.2671811418840662e-05,
      2.6639751013135538e-05,
      5.046605656389147e-05,
      8.59117426443845e-05,
      0.00016992581367958337,
      0.0002717133902478963,
      0.0,
      0.0,
      0.0,
      2.0844552750531875e-07,
      7.030231699900469e-06,
      6.324483547359705e-05,
      6.436193507397547e-05,
      6.545947690028697e-05,
      6.6639571741689e-05,
      6.787533493479714e-05,
      6.907661008881405e-05,
      7.026124512776732e-05,
      7.129649020498618e-05,
      7.239205297082663e-05,
      7.395658758468926e-05,
      7.758777064736933e-05,
      8.23949885671027e-05,
      8.685028296895325e-05,
      9.049775690073147e-05,
      8.751534187467769e-05,
      0.0,
      9.999999960041972e-13,
      9.999999960041972e-13,
      9.999999960041972e-13,
      9.999999960041972e-13,
      9.999999960041972e-13,
      9.999999960041972e-13,
      9.999999960041972e-13
    ],
    "QR_IN": [
      0.0,
      0.0,
      0.0,
      0.0003000000142492354,
      0.0003000000142492354,
      0.0003000000142492354,
      0.0003000000142492354,
      0.0003000000142492354,
      0.0003000000142492354,
      0.0003000000142492354,
      0.0003000000142492354,
      0.0003000000142492354,
      0.0,
      0.0,
      0.0,
      0.0,
      0.0,
      0.0,
      0.0,
      0.0,
      0.0,
      0.0,
      0.0,
      0.0,
      0.0,
      0.0,
      0.0,
      0.0,
      0.0,
      0.0,
      0.0,
      0.0,
      0.0,
      0.0,
      0.0,
      0.0,
      0.0,
      0.0,
      0.0,
      0.0
    ],