{
  "columns": {
    "DZ": [
      131.2077484130859,
      174.4364166259766,
      195.5978088378906,
      210.7460632324219,
      222.7779541015625,
      232.8607177734375,
      241.5943603515625,
      249.331787109375,
      256.2999267578125,
      262.654052734375,
      268.505126953125,
      273.936279296875,
      279.010009765625,
      283.77587890625,
      288.274169921875,
      292.535888671875,
      296.588623046875,
      300.4541015625,
      304.14990234375,
      307.69384765625,
      311.0986328125,
      314.3759765625,
      317.53564453125,
      320.58984375,
      323.5419921875,
      326.40185546875,
      329.17724609375,
      331.8701171875,
      334.48876953125,
      337.0361328125,
      339.5166015625,
      341.9365234375
    ],
    "EXCH_H": [
      76.10910034179688,
      182.3173980712891,
      235.5723571777344,
      249.5608215332031,
      227.3734436035156,
      177.4818420410156,
      112.6075668334961,
      49.0958251953125,
      6.515330791473389,
      0.02062676660716534,
      0.02082576602697372,
      0.02099250257015228,
      0.02113396860659122,
      0.02125527709722519,
      0.02136033587157726,
      0.02145218104124069,
      0.02153295278549194,
      0.02160452678799629,
      0.02166839316487312,
      0.02172563970088959,
      0.0217771977186203,
      0.02182387746870518,
      0.0218663364648819,
      0.02190507017076015,
      0.02194054424762726,
      0.02197313122451305,
      0.02200320363044739,
      0.02203096821904182,
      0.02205671742558479,
      0.02208061143755913,
      0.02210289612412453,
      0.0
    ],
    "EXCH_M": [
      27.93769264221191,
      59.98439025878906,
      77.50584411621094,
      82.10820770263672,
      74.80831909179688,
      58.3934440612793,
      37.04910659790039,
      16.15305519104004,
      2.143614053726196,
      0.02771127782762051,
      0.02804294601082802,
      0.02832083590328693,
      0.02855661325156689,
      0.02875879220664501,
      0.02893389388918877,
      0.02908696606755257,
      0.02922158874571323,
      0.02934087812900543,
      0.02944732271134853,
      0.02954273112118244,
      0.02962866239249706,
      0.02970646321773529,
      0.02977722510695457,
      0.02984178252518177,
      0.02990090660750866,
      0.02995521947741508,
      0.03000533953309059,
      0.03005161508917809,
      0.03009453043341637,
      0.03013435006141663,
      0.03017149120569229,
      0.0
    ],
    "P": [
      99268.8984375,
      97577.640625,
      95556.296875,
      93369.765625,
      91075.015625,
      88705.21875,
      86284.609375,
      83834.5234375,
      81371.0078125,
      78904.6875,
      76444.2578125,
      73996.953125,
      71568.84375,
      69165.09375,
      66790.109375,
      64447.64453125,
      62140.921875,
      59872.6953125,
      57645.3125,
      55460.78515625,
      53320.7890625,
      51226.73828125,
      49179.80078125,
      47180.921875,
      45230.84375,
      43330.15625,
      41479.25390625,
      39678.4140625,
      37927.7734375,
      36227.34375,
      34577.046875,
      32976.68359375
    ],
    "QC": [
      0.0,
      0.0,
      0.0,
      0.0,
      0.0,
      0.0,
      0.0,
      0.0,
      0.0,
      0.0,
      0.0,
      0.0,
      0.0,
      0.0,
      0.0,
      0.0,
      0.0,
      0.0,
      0.0,
      0.0,
      0.0,
      0.0,
      0.0,
      0.0,
      0.0,
      0.0,
      0.0,
      0.0,
      0.0,
      0.0,
      0.0,
      0.0
    ],
    "QI": [
      0.0,
      0.0,
      0.0,
      0.0,
      0.0,
      0.0,
      0.0,
      0.0,
      0.0,
      0.0,
      0.0,
      0.0,
      0.0,
      0.0,
      0.0,
      0.0,
      0.0,
      0.0,
      0.0,
      0.0,
      0.0,
      0.0,
      0.0,
      0.0,
      0.0,
      0.0,
      0.0,
      0.0,
      0.0,
      0.0,
      0.0,
      0.0
    ],
    "QV": [
      0.01360631361603737,
      0.01273163128644228,
      0.01174758095294237,
      0.01075436547398567,
      0.0097871208563447,
      0.008864154107868671,
      0.007995453663170338,
      0.007186110131442547,
      0.00643807789310813,
      0.0057512316852808,
      0.0051240473985672,
      0.004554076120257378,
      0.004038272425532341,
      0.003573237452656031,
      0.003155393991619349,
      0.002781110350042582,
      0.002446796977892518,
      0.00214896840043366,
      0.001884291763417423,
      0.001649616053327918,
      0.001441987697035074,
      0.00125866278540343,
      0.001097108237445354,
      0.0009549989481456578,
      0.0008302123169414699,
      0.0007208199240267277,
      0.0006250752485357225,
      0.0005414042389020324,
      0.0004683919542003423,
      0.0004047711263410747,
      0.0003494097909424454,
      0.0003012990346178412
    ],
    "RQCBLTEN": [
      0.0,
      0.0,
      0.0,
      0.0,
      0.0,
      0.0,
      0.0,
      0.0,
      0.0,
      0.0,
      0.0,
      0.0,
      0.0,
      0.0,
      0.0,
      0.0,
      0.0,
      0.0,
      0.0,
      0.0,
      0.0,
      0.0,
      0.0,
      0.0,
      0.0,
      0.0,
      0.0,
      0.0,
      0.0,
      0.0,
      0.0,
      0.0
    ],
    "RQIBLTEN": [
      0.0,
      0.0,
      0.0,
      0.0,
      0.0,
      0.0,
      0.0,
      0.0,
      0.0,
      0.0,
      0.0,
      0.0,
      0.0,
      0.0,
      0.0,
      0.0,
      0.0,
      0.0,
      0.0,
      0.0,
      0.0,
      0.0,
      0.0,
      0.0,
      0.0,
      0.0,
      0.0,
      0.0,
      0.0,
      0.0,
      0.0,
      0.0
    ],
    "RQVBLTEN": [
      -7.074761469993973e-06,
      -5.794239314127481e-06,
      -3.12871634378098e-06,
      -1.103756972042902e-06,
      4.50837745802346e-07,
      1.58152556650748e-06,
      2.337138539587613e-06,
      2.779043370537693e-06,
      2.963523002108559e-06,
      1.518172325631895e-06,
      4.656613289411027e-11,
      0.0,
      3.104408743959119e-11,
      1.55220437197956e-11,
      2.328306644705513e-11,
      7.761021859897799e-12,
      0.0,
      1.55220437197956e-11,
      3.880510929948899e-12,
      3.880510929948899e-12,
      7.761021859897799e-12,
      0.0,
      7.761021859897799e-12,
      0.0,
      7.761021859897799e-12,
      1.94025546497445e-12,
      3.880510929948899e-12,
      1.94025546497445e-12,
      9.701277324872248e-13,
      9.701277324872248e-13,
      9.701277324872248e-13,
      8.731149483964806e-12
    ],
    "RR": [
      1.138406157493591,
      1.125368475914001,
      1.109632134437561,
      1.092422127723694,
      1.074151754379272,
      1.055059790611267,
      1.03391420841217,
      1.009904861450195,
      0.9856097102165222,
      0.9611331820487976,
      0.9365614056587219,
      0.9119685292243958,
      0.8874168992042542,
      0.8629617094993591,
      0.8386498689651489,
      0.814522922039032,
      0.7906173467636108,
      0.7669646739959717,
      0.743592381477356,
      0.7205252051353455,
      0.6977840065956116,
      0.6753873825073242,
      0.6533511281013489,
      0.6316888928413391,
      0.6104127168655396,
      0.5895324349403381,
      0.5690563321113586,
      0.548991322517395,
      0.5293430089950562,
      0.5101155638694763,
      0.491312563419342,
      0.4729359149932861
    ],
    "RTHBLTEN": [
      0.001235453295521438,
      -0.0003636678156908602,
      -0.000287882488919422,
      -0.0001073201565304771,
      0.0002614339464344084,
      0.001812235568650067,
      0.001865132711827755,
      -0.0006357828970067203,
      -0.001183573505841196,
      -0.0006734212511219084,
      0.0,
      0.0,
      0.0,
      0.0,
      0.0,
      -1.017252657220524e-06,
      0.0,
      0.0,
      -1.017252657220524e-06,
      0.0,
      0.0,
      0.0,
      0.0,
      0.0,
      0.0,
      0.0,
      1.017252657220524e-06,
      0.0,
      0.0,
      1.017252657220524e-06,
      0.0,
      0.0
    ],