{
  "columns": {
    "DZ": [
      131.2077484130859,
      174.4364166259766,
      195.5978088378906,
      210.7460632324219,
      222.7779541015625,
      232.8607177734375,
      241.5943603515625,
      249.331787109375,
      256.2999267578125,
      262.654052734375,
      268.505126953125,
      273.936279296875,
      279.010009765625,
      283.77587890625,
      288.274169921875,
      292.535888671875,
      296.588623046875,
      300.4541015625,
      304.14990234375,
      307.69384765625,
      311.0986328125,
      314.3759765625,
      317.53564453125,
      320.58984375,
      323.5419921875,
      326.40185546875,
      329.17724609375,
      331.8701171875,
      334.48876953125,
      337.0361328125,
      339.5166015625,
      341.9365234375
    ],
    "EXCH_H": [
      46.32724380493164,
      77.79010772705078,
      81.7669677734375,
      62.17144012451172,
      30.59745216369629,
      4.367132186889648,
      0.01607374288141727,
      0.01630723848938942,
      0.01649291999638081,
      0.01664363592863083,
      0.01676804944872856,
      0.01687227934598923,
      0.01696071214973927,
      0.0170365683734417,
      0.01710226200520992,
      0.01715965755283833,
      0.01721015013754368,
      0.01725492440164089,
      0.01729484647512436,
      0.01733058877289295,
      0.01736288517713547,
      0.01739203929901123,
      0.01741856709122658,
      0.01744283176958561,
      0.01746496744453907,
      0.017485361546278,
      0.0175041239708662,
      0.01752152480185032,
      0.01753759756684303,
      0.01755255647003651,
      0.0175664871931076,
      0.0
    ],
    "EXCH_M": [
      17.66056060791016,
      29.65462303161621,
      31.170654296875,
      23.70057487487793,
      11.66415500640869,
      1.664808750152588,
      0.02012290433049202,
      0.02051206305623055,
      0.02082153409719467,
      0.02107272855937481,
      0.0212800819426775,
      0.02145380154252052,
      0.02160118892788887,
      0.02172761410474777,
      0.02183710411190987,
      0.02193276211619377,
      0.02201691642403603,
      0.02209154143929482,
      0.02215807884931564,
      0.0222176481038332,
      0.02227147668600082,
      0.02232006564736366,
      0.02236427739262581,
      0.02240472100675106,
      0.02244161255657673,
      0.02247560396790504,
      0.02250687219202518,
      0.02253587357699871,
      0.0225626640021801,
      0.02258759364485741,
      0.02261081337928772,
      0.0
    ],
    "P": [
      98759.234375,
      97046.125,
      94999.765625,
      92787.5625,
      90467.40625,
      88075.5859375,
      85639.109375,
      83176.546875,
      80701.28125,
      78224.0,
      75753.4140625,
      73296.796875,
      70860.234375,
      68448.890625,
      66067.15625,
      63718.7890625,
      61407.0,
      59134.5234375,
      56903.70703125,
      54716.52734375,
      52574.65625,
      50479.4921875,
      48432.18359375,
      46433.6640625,
      44484.66015625,
      42585.7421875,
      40737.29296875,
      38939.57421875,
      37192.7109375,
      35496.6953125,
      33851.4375,
      32256.732421875
    ],
    "QC": [
      0.0,
      0.0,
      0.0,
      0.0,
      0.0,
      0.0,
      0.0,
      0.0,
      0.0,
      0.0,
      0.0,
      0.0,
      0.0,
      0.0,
      0.0,
      0.0,
      0.0,
      0.0,
      0.0,
      0.0,
      0.0,
      0.0,
      0.0,
      0.0,
      0.0,
      0.0,
      0.0,
      0.0,
      0.0,
      0.0,
      0.0,
      0.0
    ],
    "QI": [
      0.0,
      0.0,
      0.0,
      0.0,
      0.0,
      0.0,
      0.0,
      0.0,
      0.0,
      0.0,
      0.0,
      0.0,
      0.0,
      0.0,
      0.0,
      0.0,
      0.0,
      0.0,
      0.0,
      0.0,
      0.0,
      0.0,
      0.0,
      0.0,
      0.0,
      0.0,
      0.0,
      0.0,
      0.0,
      0.0,
      0.0,
      0.0
    ],
    "QV": [
      0.007713676895946264,
      0.007085807621479034,
      0.006393657997250557,
      0.005711223464459181,
      0.005063257180154324,
      0.004461315460503101,
      0.003910442814230919,
      0.003411943791434169,
      0.002964857267215848,
      0.002566838636994362,
      0.002214730950072408,
      0.001904944307170808,
      0.001633715000934899,
      0.001397279440425336,
      0.001191990217193961,
      0.001014390494674444,
      0.0008612611563876271,
      0.0007296410039998591,
      0.0006168381660245359,
      0.000520427362062037,
      0.0004382386396173388,
      0.0003683452086988837,
      0.0003090458631049842,
      0.0002588457718957216,
      0.0002164385950891301,
      0.0001806871878216043,
      0.0001506051485193893,
      0.0001253409282071516,
      0.0001041610084939748,
      8.643588807899505e-05,
      7.162698602769524e-05,
      5.927451638854109e-05
    ],
    "RQCBLTEN": [
      0.0,
      0.0,
      0.0,
      0.0,
      0.0,
      0.0,
      0.0,
      0.0,
      0.0,
      0.0,
      0.0,
      0.0,
      0.0,
      0.0,
      0.0,
      0.0,
      0.0,
      0.0,
      0.0,
      0.0,
      0.0,
      0.0,
      0.0,
      0.0,
      0.0,
      0.0,
      0.0,
      0.0,
      0.0,
      0.0,
      0.0,
      0.0
    ],
    "RQIBLTEN": [
      0.0,
      0.0,
      0.0,
      0.0,
      0.0,
      0.0,
      0.0,
      0.0,
      0.0,
      0.0,
      0.0,
      0.0,
      0.0,
      0.0,
      0.0,
      0.0,
      0.0,
      0.0,
      0.0,
      0.0,
      0.0,
      0.0,
      0.0,
      0.0,
      0.0,
      0.0,
      0.0,
      0.0,
      0.0,
      0.0,
      0.0,
      0.0
    ],
    "RQVBLTEN": [
      -2.796738499455387e-06,
      -1.536953959657694e-06,
      -3.793742564539571e-07,
      4.503565662616893e-07,
      9.58742361945042e-07,
      1.19283799904224e-06,
      6.165898867038777e-07,
      1.55220437197956e-11,
      7.761021859897799e-12,
      1.55220437197956e-11,
      7.761021859897799e-12,
      1.164153322352757e-11,
      7.761021859897799e-12,
      3.880510929948899e-12,
      3.880510929948899e-12,
      7.761021859897799e-12,
      5.820766611763784e-12,
      3.880510929948899e-12,
      1.94025546497445e-12,
      3.880510929948899e-12,
      2.910383305881892e-12,
      2.910383305881892e-12,
      9.701277324872248e-13,
      9.701277324872248e-13,
      1.455191652940946e-12,
      4.850638662436124e-13,
      1.455191652940946e-12,
      9.701277324872248e-13,
      4.850638662436124e-13,
      4.850638662436124e-13,
      4.850638662436124e-13,
      1.94025546497445e-12
    ],
    "RR": [
      1.153492212295532,
      1.139714479446411,
      1.123106598854065,
      1.104970812797546,
      1.085748314857483,
      1.063450336456299,
      1.039396286010742,
      1.014938354492188,
      0.9902070760726929,
      0.9653086066246033,
      0.9403306841850281,
      0.915347158908844,
      0.8904221057891846,
      0.8656091094017029,
      0.8409557342529297,
      0.8165025115013123,
      0.7922853827476501,
      0.768334686756134,
      0.7446779012680054,
      0.721338152885437,
      0.6983361840248108,
      0.6756893396377563,
      0.6534131765365601,
      0.6315205693244934,
      0.6100227236747742,
      0.588929295539856,
      0.5682478547096252,
      0.5479851961135864,
      0.5281463861465454,
      0.5087356567382812,
      0.4897558987140656,
      0.4712094664573669
    ],