{
  "columns": {
    "DZ": [
      131.2077484130859,
      174.4364166259766,
      195.5978088378906,
      210.7460632324219,
      222.7779541015625,
      232.8607177734375,
      241.5943603515625,
      249.331787109375,
      256.2999267578125,
      262.654052734375,
      268.505126953125,
      273.936279296875,
      279.010009765625,
      283.77587890625,
      288.274169921875,
      292.535888671875,
      296.588623046875,
      300.4541015625,
      304.14990234375,
      307.69384765625,
      311.0986328125,
      314.3759765625,
      317.53564453125,
      320.58984375,
      323.5419921875,
      326.40185546875,
      329.17724609375,
      331.8701171875,
      334.48876953125,
      337.0361328125,
      339.5166015625,
      341.9365234375
    ],
    "EXCH_H": [
      15.24327278137207,
      21.01095962524414,
      15.17375183105469,
      4.438888549804688,
      0.02343057282269001,
      0.02442694082856178,
      0.0251784585416317,
      0.02576193585991859,
      0.02622601389884949,
      0.02660258859395981,
      0.02691352926194668,
      0.02717398665845394,
      0.02739501371979713,
      0.02758454531431198,
      0.0277487225830555,
      0.02789212204515934,
      0.02801838330924511,
      0.02813021838665009,
      0.02822994068264961,
      0.02831940352916718,
      0.02839995734393597,
      0.0284728892147541,
      0.02853920497000217,
      0.02859976701438427,
      0.02865512110292912,
      0.02870609052479267,
      0.02875304594635963,
      0.02879641391336918,
      0.02883668057620525,
      0.02887397632002831,
      0.02890885807573795,
      0.0
    ],
    "EXCH_M": [
      12.19461822509766,
      16.80876731872559,
      12.13900184631348,
      3.551110982894897,
      0.03238420933485031,
      0.03404482081532478,
      0.03529734909534454,
      0.03626981377601624,
      0.03704327717423439,
      0.03767090290784836,
      0.03818914294242859,
      0.03862323611974716,
      0.03899161517620087,
      0.03930750489234924,
      0.03958113491535187,
      0.03982013463973999,
      0.04003056883811951,
      0.04021695628762245,
      0.04038316011428833,
      0.04053226858377457,
      0.04066652432084084,
      0.04078807681798935,
      0.04089860618114471,
      0.04099953919649124,
      0.04109179601073265,
      0.04117674380540848,
      0.04125500470399857,
      0.04132728278636932,
      0.04139439761638641,
      0.04145655035972595,
      0.04151468724012375,
      0.0
    ],
    "P": [
      99252.25,
      97523.6484375,
      95460.296875,
      93231.59375,
      90896.40625,
      88490.75,
      86039.6484375,
      83560.390625,
      81066.390625,
      78568.40625,
      76075.25,
      73594.265625,
      71131.6796875,
      68692.7734375,
      66282.078125,
      63903.5,
      61560.390625,
      59255.6484375,
      56991.7734375,
      54770.90625,
      52594.875,
      50465.22265625,
      48383.265625,
      46350.0703125,
      44366.5234375,
      42433.328125,
      40551.0078125,
      38719.9453125,
      36940.3984375,
      35212.4765625,
      33536.19140625,
      31911.44921875
    ],
    "QC": [
      0.0,
      0.0,
      0.0,
      0.0,
      0.0,
      0.0,
      0.0,
      0.0,
      0.0,
      0.0,
      0.0,
      0.0,
      0.0,
      0.0,
      0.0,
      0.0,
      0.0,
      0.0,
      0.0,
      0.0,
      0.0,
      0.0,
      0.0,
      0.0,
      0.0,
      0.0,
      0.0,
      0.0,
      0.0,
      0.0,
      0.0,
      0.0
    ],
    "QI": [
      0.0,
      0.0,
      0.0,
      0.0,
      0.0,
      0.0,
      0.0,
      0.0,
      0.0,
      0.0,
      0.0,
      0.0,
      0.0,
      0.0,
      0.0,
      0.0,
      0.0,
      0.0,
      0.0,
      0.0,
      0.0,
      0.0,
      0.0,
      0.0,
      0.0,
      0.0,
      0.0,
      0.0,
      0.0,
      0.0,
      0.0,
      0.0
    ],
    "QV": [
      0.00873558223247528,
      0.008149364963173866,
      0.00749204121530056,
      0.006831132341176271,
      0.006190168205648661,
      0.005581223405897617,
      0.005010708700865507,
      0.004481703508645296,
      0.003995173145085573,
      0.003550693159922957,
      0.003146921982988715,
      0.002781923860311508,
      0.002453395863994956,
      0.002158831572160125,
      0.001895638764835894,
      0.001661222078837454,
      0.001453045522794127,
      0.001268671127036214,
      0.001105789793655276,
      0.0009622361394576728,
      0.0008359972853213549,
      0.000725217629224062,
      0.0006281983223743737,
      0.0005433898768387735,
      0.0004693897790275514,
      0.0004049320123158395,
      0.0003488785005174577,
      0.0003002110461238772,
      0.0002580208820290864,
      0.0002214996929978952,
      0.0001899307681014761,
      0.0001626797893550247
    ],
    "RQCBLTEN": [
      0.0,
      0.0,
      0.0,
      0.0,
      0.0,
      0.0,
      0.0,
      0.0,
      0.0,
      0.0,
      0.0,
      0.0,
      0.0,
      0.0,
      0.0,
      0.0,
      0.0,
      0.0,
      0.0,
      0.0,
      0.0,
      0.0,
      0.0,
      0.0,
      0.0,
      0.0,
      0.0,
      0.0,
      0.0,
      0.0,
      0.0,
      0.0
    ],
    "RQIBLTEN": [
      0.0,
      0.0,
      0.0,
      0.0,
      0.0,
      0.0,
      0.0,
      0.0,
      0.0,
      0.0,
      0.0,
      0.0,
      0.0,
      0.0,
      0.0,
      0.0,
      0.0,
      0.0,
      0.0,
      0.0,
      0.0,
      0.0,
      0.0,
      0.0,
      0.0,
      0.0,
      0.0,
      0.0,
      0.0,
      0.0,
      0.0,
      0.0
    ],
    "RQVBLTEN": [
      -4.377526749976823e-07,
      -9.435850500949527e-08,
      1.259613782167435e-07,
      1.711460555497979e-07,
      5.896824362139341e-08,
      0.0,
      3.104408743959119e-11,
      3.104408743959119e-11,
      0.0,
      1.55220437197956e-11,
      7.761021859897799e-12,
      7.761021859897799e-12,
      7.761021859897799e-12,
      1.55220437197956e-11,
      7.761021859897799e-12,
      1.164153322352757e-11,
      7.761021859897799e-12,
      7.761021859897799e-12,
      7.761021859897799e-12,
      3.880510929948899e-12,
      5.820766611763784e-12,
      3.880510929948899e-12,
      3.880510929948899e-12,
      3.880510929948899e-12,
      1.94025546497445e-12,
      9.701277324872248e-13,
      3.880510929948899e-12,
      1.94025546497445e-12,
      9.701277324872248e-13,
      1.94025546497445e-12,
      9.701277324872248e-13,
      7.275957614183426e-12
    ],
    "RR": [
      1.164394021034241,
      1.149687051773071,
      1.13200306892395,
      1.112744688987732,
      1.092218995094299,
      1.0694260597229,
      1.046043395996094,
      1.022228598594666,
      0.9981052875518799,
      0.9737735986709595,
      0.949317216873169,
      0.9248071908950806,
      0.9003048539161682,
      0.8758626580238342,
      0.8515272736549377,
      0.827339231967926,
      0.8033341765403748,
      0.7795441746711731,
      0.7559969425201416,
      0.7327174544334412,
      0.7097280621528625,
      0.6870476007461548,
      0.6646936535835266,
      0.6426815390586853,
      0.6210243701934814,
      0.5997340083122253,
      0.5788205862045288,
      0.5582927465438843,
      0.5381584763526917,
      0.518423855304718,
      0.4990943372249603,
      0.480174332857132
    ],
    "RTHBLTEN": [
      0.0001149495510617271,
      3.255208503105678e-05,
      -2.848307485692203e-05,
      -4.475911555346102e-05,
      -2.33968112297589e-05,
      -1.017252657220524e-06,
      -1.017252657220524e-06,
      0.0,
      -1.017252657220524e-06,
      0.0,
      -1.017252657220524e-06,
      0.0,
      0.0,
      0.0,
      0.0,
      0.0,
      0.0,
      0.0,
      0.0,
      -1.017252657220524e-06,
      0.0,
      1.017252657220524e-06,
      -1.017252657220524e-06,
      0.0,
      -1.017252657220524e-06,
      0.0,
      1.017252657220524e-06,
      0.0,
      -1.017252657220524e-06,
      0.0,
      -1.017252657220524e-06,
      0.0
    ],