{
  "columns": {
    "DZ": [
      131.2077484130859,
      174.4364166259766,
      195.5978088378906,
      210.7460632324219,
      222.7779541015625,
      232.8607177734375,
      241.5943603515625,
      249.331787109375,
      256.2999267578125,
      262.654052734375,
      268.505126953125,
      273.936279296875,
      279.010009765625,
      283.77587890625,
      288.274169921875,
      292.535888671875,
      296.588623046875,
      300.4541015625,
      304.14990234375,
      307.69384765625,
      311.0986328125,
      314.3759765625,
      317.53564453125,
      320.58984375,
      323.5419921875,
      326.40185546875,
      329.17724609375,
      331.8701171875,
      334.48876953125,
      337.0361328125,
      339.5166015625,
      341.9365234375
    ],
    "EXCH_H": [
      0.2868273258209229,
      0.02736115641891956,
      0.03427678346633911,
      0.03895977139472961,
      0.04224174469709396,
      0.0446334108710289,
      0.04643740504980087,
      0.04783803224563599,
      0.04895195364952087,
      0.04985605925321579,
      0.05060245096683502,
      0.0512278825044632,
      0.05175845324993134,
      0.05221360921859741,
      0.05260792374610901,
      0.05295239388942719,
      0.05325566232204437,
      0.05352436751127243,
      0.05376414209604263,
      0.0539790615439415,
      0.05417276918888092,
      0.05434821546077728,
      0.0545077845454216,
      0.05465340614318848,
      0.0547868013381958,
      0.05490945279598236,
      0.05502253770828247,
      0.05512722581624985,
      0.05522413551807404,
      0.0553143247961998,
      0.0553983673453331,
      0.0
    ],
    "EXCH_M": [
      0.2294618636369705,
      0.03892992809414864,
      0.05045407265424728,
      0.05825787782669067,
      0.06372708082199097,
      0.0677126795053482,
      0.07071896642446518,
      0.0730530396103859,
      0.07490932941436768,
      0.07641594111919403,
      0.07765969634056091,
      0.07870186865329742,
      0.07958590984344482,
      0.08034427464008331,
      0.08100122213363647,
      0.08157508075237274,
      0.08208024501800537,
      0.08252780884504318,
      0.08292713761329651,
      0.08328504115343094,
      0.08360756188631058,
      0.08389963209629059,
      0.08416525274515152,
      0.08440760523080826,
      0.08462956547737122,
      0.08483361452817917,
      0.08502169698476791,
      0.08519578725099564,
      0.08535689115524292,
      0.08550678938627243,
      0.08564644306898117,
      0.0
    ],
    "P": [
      99726.421875,
      97942.78125,
      95821.875,
      93539.2421875,
      91156.5234375,
      88709.6484375,
      86222.953125,
      83714.265625,
      81197.3125,
      78682.953125,
      76180.03125,
      73695.796875,
      71236.296875,
      68806.59375,
      66410.9140625,
      64052.83984375,
      61735.375,
      59461.0234375,
      57231.8984375,
      55049.7109375,
      52915.8828125,
      50831.5390625,
      48797.56640625,
      46814.625,
      44883.1796875,
      43003.53125,
      41175.8203125,
      39400.04296875,
      37676.0859375,
      36003.72265625,
      34382.6171875,
      32812.35546875
    ],
    "QC": [
      0.0,
      0.0,
      0.0,
      0.0,
      0.0,
      0.0,
      0.0,
      0.0,
      0.0,
      0.0,
      0.0,
      0.0,
      0.0,
      0.0,
      0.0,
      0.0,
      0.0,
      0.0,
      0.0,
      0.0,
      0.0,
      0.0,
      0.0,
      0.0,
      0.0,
      0.0,
      0.0,
      0.0,
      0.0,
      0.0,
      0.0,
      0.0
    ],
    "QI": [
      0.0,
      0.0,
      0.0,
      0.0,
      0.0,
      0.0,
      0.0,
      0.0,
      0.0,
      0.0,
      0.0,
      0.0,
      0.0,
      0.0,
      0.0,
      0.0,
      0.0,
      0.0,
      0.0,
      0.0,
      0.0,
      0.0,
      0.0,
      0.0,
      0.0,
      0.0,
      0.0,
      0.0,
      0.0,
      0.0,
      0.0,
      0.0
    ],
    "QV": [
      0.005758961196988821,
      0.005234353244304657,
      0.004662760067731142,
      0.004106721840798855,
      0.003586399601772428,
      0.003110432764515281,
      0.002681817160919309,
      0.002300393301993608,
      0.001964170718565583,
      0.001670122728683054,
      0.001414689351804554,
      0.001194105017930269,
      0.001004611840471625,
      0.0008425944834016263,
      0.0007046634564176202,
      0.0005877002258785069,
      0.0004888793337158859,
      0.0004056699108332396,
      0.0003358286048751324,
      0.0002773831365630031,
      0.000228612232604064,
      0.0001880234194686636,
      0.0001543301914352924,
      0.00012642887304537,
      0.0001033776206895709,
      8.43758461996913e-05,
      6.874557584524155e-05,
      5.591516310232691e-05,
      4.540389636531472e-05,
      3.680915688164532e-05,
      2.979451164719649e-05,
      2.407972351647913e-05
    ],
    "RQCBLTEN": [
      0.0,
      0.0,
      0.0,
      0.0,
      0.0,
      0.0,
      0.0,
      0.0,
      0.0,
      0.0,
      0.0,
      0.0,
      0.0,
      0.0,
      0.0,
      0.0,
      0.0,
      0.0,
      0.0,
      0.0,
      0.0,
      0.0,
      0.0,
      0.0,
      0.0,
      0.0,
      0.0,
      0.0,
      0.0,
      0.0,
      0.0,
      0.0
    ],
    "RQIBLTEN": [
      0.0,
      0.0,
      0.0,
      0.0,
      0.0,
      0.0,
      0.0,
      0.0,
      0.0,
      0.0,
      0.0,
      0.0,
      0.0,
      0.0,
      0.0,
      0.0,
      0.0,
      0.0,
      0.0,
      0.0,
      0.0,
      0.0,
      0.0,
      0.0,
      0.0,
      0.0,
      0.0,
      0.0,
      0.0,
      0.0,
      0.0,
      0.0
    ],
    "RQVBLTEN": [
      -7.504907806321626e-09,
      5.145557313568361e-09,
      -6.208817487918239e-11,
      0.0,
      7.761021859897799e-12,
      3.104408743959119e-11,
      3.104408743959119e-11,
      4.656613289411027e-11,
      2.328306644705513e-11,
      2.716357694332316e-11,
      2.328306644705513e-11,
      1.940255421606363e-11,
      1.55220437197956e-11,
      1.55220437197956e-11,
      1.358178847166158e-11,
      9.701277108031814e-12,
      9.701277108031814e-12,
      7.761021859897799e-12,
      7.761021859897799e-12,
      6.790894235830791e-12,
      4.365574741982403e-12,
      3.880510929948899e-12,
      3.395447117915396e-12,
      1.94025546497445e-12,
      2.182787370991202e-12,
      1.455191652940946e-12,
      1.455191652940946e-12,
      1.091393685495601e-12,
      1.091393685495601e-12,
      8.488617794788489e-13,
      6.063298192519884e-13,
      2.667851183024705e-12
    ],
    "RR": [
      1.204691648483276,
      1.184014081954956,
      1.161733984947205,
      1.137662768363953,
      1.112437844276428,
      1.086434006690979,
      1.059906721115112,
      1.033045530319214,
      1.0059974193573,
      0.9788806438446045,
      0.9517918825149536,
      0.924811065196991,
      0.8980059027671814,
      0.8714330792427063,
      0.8451404571533203,
      0.8191686868667603,
      0.7935524582862854,
      0.7683209180831909,
      0.7434984445571899,
      0.7191060185432434,
      0.6951606273651123,
      0.6716762781143188,
      0.6486645936965942,
      0.6261345148086548,
      0.6040929555892944,
      0.5825454592704773,
      0.5614951252937317,
      0.5409442782402039,
      0.5208936333656311,
      0.5013429522514343,
      0.4822910130023956,
      0.4637353122234344
    ],