{
  "scalars": {
    "CASE": 2,
    "KX": 40,
    "REGIME": "shallow",
    "DT": 54.0,
    "STEPCU": 1,
    "XLAND": 1.0,
    "KPBL": 6,
    "LOWLYR": 1,
    "CLDEFI_OUT": 0.6000000238418579,
    "RAINCV": 0.0,
    "PRATEC": 0.0,
    "CUTOP": 7.0,
    "CUBOT": 2.0
  },
  "columns": {
    "T": [
      296.7485961914062,
      293.8988647460938,
      290.5553588867188,
      288.3323669433594,
      286.4437561035156,
      285.1381530761719,
      285.0265808105469,
      284.1082458496094,
      281.9287109375,
      278.4129943847656,
      273.9945983886719,
      271.2235412597656,
      268.833984375,
      266.4014282226562,
      263.928466796875,
      261.41748046875,
      258.8707275390625,
      256.2902221679688,
      253.6779937744141,
      251.0359497070312,
      248.3658752441406,
      245.6695098876953,
      242.9486083984375,
      240.2047424316406,
      237.4395904541016,
      234.6547088623047,
      231.8516082763672,
      229.0317993164062,
      226.1967468261719,
      223.3479309082031,
      220.4867553710938,
      217.6146087646484,
      214.7328643798828,
      211.8428955078125,
      208.9460601806641,
      206.0436096191406,
      203.1368255615234,
      200.2269897460938,
      197.3153991699219,
      194.4031982421875
    ],
    "QV": [
      0.01553177088499069,
      0.01344987284392118,
      0.01131660491228104,
      0.009632107801735401,
      0.00821759644895792,
      0.007294928189367056,
      0.007032498251646757,
      0.006449026055634022,
      0.005455172155052423,
      0.004221322480589151,
      0.003060264978557825,
      0.002494350541383028,
      0.002092967508360744,
      0.001754435361362994,
      0.001468863687478006,
      0.001227876753546298,
      0.001024432014673948,
      0.0008526353631168604,
      0.0007075749454088509,
      0.000585160858463496,
      0.0004819766618311405,
      0.000395161856431514,
      0.0003223094099666923,
      0.0002613788528833538,
      0.000210631376830861,
      0.0001685737370280549,
      0.0001339159498456866,
      0.0001055398461176082,
      8.247267396654934e-05,
      6.38683995930478e-05,
      4.899081977782771e-05,
      3.720200766110793e-05,
      2.795181353576481e-05,
      2.076880991808139e-05,
      1.525230618426576e-05,
      1.106452145904768e-05,
      7.924139936221763e-06,
      5.599290943791857e-06,
      3.901301624864573e-06,
      2.678512828424573e-06
    ],
    "P": [
      98537.9296875,
      95265.5,
      91525.9375,
      87642.5390625,
      83729.4375,
      79884.6015625,
      76159.125,
      72493.265625,
      68834.5625,
      65161.0078125,
      61537.12890625,
      58110.0703125,
      54883.96875,
      51783.9453125,
      48811.109375,
      45965.48046875,
      43246.203125,
      40651.7265625,
      38179.9296875,
      35828.2421875,
      33593.7109375,
      31473.10546875,
      29462.974609375,
      27559.705078125,
      25759.560546875,
      24058.72265625,
      22453.3359375,
      20939.5234375,
      19513.421875,
      18171.19921875,
      16909.068359375,
      15723.2998046875,
      14610.248046875,
      13566.3525390625,
      12588.13671875,
      11672.2314453125,
      10815.3720703125,
      10014.3994140625,
      9266.26953125,
      8568.048828125
    ],
    "DZ": [
      257.39453125,
      325.8016967773438,
      357.8314208984375,
      380.3594360351562,
      398.040283203125,
      412.7225341796875,
      425.345947265625,
      436.46044921875,
      446.41552734375,
      455.451171875,
      463.736572265625,
      471.39697265625,
      478.52783203125,
      485.20703125,
      491.48974609375,
      497.42822265625,
      503.05859375,
      508.41552734375,
      513.52880859375,
      518.41796875,
      523.1064453125,
      527.6123046875,
      531.947265625,
      536.12890625,
      540.1650390625,
      544.0693359375,
      547.849609375,
      551.5146484375,
      555.07421875,
      558.529296875,
      561.890625,
      565.1640625,
      568.3525390625,
      571.4619140625,
      574.494140625,
      577.45703125,
      580.353515625,
      583.18359375,
      585.953125,
      588.662109375
    ],
    "RHO": [
      1.146175026893616,
      1.120260119438171,
      1.090072751045227,
      1.052940249443054,
      1.013426899909973,
      0.971860408782959,
      0.9270468950271606,
      0.8855893611907959,
      0.847905158996582,
      0.8133981227874756,
      0.7810989618301392,
      0.7453907132148743,
      0.7104395627975464,
      0.6765714883804321,
      0.643817663192749,
      0.6121969223022461,
      0.5817182660102844,
      0.5523825287818909,
      0.5241838693618774,
      0.4971108436584473,
      0.4711475372314453,
      0.4462745487689972,
      0.4224693179130554,
      0.3997072875499725,
      0.3779617547988892,
      0.3572044670581818,
      0.3374065458774567,
      0.3185380101203918,
      0.3005684614181519,
      0.2834672331809998,
      0.2672035992145538,
      0.2517467737197876,
      0.2370662689208984,
      0.2231319844722748,
      0.209913969039917,
      0.1973830908536911,
      0.1855106502771378,
      0.1742684990167618,
      0.1636292785406113,
      0.153566300868988
    ],
    "TH": [
      298.0,
      298.0,
      298.0,
      299.4060363769531,
      301.35205078125,
      304.0346069335938,
      308.091064453125,
      311.4574890136719,
      313.67529296875,
      314.6558837890625,
      314.7664794921875,
      316.7262878417969,
      319.1011047363281,
      321.5104370117188,
      323.9521789550781,
      326.4244384765625,
      328.9257202148438,
      331.4543762207031,
      334.0092468261719,
      336.589111328125,
      339.1929321289062,
      341.8197021484375,
      344.4686279296875,
      347.1387939453125,
      349.8295288085938,
      352.5401306152344,
      355.2699279785156,
      358.0183410644531,
      360.7847900390625,
      363.5688171386719,
      366.369873046875,
      369.1875,
      372.0213012695312,
      374.8708190917969,
      377.7357177734375,
      380.6156005859375,
      383.5101318359375,
      386.4189453125,
      389.341796875,
      392.2783203125
    ],
    "PI": [
      0.9958006739616394,
      0.9862377643585205,
      0.9750179648399353,
      0.963014543056488,
      0.950528621673584,
      0.9378476738929749,
      0.925137460231781,
      0.9121894836425781,
      0.8987916111946106,
      0.8848174214363098,
      0.8704693913459778,
      0.8563341498374939,
      0.8424727320671082,
      0.828593373298645,
      0.8147143125534058,
      0.8008514046669006,
      0.7870188355445862,
      0.7732292413711548,
      0.7594939470291138,
      0.7458231449127197,
      0.7322259545326233,
      0.7187107801437378,
      0.7052851319313049,
      0.6919559240341187,
      0.6787294149398804,
      0.6656113266944885,
      0.6526069045066833,
      0.6397208571434021,
      0.6269575357437134,
      0.6143209338188171,
      0.6018146276473999,
      0.5894419550895691,
      0.5772058367729187,
      0.5651090741157532,
      0.5531541109085083,
      0.5413430333137512,
      0.5296778678894043,
      0.5181604027748108,
      0.5067922472953796,
      0.4955746829509735
    ],
    "RTHCUTEN": [
      0.0,
      -0.0003061594616156071,
      0.0003769503673538566,
      0.0004998776130378246,
      0.000402554520405829,
      -1.484638232795987e-05,
      -0.001027231221087277,
      0.0,
      0.0,
      0.0,
      0.0,
      0.0,
      0.0,
      0.0,
      0.0,
      0.0,
      0.0,
      0.0,
      0.0,
      0.0,
      0.0,
      0.0,
      0.0,
      0.0,
      0.0,
      0.0,
      0.0,
      0.0,
      0.0,
      0.0,
      0.0,
      0.0,
      0.0,
      0.0,
      0.0,
      0.0,
      0.0,
      0.0,
      0.0,
      0.0
    ],