{
  "scalars": {
    "CASE": 3,
    "KX": 40,
    "REGIME": "deep",
    "DT": 54.0,
    "STEPCU": 1,
    "XLAND": 2.0,
    "KPBL": 6,
    "LOWLYR": 1,
    "CLDEFI_OUT": 1.0,
    "RAINCV": 0.1978295892477036,
    "PRATEC": 0.003663511015474796,
    "CUTOP": 35.0,
    "CUBOT": 2.0
  },
  "columns": {
    "T": [
      301.7453308105469,
      298.8883056640625,
      295.5294189453125,
      291.8944702148438,
      288.8033752441406,
      286.1705627441406,
      283.4385375976562,
      280.6185302734375,
      277.7191467285156,
      274.7470092773438,
      271.7077331542969,
      268.6061096191406,
      265.4461669921875,
      262.2315673828125,
      258.965576171875,
      255.6512145996094,
      252.2913208007812,
      248.8884582519531,
      245.4451446533203,
      241.9638214111328,
      238.4467468261719,
      234.8961486816406,
      231.3142547607422,
      227.7031555175781,
      224.0649871826172,
      220.4017791748047,
      216.7156677246094,
      213.0086212158203,
      209.2826843261719,
      205.5398712158203,
      201.7822265625,
      198.01171875,
      194.2303466796875,
      190.4401397705078,
      186.6431121826172,
      182.8412322998047,
      179.0365142822266,
      175.2309722900391,
      171.4266204833984,
      167.6254577636719
    ],
    "QV": [
      0.02344769611954689,
      0.02039167657494545,
      0.01724408380687237,
      0.01431778259575367,
      0.01199981477111578,
      0.01017532031983137,
      0.008580999448895454,
      0.007199209183454514,
      0.006009220145642757,
      0.004989717621356249,
      0.00412040064111352,
      0.003382539143785834,
      0.002759156282991171,
      0.0022351392544806,
      0.001797068514861166,
      0.001433095661923289,
      0.001132768345996737,
      0.0008868415607139468,
      0.0006871738005429506,
      0.0005265817162580788,
      0.0003987382224295288,
      0.000298103695968166,
      0.0002198492002207786,
      0.0001597926893737167,
      0.0001143525223596953,
      8.049124153330922e-05,
      5.566751497099176e-05,
      3.778389873332344e-05,
      2.513850267860107e-05,
      1.637330024095718e-05,
      1.042553958541248e-05,
      6.480068805103656e-06,
      3.925399596482748e-06,
      2.313481218152447e-06,
      1.32408672470774e-06,
      7.344423238464515e-07,
      3.939483406156796e-07,
      2.038588604591496e-07,
      1.015085189237652e-07,
      4.849849233323766e-08
    ],
    "P": [
      99445.203125,
      96188.484375,
      92458.0,
      88538.546875,
      84563.9921875,
      80605.6875,
      76680.625,
      72815.0703125,
      69028.25,
      65334.4765625,
      61744.49609375,
      58266.3046875,
      54905.765625,
      51667.0234375,
      48552.8125,
      45564.71875,
      42703.359375,
      39968.5390625,
      37359.3828125,
      34874.4375,
      32511.779296875,
      30269.05859375,
      28143.59765625,
      26132.4296875,
      24232.3515625,
      22439.9765625,
      20751.7734375,
      19164.078125,
      17673.158203125,
      16275.22265625,
      14966.44921875,
      13742.9931640625,
      12601.025390625,
      11536.744140625,
      10546.3916015625,
      9626.259765625,
      8772.7001953125,
      7982.15234375,
      7251.134765625,
      6576.2578125
    ],
    "DZ": [
      257.39453125,
      325.8016967773438,
      357.8314208984375,
      380.3594360351562,
      398.040283203125,
      412.7225341796875,
      425.345947265625,
      436.46044921875,
      446.41552734375,
      455.451171875,
      463.736572265625,
      471.39697265625,
      478.52783203125,
      485.20703125,
      491.48974609375,
      497.42822265625,
      503.05859375,
      508.41552734375,
      513.52880859375,
      518.41796875,
      523.1064453125,
      527.6123046875,
      531.947265625,
      536.12890625,
      540.1650390625,
      544.0693359375,
      547.849609375,
      551.5146484375,
      555.07421875,
      558.529296875,
      561.890625,
      565.1640625,
      568.3525390625,
      571.4619140625,
      574.494140625,
      577.45703125,
      580.353515625,
      583.18359375,
      585.953125,
      588.662109375
    ],
    "RHO": [
      1.132175326347351,
      1.107594847679138,
      1.078778266906738,
      1.047756433486938,
      1.012848019599915,
      0.9753944873809814,
      0.9377453327178955,
      0.9001734852790833,
      0.8628897070884705,
      0.8260607123374939,
      0.7898193001747131,
      0.7542710304260254,
      0.7195014953613281,
      0.6855778694152832,
      0.6525536179542542,
      0.620469868183136,
      0.5893575549125671,
      0.5592390894889832,
      0.5301294326782227,
      0.5020371675491333,
      0.4749655723571777,
      0.4489132761955261,
      0.4238744974136353,
      0.399840384721756,
      0.3767987787723541,
      0.3547350764274597,
      0.3336324691772461,
      0.3134720921516418,
      0.294233649969101,
      0.2758954763412476,
      0.258434921503067,
      0.2418281435966492,
      0.2260507047176361,
      0.2110776454210281,
      0.1968836635351181,
      0.1834430694580078,
      0.17072993516922,
      0.1587183773517609,
      0.147382453083992,
      0.1366963535547256
    ],
    "TH": [
      302.225341796875,
      302.225341796875,
      302.225341796875,
      302.2253723144531,
      302.9747314453125,
      304.35302734375,
      305.7777404785156,
      307.2427978515625,
      308.7437438964844,
      310.2768859863281,
      311.8394775390625,
      313.4292297363281,
      315.0440673828125,
      316.6824340820312,
      318.3428344726562,
      320.0239868164062,
      321.7248229980469,
      323.4443359375,
      325.1816101074219,
      326.9359436035156,
      328.70654296875,
      330.4927368164062,
      332.2940063476562,
      334.1097412109375,
      335.9394226074219,
      337.7826232910156,
      339.6388854980469,
      341.5078125,
      343.3890075683594,
      345.2821350097656,
      347.1868591308594,
      349.1028442382812,
      351.0298156738281,
      352.9674987792969,
      354.9156494140625,
      356.8739624023438,
      358.8422241210938,
      360.8202209472656,
      362.8077697753906,
      364.8046264648438
    ],
    "PI": [
      0.9984117150306702,
      0.9889584183692932,
      0.9778445959091187,
      0.9658172726631165,
      0.9532259702682495,
      0.9402586221694946,
      0.9269430041313171,
      0.9133445620536804,
      0.8995134830474854,
      0.8854897618293762,
      0.8713064193725586,
      0.8569912910461426,
      0.8425683379173279,
      0.8280584216117859,
      0.8134801387786865,
      0.7988501787185669,
      0.7841835618019104,
      0.7694939374923706,
      0.7547940611839294,
      0.7400954961776733,
      0.725409209728241,
      0.7107452750205994,
      0.6961132287979126,
      0.6815220713615417,
      0.6669803261756897,
      0.6524959206581116,
      0.6380767226219177,
      0.6237298846244812,
      0.6094623804092407,
      0.5952809453010559,
      0.5811920166015625,
      0.5672016739845276,
      0.5533158183097839,
      0.53954017162323,
      0.5258802175521851,
      0.5123412013053894,
      0.4989282190799713,
      0.4856461882591248,
      0.4724998772144318,
      0.4594937860965729
    ],