{
  "scalars": {
    "CASE": 4,
    "KX": 40,
    "REGIME": "nonconvective",
    "DT": 54.0,
    "STEPCU": 1,
    "XLAND": 1.0,
    "KPBL": 6,
    "LOWLYR": 1,
    "CLDEFI_OUT": 1.0,
    "RAINCV": 0.0,
    "PRATEC": 0.0,
    "CUTOP": 1.0,
    "CUBOT": 41.0
  },
  "columns": {
    "T": [
      285.7490844726562,
      284.3537902832031,
      283.9096374511719,
      283.4198303222656,
      282.8932495117188,
      282.3345947265625,
      281.7471008300781,
      281.1331176757812,
      280.4945373535156,
      279.8330078125,
      279.1499938964844,
      278.4467468261719,
      277.7245178222656,
      276.9844665527344,
      276.2276611328125,
      275.4551391601562,
      274.6679077148438,
      273.8669128417969,
      273.0531005859375,
      272.2273559570312,
      271.3905639648438,
      270.5434875488281,
      269.68701171875,
      268.8218994140625,
      267.9488525390625,
      267.0686340332031,
      266.181884765625,
      265.2893981933594,
      264.3917846679688,
      263.4895935058594,
      262.58349609375,
      261.6740417480469,
      260.7617492675781,
      259.8472290039062,
      258.9309692382812,
      258.013427734375,
      257.0950927734375,
      256.1763610839844,
      255.2577362060547,
      254.3395690917969
    ],
    "QV": [
      0.003271063324064016,
      0.002954944735392928,
      0.002743244171142578,
      0.002536066342145205,
      0.002339709317311645,
      0.002157069742679596,
      0.001989406766369939,
      0.001837029820308089,
      0.001699642511084676,
      0.001576581504195929,
      0.00146694399882108,
      0.001369686797261238,
      0.001283715362660587,
      0.001207911060191691,
      0.001141173648647964,
      0.001082449685782194,
      0.001030747895129025,
      0.0009851520881056786,
      0.0009448190103285015,
      0.0009089914383366704,
      0.0008769887499511242,
      0.0008482045959681273,
      0.0008221145835705101,
      0.0007982560200616717,
      0.0007762299501337111,
      0.0007556999335065484,
      0.0007363728363998234,
      0.0007180151878856122,
      0.000700425764080137,
      0.0006834365776740015,
      0.0006669169524684548,
      0.0006507598445750773,
      0.000634882424492389,
      0.0006192243890836835,
      0.0006037381826899946,
      0.0005883902776986361,
      0.0005731595447286963,
      0.000558032188564539,
      0.0005430063465610147,
      0.0005280798650346696
    ],
    "P": [
      98482.78125,
      95120.21875,
      91340.28125,
      87449.53125,
      83550.75,
      79700.1015625,
      75932.171875,
      72269.203125,
      68725.609375,
      65310.4453125,
      62029.01953125,
      58883.8671875,
      55875.53125,
      53003.0,
      50264.1640625,
      47656.05859375,
      45175.1171875,
      42817.328125,
      40578.37109375,
      38453.7421875,
      36438.8203125,
      34528.9296875,
      32719.4140625,
      31005.6640625,
      29383.1484375,
      27847.44140625,
      26394.248046875,
      25019.40625,
      23718.8984375,
      22488.859375,
      21325.587890625,
      20225.533203125,
      19185.3046875,
      18201.673828125,
      17271.564453125,
      16392.046875,
      15560.33203125,
      14773.7822265625,
      14029.900390625,
      13326.30859375
    ],
    "DZ": [
      257.39453125,
      325.8016967773438,
      357.8314208984375,
      380.3594360351562,
      398.040283203125,
      412.7225341796875,
      425.345947265625,
      436.46044921875,
      446.41552734375,
      455.451171875,
      463.736572265625,
      471.39697265625,
      478.52783203125,
      485.20703125,
      491.48974609375,
      497.42822265625,
      503.05859375,
      508.41552734375,
      513.52880859375,
      518.41796875,
      523.1064453125,
      527.6123046875,
      531.947265625,
      536.12890625,
      540.1650390625,
      544.0693359375,
      547.849609375,
      551.5146484375,
      555.07421875,
      558.529296875,
      561.890625,
      565.1640625,
      568.3525390625,
      571.4619140625,
      574.494140625,
      577.45703125,
      580.353515625,
      583.18359375,
      585.953125,
      588.662109375
    ],
    "RHO": [
      1.198479771614075,
      1.163462519645691,
      1.119119882583618,
      1.073436141014099,
      1.027610421180725,
      0.9822989106178284,
      0.9379062652587891,
      0.8946940898895264,
      0.852832555770874,
      0.8124294877052307,
      0.7735496759414673,
      0.7362253069877625,
      0.7004654407501221,
      0.666260838508606,
      0.6335898041725159,
      0.6024203300476074,
      0.5727134943008423,
      0.5444249510765076,
      0.5175069570541382,
      0.4919092655181885,
      0.4675802290439606,
      0.4444677233695984,
      0.422519326210022,
      0.4016833007335663,
      0.3819087445735931,
      0.3631457984447479,
      0.3453460335731506,
      0.3284623920917511,
      0.3124494552612305,
      0.2972635328769684,
      0.2828626930713654,
      0.2692065536975861,
      0.2562567591667175,
      0.2439764440059662,
      0.2323306053876877,
      0.2212858349084854,
      0.2108103036880493,
      0.200873851776123,
      0.1914478242397308,
      0.1825049519538879
    ],
    "TH": [
      287.0,
      288.447509765625,
      291.3529663085938,
      294.4902648925781,
      297.7984924316406,
      301.2442321777344,
      304.8059997558594,
      308.4686889648438,
      312.2208862304688,
      316.0538330078125,
      319.9603881835938,
      323.9346923828125,
      327.9718627929688,
      332.0677490234375,
      336.21875,
      340.421630859375,
      344.6736755371094,
      348.9724426269531,
      353.3157043457031,
      357.7014770507812,
      362.1279907226562,
      366.593505859375,
      371.0966491699219,
      375.6360168457031,
      380.2102355957031,
      384.8182373046875,
      389.4588317871094,
      394.1311645507812,
      398.8341979980469,
      403.5669860839844,
      408.3287963867188,
      413.1187744140625,
      417.9361877441406,
      422.7804260253906,
      427.6507263183594,
      432.5465393066406,
      437.4672241210938,
      442.4122619628906,
      447.3810729980469,
      452.3731689453125
    ],
    "PI": [
      0.9956414103507996,
      0.9858077764511108,
      0.9744524955749512,
      0.9624081254005432,
      0.9499486088752747,
      0.937228262424469,
      0.9243489503860474,
      0.9113830327987671,
      0.8983849287033081,
      0.8853966593742371,
      0.8724517226219177,
      0.8595767617225647,
      0.8467937111854553,
      0.8341203331947327,
      0.8215712904930115,
      0.8091587424278259,
      0.7968925833702087,
      0.7847809195518494,
      0.7728303670883179,
      0.7610462307929993,
      0.7494327425956726,
      0.7379931211471558,
      0.7267298698425293,
      0.7156446576118469,
      0.7047386765480042,
      0.6940124034881592,
      0.6834660172462463,
      0.6730992794036865,
      0.6629115343093872,
      0.6529017686843872,
      0.643068790435791,
      0.633411169052124,
      0.6239271759986877,
      0.6146150827407837,
      0.605472981929779,
      0.5964986681938171,
      0.5876899361610413,
      0.5790444612503052,
      0.5705599784851074,
      0.5622339844703674
    ],
    "RTHCUTEN": [
      0.0,
      0.0,
      0.0,
      0.0,
      0.0,
      0.0,
      0.0,
      0.0,
      0.0,
      0.0,
      0.0,
      0.0,
      0.0,
      0.0,
      0.0,
      0.0,
      0.0,
      0.0,
      0.0,
      0.0,
      0.0,
      0.0,
      0.0,
      0.0,
      0.0,
      0.0,
      0.0,
      0.0,
      0.0,
      0.0,
      0.0,
      0.0,
      0.0,
      0.0,
      0.0,
      0.0,
      0.0,
      0.0,
      0.0,
      0.0
    ],