{
  "scalars": {
    "CASE": 1,
    "KX": 40,
    "REGIME": "deep",
    "DT": 54.0,
    "STEPCU": 1,
    "XLAND": 1.0,
    "KPBL": 6,
    "LOWLYR": 1,
    "CLDEFI_OUT": 1.0,
    "RAINCV": 0.1331052631139755,
    "PRATEC": 0.002464912366122007,
    "CUTOP": 31.0,
    "CUBOT": 2.0
  },
  "columns": {
    "T": [
      299.7463989257812,
      296.8917846679688,
      293.5357055664062,
      290.0344848632812,
      287.665283203125,
      285.1971130371094,
      282.63525390625,
      279.9903259277344,
      277.2702941894531,
      274.4815063476562,
      271.6292419433594,
      268.7179565429688,
      265.75146484375,
      262.7332458496094,
      259.6663818359375,
      256.5537719726562,
      253.3980865478516,
      250.2017822265625,
      246.9672088623047,
      243.6966705322266,
      240.3923797607422,
      237.0563659667969,
      233.6907501220703,
      230.2975311279297,
      226.8786926269531,
      223.4361267089844,
      219.9718170166016,
      216.4876556396484,
      212.9854431152344,
      209.4670867919922,
      205.9344940185547,
      202.389404296875,
      198.8337097167969,
      195.2692108154297,
      191.6977081298828,
      188.1210021972656,
      184.5409088134766,
      180.9591979980469,
      177.3776550292969,
      173.7980346679688
    ],
    "QV": [
      0.02037733234465122,
      0.01769201457500458,
      0.01492962241172791,
      0.01242245547473431,
      0.01067071780562401,
      0.009119702503085136,
      0.007756667677313089,
      0.006568078882992268,
      0.005537516437470913,
      0.004648045171052217,
      0.003883372060954571,
      0.003228395478799939,
      0.00266946479678154,
      0.002194377360865474,
      0.001792328432202339,
      0.001453770091757178,
      0.001170268282294273,
      0.0009343521669507027,
      0.0007394172716885805,
      0.000579603249207139,
      0.000449714163551107,
      0.0003451385709922761,
      0.000261808920186013,
      0.0001961464440682903,
      0.0001450232957722619,
      0.0001057298868545331,
      7.594338967464864e-05,
      5.369360587792471e-05,
      3.733184348675422e-05,
      2.549918826844078e-05,
      1.709248135739472e-05,
      1.123100628319662e-05,
      7.225165063573513e-06,
      4.544980129139731e-06,
      2.791722181427758e-06,
      1.671954464654846e-06,
      9.747662943482283e-07,
      5.52275025711424e-07,
      3.035190445643821e-07,
      1.614817790596135e-07
    ],
    "P": [
      99141.203125,
      95875.7890625,
      92135.8515625,
      88224.53125,
      84267.78125,
      80321.484375,
      76412.640625,
      72567.25,
      68804.203125,
      65137.40625,
      61577.1796875,
      58131.078125,
      54804.51171875,
      51601.1875,
      48523.390625,
      45572.296875,
      42748.1171875,
      40050.28515625,
      37477.5703125,
      35028.2109375,
      32699.978515625,
      30490.265625,
      28396.1640625,
      26414.513671875,
      24541.9453125,
      22774.9296875,
      21109.8203125,
      19542.888671875,
      18070.3359375,
      16688.34765625,
      15393.091796875,
      14180.74609375,
      13047.517578125,
      11989.658203125,
      11003.48046875,
      10085.361328125,
      9231.755859375,
      8439.2080078125,
      7704.353515625,
      7023.93408203125
    ],
    "DZ": [
      257.39453125,
      325.8016967773438,
      357.8314208984375,
      380.3594360351562,
      398.040283203125,
      412.7225341796875,
      425.345947265625,
      436.46044921875,
      446.41552734375,
      455.451171875,
      463.736572265625,
      471.39697265625,
      478.52783203125,
      485.20703125,
      491.48974609375,
      497.42822265625,
      503.05859375,
      508.41552734375,
      513.52880859375,
      518.41796875,
      523.1064453125,
      527.6123046875,
      531.947265625,
      536.12890625,
      540.1650390625,
      544.0693359375,
      547.849609375,
      551.5146484375,
      555.07421875,
      558.529296875,
      561.890625,
      565.1640625,
      568.3525390625,
      571.4619140625,
      574.494140625,
      577.45703125,
      580.353515625,
      583.18359375,
      585.953125,
      588.662109375
    ],
    "RHO": [
      1.138336658477783,
      1.113223195075989,
      1.083830714225769,
      1.051937699317932,
      1.014106750488281,
      0.9758954048156738,
      0.9375914335250854,
      0.899466335773468,
      0.8617275357246399,
      0.8245366215705872,
      0.7880198955535889,
      0.7522776126861572,
      0.7173885703086853,
      0.6834138035774231,
      0.6503999829292297,
      0.6183820962905884,
      0.5873849987983704,
      0.557425320148468,
      0.5285122394561768,
      0.500649094581604,
      0.4738339185714722,
      0.4480603933334351,
      0.4233184456825256,
      0.399594634771347,
      0.3768730461597443,
      0.3551352918148041,
      0.3343609571456909,
      0.3145281672477722,
      0.295613706111908,
      0.2775932550430298,
      0.2604416012763977,
      0.2441329956054688,
      0.2286409884691238,
      0.213938981294632,
      0.2000002413988113,
      0.1867978274822235,
      0.1743048578500748,
      0.1624946147203445,
      0.1513405442237854,
      0.1408165246248245
    ],
    "TH": [
      300.4859619140625,
      300.4859619140625,
      300.4859619140625,
      300.6045532226562,
      302.08349609375,
      303.6239624023438,
      305.21630859375,
      306.8537292480469,
      308.5311889648438,
      310.2447204589844,
      311.9911804199219,
      313.7679443359375,
      315.5728149414062,
      317.4039001464844,
      319.2596130371094,
      321.1385498046875,
      323.0394897460938,
      324.9613037109375,
      326.9029846191406,
      328.8636779785156,
      330.8425903320312,
      332.8389587402344,
      334.8521118164062,
      336.8814697265625,
      338.9264221191406,
      340.9864501953125,
      343.0610961914062,
      345.14990234375,
      347.2524108886719,
      349.3682556152344,
      351.4970703125,
      353.6384582519531,
      355.7921447753906,
      357.9577941894531,
      360.1351013183594,
      362.3238220214844,
      364.5236511230469,
      366.734375,
      368.9557495117188,
      371.1875
    ],
    "PI": [
      0.9975387454032898,
      0.9880387783050537,
      0.9768699407577515,
      0.9648373126983643,
      0.9522707462310791,
      0.9393102526664734,
      0.9260162711143494,
      0.9124553203582764,
      0.8986783623695374,
      0.88472580909729,
      0.8706311583518982,
      0.8564226031303406,
      0.8421240448951721,
      0.8277568221092224,
      0.8133392930030823,
      0.7988881468772888,
      0.7844182848930359,
      0.7699432969093323,
      0.7554755210876465,
      0.7410264015197754,
      0.7266064882278442,
      0.7122254371643066,
      0.697892427444458,
      0.6836159229278564,
      0.6694039702415466,
      0.6552639603614807,
      0.6412030458450317,
      0.6272279024124146,
      0.6133447289466858,
      0.5995596051216125,
      0.5858782529830933,
      0.5723059773445129,
      0.558847963809967,
      0.5455090403556824,
      0.5322938561439514,
      0.5192068219184875,
      0.5062522292137146,
      0.493433952331543,
      0.4807558953762054,
      0.4682216942310333
    ],