{
  "columns": {
    "DLK": [
      83.73230176064791,
      164.55306235210395,
      172.36344497945544,
      181.61398257524516,
      191.96880862145036,
      60.545458515950095,
      34.85719350345242,
      36.82151897618454,
      38.82104638333103,
      40.836553365113474,
      42.853601046138316,
      44.86154274958102,
      46.852685737359884,
      48.821610211181294,
      50.76462896166846,
      52.67936471271414,
      54.56442248702345,
      56.41913714549476,
      58.243379706369765,
      60.03740931479258,
      61.80176052629536,
      63.53715784281159,
      65.24445124529666,
      66.92456787992364,
      68.57847615223125,
      70.2071593332033,
      71.81159643820394,
      73.39274864787176,
      74.95154993337563,
      76.48890085320242,
      78.0056647250662,
      79.50266555994767
    ],
    "DZ": [
      167.46460352129583,
      211.97129785215634,
      232.81030970992077,
      247.467425253967,
      258.9708893428274,
      268.52320705935904,
      276.7362931998275,
      283.96742321189595,
      290.4446876324762,
      296.32320696194483,
      301.71358552848596,
      306.697642682504,
      311.3377152616972,
      315.68245882345855,
      319.77062496793997,
      323.6336104435177,
      327.2972301025429,
      330.7829822746653,
      334.1089722793904,
      337.29059973332915,
      340.3410789559848,
      343.27183908408915,
      346.09283594427325,
      348.81279816216284,
      351.4394235555683,
      353.9795374540072,
      356.4392215147327,
      358.82391942856884,
      361.1385243432669,
      363.3874516910255,
      365.57470026468764,
      367.7039037584309
    ],
    "EXCH_H": [
      0.0,
      9.851216018911531,
      14.486924932017523,
      16.00167183963616,
      17.830045979854987,
      12.876071680423683,
      5.1197947458203705,
      4.048434720952686,
      4.508955817146324,
      5.000620911777673,
      5.519971669896896,
      6.063881889369132,
      6.629562599533466,
      7.214551290244835,
      7.816691463443569,
      8.434106872551101,
      9.06517345764038,
      9.708490991836003,
      10.362855737183487,
      11.027234896239731,
      11.700743285665895,
      12.382622410103284,
      13.072221948501756,
      13.768983558310172,
      14.472426838666824,
      15.182137259378175,
      15.897755848748082,
      16.61897043338672,
      17.345508232022134,
      18.07712961949107,
      18.81362289400885,
      19.554799898775244
    ],
    "EXCH_M": [
      0.0,
      9.851216018911531,
      14.486924932017523,
      16.00167183963616,
      17.830045979854987,
      12.876071680423683,
      5.1197947458203705,
      4.048434720952686,
      4.508955817146324,
      5.000620911777673,
      5.519971669896896,
      6.063881889369132,
      6.629562599533466,
      7.214551290244835,
      7.816691463443569,
      8.434106872551101,
      9.06517345764038,
      9.708490991836003,
      10.362855737183487,
      11.027234896239731,
      11.700743285665895,
      12.382622410103284,
      13.072221948501756,
      13.768983558310172,
      14.472426838666824,
      15.182137259378175,
      15.897755848748082,
      16.61897043338672,
      17.345508232022134,
      18.07712961949107,
      18.81362289400885,
      19.554799898775244
    ],
    "QC": [
      0.0,
      0.0,
      0.0,
      0.0,
      0.0,
      0.0,
      0.0,
      0.0,
      0.0,
      0.0,
      0.0,
      0.0,
      0.0,
      0.0,
      0.0,
      0.0,
      0.0,
      0.0,
      0.0,
      0.0,
      0.0,
      0.0,
      0.0,
      0.0,
      0.0,
      0.0,
      0.0,
      0.0,
      0.0,
      0.0,
      0.0,
      0.0
    ],
    "QV": [
      0.01549293309794996,
      0.014402697972323708,
      0.013221980362422591,
      0.012055482320308473,
      0.010936737524810532,
      0.009881717817864675,
      0.008898019898297886,
      0.007988485008720788,
      0.0071530387284488624,
      0.006389763672054167,
      0.0056955787057451895,
      0.005066691542754078,
      0.004498909776232514,
      0.003987858191901626,
      0.0035291313940321732,
      0.0031184004463952757,
      0.002751486153399921,
      0.002424407823629097,
      0.0021334138874200613,
      0.0018749990605882551,
      0.0016459115657329235,
      0.0014431530693611576,
      0.0012639733624937731,
      0.0011058613379256292,
      0.0009665334552046805,
      0.0008439206050692608,
      0.0007361540679225273,
      0.0006415510911940795,
      0.0005586004773741707,
      0.00048594847007798125,
      0.0004223851436163333,
      0.00036683143752668364
    ],
    "RHO": [
      1.1387721990786341,
      1.1214613662137547,
      1.1018382087189285,
      1.080927739058188,
      1.0591147679128226,
      1.0366306453313074,
      1.0127146012186332,
      0.9860510632376194,
      0.9592838648676102,
      0.9325092281194589,
      0.9058067314893032,
      0.879243158821502,
      0.8528751173732009,
      0.8267509047059002,
      0.8009118934110115,
      0.7753935927929299,
      0.7502264858731919,
      0.7254367048483991,
      0.7010465868806723,
      0.6770751388372536,
      0.6535384310738727,
      0.6304499347355971,
      0.6078208132524106,
      0.5856601760852902,
      0.5639753009301076,
      0.5427718292567216,
      0.5220539390847376,
      0.5018244981674131,
      0.48208520019884005,
      0.4628366862277901,
      0.4440786531207514,
      0.4258099506432161
    ],
    "RQCBLTEN": [
      0.0,
      0.0,
      0.0,
      0.0,
      0.0,
      0.0,
      0.0,
      0.0,
      0.0,
      0.0,
      0.0,
      0.0,
      0.0,
      0.0,
      0.0,
      0.0,
      0.0,
      0.0,
      0.0,
      0.0,
      0.0,
      0.0,
      0.0,
      0.0,
      0.0,
      0.0,
      0.0,
      0.0,
      0.0,
      0.0,
      0.0,
      0.0
    ],
    "RQVBLTEN": [
      1.3213114525518464e-07,
      -8.56360721775834e-08,
      1.2193871035010942e-09,
      3.78385885330008e-09,
      1.0902095964269073e-07,
      1.253035811559118e-07,
      2.107803731627005e-08,
      1.3790636618771224e-09,
      1.6219693301707897e-09,
      1.907774794246188e-09,
      2.1603529417636712e-09,
      2.3706398022433952e-09,
      2.534587670473265e-09,
      2.651709277475221e-09,
      2.7240115645637878e-09,
      2.755133739987953e-09,
      2.7496759763993736e-09,
      2.7126947210439135e-09,
      2.649337038416385e-09,
      2.5645869644944088e-09,
      2.463099477673641e-09,
      2.3491011632612314e-09,
      2.2263402698292333e-09,
      2.098072252397787e-09,
      1.9670698919372885e-09,
      1.8356496156554832e-09,
      1.7057077238259346e-09,
      1.5787618928972054e-09,
      1.4559940534065342e-09,
      1.3382190076476628e-09,
      1.2168625236304905e-09,
      0.0
    ],
    "RTHBLTEN": [
      0.003081560345786253,
      2.816728139786543e-05,
      -4.4635765315585255e-06,
      -5.3332009552301924e-06,
      1.4198569012554192e-05,
      4.0619863866216596e-05,
      3.703644943110855e-05,
      1.6754084833792148e-05,
      4.735919107664207e-06,
      4.725817753599889e-06,
      4.70557736396889e-06,
      4.641982091394917e-06,
      4.540359659207145e-06,
      4.405549576821007e-06,
      4.241769668548538e-06,
      4.052645571543204e-06,
      3.8412562588518995e-06,
      3.610186845056281e-06,
      3.361583370065091e-06,
      3.0972062376122268e-06,
      2.8184803160987335e-06,
      2.526540631227666e-06,
      2.222273145472779e-06,
      1.9063505874328257e-06,
      1.5792634693904498e-06,
      1.2413466038196929e-06,
      8.928015612733967e-07,
      5.337154391327204e-07,
      1.6407693029426203e-07,
      -2.1614384877466363e-07,
      -5.988193530962841e-07,
      0.0
    ],