{
  "columns": {
    "DLK": [
      54.95547399606528,
      54.46644966513941,
      42.98791294585133,
      24.485110855583162,
      24.875554724784784,
      25.46471471904688,
      26.224716887535976,
      27.124925204619377,
      28.13570476852882,
      29.23047976489233,
      30.386587385556805,
      31.58537642075556,
      32.81189601604977,
      34.05440596282389,
      35.30384566720146,
      36.5533334137605,
      37.79772707664846,
      39.0332547916637,
      40.25721269988886,
      41.4677219663412,
      42.66353584880423,
      43.84388786896167,
      45.008373140792166,
      46.15685613102881,
      47.289399318666796,
      48.4062082818731,
      49.507589640079,
      50.59391901956899,
      51.665616809840905,
      52.72312995694607,
      53.766918420219085,
      54.797445219097106
    ],
    "DZ": [
      167.46460352129583,
      211.97129785215634,
      232.81030970992077,
      247.467425253967,
      258.9708893428274,
      268.52320705935904,
      276.7362931998275,
      283.96742321189595,
      290.4446876324762,
      296.32320696194483,
      301.71358552848596,
      306.697642682504,
      311.3377152616972,
      315.68245882345855,
      319.77062496793997,
      323.6336104435177,
      327.2972301025429,
      330.7829822746653,
      334.1089722793904,
      337.29059973332915,
      340.3410789559848,
      343.27183908408915,
      346.09283594427325,
      348.81279816216284,
      351.4394235555683,
      353.9795374540072,
      356.4392215147327,
      358.82391942856884,
      361.1385243432669,
      363.3874516910255,
      365.57470026468764,
      367.7039037584309
    ],
    "EXCH_H": [
      0.0,
      4.334829775181871,
      3.8571464570258165,
      2.684679508008389,
      1.9697377012564554,
      2.0486396942057836,
      2.159966164710443,
      2.3010427787548045,
      2.468959834905664,
      2.660809696081905,
      2.8738223656094326,
      3.1054389754280516,
      3.3533461309540264,
      3.615485476770075,
      3.89004788374957,
      4.17545852848081,
      4.4703570591320965,
      4.77357562685234,
      5.084116586275764,
      5.401130994413036,
      5.7238985729801675,
      6.051809482811351,
      6.38434804703202,
      6.721078421455057,
      7.0616321243066755,
      7.405697287169437,
      7.753009463637777,
      8.103343823487334,
      8.456508562349851,
      8.812339365829802,
      9.170694779804286,
      9.531452353321933
    ],
    "EXCH_M": [
      0.0,
      4.334829775181871,
      3.8571464570258165,
      2.684679508008389,
      1.9697377012564554,
      2.0486396942057836,
      2.159966164710443,
      2.3010427787548045,
      2.468959834905664,
      2.660809696081905,
      2.8738223656094326,
      3.1054389754280516,
      3.3533461309540264,
      3.615485476770075,
      3.89004788374957,
      4.17545852848081,
      4.4703570591320965,
      4.77357562685234,
      5.084116586275764,
      5.401130994413036,
      5.7238985729801675,
      6.051809482811351,
      6.38434804703202,
      6.721078421455057,
      7.0616321243066755,
      7.405697287169437,
      7.753009463637777,
      8.103343823487334,
      8.456508562349851,
      8.812339365829802,
      9.170694779804286,
      9.531452353321933
    ],
    "QC": [
      0.0,
      0.0,
      0.0,
      0.0,
      0.0,
      0.0,
      0.0,
      0.0,
      0.0,
      0.0,
      0.0,
      0.0,
      0.0,
      0.0,
      0.0,
      0.0,
      0.0,
      0.0,
      0.0,
      0.0,
      0.0,
      0.0,
      0.0,
      0.0,
      0.0,
      0.0,
      0.0,
      0.0,
      0.0,
      0.0,
      0.0,
      0.0
    ],
    "QV": [
      0.00763637944527401,
      0.006872477964789188,
      0.006073738347410235,
      0.005315163675241301,
      0.004617652673621757,
      0.0039882811905761,
      0.003427733948695443,
      0.00293335950271001,
      0.002500746868043963,
      0.0021246314512817256,
      0.0017994427279722613,
      0.0015196406652189878,
      0.0012799197928486765,
      0.0010753273679566036,
      0.0009013247964327625,
      0.0007538114559460395,
      0.0006291238618136855,
      0.0005240190805615817,
      0.0004356485704900211,
      0.00036152673920324086,
      0.000299497174774992,
      0.00024769855607266613,
      0.0002045315658142705,
      0.00016862764107533295,
      0.00013882004732092862,
      0.00011411751598319083,
      9.368051486221208e-05,
      7.680010516003873e-05,
      6.287926390516446e-05,
      5.141650480865115e-05,
      4.199160592961241e-05,
      3.425324272650418e-05
    ],
    "RHO": [
      1.1599664887628058,
      1.1410176353880328,
      1.1195618941663346,
      1.0963317036249498,
      1.0697365253304831,
      1.042584849517334,
      1.0150921583651344,
      0.9874188647095951,
      0.9596899443150001,
      0.9320056539301681,
      0.904447996629605,
      0.8770849245675997,
      0.8499732353257116,
      0.8231606631391969,
      0.7966874463936037,
      0.7705875384603011,
      0.7448895659199751,
      0.7196176017482543,
      0.6947917990228658,
      0.6704289169219693,
      0.6465427618494656,
      0.6231445605518122,
      0.600243277981697,
      0.577845889757927,
      0.5559576169629604,
      0.5345821294544281,
      0.5137217226802242,
      0.49337747206993626,
      0.4735493683555064,
      0.45423643660091384,
      0.43543684125904375,
      0.41714797919849084
    ],
    "RQCBLTEN": [
      0.0,
      0.0,
      0.0,
      0.0,
      0.0,
      0.0,
      0.0,
      0.0,
      0.0,
      0.0,
      0.0,
      0.0,
      0.0,
      0.0,
      0.0,
      0.0,
      0.0,
      0.0,
      0.0,
      0.0,
      0.0,
      0.0,
      0.0,
      0.0,
      0.0,
      0.0,
      0.0,
      0.0,
      0.0,
      0.0,
      0.0,
      0.0
    ],
    "RQVBLTEN": [
      -5.1432228652190336e-08,
      1.7914147678431646e-08,
      2.3982155950673608e-08,
      1.2989228263295127e-08,
      2.594017712061423e-09,
      2.1231210971019615e-09,
      1.8033954988337885e-09,
      1.5775879901976214e-09,
      1.4146279252964684e-09,
      1.291701943851043e-09,
      1.1929356542706172e-09,
      1.1078769086948653e-09,
      1.0300796599735951e-09,
      9.559149651165143e-10,
      8.836367150792321e-10,
      8.126833607508625e-10,
      7.431784145224031e-10,
      6.755884680824618e-10,
      6.105004320229604e-10,
      5.484855397934388e-10,
      4.90024160240991e-10,
      4.354715378335379e-10,
      3.8504976854685867e-10,
      3.388555065096102e-10,
      2.9687613825195347e-10,
      2.590095886949039e-10,
      2.2508468738647185e-10,
      1.948802696383056e-10,
      1.6814203427998781e-10,
      1.4459502786249877e-10,
      1.235249852464494e-10,
      0.0
    ],
    "RTHBLTEN": [
      0.00012205852645479354,
      -6.52430234519367e-07,
      2.6300825235618203e-06,
      2.030748713934827e-05,
      4.744567462466875e-07,
      8.35877342334849e-07,
      1.1623662781327463e-06,
      1.4223284390861105e-06,
      1.6220460452132102e-06,
      1.7681841465370476e-06,
      1.867253898050573e-06,
      1.9253466907305966e-06,
      1.9479972650060516e-06,
      1.940128451375737e-06,
      1.9060470293652542e-06,
      1.8494704827768752e-06,
      1.773571150920361e-06,
      1.6810288248810441e-06,
      1.5740859746908124e-06,
      1.4546020101609732e-06,
      1.3241043111141456e-06,
      1.1838349005680963e-06,
      1.0347921611734515e-06,
      8.777675446935973e-07,
      7.133774090561928e-07,
      5.420903117207369e-07,
      3.642501752665339e-07,
      1.800957534214831e-07,
      -1.022311645707911e-08,
      -2.0662199915477685e-07,
      -4.0656307855139553e-07,
      0.0
    ],