{
  "columns": {
    "DLK": [
      19.09638772246945,
      22.44657240760831,
      29.99180256052511,
      33.910393872838426,
      37.69465076090654,
      41.346273231142526,
      44.8733076310453,
      48.28470402528754,
      51.588941125156076,
      54.79373833982696,
      57.906067964663094,
      60.9322387045973,
      63.87798359970279,
      66.74853531594648,
      69.54868704296842,
      72.2828413544649,
      74.95504994209752,
      77.56904667725213,
      80.128275827952,
      82.63591671317582,
      85.0949056650746,
      87.50795587892634,
      89.8775755339869,
      92.20608443948312,
      94.49562937790492,
      96.748198267005,
      98.9656332315557,
      101.14964265842514,
      103.30181229890428,
      105.42361547709831,
      107.51642246054537,
      109.58150904764904
    ],
    "DZ": [
      167.46460352129583,
      211.97129785215634,
      232.81030970992077,
      247.467425253967,
      258.9708893428274,
      268.52320705935904,
      276.7362931998275,
      283.96742321189595,
      290.4446876324762,
      296.32320696194483,
      301.71358552848596,
      306.697642682504,
      311.3377152616972,
      315.68245882345855,
      319.77062496793997,
      323.6336104435177,
      327.2972301025429,
      330.7829822746653,
      334.1089722793904,
      337.29059973332915,
      340.3410789559848,
      343.27183908408915,
      346.09283594427325,
      348.81279816216284,
      351.4394235555683,
      353.9795374540072,
      356.4392215147327,
      358.82391942856884,
      361.1385243432669,
      363.3874516910255,
      365.57470026468764,
      367.7039037584309
    ],
    "EXCH_H": [
      0.0,
      1.9465385069023855,
      2.884530072349343,
      4.036977909107183,
      5.073237853916306,
      6.184080617510114,
      7.359941952536466,
      8.593218350141775,
      9.877565091477978,
      11.207564392653037,
      12.578539644289473,
      13.98643448461509,
      15.42772380079404,
      16.899342360585567,
      18.398624543552017,
      19.92325204629927,
      21.471207964959664,
      23.04073634571441,
      24.63030659810934,
      26.238582296378407,
      27.864393949341427,
      29.50671534562558,
      31.164643098722728,
      32.83737903432131,
      34.52421508323497,
      36.224520367272845,
      37.93773019169545,
      39.66333668533258,
      41.4008808569346,
      43.14994586301038,
      44.91015130764358,
      46.68114841814959
    ],
    "EXCH_M": [
      0.0,
      1.9465385069023855,
      2.884530072349343,
      4.036977909107183,
      5.073237853916306,
      6.184080617510114,
      7.359941952536466,
      8.593218350141775,
      9.877565091477978,
      11.207564392653037,
      12.578539644289473,
      13.98643448461509,
      15.42772380079404,
      16.899342360585567,
      18.398624543552017,
      19.92325204629927,
      21.471207964959664,
      23.04073634571441,
      24.63030659810934,
      26.238582296378407,
      27.864393949341427,
      29.50671534562558,
      31.164643098722728,
      32.83737903432131,
      34.52421508323497,
      36.224520367272845,
      37.93773019169545,
      39.66333668533258,
      41.4008808569346,
      43.14994586301038,
      44.91015130764358,
      46.68114841814959
    ],
    "QC": [
      0.0,
      0.0,
      0.0,
      0.0,
      0.0,
      0.0,
      0.0,
      0.0,
      0.0,
      0.0,
      0.0,
      0.0,
      0.0,
      0.0,
      0.0,
      0.0,
      0.0,
      0.0,
      0.0,
      0.0,
      0.0,
      0.0,
      0.0,
      0.0,
      0.0,
      0.0,
      0.0,
      0.0,
      0.0,
      0.0,
      0.0,
      0.0
    ],
    "QV": [
      0.0056742473823414895,
      0.0050001069436222045,
      0.004311124457395274,
      0.003673357840785098,
      0.0031027642732870155,
      0.002602472747407687,
      0.0021699603228879237,
      0.0018000377631284432,
      0.0014863700515796714,
      0.0012223162720795423,
      0.001001403028212548,
      0.0008175839438703437,
      0.0006653690140864868,
      0.0005398736174768782,
      0.0004368183247685476,
      0.00035249953298605204,
      0.00028374397938398405,
      0.00022785564210025863,
      0.0001825605006014395,
      0.0001459525794836017,
      0.00011644330994548484,
      9.271530597885924e-05,
      7.368102821350471e-05,
      5.8446402377989925e-05,
      4.627920519594316e-05,
      3.6581881421161076e-05,
      2.8868378360798203e-05,
      2.2744554968921483e-05,
      1.789172460660855e-05,
      1.4052912009814417e-05,
      1.1021437620578249e-05,
      1e-05
    ],
    "RHO": [
      1.1987854384074652,
      1.1731523896694809,
      1.146082448461378,
      1.1175764029242448,
      1.0882341332208083,
      1.0584134943680357,
      1.0283594992946732,
      0.9982522642811316,
      0.9682298289028558,
      0.938400738176408,
      0.9088517205669775,
      0.8796527386149942,
      0.8508605076080367,
      0.8225210586217918,
      0.7946716714689153,
      0.7673423726309374,
      0.7405571211472504,
      0.7143347634869691,
      0.6886898128983018,
      0.6636330925483783,
      0.639172271125403,
      0.6153123123382161,
      0.5920558546745964,
      0.5694035341244283,
      0.5473542598768599,
      0.5259054509692692,
      0.5050532403089438,
      0.4847926512775274,
      0.4651177511751458,
      0.4460217850033312,
      0.42749729247843243,
      0.409535877337999
    ],
    "RQCBLTEN": [
      0.0,
      0.0,
      0.0,
      0.0,
      0.0,
      0.0,
      0.0,
      0.0,
      0.0,
      0.0,
      0.0,
      0.0,
      0.0,
      0.0,
      0.0,
      0.0,
      0.0,
      0.0,
      0.0,
      0.0,
      0.0,
      0.0,
      0.0,
      0.0,
      0.0,
      0.0,
      0.0,
      0.0,
      0.0,
      0.0,
      0.0,
      0.0
    ],
    "RQVBLTEN": [
      -4.079656256280803e-08,
      -8.75265307345545e-09,
      -6.623703609874807e-09,
      -1.7199866637505543e-09,
      6.42605347261673e-11,
      1.4350802211140468e-09,
      2.435771231428542e-09,
      3.1137857554889316e-09,
      3.522346613709683e-09,
      3.714512906227331e-09,
      3.7395516133484585e-09,
      3.64097025244992e-09,
      3.455696311512509e-09,
      3.214015911234145e-09,
      2.93998312740242e-09,
      2.6520908645494423e-09,
      2.3640572867889166e-09,
      2.0856306474918157e-09,
      1.8233519580434653e-09,
      1.5812414156475205e-09,
      1.361392929911859e-09,
      1.1644733129489155e-09,
      9.90130322168984e-10,
      8.373180695542843e-10,
      7.04550356094188e-10,
      5.900930290838367e-10,
      4.92106103485661e-10,
      4.0874795627237547e-10,
      3.3839003879306586e-10,
      2.8741684459421335e-10,
      6.738946197517256e-10,
      0.0
    ],
    "RTHBLTEN": [
      -0.00020431677601019752,
      5.576137670952145e-06,
      2.7431467042523158e-05,
      2.2281114336427284e-05,
      2.2187928011400496e-05,
      2.1991606717127374e-05,
      2.1679084376084272e-05,
      2.1259906484753326e-05,
      2.0744236285471136e-05,
      2.0142038342404096e-05,
      1.9462653326248377e-05,
      1.8714572274802776e-05,
      1.790533974409906e-05,
      1.7041538455941918e-05,
      1.6128823637018287e-05,
      1.5171985879192107e-05,
      1.4175028405816193e-05,
      1.3141249502268692e-05,
      1.2073324232157271e-05,
      1.0973381822054763e-05,
      9.8430766712454e-06,
      8.683652019196113e-06,
      7.49599600737838e-06,
      6.280690249127474e-06,
      5.038051390708157e-06,
      3.7681662367579824e-06,
      2.470921066333176e-06,
      1.1460263275845743e-06,
      -2.0693530871085387e-07,
      -1.5869757248765381e-06,
      -2.9127038904637933e-06,
      0.0
    ],