{
  "columns": {
    "DLK": [
      83.73230176064791,
      273.450252447374,
      495.8410562284125,
      735.9799237103564,
      989.1990810087536,
      1252.9461292098467,
      1525.5758793394402,
      1805.9277375453019,
      2093.133792967488,
      2386.5177402646987,
      2685.536136509914,
      2989.741750615409,
      3298.7594295875097,
      3612.2695166300873,
      3929.996058525787,
      4251.698176231515,
      4577.163596504546,
      4906.20370269315,
      4761.350320029822,
      4425.650534023463,
      4086.8346946788056,
      3745.0282356587686,
      3400.3458981445874,
      3052.8930810913694,
      2702.766970232504,
      2350.057489727716,
      1994.8481102433461,
      1637.2165397716954,
      1277.2353178857775,
      914.9723298686313,
      550.4912538907747,
      183.85195187921545
    ],
    "DZ": [
      167.46460352129583,
      211.97129785215634,
      232.81030970992077,
      247.467425253967,
      258.9708893428274,
      268.52320705935904,
      276.7362931998275,
      283.96742321189595,
      290.4446876324762,
      296.32320696194483,
      301.71358552848596,
      306.697642682504,
      311.3377152616972,
      315.68245882345855,
      319.77062496793997,
      323.6336104435177,
      327.2972301025429,
      330.7829822746653,
      334.1089722793904,
      337.29059973332915,
      340.3410789559848,
      343.27183908408915,
      346.09283594427325,
      348.81279816216284,
      351.4394235555683,
      353.9795374540072,
      356.4392215147327,
      358.82391942856884,
      361.1385243432669,
      363.3874516910255,
      365.57470026468764,
      367.7039037584309
    ],
    "EXCH_H": [
      0.0,
      14.085832910321509,
      33.97740657343651,
      58.618348643590785,
      88.08836382523442,
      122.53094714634982,
      162.05076725765878,
      206.70062219690212,
      256.4884530987759,
      311.388185605607,
      371.3498175944552,
      436.30761041869687,
      506.1863427170557,
      580.9059104303844,
      660.3846121024004,
      744.5414259718054,
      833.2975307504792,
      926.5772683928116,
      976.349801551866,
      957.3451276574262,
      913.8588942723455,
      865.0269321740055,
      810.9447399345127,
      751.7052103749455,
      687.3979554021295,
      618.1089052302428,
      543.920106311082,
      464.90966104531157,
      381.15176662450335,
      292.7168212238804,
      199.67157403278804,
      102.0793018849893
    ],
    "EXCH_M": [
      0.0,
      14.085832910321509,
      33.97740657343651,
      58.618348643590785,
      88.08836382523442,
      122.53094714634982,
      162.05076725765878,
      206.70062219690212,
      256.4884530987759,
      311.388185605607,
      371.3498175944552,
      436.30761041869687,
      506.1863427170557,
      580.9059104303844,
      660.3846121024004,
      744.5414259718054,
      833.2975307504792,
      926.5772683928116,
      976.349801551866,
      957.3451276574262,
      913.8588942723455,
      865.0269321740055,
      810.9447399345127,
      751.7052103749455,
      687.3979554021295,
      618.1089052302428,
      543.920106311082,
      464.90966104531157,
      381.15176662450335,
      292.7168212238804,
      199.67157403278804,
      102.0793018849893
    ],
    "QC": [
      0.0,
      0.0,
      0.0,
      0.0,
      0.0,
      0.0,
      0.0,
      0.0,
      0.0,
      0.0,
      0.0,
      0.0,
      0.0,
      0.0,
      0.0,
      0.0,
      0.0,
      0.0,
      0.0,
      0.0,
      0.0,
      0.0,
      0.0,
      0.0,
      0.0,
      0.0,
      0.0,
      0.0,
      0.0,
      0.0,
      0.0,
      0.0
    ],
    "QV": [
      0.008663895430254316,
      0.007948069015584423,
      0.00718389905150534,
      0.006441028603334973,
      0.005740742925140266,
      0.005092167676303978,
      0.00449866639333999,
      0.003960413080158336,
      0.0034757146967079426,
      0.0030417827860483053,
      0.0026552168660019873,
      0.002312319317385043,
      0.002009304159797596,
      0.0017424355710450009,
      0.0015081183267948127,
      0.0013029546552010497,
      0.0011237773782889868,
      0.000967666268789877,
      0.0008319525902557277,
      0.000714215433564875,
      0.0006122724999742519,
      0.0005241672813155544,
      0.000448154071436302,
      0.00038268185725662355,
      0.000326377847588374,
      0.0002780311786279985,
      0.00023657716928185714,
      0.00020108237442684182,
      0.0001707305903359458,
      0.00014480989662017064,
      0.0001227007676590033,
      0.0001038652493711458
    ],
    "RHO": [
      1.159791834145442,
      1.1414899627295423,
      1.120768440172509,
      1.0987222463008386,
      1.0757620168438902,
      1.0521338204313802,
      1.0280085076017347,
      1.0035147833619271,
      0.9787547451831141,
      0.9538122730887009,
      0.9287580138649204,
      0.9036525611534122,
      0.878548602028634,
      0.8534924339766873,
      0.828525078497733,
      0.8036831249754464,
      0.7789993873525067,
      0.7545034265712802,
      0.7302219739221574,
      0.7061792793369928,
      0.682397401531961,
      0.6588964521966013,
      0.6356948032407684,
      0.6128092639054782,
      0.5902552329819133,
      0.5680468302534071,
      0.5461970104416343,
      0.524717662310853,
      0.5036196951031253,
      0.4829131141023302,
      0.4626070868275164,
      0.44271000111715814
    ],
    "RQCBLTEN": [
      0.0,
      0.0,
      0.0,
      0.0,
      0.0,
      0.0,
      0.0,
      0.0,
      0.0,
      0.0,
      0.0,
      0.0,
      0.0,
      0.0,
      0.0,
      0.0,
      0.0,
      0.0,
      0.0,
      0.0,
      0.0,
      0.0,
      0.0,
      0.0,
      0.0,
      0.0,
      0.0,
      0.0,
      0.0,
      0.0,
      0.0,
      0.0
    ],
    "RQVBLTEN": [
      -3.1456684175404717e-07,
      -2.923207347570409e-07,
      -2.6429834635711797e-07,
      -2.3304397484599088e-07,
      -1.9894656976099437e-07,
      -1.6295328417741292e-07,
      -1.2629327225807327e-07,
      -9.022315491704254e-08,
      -5.585466173312995e-08,
      -2.4066510494856704e-08,
      4.522498621941917e-09,
      2.9544862311108207e-08,
      5.086736130599107e-08,
      6.861403586699222e-08,
      8.337231890427549e-08,
      9.706709647183415e-08,
      1.1612437853775482e-07,
      1.621445681020327e-07,
      2.022030667904556e-07,
      2.0078847069653983e-07,
      1.7770121647319564e-07,
      1.5124697215118218e-07,
      1.2649327786440273e-07,
      1.0462467391666495e-07,
      8.572168925010972e-08,
      6.956680593932793e-08,
      5.587373963311565e-08,
      4.435226349400954e-08,
      3.472501119586027e-08,
      2.670766067240459e-08,
      1.9599831432057255e-08,
      0.0
    ],
    "RTHBLTEN": [
      0.0,
      0.0,
      0.0,
      9.473903143468002e-16,
      0.0,
      -9.473903143468002e-16,
      0.0,
      -9.473903143468002e-16,
      9.473903143468002e-16,
      9.473903143468002e-16,
      0.0,
      0.0,
      0.0,
      0.0,
      9.473903143468002e-16,
      0.0,
      0.0,
      0.0,
      -1.8947806286936005e-15,
      -9.473903143468002e-16,
      0.0,
      0.0,
      -9.473903143468002e-16,
      0.0,
      -9.473903143468002e-16,
      0.0,
      0.0,
      0.0,
      0.0,
      -9.473903143468002e-16,
      0.0,
      0.0
    ],