{
  "columns": {
    "DLK": [
      83.73230176064791,
      112.70588210300696,
      115.49132035485627,
      119.33614793016083,
      26.69011237728105,
      27.325749723021364,
      28.612417800059887,
      29.991069886321714,
      31.434855693101227,
      32.92188622576769,
      34.434829005467606,
      35.96026276396193,
      37.48798902719356,
      39.010395810534106,
      40.52191009443638,
      42.018545518568565,
      43.49753792999853,
      44.957056368944,
      46.39597631022844,
      47.81370308672828,
      49.21003517831318,
      50.58505887829562,
      51.93906750613626,
      53.272499741190636,
      54.58589280396894,
      55.879847135653925,
      57.15499995946198,
      58.41200568431082,
      59.651521563478695,
      60.87419737459207,
      62.08066816345088,
      63.27154930972756
    ],
    "DZ": [
      167.46460352129583,
      211.97129785215634,
      232.81030970992077,
      247.467425253967,
      258.9708893428274,
      268.52320705935904,
      276.7362931998275,
      283.96742321189595,
      290.4446876324762,
      296.32320696194483,
      301.71358552848596,
      306.697642682504,
      311.3377152616972,
      315.68245882345855,
      319.77062496793997,
      323.6336104435177,
      327.2972301025429,
      330.7829822746653,
      334.1089722793904,
      337.29059973332915,
      340.3410789559848,
      343.27183908408915,
      346.09283594427325,
      348.81279816216284,
      351.4394235555683,
      353.9795374540072,
      356.4392215147327,
      358.82391942856884,
      361.1385243432669,
      363.3874516910255,
      365.57470026468764,
      367.7039037584309
    ],
    "EXCH_H": [
      0.0,
      7.804983341109673,
      9.406540823711218,
      9.963129125518158,
      6.519209134593921,
      2.477338983566748,
      2.6828446571390043,
      2.944887401836995,
      3.2356257962336388,
      3.55196017553008,
      3.8909946128028374,
      4.250085471239282,
      4.626860025872373,
      5.019216003329279,
      5.425309393043432,
      5.843535525168985,
      6.2725067848530935,
      6.711029199701117,
      7.158079344737251,
      7.6127824556749255,
      8.074392257585627,
      8.542272753597066,
      9.015882042544815,
      9.494758120685576,
      9.978506552602164,
      10.46678985714319,
      10.959318436071378,
      11.455842869092521,
      11.95614740409433,
      12.46004448217136,
      12.96737015083824,
      13.477980234010547
    ],
    "EXCH_M": [
      0.0,
      7.804983341109673,
      9.406540823711218,
      9.963129125518158,
      6.519209134593921,
      2.477338983566748,
      2.6828446571390043,
      2.944887401836995,
      3.2356257962336388,
      3.55196017553008,
      3.8909946128028374,
      4.250085471239282,
      4.626860025872373,
      5.019216003329279,
      5.425309393043432,
      5.843535525168985,
      6.2725067848530935,
      6.711029199701117,
      7.158079344737251,
      7.6127824556749255,
      8.074392257585627,
      8.542272753597066,
      9.015882042544815,
      9.494758120685576,
      9.978506552602164,
      10.46678985714319,
      10.959318436071378,
      11.455842869092521,
      11.95614740409433,
      12.46004448217136,
      12.96737015083824,
      13.477980234010547
    ],
    "QC": [
      0.0,
      0.0,
      0.0,
      0.0,
      0.0,
      0.0,
      0.0,
      0.0,
      0.0,
      0.0,
      0.0,
      0.0,
      0.0,
      0.0,
      0.0,
      0.0,
      0.0,
      0.0,
      0.0,
      0.0,
      0.0,
      0.0,
      0.0,
      0.0,
      0.0,
      0.0,
      0.0,
      0.0,
      0.0,
      0.0,
      0.0,
      0.0
    ],
    "QV": [
      0.013477170669284493,
      0.012363662913131325,
      0.011174954080119419,
      0.01001937782740996,
      0.008930044550218192,
      0.007921149718695076,
      0.006997925500751096,
      0.00616064256913519,
      0.005406667305990134,
      0.004731662111630697,
      0.004130337347114203,
      0.003596941160376734,
      0.003125584248574039,
      0.002710455332736668,
      0.00234596184168082,
      0.0020268183525349666,
      0.0017480981440050909,
      0.001505258640339809,
      0.0012941484737311322,
      0.0011110017855453613,
      0.0009524238888488363,
      0.0008153713264908624,
      0.000697128555567581,
      0.000595282889065859,
      0.0005076988740263596,
      0.0004324929445324421,
      0.000368008929994,
      0.00031279480466397616,
      0.0002655809183003602,
      0.00022525983918693214,
      0.00019086786080289405,
      0.00016156816568844905
    ],
    "RHO": [
      1.1411084746446947,
      1.123525906556823,
      1.103585535296753,
      1.0823310614612816,
      1.0601562271848926,
      1.0336130139323894,
      1.0065573676334234,
      0.9793132521543166,
      0.9520050002066465,
      0.9247328563886773,
      0.8975792279506555,
      0.8706127299292863,
      0.8438909633473288,
      0.8174625178078052,
      0.7913684734226328,
      0.7656435644865156,
      0.7403171053131957,
      0.7154137428428194,
      0.6909540791035045,
      0.6669551932143162,
      0.6434310840184567,
      0.6203930487574068,
      0.5978500093455911,
      0.5758087951253097,
      0.5542743890701491,
      0.5332501430084806,
      0.512737966394537,
      0.492738492356751,
      0.47325122413104204,
      0.4542746644928429,
      0.435806430403072,
      0.4178433547570617
    ],
    "RQCBLTEN": [
      0.0,
      0.0,
      0.0,
      0.0,
      0.0,
      0.0,
      0.0,
      0.0,
      0.0,
      0.0,
      0.0,
      0.0,
      0.0,
      0.0,
      0.0,
      0.0,
      0.0,
      0.0,
      0.0,
      0.0,
      0.0,
      0.0,
      0.0,
      0.0,
      0.0,
      0.0,
      0.0,
      0.0,
      0.0,
      0.0,
      0.0,
      0.0
    ],
    "RQVBLTEN": [
      3.509489311545773e-07,
      -1.2598908509433432e-08,
      1.4423255037011862e-08,
      8.275028511607145e-08,
      7.32159665722589e-08,
      2.503843318096832e-09,
      1.9218023200017384e-09,
      1.908251741344902e-09,
      1.9318030827341487e-09,
      1.9673869980912684e-09,
      1.998872247206916e-09,
      2.016422811897701e-09,
      2.0149543354288046e-09,
      1.9927844035012045e-09,
      1.95052718877439e-09,
      1.8902318254469114e-09,
      1.8147386140685008e-09,
      1.7272175860242635e-09,
      1.6308528314043155e-09,
      1.5286390816390884e-09,
      1.4232618921633e-09,
      1.3170380316957318e-09,
      1.211897643783183e-09,
      1.1093940797769185e-09,
      1.0107309087102929e-09,
      9.167985050734804e-10,
      8.282148753795965e-10,
      7.453671049712617e-10,
      6.68451004394711e-10,
      5.974924288996891e-10,
      5.296945883416128e-10,
      0.0
    ],
    "RTHBLTEN": [
      0.0018063704764102796,
      1.4682903113794055e-05,
      -1.7473251508211736e-06,
      1.1087259874405694e-05,
      5.1019751356307094e-05,
      1.323281031394193e-05,
      3.0486749077833033e-06,
      3.242873358999532e-06,
      3.39352064600007e-06,
      3.485400820106103e-06,
      3.5255047578175437e-06,
      3.520400987137388e-06,
      3.476044372519027e-06,
      3.3977215480263113e-06,
      3.290050037207948e-06,
      3.157009294341151e-06,
      3.0019894694532923e-06,
      2.827848628802106e-06,
      2.636972412991175e-06,
      2.4313324132663182e-06,
      2.212540998887865e-06,
      1.9819013715505206e-06,
      1.740452311575306e-06,
      1.4890075325032134e-06,
      1.2281898070417203e-06,
      9.58460215845965e-07,
      6.801429767241037e-07,
      3.934462929085688e-07,
      9.847985324995533e-08,
      -2.047038321961736e-07,
      -5.113518739108259e-07,
      0.0
    ],