{
  "columns": {
    "DLK": [
      24.752950269033516,
      24.53268476928476,
      27.182153580093907,
      27.375186154850994,
      27.811715671317188,
      28.470416569713706,
      29.320124825608545,
      30.326588321063127,
      31.456674228647525,
      32.68066988461547,
      33.973237499171454,
      35.313524385864014,
      36.684814981271046,
      38.07398333312461,
      39.4708993895115,
      40.867869158691384,
      42.259143569185184,
      43.64050554861482,
      45.008932090809346,
      46.362322594399735,
      47.699283159212236,
      49.01895683643785,
      50.32089094974292,
      51.6049339683283,
      52.87115574583506,
      54.11978612564079,
      55.35116791869067,
      56.565721087938165,
      57.76391564313033,
      58.94625128514319,
      60.113242264147445,
      61.26540625161129
    ],
    "DZ": [
      167.46460352129583,
      211.97129785215634,
      232.81030970992077,
      247.467425253967,
      258.9708893428274,
      268.52320705935904,
      276.7362931998275,
      283.96742321189595,
      290.4446876324762,
      296.32320696194483,
      301.71358552848596,
      306.697642682504,
      311.3377152616972,
      315.68245882345855,
      319.77062496793997,
      323.6336104435177,
      327.2972301025429,
      330.7829822746653,
      334.1089722793904,
      337.29059973332915,
      340.3410789559848,
      343.27183908408915,
      346.09283594427325,
      348.81279816216284,
      351.4394235555683,
      353.9795374540072,
      356.4392215147327,
      358.82391942856884,
      361.1385243432669,
      363.3874516910255,
      365.57470026468764,
      367.7039037584309
    ],
    "EXCH_H": [
      0.0,
      1.9524865868227792,
      2.0307023437232905,
      2.1525297476036673,
      2.2022336989267948,
      2.29044880882423,
      2.4149155866960093,
      2.5726440362153733,
      2.7603810122828514,
      2.9748756778148304,
      3.2130310823809696,
      3.471986324517209,
      3.7491549504495536,
      4.042235648860592,
      4.349205751896617,
      4.668304553457137,
      4.998011133957703,
      5.337019798689008,
      5.684215146223378,
      6.038648029444248,
      6.399513152748791,
      6.766128695221944,
      7.137918112590734,
      7.514394116240137,
      7.895144731022879,
      8.279821277448281,
      8.668128095446644,
      9.059813817185406,
      9.454663998861692,
      9.852494931396409,
      10.253148464272376,
      10.656487693164093
    ],
    "EXCH_M": [
      0.0,
      1.9524865868227792,
      2.0307023437232905,
      2.1525297476036673,
      2.2022336989267948,
      2.29044880882423,
      2.4149155866960093,
      2.5726440362153733,
      2.7603810122828514,
      2.9748756778148304,
      3.2130310823809696,
      3.471986324517209,
      3.7491549504495536,
      4.042235648860592,
      4.349205751896617,
      4.668304553457137,
      4.998011133957703,
      5.337019798689008,
      5.684215146223378,
      6.038648029444248,
      6.399513152748791,
      6.766128695221944,
      7.137918112590734,
      7.514394116240137,
      7.895144731022879,
      8.279821277448281,
      8.668128095446644,
      9.059813817185406,
      9.454663998861692,
      9.852494931396409,
      10.253148464272376,
      10.656487693164093
    ],
    "QC": [
      0.0,
      0.0,
      0.0,
      0.0,
      0.0,
      0.0,
      0.0,
      0.0,
      0.0,
      0.0,
      0.0,
      0.0,
      0.0,
      0.0,
      0.0,
      0.0,
      0.0,
      0.0,
      0.0,
      0.0,
      0.0,
      0.0,
      0.0,
      0.0,
      0.0,
      0.0,
      0.0,
      0.0,
      0.0,
      0.0,
      0.0,
      0.0
    ],
    "QV": [
      0.009683083186218725,
      0.009001686232702318,
      0.00826373772651412,
      0.007534676450192796,
      0.006835460953006582,
      0.006176073636165422,
      0.005561262436436179,
      0.004992803130450493,
      0.004470649205280539,
      0.003993602295033855,
      0.0035597366910907436,
      0.0031666822142212988,
      0.002811818610145321,
      0.0024924113699385164,
      0.0022057071212701084,
      0.0019490002789970472,
      0.0017196788458749505,
      0.0015152548897681855,
      0.0013333836796375384,
      0.0011718744128676596,
      0.0010286947285830773,
      0.0009019706683507235,
      0.0007899833515586081,
      0.0006911633362035183,
      0.0006040834095029253,
      0.000527450378168288,
      0.0004600962924515796,
      0.00040096943199629967,
      0.0003491252983588567,
      0.0003037177937987383,
      0.0002639907147602083,
      0.00022926964845417728
    ],
    "RHO": [
      1.1957061527280524,
      1.173451483122313,
      1.1489948705446145,
      1.1231371048412313,
      1.0963930742236294,
      1.069069037472206,
      1.041375274213641,
      1.013467864465035,
      0.9854684222787266,
      0.9574748216048355,
      0.9295676109980839,
      0.9018141319061455,
      0.8742713135308852,
      0.8469876568358752,
      0.8200046964655678,
      0.7933581122406931,
      0.7670785969117452,
      0.7411925490088573,
      0.7157226366787058,
      0.6906882639957349,
      0.6661059619197455,
      0.6419897198857568,
      0.6183512698051756,
      0.5952003313336504,
      0.5725448251879891,
      0.5503910597967029,
      0.5287438954671544,
      0.5076068894282406,
      0.48698242448115414,
      0.4668718235072329,
      0.44727545170324234,
      0.42819280811380206
    ],
    "RQCBLTEN": [
      0.0,
      0.0,
      0.0,
      0.0,
      0.0,
      0.0,
      0.0,
      0.0,
      0.0,
      0.0,
      0.0,
      0.0,
      0.0,
      0.0,
      0.0,
      0.0,
      0.0,
      0.0,
      0.0,
      0.0,
      0.0,
      0.0,
      0.0,
      0.0,
      0.0,
      0.0,
      0.0,
      0.0,
      0.0,
      0.0,
      0.0,
      0.0
    ],
    "RQVBLTEN": [
      5.814483593795036e-08,
      2.1233216380168543e-09,
      1.5055255154529379e-09,
      2.4308520154535846e-09,
      1.9335846430356315e-09,
      1.5805827856321211e-09,
      1.344233620378596e-09,
      1.194784576772264e-09,
      1.106724002329293e-09,
      1.0595162828827785e-09,
      1.0373928799612316e-09,
      1.0287495583631451e-09,
      1.025418488185062e-09,
      1.0219507873985312e-09,
      1.0149736771822755e-09,
      1.0026468958042323e-09,
      9.842215084635067e-10,
      9.596932849104123e-10,
      9.295380154649968e-10,
      8.945148345745485e-10,
      8.555241990640568e-10,
      8.135086461710158e-10,
      7.693862646847352e-10,
      7.240086307806036e-10,
      6.781366266470397e-10,
      6.324290035945608e-10,
      5.874397556690806e-10,
      5.436213463993021e-10,
      5.013315720078879e-10,
      4.608346800551224e-10,
      4.205658013025831e-10,
      0.0
    ],
    "RTHBLTEN": [
      -2.889536915139009e-05,
      -6.402216718962942e-06,
      1.0207615550446766e-06,
      -1.5660426318693985e-08,
      4.04180225170118e-07,
      7.608770374645246e-07,
      1.0533932226053367e-06,
      1.2863383555365242e-06,
      1.4653442917733627e-06,
      1.5963266832841327e-06,
      1.685064799517022e-06,
      1.7369653221521731e-06,
      1.756940630078437e-06,
      1.7493595341496378e-06,
      1.7180433587782317e-06,
      1.6662894002668812e-06,
      1.5969098228652e-06,
      1.512278042999545e-06,
      1.4143774990316161e-06,
      1.3048495541549225e-06,
      1.1850385931211348e-06,
      1.0560332507717856e-06,
      9.187033024697181e-07,
      7.737320989538906e-07,
      6.216446943578073e-07,
      4.628319620299711e-07,
      2.975710098477672e-07,
      1.260423336664947e-07,
      -5.165588087644816e-08,
      -2.354833905352886e-07,
      -4.2263649599287113e-07,
      0.0
    ],