{
  "columns": {
    "DZ": [
      297.3017883300781,
      362.4521789550781,
      391.9342651367188,
      412.3975830078125,
      428.3145751953125,
      441.441650390625,
      452.665771484375,
      462.501708984375,
      471.277099609375,
      479.21240234375,
      486.46630859375,
      493.154296875,
      499.36376953125,
      505.16455078125,
      510.6103515625,
      515.74560546875,
      520.6064453125,
      525.22265625,
      529.6201171875,
      533.8193359375,
      537.83984375,
      541.6962890625,
      545.404296875,
      548.97265625,
      552.416015625,
      555.7421875,
      558.95703125,
      562.0732421875,
      565.091796875,
      568.0234375,
      570.87109375,
      573.6396484375
    ],
    "P": [
      97836.84375,
      94201.875,
      90164.390625,
      86004.2890625,
      81821.6015625,
      77670.890625,
      73585.03125,
      69586.609375,
      65691.6875,
      61911.765625,
      58255.1015625,
      54727.44921875,
      51332.671875,
      48073.09765625,
      44949.8515625,
      41963.0703125,
      39112.0859375,
      36395.5703125,
      33811.65625,
      31358.021484375,
      29031.978515625,
      26830.541015625,
      24750.4765625,
      22788.359375,
      20940.60546875,
      19203.501953125,
      17573.26171875,
      16046.01953125,
      14617.8740234375,
      13284.9033203125,
      12043.177734375,
      10888.779296875
    ],
    "PI": [
      0.9937711954116821,
      0.9830790758132935,
      0.9708516597747803,
      0.9578366875648499,
      0.9442894458770752,
      0.9303475618362427,
      0.9160935878753662,
      0.9015863537788391,
      0.8868703246116638,
      0.8719801902770996,
      0.85694420337677,
      0.8417855501174927,
      0.8265238404273987,
      0.8111755847930908,
      0.7957552075386047,
      0.7802751660346985,
      0.764746367931366,
      0.7491784691810608,
      0.7335801124572754,
      0.717958927154541,
      0.7023218274116516,
      0.6866750717163086,
      0.6710241436958313,
      0.6553743481636047,
      0.6397302746772766,
      0.6240962147712708,
      0.6084761023521423,
      0.5928735733032227,
      0.5772919058799744,
      0.5617343187332153,
      0.54620361328125,
      0.5307025909423828
    ],
    "QC": [
      0.0,
      0.0,
      0.0003999999898951501,
      0.0003999999898951501,
      0.0003999999898951501,
      0.0003999999898951501,
      0.0003999999898951501,
      0.0003999999898951501,
      0.0003999999898951501,
      0.0003999999898951501,
      0.0003999999898951501,
      0.0003999999898951501,
      0.0003999999898951501,
      0.0003999999898951501,
      0.0,
      0.0,
      0.0,
      0.0,
      0.0,
      0.0,
      0.0,
      0.0,
      0.0,
      0.0,
      0.0,
      0.0,
      0.0,
      0.0,
      0.0,
      0.0,
      0.0,
      0.0
    ],
    "QG": [
      0.0,
      0.0,
      0.000199999994947575,
      0.000199999994947575,
      0.000199999994947575,
      0.000199999994947575,
      0.000199999994947575,
      0.000199999994947575,
      0.000199999994947575,
      0.000199999994947575,
      0.000199999994947575,
      0.000199999994947575,
      0.000199999994947575,
      0.000199999994947575,
      0.0,
      0.0,
      0.0,
      0.0,
      0.0,
      0.0,
      0.0,
      0.0,
      0.0,
      0.0,
      0.0,
      0.0,
      0.0,
      0.0,
      0.0,
      0.0,
      0.0,
      0.0
    ],
    "QI": [
      0.0,
      0.0,
      0.0,
      0.0,
      0.0,
      0.0,
      0.0,
      0.0,
      0.0,
      0.0,
      0.0,
      0.0,
      0.0,
      0.0,
      0.0,
      0.0,
      0.0,
      0.0,
      0.0,
      0.0,
      0.0,
      0.0,
      0.0,
      0.0,
      0.0,
      0.0,
      0.0,
      0.0,
      0.0,
      0.0,
      0.0,
      0.0
    ],
    "QR": [
      0.0,
      0.0,
      9.999999747378752e-05,
      9.999999747378752e-05,
      9.999999747378752e-05,
      9.999999747378752e-05,
      9.999999747378752e-05,
      9.999999747378752e-05,
      9.999999747378752e-05,
      9.999999747378752e-05,
      9.999999747378752e-05,
      9.999999747378752e-05,
      9.999999747378752e-05,
      9.999999747378752e-05,
      0.0,
      0.0,
      0.0,
      0.0,
      0.0,
      0.0,
      0.0,
      0.0,
      0.0,
      0.0,
      0.0,
      0.0,
      0.0,
      0.0,
      0.0,
      0.0,
      0.0,
      0.0
    ],
    "QS": [
      0.0,
      0.0,
      0.0003000000142492354,
      0.0003000000142492354,
      0.0003000000142492354,
      0.0003000000142492354,
      0.0003000000142492354,
      0.0003000000142492354,
      0.0003000000142492354,
      0.0003000000142492354,
      0.0003000000142492354,
      0.0003000000142492354,
      0.0003000000142492354,
      0.0003000000142492354,
      0.0,
      0.0,
      0.0,
      0.0,
      0.0,
      0.0,
      0.0,
      0.0,
      0.0,
      0.0,
      0.0,
      0.0,
      0.0,
      0.0,
      0.0,
      0.0,
      0.0,
      0.0
    ],
    "QV": [
      0.01221923716366291,
      0.01065003033727407,
      0.009101132862269878,
      0.00769699364900589,
      0.006460336502641439,
      0.00538965966552496,
      0.004473673179745674,
      0.003697104519233108,
      0.003043514210730791,
      0.002496760105714202,
      0.00204175733961165,
      0.00166483037173748,
      0.001353844767436385,
      0.001098199631087482,
      0.0008887425065040588,
      0.0007176510989665985,
      0.0005782907246612012,
      0.0004650736227631569,
      0.0003733203921001405,
      0.000299132545478642,
      0.0002392776223132387,
      0.000191085520782508,
      0.0001523593673482537,
      0.0001212975548696704,
      9.642742952564731e-05,
      7.654848013771698e-05,
      6.068493530619889e-05,
      4.804544732905924e-05,
      3.798993566306308e-05,
      3.000175274792127e-05,
      2.366473563597538e-05,
      1.864441037469078e-05
    ],
    "RHO": [
      1.146121859550476,
      1.115856528282166,
      1.081672430038452,
      1.042754769325256,
      1.001390099525452,
      0.9599023461341858,
      0.9186316132545471,
      0.8778219819068909,
      0.8376553654670715,
      0.7982698082923889,
      0.7597702741622925,
      0.7222374677658081,
      0.6857315897941589,
      0.6502974033355713,
      0.6159666776657104,
      0.5827611684799194,
      0.5506933331489563,
      0.5197688341140747,
      0.4899875521659851,
      0.4613441824913025,
      0.4338294565677643,
      0.4074308574199677,
      0.382132887840271,
      0.3579178154468536,
      0.3347660601139069,
      0.3126561641693115,
      0.291565865278244,
      0.2714714109897614,
      0.2523486018180847,
      0.2341724038124084,
      0.2169173657894135,
      0.2005576640367508
    ],
    "RTHRATEN": [
      1.876047349469445e-06,
      1.909525053633843e-06,
      2.487626488800743e-06,
      2.612577873151167e-06,
      2.756464937192504e-06,
      2.924210775745451e-06,
      3.124556769762421e-06,
      3.372352466612938e-06,
      5.082720690552378e-06,
      1.338631045655347e-05,
      1.746414636727422e-05,
      2.473568565619644e-05,
      4.200807234155945e-05,
      0.0003643124946393073,
      2.027809750870802e-05,
      2.066438901238143e-05,
      2.110604691551998e-05,
      2.161359770980198e-05,
      2.219096495537087e-05,
      2.282925561303273e-05,
      2.349906390008982e-05,
      2.414339724055026e-05,
      2.467336162226275e-05,
      2.497396963008214e-05,
      2.492201201675925e-05,
      2.441574542899616e-05,
      2.340669379918836e-05,
      2.19191988435341e-05,
      2.004710040637292e-05,
      1.792942748579662e-05,
      1.571650864207186e-05,
      1.354092000838136e-05
    ],