{
  "columns": {
    "DZ": [
      297.3017883300781,
      362.4521789550781,
      391.9342651367188,
      412.3975830078125,
      428.3145751953125,
      441.441650390625,
      452.665771484375,
      462.501708984375,
      471.277099609375,
      479.21240234375,
      486.46630859375,
      493.154296875,
      499.36376953125,
      505.16455078125,
      510.6103515625,
      515.74560546875,
      520.6064453125,
      525.22265625,
      529.6201171875,
      533.8193359375,
      537.83984375,
      541.6962890625,
      545.404296875,
      548.97265625,
      552.416015625,
      555.7421875,
      558.95703125,
      562.0732421875,
      565.091796875,
      568.0234375,
      570.87109375,
      573.6396484375
    ],
    "P": [
      98785.65625,
      95051.640625,
      90929.578125,
      86703.2421875,
      82465.6953125,
      78268.515625,
      74144.484375,
      70115.8203125,
      66197.9921875,
      62401.8515625,
      58734.9296875,
      55202.2578125,
      51806.96875,
      48550.6875,
      45433.8515625,
      42455.953125,
      39615.72265625,
      36911.2734375,
      34340.22265625,
      31899.77734375,
      29586.82421875,
      27397.99609375,
      25329.72265625,
      23378.28515625,
      21539.84375,
      19810.47265625,
      18186.203125,
      16663.033203125,
      15236.951171875,
      13903.958984375,
      12660.083984375,
      11501.388671875
    ],
    "PI": [
      0.9965152740478516,
      0.9856046438217163,
      0.9731985926628113,
      0.960054337978363,
      0.9464073181152344,
      0.9323872327804565,
      0.9180781841278076,
      0.9035401344299316,
      0.8888179063796997,
      0.8739467859268188,
      0.8589550256729126,
      0.8438658118247986,
      0.8286986351013184,
      0.8134700059890747,
      0.7981939911842346,
      0.7828827500343323,
      0.767547070980072,
      0.752196192741394,
      0.7368385195732117,
      0.721481204032898,
      0.7061309218406677,
      0.6907934546470642,
      0.6754741072654724,
      0.6601775288581848,
      0.6449081301689148,
      0.629669725894928,
      0.6144657731056213,
      0.5992996096611023,
      0.5841740965843201,
      0.5690919160842896,
      0.5540555715560913,
      0.5390672087669373
    ],
    "QC": [
      0.0,
      0.0,
      0.000199999994947575,
      0.000199999994947575,
      0.000199999994947575,
      0.0,
      0.0,
      0.0,
      0.0,
      0.0,
      0.0,
      0.0,
      0.0,
      0.0,
      0.0,
      0.0,
      0.0,
      0.0,
      0.0,
      0.0,
      0.0,
      0.0,
      0.0,
      0.0,
      0.0,
      0.0,
      0.0,
      0.0,
      0.0,
      0.0,
      0.0,
      0.0
    ],
    "QG": [
      0.0,
      0.0,
      0.0,
      0.0,
      0.0,
      0.0,
      0.0,
      0.0,
      0.0,
      0.0,
      0.0,
      0.0,
      0.0,
      0.0,
      0.0,
      0.0,
      0.0,
      0.0,
      0.0,
      0.0,
      0.0,
      0.0,
      0.0,
      0.0,
      0.0,
      0.0,
      0.0,
      0.0,
      0.0,
      0.0,
      0.0,
      0.0
    ],
    "QI": [
      0.0,
      0.0,
      0.0,
      0.0,
      0.0,
      0.0,
      0.0,
      0.0,
      0.0,
      0.0,
      0.0,
      0.0,
      0.0,
      0.0,
      0.0,
      0.0,
      0.0,
      0.0,
      0.0,
      0.0,
      0.0,
      0.0,
      0.0,
      0.0,
      0.0,
      0.0,
      0.0,
      0.0,
      0.0,
      0.0,
      0.0,
      0.0
    ],
    "QR": [
      0.0,
      0.0,
      0.0,
      0.0,
      0.0,
      0.0,
      0.0,
      0.0,
      0.0,
      0.0,
      0.0,
      0.0,
      0.0,
      0.0,
      0.0,
      0.0,
      0.0,
      0.0,
      0.0,
      0.0,
      0.0,
      0.0,
      0.0,
      0.0,
      0.0,
      0.0,
      0.0,
      0.0,
      0.0,
      0.0,
      0.0,
      0.0
    ],
    "QS": [
      0.0,
      0.0,
      0.0,
      0.0,
      0.0,
      0.0,
      0.0,
      0.0,
      0.0,
      0.0,
      0.0,
      0.0,
      0.0,
      0.0,
      0.0,
      0.0,
      0.0,
      0.0,
      0.0,
      0.0,
      0.0,
      0.0,
      0.0,
      0.0,
      0.0,
      0.0,
      0.0,
      0.0,
      0.0,
      0.0,
      0.0,
      0.0
    ],
    "QV": [
      0.006498586852103472,
      0.005510449409484863,
      0.004563316237181425,
      0.003732083598151803,
      0.003024629550054669,
      0.002433546353131533,
      0.001946091186255217,
      0.00154810375533998,
      0.001225790823809803,
      0.0009665365796536207,
      0.0007592258043587208,
      0.0005943059804849327,
      0.0004637124948203564,
      0.000360731064574793,
      0.0002798318746499717,
      0.000216502055991441,
      0.0001670865312917158,
      0.0001286447368329391,
      9.882437734631822e-05,
      7.575343624921516e-05,
      5.794935350422747e-05,
      4.424245707923546e-05,
      3.371389902895316e-05,
      2.564415626693517e-05,
      1.94718249986181e-05,
      1.476012039347552e-05,
      1.117025476560229e-05,
      8.440120836894494e-06,
      6.367490641423501e-06,
      4.796692337549757e-06,
      3.608179213188123e-06,
      2.710344233491924e-06
    ],
    "RHO": [
      1.181514859199524,
      1.143048763275146,
      1.100967645645142,
      1.057494044303894,
      1.01357638835907,
      0.9697527289390564,
      0.9263745546340942,
      0.8836866617202759,
      0.8418657779693604,
      0.8010401725769043,
      0.7613035440444946,
      0.722723126411438,
      0.6853459477424622,
      0.6492025852203369,
      0.6143117547035217,
      0.5806811451911926,
      0.5483108162879944,
      0.5171942710876465,
      0.48731929063797,
      0.4586696922779083,
      0.4312257766723633,
      0.404964804649353,
      0.3798622190952301,
      0.3558914363384247,
      0.3330246806144714,
      0.31123286485672,
      0.290486603975296,
      0.2707556188106537,
      0.2520094811916351,
      0.2342175394296646,
      0.21734918653965,
      0.201373890042305
    ],
    "RTHRATEN": [
      0.0,
      0.0,
      0.0,
      0.0,
      0.0,
      0.0,
      0.0,
      0.0,
      0.0,
      0.0,
      0.0,
      0.0,
      0.0,
      0.0,
      0.0,
      0.0,
      0.0,
      0.0,
      0.0,
      0.0,
      0.0,
      0.0,
      0.0,
      0.0,
      0.0,
      0.0,
      0.0,
      0.0,
      0.0,
      0.0,
      0.0,
      0.0
    ],
    "T": [
      290.1744995117188,
      288.77490234375,
      286.9754333496094,
      285.0299987792969,
      282.9674682617188,
      280.802978515625,
      278.5457153320312,
      276.2021179199219,
      273.7765808105469,
      271.2726135253906,
      268.69287109375,
      266.0394287109375,
      263.3140258789062,
      260.5181274414062,
      257.65283203125,
      254.71923828125,
      251.7182464599609,
      248.6505584716797,
      245.5169677734375,
      242.3179931640625,
      239.0542297363281,
      235.7262268066406,
      232.3344116210938,
      228.8792724609375,
      225.3611907958984,
      221.7806243896484,
      218.1378784179688,
      214.4334106445312,
      210.6675567626953,
      206.8406677246094,
      202.953125,
      199.0052337646484
    ]
  },
  "scalars": {
    "ALBEDO": 0.2000000029802322,
    "CASE": 3,
    "COSZEN": 0.0,
    "DECLIN": 0.4090000092983246,
    "DT": 1800.0,
    "FULL_WRF_EXE": 0,
    "GMT": 12.0,
    "GSW": 0.0,
    "ICLOUD": 1,
    "KX": 32,
    "RADFRQ": 30.0,
    "REGIME": "nighttime_zerosun",
    "SOLCON": 1370.0,
    "XLAT": 0.4886921942234039,
    "XLONG": -0.279252678155899
  }
}
