{
  "columns": {
    "DZ": [
      297.3017883300781,
      362.4521789550781,
      391.9342651367188,
      412.3975830078125,
      428.3145751953125,
      441.441650390625,
      452.665771484375,
      462.501708984375,
      471.277099609375,
      479.21240234375,
      486.46630859375,
      493.154296875,
      499.36376953125,
      505.16455078125,
      510.6103515625,
      515.74560546875,
      520.6064453125,
      525.22265625,
      529.6201171875,
      533.8193359375,
      537.83984375,
      541.6962890625,
      545.404296875,
      548.97265625,
      552.416015625,
      555.7421875,
      558.95703125,
      562.0732421875,
      565.091796875,
      568.0234375,
      570.87109375,
      573.6396484375
    ],
    "P": [
      99128.578125,
      95474.59375,
      91413.921875,
      87225.625,
      83011.34375,
      78829.046875,
      74711.78125,
      70682.265625,
      66756.6015625,
      62946.35546875,
      59259.796875,
      55702.6953125,
      52278.921875,
      48990.796875,
      45839.4296875,
      42824.9453125,
      39946.65234375,
      37203.203125,
      34592.703125,
      32112.81640625,
      29760.833984375,
      27533.74609375,
      25428.306640625,
      23441.072265625,
      21568.44921875,
      19806.71875,
      18152.08203125,
      16600.681640625,
      15148.6142578125,
      13791.96484375,
      12526.810546875,
      11349.25
    ],
    "PI": [
      0.9975024461746216,
      0.9868557453155518,
      0.9746769070625305,
      0.9617034196853638,
      0.9481922388076782,
      0.9342901706695557,
      0.9200797080993652,
      0.9056196808815002,
      0.8909544348716736,
      0.8761188387870789,
      0.8611411452293396,
      0.8460444808006287,
      0.8308485746383667,
      0.815570056438446,
      0.8002232909202576,
      0.7848207950592041,
      0.7693735361099243,
      0.7538911700248718,
      0.7383822798728943,
      0.7228546142578125,
      0.7073150277137756,
      0.6917696595191956,
      0.6762241721153259,
      0.6606836318969727,
      0.645152747631073,
      0.6296356320381165,
      0.6141361594200134,
      0.59865802526474,
      0.583204448223114,
      0.5677784085273743,
      0.55238276720047,
      0.5370201468467712
    ],
    "QC": [
      0.0,
      0.0,
      0.0007999999797903001,
      0.0007999999797903001,
      0.0007999999797903001,
      0.0007999999797903001,
      0.0007999999797903001,
      0.0,
      0.0,
      0.0,
      0.0,
      0.0,
      0.0,
      0.0,
      0.0,
      0.0,
      0.0,
      0.0,
      0.0,
      0.0,
      0.0,
      0.0,
      0.0,
      0.0,
      0.0,
      0.0,
      0.0,
      0.0,
      0.0,
      0.0,
      0.0,
      0.0
    ],
    "QG": [
      0.0,
      0.0,
      0.0,
      0.0,
      0.0,
      0.0,
      0.0,
      0.0,
      0.0,
      0.0,
      0.0,
      0.0,
      0.0,
      0.0,
      0.0,
      0.0,
      0.0,
      0.0,
      0.0,
      0.0,
      0.0,
      0.0,
      0.0,
      0.0,
      0.0,
      0.0,
      0.0,
      0.0,
      0.0,
      0.0,
      0.0,
      0.0
    ],
    "QI": [
      0.0,
      0.0,
      0.0,
      0.0,
      0.0,
      0.0,
      0.0,
      0.0,
      0.0,
      0.0,
      0.0,
      0.0,
      0.0,
      0.0,
      0.0,
      0.0,
      0.0,
      0.0,
      0.0,
      0.0,
      0.0,
      0.0,
      0.0,
      0.0,
      0.0,
      0.0,
      0.0,
      0.0,
      0.0,
      0.0,
      0.0,
      0.0
    ],
    "QR": [
      0.0,
      0.0,
      0.000199999994947575,
      0.000199999994947575,
      0.000199999994947575,
      0.000199999994947575,
      0.000199999994947575,
      0.0,
      0.0,
      0.0,
      0.0,
      0.0,
      0.0,
      0.0,
      0.0,
      0.0,
      0.0,
      0.0,
      0.0,
      0.0,
      0.0,
      0.0,
      0.0,
      0.0,
      0.0,
      0.0,
      0.0,
      0.0,
      0.0,
      0.0,
      0.0,
      0.0
    ],
    "QS": [
      0.0,
      0.0,
      0.0,
      0.0,
      0.0,
      0.0,
      0.0,
      0.0,
      0.0,
      0.0,
      0.0,
      0.0,
      0.0,
      0.0,
      0.0,
      0.0,
      0.0,
      0.0,
      0.0,
      0.0,
      0.0,
      0.0,
      0.0,
      0.0,
      0.0,
      0.0,
      0.0,
      0.0,
      0.0,
      0.0,
      0.0,
      0.0
    ],
    "QV": [
      0.01419648341834545,
      0.01256377436220646,
      0.01092568505555391,
      0.009413700550794601,
      0.00805649533867836,
      0.006857978645712137,
      0.00581149198114872,
      0.004905523266643286,
      0.004126542247831821,
      0.0034605348482728,
      0.002893867203965783,
      0.002413752488791943,
      0.002008489333093166,
      0.001667556469328701,
      0.001381614711135626,
      0.001142463530413806,
      0.0009429611964151263,
      0.0007769320509396493,
      0.0006390687776729465,
      0.00052483199397102,
      0.0004303604946471751,
      0.00035237951669842,
      0.0002881248947232962,
      0.0002352695446461439,
      0.0001918609486892819,
      0.0001562654942972586,
      0.0001271198998438194,
      0.0001032891232171096,
      8.383060048799962e-05,
      6.796290836064145e-05,
      5.503974171006121e-05,
      4.452761277207173e-05
    ],
    "RHO": [
      1.151769042015076,
      1.121890068054199,
      1.088122725486755,
      1.050557971000671,
      1.008924961090088,
      0.9671840071678162,
      0.9256738424301147,
      0.8846383690834045,
      0.8442583084106445,
      0.8046714067459106,
      0.7659818530082703,
      0.7282701730728149,
      0.6915966272354126,
      0.656005322933197,
      0.6215280890464783,
      0.5881860256195068,
      0.5559912919998169,
      0.5249489545822144,
      0.4950584769248962,
      0.4663138091564178,
      0.4387050271034241,
      0.4122188091278076,
      0.3868388235569,
      0.3625465333461761,
      0.339321494102478,
      0.3171416223049164,
      0.2959835529327393,
      0.2758230268955231,
      0.2566348314285278,
      0.2383934557437897,
      0.2210725992918015,
      0.2046459913253784
    ],
    "RTHRATEN": [
      2.717803226914839e-06,
      2.77491994893353e-06,
      4.412588168634102e-06,
      5.017184776079375e-06,
      1.261059696844313e-05,
      3.1222116376739e-05,
      0.000300515559501946,
      1.904493910842575e-05,
      1.949964826053474e-05,
      1.994930789805949e-05,
      2.039628816419281e-05,
      2.084438347083051e-05,
      2.129923814209178e-05,
      2.176859379687812e-05,
      2.226250762760174e-05,
      2.279336149513256e-05,
      2.337651312700473e-05,
      2.402956852165516e-05,
      2.477193811500911e-05,
      2.562300869612955e-05,
      2.659952770045493e-05,
      2.770986975519918e-05,
      2.89470572170103e-05,
      3.027896491403226e-05,
      3.163851579301991e-05,
      3.291745815658942e-05,
      3.39688740496058e-05,
      3.462397580733523e-05,
      3.472375829005614e-05,
      3.415742685319856e-05,
      3.289449159638025e-05,
      3.09954775730148e-05
    ],
    "T": [
      297.3150329589844,
      294.2719116210938,
      290.7873229980469,
      287.6484985351562,
      285.2812805175781,
      282.8050537109375,
      280.2311706542969,
      277.5675354003906,
      274.81982421875,
      271.992431640625,
      269.0889587402344,
      266.1120300292969,
      263.0640869140625,
      259.947021484375,
      256.7625427246094,
      253.5119934082031,
      250.1966400146484,
      246.8175964355469,
      243.375732421875,
      239.8720245361328,
      236.3071594238281,
      232.6818542480469,
      228.9967956542969,
      225.2525177001953,
      221.4496307373047,
      217.5885925292969,
      213.669921875,
      209.6941070556641,
      205.6616058349609,
      201.5727996826172,
      197.4281768798828,
      193.2281036376953
    ]
  },
  "scalars": {
    "ALBEDO": 0.1800000071525574,
    "CASE": 4,
    "COSZEN": 0.8500000238418579,
    "DECLIN": 0.4090000092983246,
    "DT": 1800.0,
    "FULL_WRF_EXE": 0,