{
  "columns": {
    "DZ": [
      297.3017883300781,
      362.4521789550781,
      391.9342651367188,
      412.3975830078125,
      428.3145751953125,
      441.441650390625,
      452.665771484375,
      462.501708984375,
      471.277099609375,
      479.21240234375,
      486.46630859375,
      493.154296875,
      499.36376953125,
      505.16455078125,
      510.6103515625,
      515.74560546875,
      520.6064453125,
      525.22265625,
      529.6201171875,
      533.8193359375,
      537.83984375,
      541.6962890625,
      545.404296875,
      548.97265625,
      552.416015625,
      555.7421875,
      558.95703125,
      562.0732421875,
      565.091796875,
      568.0234375,
      570.87109375,
      573.6396484375
    ],
    "P": [
      98321.5234375,
      94653.84375,
      90581.5625,
      86390.7890625,
      82183.671875,
      78012.6875,
      73910.578125,
      69899.703125,
      65995.7734375,
      62209.94921875,
      58550.09375,
      55021.6015625,
      51627.9609375,
      48371.14453125,
      45251.9453125,
      42270.1796875,
      39424.890625,
      36714.484375,
      34136.84375,
      31689.42578125,
      29369.34375,
      27173.43359375,
      25098.3046875,
      23140.3984375,
      21296.013671875,
      19561.349609375,
      17932.53515625,
      16405.65234375,
      14976.7548828125,
      13641.8974609375,
      12397.138671875,
      11238.5625
    ],
    "PI": [
      0.995175302028656,
      0.984424352645874,
      0.9721329212188721,
      0.9590645432472229,
      0.9454814195632935,
      0.9315154552459717,
      0.9172497391700745,
      0.9027435183525085,
      0.8880413174629211,
      0.8731780648231506,
      0.8581818342208862,
      0.8430758118629456,
      0.8278795480728149,
      0.8126093745231628,
      0.7972795963287354,
      0.7819024920463562,
      0.7664888501167297,
      0.7510482668876648,
      0.7355890274047852,
      0.7201187014579773,
      0.7046440243721008,
      0.6891710162162781,
      0.6737051010131836,
      0.6582512259483337,
      0.6428138613700867,
      0.6273971199989319,
      0.6120046973228455,
      0.5966400504112244,
      0.5813063383102417,
      0.5660064220428467,
      0.5507429838180542,
      0.5355185270309448
    ],
    "QC": [
      0.0,
      0.0,
      0.0,
      0.0,
      0.0,
      0.0,
      0.0,
      0.0,
      0.0,
      0.0,
      0.0,
      0.0,
      0.0,
      0.0,
      0.0,
      0.0,
      0.0,
      0.0,
      0.0,
      0.0,
      0.0,
      0.0,
      0.0,
      0.0,
      0.0,
      0.0,
      0.0,
      0.0,
      0.0,
      0.0,
      0.0,
      0.0
    ],
    "QG": [
      0.0,
      0.0,
      0.0,
      0.0,
      0.0,
      0.0,
      0.0,
      0.0,
      0.0,
      0.0,
      0.0,
      0.0,
      0.0,
      0.0,
      0.0,
      0.0,
      0.0,
      0.0,
      0.0,
      0.0,
      0.0,
      0.0,
      0.0,
      0.0,
      0.0,
      0.0,
      0.0,
      0.0,
      0.0,
      0.0,
      0.0,
      0.0
    ],
    "QI": [
      0.0,
      0.0,
      0.0,
      0.0,
      0.0,
      0.0,
      0.0,
      0.0,
      0.0,
      0.0,
      0.0,
      0.0,
      0.0,
      0.0,
      0.0,
      0.0,
      0.0,
      0.0,
      0.0,
      0.0,
      0.0,
      0.0,
      0.0,
      0.0,
      0.0,
      0.0,
      0.0,
      0.0,
      0.0,
      0.0,
      0.0,
      0.0
    ],
    "QR": [
      0.0,
      0.0,
      0.0,
      0.0,
      0.0,
      0.0,
      0.0,
      0.0,
      0.0,
      0.0,
      0.0,
      0.0,
      0.0,
      0.0,
      0.0,
      0.0,
      0.0,
      0.0,
      0.0,
      0.0,
      0.0,
      0.0,
      0.0,
      0.0,
      0.0,
      0.0,
      0.0,
      0.0,
      0.0,
      0.0,
      0.0,
      0.0
    ],
    "QS": [
      0.0,
      0.0,
      0.0,
      0.0,
      0.0,
      0.0,
      0.0,
      0.0,
      0.0,
      0.0,
      0.0,
      0.0,
      0.0,
      0.0,
      0.0,
      0.0,
      0.0,
      0.0,
      0.0,
      0.0,
      0.0,
      0.0,
      0.0,
      0.0,
      0.0,
      0.0,
      0.0,
      0.0,
      0.0,
      0.0,
      0.0,
      0.0
    ],
    "QV": [
      0.008436720818281174,
      0.00730945635586977,
      0.006203860975801945,
      0.005208631511777639,
      0.004338608123362064,
      0.003591163316741586,
      0.002956792479380965,
      0.002423361176624894,
      0.001978146145120263,
      0.001608869875781238,
      0.001304215635173023,
      0.001054050982929766,
      0.0008494857465848327,
      0.0006828366895206273,
      0.0005475397338159382,
      0.0004380417813081294,
      0.0003496806020848453,
      0.000278569117654115,
      0.0002214844862464815,
      0.0001757688442012295,
      0.0001392401900375262,
      0.0001101142406696454,
      8.693777635926381e-05,
      6.853089871583506e-05,
      5.393892206484452e-05,
      4.239150803186931e-05,
      3.326887599541806e-05,
      2.607351052574813e-05,
      2.040712752204854e-05,
      1.59515329869464e-05,
      1.24530943139689e-05,
      9.710062840895262e-06
    ],
    "RHO": [
      1.15670120716095,
      1.125730395317078,
      1.090816974639893,
      1.049368858337402,
      1.006754755973816,
      0.9641396403312683,
      0.9218656420707703,
      0.8801741600036621,
      0.839241623878479,
      0.7991994023323059,
      0.7601451277732849,
      0.7221513986587524,
      0.6852710843086243,
      0.649541437625885,
      0.6149870753288269,
      0.5816223621368408,
      0.549453616142273,
      0.5184803009033203,
      0.4886963367462158,
      0.4600907564163208,
      0.4326494038105011,
      0.406354695558548,
      0.3811864852905273,
      0.3571229577064514,
      0.3341403305530548,
      0.3122136294841766,
      0.2913168370723724,
      0.2714233100414276,
      0.2525055706501007,
      0.2345360070466995,
      0.217486560344696,
      0.2013292014598846
    ],
    "RTHRATEN": [
      3.022747932845959e-06,
      3.158039817208191e-06,
      3.312236458441475e-06,
      3.476356141618453e-06,
      3.645488959591603e-06,
      3.816970092884731e-06,
      3.988804110122146e-06,
      4.159370746492641e-06,
      4.327352598920697e-06,
      4.491770596359856e-06,
      4.652011284633772e-06,
      4.807927325600758e-06,
      4.959879788657418e-06,
      5.108860023028683e-06,
      5.25657424077508e-06,
      5.405587671702961e-06,
      5.55936139789992e-06,
      5.722438800148666e-06,
      5.900258202018449e-06,
      6.098957783251535e-06,
      6.324680271063698e-06,
      6.582156856893562e-06,
      6.872383892186917e-06,
      7.189194548118394e-06,
      7.515326615248341e-06,
      7.819102393114008e-06,
      8.05459148978116e-06,
      8.16775718703866e-06,
      8.109275768219959e-06,
      7.850215297366958e-06,
      7.393290161417099e-06,
      6.77330126563902e-06
    ],
    "T": [
      294.6606750488281,
      291.6722412109375,
      288.2504577636719,
      285.9455871582031,
      283.6842346191406,
      281.3167724609375,
      278.8538208007812,
      276.3026428222656,
      273.6685180664062,
      270.9554748535156,
      268.1666259765625,
      265.3045349121094,
      262.3712768554688,
      259.3684997558594,
      256.2977294921875,
      253.1601715087891,
      249.9569091796875,
      246.6889343261719,
      243.3570404052734,
      239.9620208740234,
      236.5045166015625,
      232.9851684570312,
      229.404541015625,
      225.7631530761719,
      222.0615081787109,
      218.3000793457031,
      214.4793090820312,
      210.5996246337891,
      206.6614685058594,
      202.6651916503906,
      198.6112365722656,
      194.4999542236328
    ]
  },
  "scalars": {
    "ALBEDO": 0.2199999988079071,
    "CASE": 2,
    "COSZEN": 0.1800000071525574,
    "DECLIN": 0.4090000092983246,
    "DT": 1800.0,
    "FULL_WRF_EXE": 0,
    "GMT": 12.0,
    "GSW": 92.68956756591797,
    "ICLOUD": 1,
    "KX": 32,
    "RADFRQ": 30.0,
    "REGIME": "clearsky_lowsun_land",
    "SOLCON": 1370.0,