{
  "columns": {
    "DZ": [
      297.3017883300781,
      362.4521789550781,
      391.9342651367188,
      412.3975830078125,
      428.3145751953125,
      441.441650390625,
      452.665771484375,
      462.501708984375,
      471.277099609375,
      479.21240234375,
      486.46630859375,
      493.154296875,
      499.36376953125,
      505.16455078125,
      510.6103515625,
      515.74560546875,
      520.6064453125,
      525.22265625,
      529.6201171875,
      533.8193359375,
      537.83984375,
      541.6962890625,
      545.404296875,
      548.97265625,
      552.416015625,
      555.7421875,
      558.95703125,
      562.0732421875,
      565.091796875,
      568.0234375,
      570.87109375,
      573.6396484375
    ],
    "P": [
      98346.1875,
      94730.8125,
      90713.2734375,
      86567.15625,
      82393.8515625,
      78254.0,
      74180.15625,
      70194.6015625,
      66313.078125,
      62546.796875,
      58903.7265625,
      55389.3671875,
      52007.328125,
      48759.7265625,
      45647.484375,
      42670.55859375,
      39828.12890625,
      37118.73046875,
      34540.37890625,
      32090.6640625,
      29766.8203125,
      27565.810546875,
      25484.359375,
      23519.0234375,
      21666.212890625,
      19922.23046875,
      18283.3125,
      16745.6328125,
      15305.34375,
      13958.5888671875,
      12701.51171875,
      11530.279296875
    ],
    "PI": [
      0.9952466487884521,
      0.9846529960632324,
      0.9725366234779358,
      0.9596235752105713,
      0.9461716413497925,
      0.9323378205299377,
      0.9182043671607971,
      0.9038300514221191,
      0.8892591595649719,
      0.87452632188797,
      0.8596595525741577,
      0.8446820378303528,
      0.8296130895614624,
      0.8144691586494446,
      0.7992644906044006,
      0.7840114235877991,
      0.7687206268310547,
      0.7534016966819763,
      0.7380630373954773,
      0.7227120995521545,
      0.7073556780815125,
      0.6919997334480286,
      0.6766497492790222,
      0.661310613155365,
      0.6459869146347046,
      0.6306825876235962,
      0.6154014468193054,
      0.6001468896865845,
      0.5849220752716064,
      0.5697298645973206,
      0.5545729398727417,
      0.5394537448883057
    ],
    "QC": [
      0.0,
      0.0,
      0.0,
      0.0,
      0.0,
      0.0,
      0.0,
      0.0,
      0.0,
      0.0,
      0.0,
      0.0,
      0.0,
      0.0,
      0.0,
      0.0,
      0.0,
      0.0,
      0.0,
      0.0,
      0.0,
      0.0,
      0.0,
      0.0,
      0.0,
      0.0,
      0.0,
      0.0,
      0.0,
      0.0,
      0.0,
      0.0
    ],
    "QG": [
      0.0,
      0.0,
      0.0,
      0.0,
      0.0,
      0.0,
      0.0,
      0.0,
      0.0,
      0.0,
      0.0,
      0.0,
      0.0,
      0.0,
      0.0,
      0.0,
      0.0,
      0.0,
      0.0,
      0.0,
      0.0,
      0.0,
      0.0,
      0.0,
      0.0,
      0.0,
      0.0,
      0.0,
      0.0,
      0.0,
      0.0,
      0.0
    ],
    "QI": [
      0.0,
      0.0,
      0.0,
      0.0,
      0.0,
      0.0,
      0.0,
      0.0,
      0.0,
      0.0,
      0.0,
      0.0,
      0.0,
      0.0,
      0.0,
      0.0,
      0.0,
      0.0,
      0.0,
      0.0,
      0.0,
      0.0,
      0.0,
      0.0,
      0.0,
      0.0,
      0.0,
      0.0,
      0.0,
      0.0,
      0.0,
      0.0
    ],
    "QR": [
      0.0,
      0.0,
      0.0,
      0.0,
      0.0,
      0.0,
      0.0,
      0.0,
      0.0,
      0.0,
      0.0,
      0.0,
      0.0,
      0.0,
      0.0,
      0.0,
      0.0,
      0.0,
      0.0,
      0.0,
      0.0,
      0.0,
      0.0,
      0.0,
      0.0,
      0.0,
      0.0,
      0.0,
      0.0,
      0.0,
      0.0,
      0.0
    ],
    "QS": [
      0.0,
      0.0,
      0.0,
      0.0,
      0.0,
      0.0,
      0.0,
      0.0,
      0.0,
      0.0,
      0.0,
      0.0,
      0.0,
      0.0,
      0.0,
      0.0,
      0.0,
      0.0,
      0.0,
      0.0,
      0.0,
      0.0,
      0.0,
      0.0,
      0.0,
      0.0,
      0.0,
      0.0,
      0.0,
      0.0,
      0.0,
      0.0
    ],
    "QV": [
      0.01130727492272854,
      0.009909515269100666,
      0.008521719835698605,
      0.007255441974848509,
      0.006132542621344328,
      0.00515340780839324,
      0.004309563897550106,
      0.003588747000321746,
      0.002977391239255667,
      0.002461939817294478,
      0.002029549330472946,
      0.001668440992943943,
      0.001368049415759742,
      0.001119050313718617,
      0.0009133148123510182,
      0.0007438278407789767,
      0.0006045830086804926,
      0.0004904744564555585,
      0.0003971861151512712,
      0.0003210884751752019,
      0.0002591443189885467,
      0.0002088210603687912,
      0.0001680157438386232,
      0.0001349875092273578,
      0.0001082999224308878,
      8.677104051457718e-05,
      6.943096377654001e-05,
      5.548579065361992e-05,
      4.428713145898655e-05,
      3.530664253048599e-05,
      2.811468948493712e-05,
      2.236260843346827e-05
    ],
    "RHO": [
      1.139620780944824,
      1.109986186027527,
      1.07651686668396,
      1.04055655002594,
      0.9988740682601929,
      0.9571448564529419,
      0.9157060980796814,
      0.8747977018356323,
      0.834596574306488,
      0.7952347993850708,
      0.7568124532699585,
      0.719403862953186,
      0.6830646395683289,
      0.6478341817855835,
      0.6137394905090332,
      0.5807971954345703,
      0.5490158200263977,
      0.5183965563774109,
      0.4889352917671204,
      0.4606230854988098,
      0.4334471821784973,
      0.4073915183544159,
      0.3824375867843628,
      0.358564704656601,
      0.3357505798339844,
      0.3139714002609253,
      0.2932024896144867,
      0.2734180390834808,
      0.2545918822288513,
      0.2366973310709,
      0.2197073698043823,
      0.2035948634147644
    ],
    "RTHRATEN": [
      1.817322663555387e-05,
      1.850369881140068e-05,
      1.88749072549399e-05,
      1.926386539707892e-05,
      1.965523733815644e-05,
      2.003678491746541e-05,
      2.040605795627926e-05,
      2.076295277220197e-05,
      2.110891546180937e-05,
      2.144735117326491e-05,
      2.178380418627057e-05,
      2.212539584434126e-05,
      2.248161035822704e-05,
      2.28639182751067e-05,
      2.328522714378778e-05,
      2.375937219767366e-05,
      2.429897358524613e-05,
      2.491282975825015e-05,
      2.560081338742748e-05,
      2.634744851093274e-05,
      2.711447814363055e-05,
      2.783391755656339e-05,
      2.84065208688844e-05,
      2.870913885999471e-05,
      2.861500615836121e-05,
      2.802345261443406e-05,
      2.689002940314822e-05,
      2.524378578527831e-05,
      2.318278166058008e-05,
      2.08502788154874e-05,
      1.840208824432921e-05,
      1.597799018782098e-05
    ],
    "T": [
      298.6331481933594,
      295.5843811035156,
      292.0938720703125,
      288.5976867675781,
      286.3419189453125,
      283.9798889160156,
      281.5221862792969,
      278.9761047363281,
      276.3469848632812,
      273.6388854980469,
      270.8549194335938,
      267.9977111816406,
      265.0693664550781,
      262.0715942382812,
      259.0058898925781,
      255.8735656738281,
      252.6756896972656,
      249.4132537841797,
      246.0871276855469,
      242.6980285644531,
      239.2466888427734,
      235.7337341308594,
      232.1597442626953,
      228.5252380371094,
      224.8307495117188,
      221.0767211914062,
      217.2636108398438,
      213.391845703125,
      209.4618530273438,
      205.4740295410156,
      201.4287567138672,
      197.326416015625
    ]
  },
  "scalars": {
    "ALBEDO": 0.2000000029802322,
    "CASE": 1,
    "COSZEN": 0.949999988079071,
    "DECLIN": 0.4090000092983246,
    "DT": 1800.0,
    "FULL_WRF_EXE": 0,
    "GMT": 12.0,
    "GSW": 817.3014526367188,
    "ICLOUD": 1,
    "KX": 32,
    "RADFRQ": 30.0,
    "REGIME": "clearsky_highsun_land",
    "SOLCON": 1370.0,