{
  "columns": {
    "DZ": [
      297.3017883300781,
      362.4521789550781,
      391.9342651367188,
      412.3975830078125,
      428.3145751953125,
      441.441650390625,
      452.665771484375,
      462.501708984375,
      471.277099609375,
      479.21240234375,
      486.46630859375,
      493.154296875,
      499.36376953125,
      505.16455078125,
      510.6103515625,
      515.74560546875,
      520.6064453125,
      525.22265625,
      529.6201171875,
      533.8193359375,
      537.83984375,
      541.6962890625,
      545.404296875,
      548.97265625,
      552.416015625,
      555.7421875,
      558.95703125,
      562.0732421875,
      565.091796875,
      568.0234375,
      570.87109375,
      573.6396484375
    ],
    "P": [
      98514.796875,
      94832.328125,
      90744.8671875,
      86540.1875,
      82318.6875,
      78131.953125,
      74013.0546875,
      69984.671875,
      66062.796875,
      62258.890625,
      58581.0390625,
      55034.86328125,
      51624.03125,
      48350.6796875,
      45215.734375,
      42219.11328125,
      39359.9453125,
      36636.6953125,
      34047.29296875,
      31589.21875,
      29259.599609375,
      27055.27734375,
      24972.8515625,
      23008.7421875,
      21159.23046875,
      19420.47265625,
      17788.56640625,
      16259.548828125,
      14829.431640625,
      13494.2177734375,
      12249.9140625,
      11092.5537109375
    ],
    "PI": [
      0.9957338571548462,
      0.9849544167518616,
      0.9726333618164062,
      0.9595381021499634,
      0.9459249973297119,
      0.9319221377372742,
      0.9176129102706909,
      0.9030569195747375,
      0.8882989287376404,
      0.8733742833137512,
      0.8583113551139832,
      0.8431338667869568,
      0.827861487865448,
      0.8125110864639282,
      0.7970972657203674,
      0.7816324830055237,
      0.76612788438797,
      0.7505932450294495,
      0.7350372076034546,
      0.7194674015045166,
      0.7038907408714294,
      0.6883134841918945,
      0.6727412343025208,
      0.6571789979934692,
      0.6416314840316772,
      0.6261028051376343,
      0.6105968356132507,
      0.5951170921325684,
      0.579666793346405,
      0.5642489790916443,
      0.548866331577301,
      0.5335214138031006
    ],
    "QC": [
      0.0,
      0.0,
      0.0,
      0.0,
      0.0,
      0.0,
      0.0,
      0.0,
      0.0,
      0.0,
      0.0,
      0.0,
      0.0,
      0.0,
      0.0,
      0.0,
      0.0,
      0.0,
      0.0,
      0.0,
      0.0,
      0.0,
      0.0,
      0.0,
      0.0,
      0.0,
      0.0,
      0.0,
      0.0,
      0.0,
      0.0,
      0.0
    ],
    "QG": [
      0.0,
      0.0,
      0.0,
      0.0,
      0.0,
      0.0,
      0.0,
      0.0,
      0.0,
      0.0,
      0.0,
      0.0,
      0.0,
      0.0,
      0.0,
      0.0,
      0.0,
      0.0,
      0.0,
      0.0,
      0.0,
      0.0,
      0.0,
      0.0,
      0.0,
      0.0,
      0.0,
      0.0,
      0.0,
      0.0,
      0.0,
      0.0
    ],
    "QI": [
      0.0,
      0.0,
      0.0,
      0.0,
      0.0,
      0.0,
      0.0,
      0.0,
      0.0,
      0.0,
      0.0,
      0.0,
      0.0,
      0.0,
      0.0,
      0.0,
      0.0,
      0.0,
      0.0,
      0.0,
      0.0,
      0.0,
      0.0,
      0.0,
      0.0,
      0.0,
      0.0,
      0.0,
      0.0,
      0.0,
      0.0,
      0.0
    ],
    "QR": [
      0.0,
      0.0,
      0.0,
      0.0,
      0.0,
      0.0,
      0.0,
      0.0,
      0.0,
      0.0,
      0.0,
      0.0,
      0.0,
      0.0,
      0.0,
      0.0,
      0.0,
      0.0,
      0.0,
      0.0,
      0.0,
      0.0,
      0.0,
      0.0,
      0.0,
      0.0,
      0.0,
      0.0,
      0.0,
      0.0,
      0.0,
      0.0
    ],
    "QS": [
      0.0,
      0.0,
      0.0,
      0.0,
      0.0,
      0.0,
      0.0,
      0.0,
      0.0,
      0.0,
      0.0,
      0.0,
      0.0,
      0.0,
      0.0,
      0.0,
      0.0,
      0.0,
      0.0,
      0.0,
      0.0,
      0.0,
      0.0,
      0.0,
      0.0,
      0.0,
      0.0,
      0.0,
      0.0,
      0.0,
      0.0,
      0.0
    ],
    "QV": [
      0.01517272181808949,
      0.01348645612597466,
      0.01178672723472118,
      0.01020975224673748,
      0.008786497637629509,
      0.007522530853748322,
      0.006412445101886988,
      0.005445653572678566,
      0.004609279800206423,
      0.003889736253768206,
      0.003273627255111933,
      0.002748255850747228,
      0.00230189086869359,
      0.001923893578350544,
      0.001604741439223289,
      0.001336006331257522,
      0.001110290875658393,
      0.0009211491560563445,
      0.0007629996398463845,
      0.0006310323369689286,
      0.000521124922670424,
      0.0004297549603506923,
      0.0003539268509484828,
      0.0002910997427534312,
      0.0002391256712144241,
      0.0001961939415195957,
      0.0001607821614015847,
      0.0001316130365012214,
      0.0001076178887160495,
      8.790395804680884e-05,
      7.172726327553391e-05,
      5.846885687788017e-05
    ],
    "RHO": [
      1.161349534988403,
      1.130309104919434,
      1.094548463821411,
      1.052769422531128,
      1.010401606559753,
      0.9679626226425171,
      0.9257975220680237,
      0.8841531276702881,
      0.8432118892669678,
      0.8031119704246521,
      0.7639583945274353,
      0.7258301973342896,
      0.6887866854667664,
      0.6528708934783936,
      0.6181128621101379,
      0.5845317244529724,
      0.552137553691864,
      0.5209336876869202,
      0.4909168481826782,
      0.4620789885520935,
      0.4344079792499542,
      0.4078879952430725,
      0.3825005888938904,
      0.3582249581813812,
      0.3350386321544647,
      0.312917172908783,
      0.2918353676795959,
      0.271766871213913,
      0.2526847422122955,
      0.2345614433288574,
      0.2173692137002945,
      0.2010799199342728
    ],
    "RTHRATEN": [
      3.185277819284238e-07,
      3.465694646820339e-07,
      3.811656767993554e-07,
      4.215815749830654e-07,
      4.678586549289321e-07,
      5.203175987844588e-07,
      5.793446575808048e-07,
      6.453202558986959e-07,
      7.186103516687581e-07,
      7.995447504072217e-07,
      8.884090334504435e-07,
      9.854308018475422e-07,
      1.090778141588089e-06,
      1.204610498461989e-06,
      1.327014956586936e-06,
      1.458147494304285e-06,
      1.598188873686013e-06,
      1.747489704939653e-06,
      1.906656507344451e-06,
      2.076687678709277e-06,
      2.259273287563701e-06,
      2.457084747220506e-06,
      2.674385541467927e-06,
      2.917968458859832e-06,
      3.198790409442154e-06,
      3.535081305017229e-06,
      3.958736215281533e-06,
      4.529620127868839e-06,
      5.373287422116846e-06,
      6.801384643040365e-06,
      9.848026820691302e-06,
      2.114570088451728e-05
    ],
    "T": [
      292.8641662597656,
      289.9536437988281,
      286.815185546875,
      284.6515197753906,
      282.3626403808594,
      279.9659423828125,
      277.4721984863281,
      274.8888549804688,
      272.2213745117188,
      269.4739990234375,
      266.64990234375,
      263.7518310546875,
      260.7819519042969,
      257.7420959472656,
      254.6338500976562,
      251.45849609375,
      248.2173004150391,
      244.9112091064453,
      241.5411987304688,
      238.1080322265625,
      234.6124420166016,
      231.0551605224609,
      227.4367523193359,
      223.7578125,
      220.0188598632812,
      216.2203979492188,
      212.3628997802734,
      208.4468383789062,
      204.4726257324219,
      200.4407196044922,
      196.3514862060547,
      192.2053527832031
    ]
  },
  "scalars": {
    "ALBEDO": 0.1500000059604645,
    "CASE": 7,
    "COSZEN": 0.05000000074505806,
    "DECLIN": 0.4090000092983246,
    "DT": 1800.0,
    "FULL_WRF_EXE": 0,
    "GMT": 12.0,
    "GSW": 5.693987369537354,
    "ICLOUD": 1,
    "KX": 32,
    "RADFRQ": 30.0,
    "REGIME": "terminator_lowsun_humid",
    "SOLCON": 1370.0,