{
  "columns": {
    "DZ": [
      187.8354339599609,
      249.4430236816406,
      284.0213317871094,
      305.7931518554688,
      322.1425170898438,
      335.3917236328125,
      346.607421875,
      356.37548828125,
      365.055908203125,
      372.885498046875,
      380.030029296875,
      386.610595703125,
      392.71630859375,
      398.41796875,
      403.77001953125,
      408.8173828125,
      413.595703125,
      418.134765625,
      422.4599609375,
      426.5927734375,
      430.5498046875,
      434.34814453125,
      438.00146484375,
      441.5205078125,
      444.916015625,
      448.1982421875,
      451.373046875,
      454.451171875,
      457.435546875,
      460.333984375,
      463.15234375,
      465.8935546875,
      468.564453125,
      471.1669921875,
      473.705078125,
      476.1845703125,
      478.60546875,
      480.970703125,
      483.2861328125,
      485.55078125,
      487.7685546875,
      489.94140625,
      492.072265625,
      494.16015625,
      496.208984375
    ],
    "P": [
      98883.8203125,
      95985.5703125,
      92794.0546875,
      89480.625,
      86121.296875,
      82760.421875,
      79426.953125,
      76140.9296875,
      72916.6328125,
      69764.3984375,
      66691.6875,
      63703.8359375,
      60804.54296875,
      57996.22265625,
      55280.29296875,
      52657.359375,
      50127.38671875,
      47689.82421875,
      45343.69921875,
      43087.70703125,
      40920.28125,
      38839.63671875,
      36843.8203125,
      34930.75,
      33098.25390625,
      31344.08203125,
      29665.947265625,
      28061.521484375,
      26528.4765625,
      25064.4765625,
      23667.1953125,
      22334.3359375,
      21063.62109375,
      19852.810546875,
      18699.70703125,
      17602.146484375,
      16558.021484375,
      15565.2734375,
      14621.8876953125,
      13725.9072265625,
      12875.4267578125,
      12068.59375,
      11303.6103515625,
      10578.7353515625,
      9892.279296875
    ],
    "PI": [
      0.9967965483665466,
      0.9883561134338379,
      0.978848397731781,
      0.9687270522117615,
      0.9581884145736694,
      0.9473469853401184,
      0.936278760433197,
      0.9250384569168091,
      0.9136673212051392,
      0.9021977186203003,
      0.8906554579734802,
      0.8790618777275085,
      0.8674345016479492,
      0.8557881116867065,
      0.8441352248191833,
      0.8324865698814392,
      0.8208512663841248,
      0.8092373013496399,
      0.7976513504981995,
      0.7860994935035706,
      0.7745867967605591,
      0.7631178498268127,
      0.7516964077949524,
      0.7403259873390198,
      0.7290093898773193,
      0.7177492380142212,
      0.7065477967262268,
      0.6954068541526794,
      0.6843281388282776,
      0.6733129620552063,
      0.6623625159263611,
      0.6514778733253479,
      0.6406598091125488,
      0.6299089789390564,
      0.6192260384559631,
      0.6086112856864929,
      0.5980650782585144,
      0.5875877141952515,
      0.5771793127059937,
      0.5668399333953857,
      0.5565696358680725,
      0.5463683009147644,
      0.5362359285354614,
      0.5261722803115845,
      0.516177237033844
    ],
    "QV": [
      0.003205162705853581,
      0.002917951438575983,
      0.002825182862579823,
      0.002733907662332058,
      0.002647054614499211,
      0.00256635551340878,
      0.002492859959602356,
      0.002427147934213281,
      0.002369433175772429,
      0.002319638384506106,
      0.00227743573486805,
      0.00224229646846652,
      0.00221351720392704,
      0.002190269529819489,
      0.002171609550714493,
      0.002156523987650871,
      0.0021439662668854,
      0.002132854424417019,
      0.002122117672115564,
      0.00211073667742312,
      0.002097724936902523,
      0.002082175808027387,
      0.002063258783891797,
      0.002040274208411574,
      0.00201259832829237,
      0.001979769440367818,
      0.001941432245075703,
      0.001897372654639184,
      0.001847502309828997,
      0.001791881979443133,
      0.001730685355141759,
      0.001664215815253556,
      0.001592893502674997,
      0.001517226221039891,
      0.001437821658328176,
      0.001355359330773354,
      0.001270573120564222,
      0.001184233231469989,
      0.001097150379791856,
      0.00101012026425451,
      0.0009239448700100183,
      0.000839381420519203,
      0.0007571579772047698,
      0.0006779308314435184,
      0.0006022977759130299
    ],
    "RHO": [
      1.20621657371521,
      1.177033185958862,
      1.137196898460388,
      1.095973134040833,
      1.054321050643921,
      1.012794256210327,
      0.9717493057250977,
      0.9314277768135071,
      0.8919975757598877,
      0.8535757064819336,
      0.8162432909011841,
      0.7800542116165161,
      0.7450418472290039,
      0.7112241387367249,
      0.6786069869995117,
      0.6471865177154541,
      0.6169514060020447,
      0.5878849625587463,
      0.5599656701087952,
      0.5331684350967407,
      0.5074657797813416,
      0.4828280806541443,
      0.4592245817184448,
      0.4366231560707092,
      0.4149916768074036,
      0.3942971527576447,
      0.3745070397853851,
      0.3555888235569,
      0.3375104665756226,
      0.3202402889728546,
      0.303747296333313,
      0.2880012392997742,
      0.2729724943637848,
      0.2586323320865631,
      0.2449529320001602,
      0.2319071590900421,
      0.2194689512252808,
      0.207613080739975,
      0.196315124630928,
      0.1855516284704208,
      0.1752999126911163,
      0.1655382961034775,
      0.1562457233667374,
      0.147402212023735,
      0.1389883458614349
    ],
    "RQCCUTEN": [
      0.0,
      0.0,
      0.0,
      0.0,
      0.0,
      0.0,
      0.0,
      0.0,
      0.0,
      0.0,
      0.0,
      0.0,
      0.0,
      0.0,
      0.0,
      0.0,
      0.0,
      0.0,
      0.0,
      0.0,
      0.0,
      0.0,
      0.0,
      0.0,
      0.0,
      0.0,
      0.0,
      0.0,
      0.0,
      0.0,
      0.0,
      0.0,
      0.0,
      0.0,
      0.0,
      0.0,
      0.0,
      0.0,
      0.0,
      0.0,
      0.0,
      0.0,
      0.0,
      0.0,
      0.0
    ],
    "RQICUTEN": [
      0.0,
      0.0,
      0.0,
      0.0,
      0.0,
      0.0,
      0.0,
      0.0,
      0.0,
      0.0,
      0.0,
      0.0,
      0.0,
      0.0,
      0.0,
      0.0,
      0.0,
      0.0,
      0.0,
      0.0,
      0.0,
      0.0,
      0.0,
      0.0,
      0.0,
      0.0,
      0.0,
      0.0,
      0.0,
      0.0,
      0.0,
      0.0,
      0.0,
      0.0,
      0.0,
      0.0,
      0.0,
      0.0,
      0.0,
      0.0,
      0.0,
      0.0,
      0.0,
      0.0,
      0.0
    ],
    "RQVBLTEN": [
      0.0,
      0.0,
      0.0,
      0.0,
      0.0,
      0.0,
      0.0,
      0.0,
      0.0,
      0.0,
      0.0,
      0.0,
      0.0,
      0.0,
      0.0,
      0.0,
      0.0,
      0.0,
      0.0,
      0.0,
      0.0,
      0.0,
      0.0,
      0.0,
      0.0,
      0.0,
      0.0,
      0.0,
      0.0,
      0.0,
      0.0,
      0.0,
      0.0,
      0.0,
      0.0,
      0.0,
      0.0,
      0.0,
      0.0,
      0.0,
      0.0,
      0.0,
      0.0,
      0.0,
      0.0
    ],
    "RQVCUTEN": [
      0.0,
      0.0,
      0.0,
      0.0,
      0.0,
      0.0,
      0.0,
      0.0,
      0.0,
      0.0,
      0.0,
      0.0,
      0.0,
      0.0,
      0.0,
      0.0,
      0.0,
      0.0,
      0.0,
      0.0,
      0.0,
      0.0,
      0.0,
      0.0,
      0.0,
      0.0,
      0.0,
      0.0,
      0.0,
      0.0,
      0.0,
      0.0,
      0.0,
      0.0,
      0.0,
      0.0,
      0.0,
      0.0,
      0.0,
      0.0,
      0.0,
      0.0,
      0.0,
      0.0,
      0.0
    ],