{
  "columns": {
    "DZ": [
      187.8354339599609,
      249.4430236816406,
      284.0213317871094,
      305.7931518554688,
      322.1425170898438,
      335.3917236328125,
      346.607421875,
      356.37548828125,
      365.055908203125,
      372.885498046875,
      380.030029296875,
      386.610595703125,
      392.71630859375,
      398.41796875,
      403.77001953125,
      408.8173828125,
      413.595703125,
      418.134765625,
      422.4599609375,
      426.5927734375,
      430.5498046875,
      434.34814453125,
      438.00146484375,
      441.5205078125,
      444.916015625,
      448.1982421875,
      451.373046875,
      454.451171875,
      457.435546875,
      460.333984375,
      463.15234375,
      465.8935546875,
      468.564453125,
      471.1669921875,
      473.705078125,
      476.1845703125,
      478.60546875,
      480.970703125,
      483.2861328125,
      485.55078125,
      487.7685546875,
      489.94140625,
      492.072265625,
      494.16015625,
      496.208984375
    ],
    "P": [
      99734.1875,
      96986.46875,
      93921.4453125,
      90695.90625,
      87382.6953125,
      84035.3828125,
      80684.015625,
      77350.046875,
      74049.734375,
      70795.7265625,
      67598.0078125,
      64464.51171875,
      61401.58984375,
      58414.28515625,
      55506.58203125,
      52681.57421875,
      49941.62109375,
      47288.4375,
      44723.1953125,
      42246.59765625,
      39858.9453125,
      37560.17578125,
      35349.921875,
      33227.55078125,
      31192.1953125,
      29242.775390625,
      27378.041015625,
      25596.568359375,
      23896.8203125,
      22277.12890625,
      20735.724609375,
      19270.759765625,
      17880.302734375,
      16562.37109375,
      15314.927734375,
      14135.8896484375,
      13023.1494140625,
      11974.576171875,
      10988.0146484375,
      10061.3046875,
      9192.2802734375,
      8378.775390625,
      7618.63037109375,
      6909.6982421875,
      6249.84326171875
    ],
    "PI": [
      0.999239444732666,
      0.9912912845611572,
      0.9822332262992859,
      0.9724698662757874,
      0.9621794819831848,
      0.9514961242675781,
      0.9404909014701843,
      0.9292139410972595,
      0.9177036285400391,
      0.9059902429580688,
      0.8940987586975098,
      0.8820497393608093,
      0.8698607683181763,
      0.8575470447540283,
      0.8451215624809265,
      0.8325960040092468,
      0.8199805617332458,
      0.807284414768219,
      0.7945157289505005,
      0.781682014465332,
      0.7687898874282837,
      0.7558456063270569,
      0.742854654788971,
      0.7298223376274109,
      0.7167533040046692,
      0.7036519646644592,
      0.6905223727226257,
      0.6773682832717896,
      0.6641932129859924,
      0.651000440120697,
      0.6377929449081421,
      0.6245735883712769,
      0.611345112323761,
      0.5981099605560303,
      0.5848705172538757,
      0.5716290473937988,
      0.5583875775337219,
      0.5451482534408569,
      0.5319128036499023,
      0.5186831951141357,
      0.5054610967636108,
      0.492248147726059,
      0.479045957326889,
      0.4658560454845428,
      0.4526799619197845
    ],
    "QV": [
      0.02245845459401608,
      0.01997153647243977,
      0.01743043586611748,
      0.01500792242586613,
      0.01282843016088009,
      0.01112963911145926,
      0.00962662510573864,
      0.008304397575557232,
      0.007145325187593699,
      0.006131586153060198,
      0.005246364045888186,
      0.004474281333386898,
      0.003801726503297687,
      0.003216729266569018,
      0.0027088588103652,
      0.002269068500027061,
      0.001889431965537369,
      0.001563034486025572,
      0.001283730962313712,
      0.001046071760356426,
      0.0008451419998891652,
      0.0006765066646039486,
      0.0005361245712265372,
      0.0004203184798825532,
      0.000325730157783255,
      0.0002493061765562743,
      0.0001882821961771697,
      0.0001401742338202894,
      0.0001027676844387315,
      7.411249680444598e-05,
      5.251029506325722e-05,
      3.650435246527195e-05,
      2.486383345967624e-05,
      1.656665153859649e-05,
      1.077942943084054e-05,
      6.836361535533797e-06,
      4.21709682996152e-06,
      2.524348701626877e-06,
      1.462551153963432e-06,
      8.178021744242869e-07,
      4.399057047521637e-07,
      2.268157004436944e-07,
      1.116391601385658e-07,
      1.000000011686097e-07,
      1.000000011686097e-07
    ],
    "RHO": [
      1.138635754585266,
      1.117811441421509,
      1.094138264656067,
      1.068727612495422,
      1.041397452354431,
      1.009857535362244,
      0.9779015779495239,
      0.9457477927207947,
      0.9135692715644836,
      0.8815049529075623,
      0.8496683239936829,
      0.8181531429290771,
      0.7870369553565979,
      0.7563841938972473,
      0.7262483239173889,
      0.696673572063446,
      0.6676968336105347,
      0.6393479704856873,
      0.6116516590118408,
      0.5846272706985474,
      0.5582906007766724,
      0.5326531529426575,
      0.5077238082885742,
      0.4835080802440643,
      0.4600095748901367,
      0.4372292160987854,
      0.4151664078235626,
      0.3938183188438416,
      0.373181164264679,
      0.3532493412494659,
      0.3340163826942444,
      0.3154747188091278,
      0.2976156771183014,
      0.2804299890995026,
      0.2639076113700867,
      0.2480378746986389,
      0.2328095585107803,
      0.2182112634181976,
      0.2042308300733566,
      0.1908559203147888,
      0.1780740171670914,
      0.1658722162246704,
      0.1542375385761261,
      0.1431568115949631,
      0.1326166987419128
    ],
    "RQCCUTEN": [
      0.0,
      0.0,
      0.0,
      0.0,
      0.0,
      0.0,
      0.0,
      6.843593691741034e-09,
      0.0,
      0.0,
      1.52002925801753e-08,
      2.853361280585887e-08,
      3.880173338188797e-08,
      4.909697892685472e-08,
      6.130421326133728e-08,
      7.537143886793274e-08,
      9.0802735996931e-08,
      0.0,
      0.0,
      0.0,
      0.0,
      0.0,
      0.0,
      0.0,
      0.0,
      0.0,
      0.0,
      0.0,
      0.0,
      0.0,
      0.0,
      0.0,
      0.0,
      0.0,
      0.0,
      0.0,
      0.0,
      0.0,
      0.0,
      0.0,
      0.0,
      0.0,
      0.0,
      0.0,
      0.0
    ],
    "RQICUTEN": [
      0.0,
      0.0,
      0.0,
      0.0,
      0.0,
      0.0,
      0.0,
      0.0,
      0.0,
      0.0,
      0.0,
      0.0,
      0.0,
      0.0,
      0.0,
      0.0,
      0.0,
      1.069901713890431e-07,
      1.231605608609243e-07,
      1.60413833327766e-07,
      1.913389695573642e-07,
      1.837885008626472e-07,
      1.776294737965145e-07,
      1.701893381778063e-07,
      1.603654737891702e-07,
      1.041627924864251e-13,
      0.0,
      0.0,
      0.0,
      0.0,
      0.0,
      0.0,
      0.0,
      0.0,
      0.0,
      0.0,
      0.0,
      0.0,
      0.0,
      0.0,
      0.0,
      0.0,
      0.0,
      0.0,
      0.0
    ],
    "RQVBLTEN": [
      7.999999773744548e-09,
      7.999999773744548e-09,
      7.999999773744548e-09,
      7.999999773744548e-09,
      7.999999773744548e-09,
      7.999999773744548e-09,
      0.0,
      0.0,
      0.0,
      0.0,
      0.0,
      0.0,
      0.0,
      0.0,
      0.0,
      0.0,
      0.0,
      0.0,
      0.0,
      0.0,
      0.0,
      0.0,
      0.0,
      0.0,
      0.0,
      0.0,
      0.0,
      0.0,
      0.0,
      0.0,
      0.0,
      0.0,
      0.0,
      0.0,
      0.0,
      0.0,
      0.0,
      0.0,
      0.0,
      0.0,
      0.0,
      0.0,
      0.0,
      0.0,
      0.0
    ],