{
  "metadata": {
    "scheme": "Kessler warm rain (mp_physics=1)",
    "case_label": "evaporation",
    "oracle_source": "/home/enric/src/wrf_pristine/WRF/phys/module_mp_kessler.F",
    "full_wrf_exe": false
  },
  "scalars": {
    "CASE": 4,
    "KX": 32,
    "DT": 90.0,
    "FULL_WRF_EXE": false,
    "RAINNC": 0.0416724681854248,
    "RAINNCV": 0.0143411522731185
  },
  "columns": {
    "THETA_IN": [
      291.1010437011719,
      291.1010437011719,
      292.346923828125,
      294.13671875,
      295.9790649414062,
      297.8631896972656,
      299.7820434570312,
      301.7307434082031,
      303.7056884765625,
      305.7040710449219,
      307.7236022949219,
      309.7625122070312,
      311.8192443847656,
      313.8925170898438,
      315.9812316894531,
      318.0843811035156,
      320.201171875,
      322.3308410644531,
      324.4727172851562,
      326.626220703125,
      328.790771484375,
      330.9659118652344,
      333.1512145996094,
      335.3462524414062,
      337.5506591796875,
      339.7640686035156,
      341.9861755371094,
      344.2167053222656,
      346.4553527832031,
      348.7018737792969,
      350.9559936523438,
      353.2175598144531
    ],
    "QV_IN": [
      0.005130213685333729,
      0.004391530994325876,
      0.003910723607987165,
      0.003541873535141349,
      0.003200718201696873,
      0.00288731069304049,
      0.002600434934720397,
      0.002338384976610541,
      0.002099271398037672,
      0.001881228177808225,
      0.00168245320674032,
      0.001501313876360655,
      0.001336308661848307,
      0.001186104491353035,
      0.001049505895934999,
      0.0009254426695406437,
      0.0008129699272103608,
      0.0007112273597158492,
      0.0006194406887516379,
      0.0005369004793465137,
      0.000462945579783991,
      0.0003969599201809615,
      0.0003383590083103627,
      0.0002865846327040344,
      0.0002410986926406622,
      0.000201381670194678,
      0.0001669315533945337,
      0.0001372627302771434,
      0.0001119064399972558,
      9.041238081408665e-05,
      7.234974327730015e-05,
      5.731156124966219e-05
    ],
    "QC_IN": [
      0.0,
      0.0,
      0.0,
      0.0,
      0.0,
      0.0,
      0.0,
      0.0,
      0.0,
      0.0,
      0.0,
      0.0,
      0.0,
      0.0,
      0.0,
      0.0,
      0.0,
      0.0,
      0.0,
      0.0,
      0.0,
      0.0,
      0.0,
      0.0,
      0.0,
      0.0,
      0.0,
      0.0,
      0.0,
      0.0,
      0.0,
      0.0
    ],
    "QR_IN": [
      7.787915819790214e-05,
      0.0001244359445990995,
      0.0001929575955728069,
      0.0002836489875335246,
      0.0003906364145223051,
      0.0005000735982321203,
      0.0005915921647101641,
      0.0006437331903725863,
      0.0006417824770323932,
      0.0005842642276547849,
      0.0004842705093324184,
      0.0003644837997853756,
      0.0002485092263668776,
      0.0001531554007669911,
      0.0,
      0.0,
      0.0,
      0.0,
      0.0,
      0.0,
      0.0,
      0.0,
      0.0,
      0.0,
      0.0,
      0.0,
      0.0,
      0.0,
      0.0,
      0.0,
      0.0,
      0.0
    ],
    "RHO": [
      1.129642844200134,
      1.102435946464539,
      1.068961977958679,
      1.033228874206543,
      0.9975575804710388,
      0.9622113108634949,
      0.9273574352264404,
      0.893108606338501,
      0.8595434427261353,
      0.8267170190811157,
      0.7946687340736389,
      0.7634250521659851,
      0.7330038547515869,
      0.7034156322479248,
      0.674665093421936,
      0.6467531323432922,
      0.6196763515472412,
      0.593428909778595,
      0.5680024027824402,
      0.5433868169784546,
      0.5195704102516174,
      0.4965402483940125,
      0.4742824137210846,
      0.4527821242809296,
      0.4320242702960968,
      0.4119929373264313,
      0.3926719427108765,
      0.3740450441837311,
      0.356095552444458,
      0.3388069570064545,
      0.3221625685691833,
      0.3061456680297852
    ],
    "PII": [
      0.9783353209495544,
      0.96866774559021,
      0.9583179950714111,
      0.9475994110107422,
      0.936634361743927,
      0.9254913330078125,
      0.9142149090766907,
      0.9028365015983582,
      0.8913794755935669,
      0.8798620700836182,
      0.8682986497879028,
      0.856701135635376,
      0.8450793623924255,
      0.8334415555000305,
      0.8217948079109192,
      0.8101450800895691,
      0.7984977960586548,
      0.7868574261665344,
      0.7752280831336975,
      0.7636133432388306,
      0.7520163059234619,
      0.7404398322105408,
      0.7288864254951477,
      0.7173583507537842,
      0.7058575749397278,
      0.6943859457969666,
      0.6829450726509094,
      0.671536386013031,
      0.6601613163948059,
      0.6488210558891296,
      0.6375165581703186,
      0.626248836517334
    ],
    "Z": [
      123.703857421875,
      414.2062072753906,
      726.5244750976562,
      1051.940307617188,
      1386.91552734375,
      1729.478759765625,
      2078.36083984375,
      2432.672607421875,
      2791.75341796875,
      3155.093505859375,
      3522.28515625,
      3892.995361328125,
      4266.947265625,
      4643.90576171875,
      5023.66943359375,
      5406.0634765625,
      5790.93408203125,
      6178.14501953125,
      6567.57666015625,
      6959.1201171875,
      7352.67724609375,
      7748.16015625,
      8145.48681640625,
      8544.583984375,
      8945.3828125,
      9347.822265625,
      9751.84375,
      10157.392578125,
      10564.4189453125,
      10972.8759765625,
      11382.720703125,
      11793.912109375
    ],
    "DZ8W": [
      247.40771484375,
      290.5023498535156,
      312.3182678222656,
      325.4158325195312,
      334.9752197265625,
      342.563232421875,
      348.882080078125,
      354.311767578125,
      359.080810546875,
      363.340087890625,
      367.191650390625,
      370.710205078125,
      373.951904296875,
      376.95849609375,
      379.763671875,
      382.39404296875,
      384.87060546875,
      387.2109375,
      389.431640625,
      391.54345703125,
      393.55712890625,
      395.48291015625,
      397.32666015625,
      399.09716796875,
      400.798828125,
      402.439453125,
      404.021484375,
      405.548828125,
      407.0263671875,
      408.45703125,
      409.8447265625,
      411.19140625
    ],
    "THETA_OUT": [
      290.8882141113281,
      290.8370056152344,
      292.0115661621094,
      293.7232666015625,
      295.5008239746094,
      297.3455505371094,
      299.25830078125,
      301.2351989746094,
      303.2667846679688,
      305.339599609375,
      307.4393615722656,
      309.5573120117188,
      311.6932373046875,
      313.8402404785156,
      315.9812316894531,
      318.0843811035156,
      320.201171875,
      322.3308410644531,
      324.4727172851562,
      326.626220703125,
      328.790771484375,
      330.9659118652344,
      333.1512145996094,
      335.3462524414062,
      337.5506591796875,
      339.7640686035156,
      341.9861755371094,
      344.2167053222656,
      346.4553527832031,
      348.7018737792969,
      350.9559936523438,
      353.2175598144531
    ],