{
  "metadata": {
    "scheme": "Kessler warm rain (mp_physics=1)",
    "case_label": "sedimentation_fall",
    "oracle_source": "/home/enric/src/wrf_pristine/WRF/phys/module_mp_kessler.F",
    "full_wrf_exe": false
  },
  "scalars": {
    "CASE": 5,
    "KX": 32,
    "DT": 90.0,
    "FULL_WRF_EXE": false,
    "RAINNC": 0.4236430525779724,
    "RAINNCV": 0.1757737100124359
  },
  "columns": {
    "THETA_IN": [
      298.0,
      298.0,
      298.0,
      298.2856750488281,
      300.1280212402344,
      302.0121459960938,
      303.9309692382812,
      305.8796997070312,
      307.8546447753906,
      309.85302734375,
      311.87255859375,
      313.9114685058594,
      315.9682006835938,
      318.0414733886719,
      320.1301879882812,
      322.2333374023438,
      324.3501281738281,
      326.4797973632812,
      328.6216735839844,
      330.775146484375,
      332.9397277832031,
      335.1148681640625,
      337.3001708984375,
      339.4952087402344,
      341.6996154785156,
      343.9130249023438,
      346.1351318359375,
      348.3656616210938,
      350.6043090820312,
      352.850830078125,
      355.10498046875,
      357.3665161132812
    ],
    "QV_IN": [
      0.01745864748954773,
      0.01516192965209484,
      0.01298475544899702,
      0.01112511567771435,
      0.01004909444600344,
      0.009066619910299778,
      0.008172910660505295,
      0.007361596450209618,
      0.006625656969845295,
      0.005958156660199165,
      0.005352460313588381,
      0.004802527371793985,
      0.004302836488932371,
      0.003848546650260687,
      0.003435314167290926,
      0.003059357637539506,
      0.00271737901493907,
      0.002406482351943851,
      0.002124128630384803,
      0.00186807313002646,
      0.00163634296040982,
      0.00142714218236506,
      0.001238848199136555,
      0.001069966005161405,
      0.0009191004792228341,
      0.0007849348476156592,
      0.0006662140949629247,
      0.000561737862881273,
      0.0004703410377260298,
      0.0003909019869752228,
      0.0003223333333153278,
      0.0002635857963468879
    ],
    "QC_IN": [
      0.0001883903896668926,
      0.00032358369207941,
      0.0004795032436959445,
      0.0005869901506230235,
      0.0005793995806016028,
      0.0004533125902526081,
      0.000277386512607336,
      0.0001312951790168881,
      4.761990931001492e-05,
      0.0,
      0.0,
      0.0,
      0.0,
      0.0,
      0.0,
      0.0,
      0.0,
      0.0,
      0.0,
      0.0,
      0.0,
      0.0,
      0.0,
      0.0,
      0.0,
      0.0,
      0.0,
      0.0,
      0.0,
      0.0,
      0.0,
      0.0
    ],
    "QR_IN": [
      0.0006005811155773699,
      0.0008501188131049275,
      0.001147573930211365,
      0.001446570386178792,
      0.001683930866420269,
      0.001796506578102708,
      0.001746334717608988,
      0.001539456425234675,
      0.00122578046284616,
      0.0008785261888988316,
      0.0005650104722008109,
      0.0003251733432989568,
      0.0001670453348197043,
      7.64200376579538e-05,
      3.106710573774762e-05,
      0.0,
      0.0,
      0.0,
      0.0,
      0.0,
      0.0,
      0.0,
      0.0,
      0.0,
      0.0,
      0.0,
      0.0,
      0.0,
      0.0,
      0.0,
      0.0,
      0.0
    ],
    "RHO": [
      1.1452876329422,
      1.120070934295654,
      1.093086004257202,
      1.064074873924255,
      1.028990507125854,
      0.9941153526306152,
      0.9596251845359802,
      0.925640881061554,
      0.8922500014305115,
      0.8595165014266968,
      0.8274877071380615,
      0.7961973547935486,
      0.7656700611114502,
      0.7359223365783691,
      0.7069644331932068,
      0.6788017153739929,
      0.6514354944229126,
      0.6248637437820435,
      0.5990815758705139,
      0.5740821957588196,
      0.5498568415641785,
      0.5263949632644653,
      0.503685474395752,
      0.4817156493663788,
      0.4604723453521729,
      0.4399416744709015,
      0.4201091825962067,
      0.4009601473808289,
      0.3824796676635742,
      0.3646523654460907,
      0.347462922334671,
      0.3308959603309631
    ],
    "PII": [
      0.995954155921936,
      0.9865782260894775,
      0.9764884114265442,
      0.9659745693206787,
      0.9552083015441895,
      0.9442614316940308,
      0.9331780076026917,
      0.9219891428947449,
      0.9107182621955872,
      0.8993834853172302,
      0.8879993557929993,
      0.8765777349472046,
      0.8651285171508789,
      0.8536602258682251,
      0.8421798944473267,
      0.830693781375885,
      0.8192071318626404,
      0.8077247738838196,
      0.7962507009506226,
      0.7847887277603149,
      0.773341953754425,
      0.7619134187698364,
      0.7505056262016296,
      0.7391209006309509,
      0.7277613878250122,
      0.7164289355278015,
      0.7051251530647278,
      0.6938517689704895,
      0.6826099753379822,
      0.6714012026786804,
      0.6602264046669006,
      0.6490867137908936
    ],
    "Z": [
      123.703857421875,
      414.2062072753906,
      726.5244750976562,
      1051.940307617188,
      1386.91552734375,
      1729.478759765625,
      2078.36083984375,
      2432.672607421875,
      2791.75341796875,
      3155.093505859375,
      3522.28515625,
      3892.995361328125,
      4266.947265625,
      4643.90576171875,
      5023.66943359375,
      5406.0634765625,
      5790.93408203125,
      6178.14501953125,
      6567.57666015625,
      6959.1201171875,
      7352.67724609375,
      7748.16015625,
      8145.48681640625,
      8544.583984375,
      8945.3828125,
      9347.822265625,
      9751.84375,
      10157.392578125,
      10564.4189453125,
      10972.8759765625,
      11382.720703125,
      11793.912109375
    ],
    "DZ8W": [
      247.40771484375,
      290.5023498535156,
      312.3182678222656,
      325.4158325195312,
      334.9752197265625,
      342.563232421875,
      348.882080078125,
      354.311767578125,
      359.080810546875,
      363.340087890625,
      367.191650390625,
      370.710205078125,
      373.951904296875,
      376.95849609375,
      379.763671875,
      382.39404296875,
      384.87060546875,
      387.2109375,
      389.431640625,
      391.54345703125,
      393.55712890625,
      395.48291015625,
      397.32666015625,
      399.09716796875,
      400.798828125,
      402.439453125,
      404.021484375,
      405.548828125,
      407.0263671875,
      408.45703125,
      409.8447265625,
      411.19140625
    ],
    "THETA_OUT": [
      297.4598083496094,
      297.2134704589844,
      297.1176452636719,
      297.3742370605469,
      298.8916015625,
      300.9079284667969,
      303.0694274902344,
      305.2647705078125,
      307.4306030273438,
      309.5872497558594,
      311.6766967773438,
      313.7770690917969,
      315.8825988769531,
      317.9923400878906,
      320.1080627441406,
      322.2333374023438,
      324.3501281738281,
      326.4797973632812,
      328.6216735839844,
      330.775146484375,
      332.9397277832031,
      335.1148681640625,
      337.3001708984375,
      339.4952087402344,
      341.6996154785156,
      343.9130249023438,
      346.1351318359375,
      348.3656616210938,
      350.6043090820312,
      352.850830078125,
      355.10498046875,
      357.3665161132812
    ],