{
  "metadata": {
    "scheme": "Kessler warm rain (mp_physics=1)",
    "case_label": "autoconversion",
    "oracle_source": "~/src/wrf_pristine/WRF/phys/module_mp_kessler.F",
    "full_wrf_exe": false
  },
  "scalars": {
    "CASE": 2,
    "KX": 32,
    "DT": 90.0,
    "FULL_WRF_EXE": false,
    "RAINNC": 0.0,
    "RAINNCV": 0.0
  },
  "columns": {
    "THETA_IN": [
      296.0,
      296.0,
      296.0,
      296.0,
      296.0,
      296.0,
      297.2526245117188,
      298.8470153808594,
      300.462890625,
      302.0979309082031,
      303.7502746582031,
      305.4184875488281,
      307.1012573242188,
      308.7975769042969,
      310.5065002441406,
      312.227294921875,
      313.9591979980469,
      315.70166015625,
      317.4541015625,
      319.2160339355469,
      320.987060546875,
      322.7667236328125,
      324.5546875,
      326.3506164550781,
      328.1542358398438,
      329.9652099609375,
      331.7832946777344,
      333.6082763671875,
      335.4398803710938,
      337.2779541015625,
      339.1222534179688,
      340.9725952148438
    ],
    "QV_IN": [
      0.01658154278993607,
      0.01437096297740936,
      0.01227884087711573,
      0.01037993654608727,
      0.00869168434292078,
      0.007212379481643438,
      0.006273104809224606,
      0.005519695114344358,
      0.004847338888794184,
      0.004248055629432201,
      0.003714388702064753,
      0.003239596961066127,
      0.002817559754475951,
      0.002442858414724469,
      0.002110652392730117,
      0.001816662610508502,
      0.001557055627927184,
      0.001328431186266243,
      0.001127726049162447,
      0.0009521763422526419,
      0.0007992764003574848,
      0.0006667330744676292,
      0.0005524401785805821,
      0.0004544607072602957,
      0.0003710016026161611,
      0.0003004017635248601,
      0.000241129455389455,
      0.0001917699119076133,
      0.0001510223082732409,
      0.0001176973091787659,
      9.071418025996536e-05,
      6.909822695888579e-05
    ],
    "QC_IN": [
      0.0003454271936789155,
      0.0007154540508054197,
      0.001270445296540856,
      0.001836210605688393,
      0.002099601551890373,
      0.001862004050053656,
      0.001261182595044374,
      0.0006442402373068035,
      0.0002455393259879202,
      6.916942948009819e-05,
      0.0,
      0.0,
      0.0,
      0.0,
      0.0,
      0.0,
      0.0,
      0.0,
      0.0,
      0.0,
      0.0,
      0.0,
      0.0,
      0.0,
      0.0,
      0.0,
      0.0,
      0.0,
      0.0,
      0.0,
      0.0,
      0.0
    ],
    "QR_IN": [
      0.0,
      0.0,
      0.0,
      0.0,
      0.0,
      0.0,
      0.0,
      0.0,
      0.0,
      0.0,
      0.0,
      0.0,
      0.0,
      0.0,
      0.0,
      0.0,
      0.0,
      0.0,
      0.0,
      0.0,
      0.0,
      0.0,
      0.0,
      0.0,
      0.0,
      0.0,
      0.0,
      0.0,
      0.0,
      0.0,
      0.0,
      0.0
    ],
    "RHO": [
      1.153555870056152,
      1.127903938293457,
      1.100467324256897,
      1.072071552276611,
      1.043084383010864,
      1.01373291015625,
      0.9799537658691406,
      0.9454691410064697,
      0.9115211963653564,
      0.8781793713569641,
      0.8454963564872742,
      0.8135112524032593,
      0.7822536826133728,
      0.75174480676651,
      0.7219998240470886,
      0.6930283308029175,
      0.6648358702659607,
      0.6374245882034302,
      0.61079341173172,
      0.5849391222000122,
      0.5598560571670532,
      0.5355374217033386,
      0.5119746923446655,
      0.4891577959060669,
      0.467076301574707,
      0.4457186460494995,
      0.4250724017620087,
      0.4051249921321869,
      0.3858630061149597,
      0.3672729134559631,
      0.3493406772613525,
      0.3320523500442505
    ],
    "PII": [
      0.9959268569946289,
      0.9864829778671265,
      0.9763204455375671,
      0.9657214283943176,
      0.9548009634017944,
      0.943623960018158,
      0.932280421257019,
      0.9208168983459473,
      0.9092577695846558,
      0.8976215124130249,
      0.8859230279922485,
      0.8741745352745056,
      0.862386167049408,
      0.850566565990448,
      0.8387231826782227,
      0.8268623948097229,
      0.8149898052215576,
      0.8031104207038879,
      0.7912285327911377,
      0.7793480157852173,
      0.7674723267555237,
      0.75560462474823,
      0.7437476515769958,
      0.7319039702415466,
      0.7200759053230286,
      0.7082654237747192,
      0.6964744329452515,
      0.6847047209739685,
      0.6729578375816345,
      0.6612350940704346,
      0.6495379209518433,
      0.6378674507141113
    ],
    "Z": [
      123.703857421875,
      414.2062072753906,
      726.5244750976562,
      1051.940307617188,
      1386.91552734375,
      1729.478759765625,
      2078.36083984375,
      2432.672607421875,
      2791.75341796875,
      3155.093505859375,
      3522.28515625,
      3892.995361328125,
      4266.947265625,
      4643.90576171875,
      5023.66943359375,
      5406.0634765625,
      5790.93408203125,
      6178.14501953125,
      6567.57666015625,
      6959.1201171875,
      7352.67724609375,
      7748.16015625,
      8145.48681640625,
      8544.583984375,
      8945.3828125,
      9347.822265625,
      9751.84375,
      10157.392578125,
      10564.4189453125,
      10972.8759765625,
      11382.720703125,
      11793.912109375
    ],
    "DZ8W": [
      247.40771484375,
      290.5023498535156,
      312.3182678222656,
      325.4158325195312,
      334.9752197265625,
      342.563232421875,
      348.882080078125,
      354.311767578125,
      359.080810546875,
      363.340087890625,
      367.191650390625,
      370.710205078125,
      373.951904296875,
      376.95849609375,
      379.763671875,
      382.39404296875,
      384.87060546875,
      387.2109375,
      389.431640625,
      391.54345703125,
      393.55712890625,
      395.48291015625,
      397.32666015625,
      399.09716796875,
      400.798828125,
      402.439453125,
      404.021484375,
      405.548828125,
      407.0263671875,
      408.45703125,
      409.8447265625,
      411.19140625
    ],
    "THETA_OUT": [
      295.8843078613281,
      295.8893432617188,
      295.8950500488281,
      295.9013061523438,
      295.9080505371094,
      295.9151611328125,
      296.9496765136719,
      298.3136291503906,
      299.7904663085938,
      301.9060668945312,
      303.7502746582031,
      305.4184875488281,
      307.1012573242188,
      308.7975769042969,
      310.5065002441406,
      312.227294921875,
      313.9591979980469,
      315.70166015625,
      317.4541015625,
      319.2160339355469,
      320.987060546875,
      322.7667236328125,
      324.5546875,
      326.3506164550781,
      328.1542358398438,
      329.9652099609375,
      331.7832946777344,
      333.6082763671875,
      335.4398803710938,
      337.2779541015625,
      339.1222534179688,
      340.9725952148438
    ],
    "QV_OUT": [
      0.01662781089544296,
      0.01441480219364166,
      0.01231999043375254,
      0.01041821204125881,
      0.008726945146918297,
      0.007244525942951441,
      0.006386526394635439,
      0.005716940388083458,
      0.005092878360301256,
      0.004317224957048893,
      0.003714388702064753,
      0.003239596961066127,
      0.002817559754475951,
      0.002442858414724469,
      0.002110652392730117,
      0.001816662610508502,
      0.001557055627927184,
      0.001328431186266243,
      0.001127726049162447,
      0.0009521763422526419,
      0.0007992764003574848,
      0.0006667330744676292,
      0.0005524401785805821,
      0.0004544607072602957,
      0.0003710016026161611,
      0.0003004017635248601,
      0.000241129455389455,
      0.0001917699119076133,
      0.0001510223082732409,
      0.0001176973091787659,
      9.071418025996536e-05,
      6.909822695888579e-05
    ],