{
  "metadata": {
    "scheme": "Kessler warm rain (mp_physics=1)",
    "case_label": "accretion",
    "oracle_source": "~/src/wrf_pristine/WRF/phys/module_mp_kessler.F",
    "full_wrf_exe": false
  },
  "scalars": {
    "CASE": 3,
    "KX": 32,
    "DT": 90.0,
    "FULL_WRF_EXE": false,
    "RAINNC": 0.07457245886325836,
    "RAINNCV": 0.03379616886377335
  },
  "columns": {
    "THETA_IN": [
      293.6903686523438,
      293.6903686523438,
      293.6903686523438,
      293.6903686523438,
      293.6903686523438,
      294.3377685546875,
      296.0821838378906,
      297.8537292480469,
      299.6491394042969,
      301.4658508300781,
      303.3017883300781,
      305.1553344726562,
      307.0251159667969,
      308.909912109375,
      310.8087158203125,
      312.7206726074219,
      314.6450500488281,
      316.5810852050781,
      318.5282592773438,
      320.4859619140625,
      322.4537658691406,
      324.4311828613281,
      326.4177856445312,
      328.4132995605469,
      330.4172973632812,
      332.4294738769531,
      334.4495849609375,
      336.4773254394531,
      338.512451171875,
      340.5547485351562,
      342.6039733886719,
      344.659912109375
    ],
    "QV_IN": [
      0.01299400720745325,
      0.01121024694293737,
      0.00952903088182211,
      0.00801010336726904,
      0.006666580680757761,
      0.005663593765348196,
      0.005035273265093565,
      0.004468930885195732,
      0.003959237597882748,
      0.003500968217849731,
      0.003089194884523749,
      0.002719441195949912,
      0.002387630986049771,
      0.002090132096782327,
      0.001823701546527445,
      0.001585466088727117,
      0.001372860977426171,
      0.001183580374345183,
      0.001015553832985461,
      0.0008669034577906132,
      0.0007359131122939289,
      0.0006209934945218265,
      0.0005206759669817984,
      0.0004335888370405883,
      0.0003584434161894023,
      0.0002940276172012091,
      0.0002392041205894202,
      0.0001929023565026,
      0.0001541206147521734,
      0.0001219244077219628,
      9.544778004055843e-05,
      7.389360689558089e-05
    ],
    "QC_IN": [
      0.0001816109579522163,
      0.0003441211010795087,
      0.0005855317576788366,
      0.0008581906440667808,
      0.001059487578459084,
      0.001084864372387528,
      0.0009104604832828045,
      0.000620207516476512,
      0.0003401149297133088,
      0.0001490761787863448,
      0.0,
      0.0,
      0.0,
      0.0,
      0.0,
      0.0,
      0.0,
      0.0,
      0.0,
      0.0,
      0.0,
      0.0,
      0.0,
      0.0,
      0.0,
      0.0,
      0.0,
      0.0,
      0.0,
      0.0,
      0.0,
      0.0
    ],
    "QR_IN": [
      0.0001159401872428134,
      0.0002031228214036673,
      0.000332039431668818,
      0.0004900502972304821,
      0.0006418153643608093,
      0.0007372061954811215,
      0.0007360140443779528,
      0.0006340828840620816,
      0.0004684954765252769,
      0.0002952926442958415,
      0.0001580307434778661,
      7.150444434955716e-05,
      2.724909791140817e-05,
      0.0,
      0.0,
      0.0,
      0.0,
      0.0,
      0.0,
      0.0,
      0.0,
      0.0,
      0.0,
      0.0,
      0.0,
      0.0,
      0.0,
      0.0,
      0.0,
      0.0,
      0.0,
      0.0
    ],
    "RHO": [
      1.148290276527405,
      1.122043251991272,
      1.094030737876892,
      1.065099954605103,
      1.035623908042908,
      1.00358259677887,
      0.9679856896400452,
      0.9329258799552917,
      0.8984917402267456,
      0.8647471070289612,
      0.8317393064498901,
      0.7995021343231201,
      0.7680599689483643,
      0.737429141998291,
      0.7076200246810913,
      0.678637683391571,
      0.6504833102226257,
      0.6231549382209778,
      0.5966477394104004,
      0.5709548592567444,
      0.54606693983078,
      0.5219740271568298,
      0.498664379119873,
      0.4761253595352173,
      0.4543434381484985,
      0.4333044588565826,
      0.4129937291145325,
      0.3933962285518646,
      0.3744964897632599,
      0.3562788367271423,
      0.3387274742126465,
      0.3218264877796173
    ],
    "PII": [
      0.9901394248008728,
      0.9806013107299805,
      0.9703401923179626,
      0.9596409201622009,
      0.9486198425292969,
      0.937366783618927,
      0.9259685277938843,
      0.9144589304924011,
      0.9028617739677429,
      0.8911955952644348,
      0.8794752359390259,
      0.8677127957344055,
      0.8559184074401855,
      0.8441006541252136,
      0.8322668075561523,
      0.8204231858253479,
      0.8085753321647644,
      0.7967281341552734,
      0.7848856449127197,
      0.7730517983436584,
      0.7612298727035522,
      0.7494228482246399,
      0.737633466720581,
      0.7258641123771667,
      0.7141170501708984,
      0.7023941278457642,
      0.6906971335411072,
      0.6790277361869812,
      0.6673873662948608,
      0.6557773351669312,
      0.6441988945007324,
      0.632652997970581
    ],
    "Z": [
      123.703857421875,
      414.2062072753906,
      726.5244750976562,
      1051.940307617188,
      1386.91552734375,
      1729.478759765625,
      2078.36083984375,
      2432.672607421875,
      2791.75341796875,
      3155.093505859375,
      3522.28515625,
      3892.995361328125,
      4266.947265625,
      4643.90576171875,
      5023.66943359375,
      5406.0634765625,
      5790.93408203125,
      6178.14501953125,
      6567.57666015625,
      6959.1201171875,
      7352.67724609375,
      7748.16015625,
      8145.48681640625,
      8544.583984375,
      8945.3828125,
      9347.822265625,
      9751.84375,
      10157.392578125,
      10564.4189453125,
      10972.8759765625,
      11382.720703125,
      11793.912109375
    ],
    "DZ8W": [
      247.40771484375,
      290.5023498535156,
      312.3182678222656,
      325.4158325195312,
      334.9752197265625,
      342.563232421875,
      348.882080078125,
      354.311767578125,
      359.080810546875,
      363.340087890625,
      367.191650390625,
      370.710205078125,
      373.951904296875,
      376.95849609375,
      379.763671875,
      382.39404296875,
      384.87060546875,
      387.2109375,
      389.431640625,
      391.54345703125,
      393.55712890625,
      395.48291015625,
      397.32666015625,
      399.09716796875,
      400.798828125,
      402.439453125,
      404.021484375,
      405.548828125,
      407.0263671875,
      408.45703125,
      409.8447265625,
      411.19140625
    ],
    "THETA_OUT": [
      293.47705078125,
      293.4878845214844,
      293.5000610351562,
      293.5132141113281,
      293.5271606445312,
      294.082275390625,
      295.5889892578125,
      297.1668701171875,
      298.8269348144531,
      301.0592346191406,
      303.2721862792969,
      305.137939453125,
      307.0172424316406,
      308.909912109375,
      310.8087158203125,
      312.7206726074219,
      314.6450500488281,
      316.5810852050781,
      318.5282592773438,
      320.4859619140625,
      322.4537658691406,
      324.4311828613281,
      326.4177856445312,
      328.4132995605469,
      330.4172973632812,
      332.4294738769531,
      334.4495849609375,
      336.4773254394531,
      338.512451171875,
      340.5547485351562,
      342.6039733886719,
      344.659912109375
    ],