{
  "scalars": {
    "CASE": 1,
    "KX": 40,
    "DT": 54.0,
    "DX": 9000.0,
    "STEPCU": 5,
    "TRIGGER": 1,
    "RAINCV": 0.0935361236333847,
    "PRATEC": 0.001732150441966951,
    "NCA": 3618.0,
    "CUTOP": 32.0,
    "CUBOT": 3.0,
    "SHALL": 0.0,
    "TIMEC": 3618.0
  },
  "columns": {
    "T": [
      298.8926086425781,
      295.9937744140625,
      292.6904296875,
      289.6326599121094,
      287.3807067871094,
      285.0132751464844,
      282.5426635742188,
      279.9774475097656,
      277.3240661621094,
      274.5873107910156,
      271.7712097167969,
      268.8788146972656,
      265.9127807617188,
      262.875244140625,
      259.76806640625,
      256.5928344726562,
      253.3509826660156,
      250.0436248779297,
      246.6719207763672,
      243.2367401123047,
      239.739013671875,
      236.1793975830078,
      232.5587310791016,
      228.8775329589844,
      225.1364440917969,
      221.3359985351562,
      217.4766845703125,
      213.5589904785156,
      209.5833587646484,
      205.5501861572266,
      201.4599151611328,
      197.3128967285156,
      193.1095733642578,
      188.8502502441406,
      184.5353393554688,
      180.1652221679688,
      175.7402496337891,
      171.2608032226562,
      166.7272796630859,
      162.1400451660156
    ],
    "QV": [
      0.01899378187954426,
      0.01644093915820122,
      0.01389680337160826,
      0.01169905066490173,
      0.01001876592636108,
      0.008542465046048164,
      0.00725702615454793,
      0.006143898237496614,
      0.005183279048651457,
      0.00435610581189394,
      0.003645116463303566,
      0.003035041270777583,
      0.002512667560949922,
      0.002066646469756961,
      0.001687232404947281,
      0.001366021460853517,
      0.001095701241865754,
      0.000869836425408721,
      0.0006827138131484389,
      0.000529194250702858,
      0.0004046401882078499,
      0.0003048351500183344,
      0.0002259677712572739,
      0.0001645903830649331,
      0.0001176228252006695,
      8.233846892835572e-05,
      5.635955312754959e-05,
      3.764800931094214e-05,
      2.449034946039319e-05,
      1.547725150885526e-05,
      9.477450475969817e-06,
      5.606636932498077e-06,
      3.193661768818856e-06,
      1.745103531902714e-06,
      9.999999974752427e-07,
      9.999999974752427e-07,
      9.999999974752427e-07,
      9.999999974752427e-07,
      9.999999974752427e-07,
      9.999999974752427e-07
    ],
    "P": [
      98713.9921875,
      95403.5546875,
      91728.7421875,
      87889.046875,
      83985.96875,
      80073.5703125,
      76187.71875,
      72354.0703125,
      68591.640625,
      64914.77734375,
      61334.37890625,
      57858.70703125,
      54493.96875,
      51244.6796875,
      48114.015625,
      45104.0234375,
      42215.80859375,
      39449.70703125,
      36805.37890625,
      34281.9375,
      31878.009765625,
      29591.826171875,
      27421.2890625,
      25363.9921875,
      23417.302734375,
      21578.392578125,
      19844.251953125,
      18211.7578125,
      16677.66796875,
      15238.654296875,
      13891.34375,
      12632.2998046875,
      11458.078125,
      10365.20703125,
      9350.2265625,
      8409.689453125,
      7540.16259765625,
      6738.25439453125,
      6000.6083984375,
      5323.912109375
    ],
    "DZ": [
      227.2029266357422,
      301.7225036621094,
      343.5479125976562,
      369.8827514648438,
      389.65869140625,
      405.6849365234375,
      419.2508544921875,
      431.06640625,
      441.566162109375,
      451.03662109375,
      459.678955078125,
      467.63818359375,
      475.0234375,
      481.92041015625,
      488.39453125,
      494.4990234375,
      500.279296875,
      505.76953125,
      511.00146484375,
      515.99951171875,
      520.787109375,
      525.3818359375,
      529.798828125,
      534.056640625,
      538.1640625,
      542.1328125,
      545.9755859375,
      549.6962890625,
      553.306640625,
      556.814453125,
      560.220703125,
      563.5390625,
      566.767578125,
      569.9169921875,
      572.98828125,
      575.984375,
      578.9140625,
      581.775390625,
      584.57421875,
      587.31640625
    ],
    "RHO": [
      1.137614369392395,
      1.111937522888184,
      1.082831621170044,
      1.04984974861145,
      1.012114882469177,
      0.973850667476654,
      0.9354207515716553,
      0.8970955610275269,
      0.8590832352638245,
      0.8215472102165222,
      0.7846161127090454,
      0.7483927011489868,
      0.7129586935043335,
      0.678378164768219,
      0.6447014808654785,
      0.6119674444198608,
      0.580204963684082,
      0.5494352579116821,
      0.519672155380249,
      0.4909243583679199,
      0.4631949067115784,
      0.4364830255508423,
      0.4107841551303864,
      0.386090487241745,
      0.3623915910720825,
      0.3396748602390289,
      0.3179254233837128,
      0.2971270382404327,
      0.277261883020401,
      0.2583109140396118,
      0.2402543276548386,
      0.2230712175369263,
      0.2067403644323349,
      0.1912396997213364,
      0.176547035574913,
      0.1626398116350174,
      0.1494952291250229,
      0.1370904594659805,
      0.125402569770813,
      0.1144085451960564
    ],
    "U": [
      0.0,
      0.0,
      0.0,
      0.0,
      0.0,
      0.0,
      0.0,
      0.0,
      0.0,
      0.0,
      0.0,
      0.0,
      0.0,
      0.0,
      0.0,
      0.0,
      0.0,
      0.0,
      0.0,
      0.0,
      0.0,
      0.0,
      0.0,
      0.0,
      0.0,
      0.0,
      0.0,
      0.0,
      0.0,
      0.0,
      0.0,
      0.0,
      0.0,
      0.0,
      0.0,
      0.0,
      0.0,
      0.0,
      0.0,
      0.0
    ],
    "V": [
      0.0,
      0.0,
      0.0,
      0.0,
      0.0,
      0.0,
      0.0,
      0.0,
      0.0,
      0.0,
      0.0,
      0.0,
      0.0,
      0.0,
      0.0,
      0.0,
      0.0,
      0.0,
      0.0,
      0.0,
      0.0,
      0.0,
      0.0,
      0.0,
      0.0,
      0.0,
      0.0,
      0.0,
      0.0,
      0.0,
      0.0,
      0.0,
      0.0,
      0.0,
      0.0,
      0.0,
      0.0,
      0.0,
      0.0,
      0.0
    ],
    "W0AVG": [
      0.1088557243347168,
      0.1815195381641388,
      0.2776684463024139,
      0.3653115630149841,
      0.3975622057914734,
      0.3475862443447113,
      0.2383628338575363,
      0.1256022155284882,
      0.04993846639990807,
      0.01473773829638958,
      0.003180386032909155,
      0.0004949754220433533,
      5.484871144290082e-05,
      4.275741503079189e-06,
      2.318501657327943e-07,
      8.651944050086513e-09,
      2.199488785548098e-10,
      3.772503576887631e-12,
      4.325284298474855e-14,
      3.285664625201073e-16,
      1.639633894685008e-18,
      5.330953269602302e-21,
      1.120362109041956e-23,
      1.510236146669926e-26,
      1.29608374595111e-29,
      7.030301104481933e-33,
      2.393352487768738e-36,
      5.078726024252435e-40,
      6.726232628759122e-44,
      0.0,
      0.0,
      0.0,
      0.0,
      0.0,
      0.0,
      0.0,
      0.0,
      0.0,
      0.0,
      0.005442786030471325
    ],