{
  "scalars": {
    "CASE": 1,
    "KX": 40,
    "DT": 60.0,
    "RAINNCV": 0.01826425828039646,
    "SNOWNCV": 0.0,
    "GRAUPELNCV": 0.0,
    "SR": 0.0
  },
  "columns": {
    "TH_IN": [
      298.0,
      298.0,
      298.0,
      298.0,
      298.0,
      298.6684265136719,
      300.3985595703125,
      302.1692199707031,
      303.9757385253906,
      305.8145141601562,
      307.6825866699219,
      309.5775756835938,
      311.4974975585938,
      313.4406127929688,
      315.4054565429688,
      317.3907470703125,
      319.3953247070312,
      321.4182739257812,
      323.4585876464844,
      325.5155334472656,
      327.58837890625,
      329.6764526367188,
      331.7791748046875,
      333.8959350585938,
      336.0262451171875,
      338.169677734375,
      340.3257446289062,
      342.4940490722656,
      344.6741943359375,
      346.8658752441406,
      349.0687255859375,
      351.2824401855469,
      353.5067138671875,
      355.7412719726562,
      357.9858703613281,
      360.2402648925781,
      362.5042114257812,
      364.7774353027344,
      367.059814453125,
      369.35107421875
    ],
    "QV_IN": [
      0.01955926232039928,
      0.01722573488950729,
      0.01490730606019497,
      0.01273665577173233,
      0.01076093968003988,
      0.009148984216153622,
      0.007937286049127579,
      0.006866940297186375,
      0.005926696117967367,
      0.005104322917759418,
      0.004387416411191225,
      0.003764060558751225,
      0.003223129315301776,
      0.002754427492618561,
      0.002348806010559201,
      0.001998150954023004,
      0.001695290906354785,
      0.001433984725736082,
      0.001208793022669852,
      0.00101501343306154,
      0.0008485715952701867,
      0.0007059436175040901,
      0.0005840779631398618,
      0.0004803170741070062,
      0.0003923436161130667,
      0.0003181270731147379,
      0.0002558750275056809,
      0.0002040028775809333,
      0.0001610997569514439,
      0.0001259098353330046,
      9.731198224471882e-05,
      7.430711411871016e-05,
      5.600774602498859e-05,
      4.162790355621837e-05,
      3.047731661354192e-05,
      2.195493289036676e-05,
      1.554223672428634e-05,
      1.079791672964348e-05,
      7.351762633334147e-06,
      4.897531653114129e-06
    ],
    "QC_IN": [
      0.0003401165886316448,
      0.0006364174769259989,
      0.001046171179041266,
      0.001406337018124759,
      0.001482671010307968,
      0.001189181115478277,
      0.0007081596995703876,
      0.0003067590296268463,
      9.495286940364167e-05,
      0.0,
      0.0,
      0.0,
      0.0,
      0.0,
      0.0,
      0.0,
      0.0,
      0.0,
      0.0,
      0.0,
      0.0,
      0.0,
      0.0,
      0.0,
      0.0,
      0.0,
      0.0,
      0.0,
      0.0,
      0.0,
      0.0,
      0.0,
      0.0,
      0.0,
      0.0,
      0.0,
      0.0,
      0.0,
      0.0,
      0.0
    ],
    "QR_IN": [
      0.0001290995278395712,
      0.0002049184695351869,
      0.0003062252944801003,
      0.0004118334909435362,
      0.000485896336613223,
      0.0004938329802826047,
      0.0004261545836925507,
      0.0003085136122535914,
      0.000185429904377088,
      9.16809294722043e-05,
      3.697973079397343e-05,
      1.207646346301772e-05,
      0.0,
      0.0,
      0.0,
      0.0,
      0.0,
      0.0,
      0.0,
      0.0,
      0.0,
      0.0,
      0.0,
      0.0,
      0.0,
      0.0,
      0.0,
      0.0,
      0.0,
      0.0,
      0.0,
      0.0,
      0.0,
      0.0,
      0.0,
      0.0,
      0.0,
      0.0,
      0.0,
      0.0
    ],
    "QI_IN": [
      0.0,
      0.0,
      0.0,
      0.0,
      0.0,
      0.0,
      0.0,
      0.0,
      0.0,
      0.0,
      0.0,
      0.0,
      0.0,
      0.0,
      0.0,
      0.0,
      0.0,
      0.0,
      0.0,
      0.0,
      0.0,
      0.0,
      0.0,
      0.0,
      0.0,
      0.0,
      0.0,
      0.0,
      0.0,
      0.0,
      0.0,
      0.0,
      0.0,
      0.0,
      0.0,
      0.0,
      0.0,
      0.0,
      0.0,
      0.0
    ],
    "QS_IN": [
      0.0,
      0.0,
      0.0,
      0.0,
      0.0,
      0.0,
      0.0,
      0.0,
      0.0,
      0.0,
      0.0,
      0.0,
      0.0,
      0.0,
      0.0,
      0.0,
      0.0,
      0.0,
      0.0,
      0.0,
      0.0,
      0.0,
      0.0,
      0.0,
      0.0,
      0.0,
      0.0,
      0.0,
      0.0,
      0.0,
      0.0,
      0.0,
      0.0,
      0.0,
      0.0,
      0.0,
      0.0,
      0.0,
      0.0,
      0.0
    ],
    "QG_IN": [
      0.0,
      0.0,
      0.0,
      0.0,
      0.0,
      0.0,
      0.0,
      0.0,
      0.0,
      0.0,
      0.0,
      0.0,
      0.0,
      0.0,
      0.0,
      0.0,
      0.0,
      0.0,
      0.0,
      0.0,
      0.0,
      0.0,
      0.0,
      0.0,
      0.0,
      0.0,
      0.0,
      0.0,
      0.0,
      0.0,
      0.0,
      0.0,
      0.0,
      0.0,
      0.0,
      0.0,
      0.0,
      0.0,
      0.0,
      0.0
    ],
    "NI_IN": [
      0.0,
      0.0,
      0.0,
      0.0,
      0.0,
      0.0,
      0.0,
      0.0,
      0.0,
      0.0,
      0.0,
      0.0,
      0.0,
      0.0,
      0.0,
      0.0,
      0.0,
      0.0,
      0.0,
      0.0,
      0.0,
      0.0,
      0.0,
      0.0,
      0.0,
      0.0,
      0.0,
      0.0,
      0.0,
      0.0,
      0.0,
      0.0,
      0.0,
      0.0,
      0.0,
      0.0,
      0.0,
      0.0,
      0.0,
      0.0
    ],
    "NS_IN": [
      0.0,
      0.0,
      0.0,
      0.0,
      0.0,
      0.0,
      0.0,
      0.0,
      0.0,
      0.0,
      0.0,
      0.0,
      0.0,
      0.0,
      0.0,
      0.0,
      0.0,
      0.0,
      0.0,
      0.0,
      0.0,
      0.0,
      0.0,
      0.0,
      0.0,
      0.0,
      0.0,
      0.0,
      0.0,
      0.0,
      0.0,
      0.0,
      0.0,
      0.0,
      0.0,
      0.0,
      0.0,
      0.0,
      0.0,
      0.0
    ],
    "NR_IN": [
      25819.90625,
      40983.6953125,
      61245.05859375,
      82366.6953125,
      97179.265625,
      98766.59375,
      85230.9140625,
      61702.72265625,
      37085.98046875,
      18336.185546875,
      7395.9462890625,
      2415.292724609375,
      0.0,
      0.0,
      0.0,
      0.0,
      0.0,
      0.0,
      0.0,
      0.0,
      0.0,
      0.0,
      0.0,
      0.0,
      0.0,
      0.0,
      0.0,
      0.0,
      0.0,
      0.0,
      0.0,
      0.0,
      0.0,
      0.0,
      0.0,
      0.0,
      0.0,
      0.0,
      0.0,
      0.0
    ],
    "NG_IN": [
      0.0,
      0.0,
      0.0,
      0.0,
      0.0,
      0.0,
      0.0,
      0.0,
      0.0,
      0.0,
      0.0,
      0.0,
      0.0,
      0.0,
      0.0,
      0.0,
      0.0,
      0.0,
      0.0,
      0.0,
      0.0,
      0.0,
      0.0,
      0.0,
      0.0,
      0.0,
      0.0,
      0.0,
      0.0,
      0.0,
      0.0,
      0.0,
      0.0,
      0.0,
      0.0,
      0.0,
      0.0,
      0.0,
      0.0,
      0.0
    ],
    "PII": [
      0.9966089725494385,
      0.9881273508071899,
      0.9786670207977295,
      0.9685954451560974,
      0.9580662846565247,
      0.9471914172172546,
      0.9360700845718384,
      0.9247485995292664,
      0.913260817527771,
      0.9016335606575012,
      0.8898885846138,
      0.8780438899993896,
      0.866114616394043,
      0.8541136980056763,
      0.8420523405075073,
      0.8299404382705688,
      0.8177863359451294,
      0.8055977821350098,
      0.7933814525604248,
      0.7811433672904968,
      0.7688890099525452,
      0.7566231489181519,
      0.7443503737449646,
      0.7320745587348938,
      0.7197993397712708,
      0.7075280547142029,
      0.6952638030052185,
      0.6830093860626221,
      0.6707673668861389,
      0.6585400104522705,
      0.6463295817375183,
      0.6341379880905151,
      0.6219671964645386,
      0.6098188757896423,
      0.5976945161819458,
      0.5855957269668579,
      0.573523759841919,
      0.561479926109314,
      0.5494654774665833,
      0.5374813675880432
    ],