{
  "scalars": {
    "CASE": 2,
    "REGIME": "strong_unstable_land",
    "KX": 32,
    "ITIMESTEP": 2,
    "DT": 60.0,
    "STEPBL": 1,
    "HT": 0.0,
    "TSK": 310.6882934570312,
    "XLAND": 1.0,
    "USTAR": 0.3677322864532471,
    "ZNT": 0.07999999821186066,
    "AKHS": 0.02447674982249737,
    "AKMS": 0.02715085819363594,
    "CHKLOWQ": 1.0,
    "ELFLX": 8.218454360961914,
    "THZ0": 309.9817810058594,
    "QZ0": 0.01527785789221525,
    "UZ0": 0.0,
    "VZ0": 0.0,
    "QSFC": 0.01527785789221525,
    "CT": 0.0,
    "PBLH": 1031.656494140625,
    "KPBL": 5,
    "MIXHT": 1664.6494140625
  },
  "columns": {
    "U": [
      4.200957775115967,
      4.656280517578125,
      5.190018653869629,
      5.76635217666626,
      6.374078273773193,
      7.007071018218994,
      7.661382675170898,
      8.334226608276367,
      9.023521423339844,
      9.727643966674805,
      10.44528770446777,
      11.17538070678711,
      11.91702270507812,
      12.66944789886475,
      13.43199157714844,
      14.20407676696777,
      14.98519420623779,
      15.77488994598389,
      16.57276153564453,
      17.37844085693359,
      18.19159698486328,
      19.01193237304688,
      19.83917045593262,
      20.67305755615234,
      21.51336097717285,
      22.35986137390137,
      23.21236419677734,
      24.07068061828613,
      24.93463706970215,
      25.80406761169434,
      26.6788215637207,
      27.55875587463379
    ],
    "V": [
      1.050239443778992,
      1.164070129394531,
      1.297504663467407,
      1.441588044166565,
      1.593519568443298,
      1.751767754554749,
      1.915345668792725,
      2.083556652069092,
      2.255880355834961,
      2.431910991668701,
      2.611321926116943,
      2.793845176696777,
      2.979255676269531,
      3.167361974716187,
      3.357997894287109,
      3.551019191741943,
      3.746298551559448,
      3.943722486495972,
      4.143190383911133,
      4.344610214233398,
      4.54789924621582,
      4.752983093261719,
      4.959792613983154,
      5.168264389038086,
      5.378340244293213,
      5.589965343475342,
      5.803091049194336,
      6.017670154571533,
      6.233659267425537,
      6.451016902923584,
      6.669705390930176,
      6.889688968658447
    ],
    "T": [
      301.7432861328125,
      299.5954895019531,
      297.0755004882812,
      294.3523254394531,
      291.4786071777344,
      288.8408508300781,
      286.8601989746094,
      284.8085632324219,
      282.6913452148438,
      280.5127258300781,
      278.2760314941406,
      275.9839782714844,
      273.6388244628906,
      271.2423706054688,
      268.7962951660156,
      266.3020324707031,
      263.7607116699219,
      261.1733703613281,
      258.541015625,
      255.8643951416016,
      253.1443023681641,
      250.38134765625,
      247.576171875,
      244.7293090820312,
      241.8412322998047,
      238.9124450683594,
      235.9432830810547,
      232.9342041015625,
      229.885498046875,
      226.7975616455078,
      223.6706390380859,
      220.5050811767578
    ],
    "TH": [
      302.0200805664062,
      302.0656433105469,
      302.1189880371094,
      302.1766357421875,
      302.2373962402344,
      302.6734313964844,
      303.9166259765625,
      305.1950378417969,
      306.5046997070312,
      307.842529296875,
      309.2060546875,
      310.5932312011719,
      312.0023498535156,
      313.4319458007812,
      314.8807678222656,
      316.3477478027344,
      317.8318786621094,
      319.332275390625,
      320.8482360839844,
      322.3790283203125,
      323.9240417480469,
      325.482666015625,
      327.0544128417969,
      328.6387939453125,
      330.2353820800781,
      331.84375,
      333.4635009765625,
      335.0942993164062,
      336.7358093261719,
      338.3877258300781,
      340.0497436523438,
      341.7216186523438
    ],
    "QV": [
      0.01539346482604742,
      0.01410290692001581,
      0.0127271693199873,
      0.01139193493872881,
      0.01013541035354137,
      0.008973770774900913,
      0.00791276153177023,
      0.006952377501875162,
      0.006089262198656797,
      0.005318114999681711,
      0.004632563795894384,
      0.004025736823678017,
      0.003490637755021453,
      0.003020394127815962,
      0.002608419163152575,
      0.002248506993055344,
      0.001934892265126109,
      0.001662274589762092,
      0.001425824826583266,
      0.001221173093654215,
      0.001044392469339073,
      0.000891971227247268,
      0.000760784256272018,
      0.0006480624433606863,
      0.000551361299585551,
      0.0004685305757448077,
      0.0003976844309363514,
      0.0003371736675035208,
      0.0002855600323528051,
      0.0002415930212009698,
      0.0002041862608166412,
      0.0001723995083011687
    ],
    "QC": [
      0.0,
      0.0,
      0.0,
      0.0,
      0.0,
      0.0,
      0.0,
      0.0,
      0.0,
      0.0,
      0.0,
      0.0,
      0.0,
      0.0,
      0.0,
      0.0,
      0.0,
      0.0,
      0.0,
      0.0,
      0.0,
      0.0,
      0.0,
      0.0,
      0.0,
      0.0,
      0.0,
      0.0,
      0.0,
      0.0,
      0.0,
      0.0
    ],
    "PMID": [
      99679.59375,
      97167.0078125,
      94278.1015625,
      91226.921875,
      88085.5625,
      84897.53125,
      81696.8828125,
      78508.109375,
      75346.625,
      72224.375,
      69150.8203125,
      66133.515625,
      63178.5078125,
      60290.65234375,
      57473.828125,
      54731.09375,
      52064.8125,
      49476.765625,
      46968.234375,
      44540.0546875,
      42192.7109375,
      39926.33203125,
      37740.78125,
      35635.67578125,
      33610.3984375,
      31664.158203125,
      29795.98046875,
      28004.75390625,
      26289.23828125,
      24648.0859375,
      23079.84765625,
      21582.9921875
    ],
    "PINT": [
      100800.0,
      98559.1796875,
      95774.8359375,
      92781.3671875,
      89672.484375,
      86498.640625,
      83296.4140625,
      80097.3515625,
      76918.875,
      73774.375,
      70674.375,
      67627.265625,
      64639.76171875,
      61717.25,
      58864.0546875,
      56083.60546875,
      53378.5859375,
      50751.04296875,
      48202.4921875,
      45733.97265625,
      43346.13671875,
      41039.28125,
      38813.3828125,
      36668.18359375,
      34603.16796875,
      32617.6328125,
      30710.68359375,
      28881.275390625,
      27128.23046875,
      25450.248046875,
      23845.923828125,
      22313.771484375,
      20852.2109375
    ],
    "DZ": [
      200.9575653076172,
      254.3655548095703,
      279.3724365234375,
      296.9609375,
      310.7650146484375,
      322.2279052734375,
      332.08349609375,
      340.760986328125,
      348.53369140625,
      355.587890625,
      362.05615234375,
      368.037109375,
      373.605224609375,
      378.8193359375,
      383.724609375,
      388.3603515625,
      392.7568359375,
      396.939453125,
      400.9306640625,
      404.7490234375,
      408.40869140625,
      411.9267578125,
      415.31103515625,
      418.57568359375,
      421.7265625,
      424.775390625,
      427.7275390625,
      430.5888671875,
      433.3662109375,
      436.0654296875,
      438.6884765625,
      441.2451171875
    ],