{
  "scalars": {
    "CASE": 5,
    "REGIME": "neutral_land",
    "KX": 32,
    "ITIMESTEP": 2,
    "DT": 60.0,
    "STEPBL": 1,
    "HT": 0.0,
    "TSK": 296.5,
    "XLAND": 1.0,
    "USTAR": 0.2684586644172668,
    "ZNT": 0.07999999821186066,
    "AKHS": 0.01416931673884392,
    "AKMS": 0.01624336466193199,
    "CHKLOWQ": 1.0,
    "ELFLX": 1.818265676498413,
    "THZ0": 296.5,
    "QZ0": 0.008569103665649891,
    "UZ0": 0.0,
    "VZ0": 0.0,
    "QSFC": 0.008569103665649891,
    "CT": 0.0,
    "PBLH": 200.9575653076172,
    "KPBL": 2,
    "MIXHT": 200.9575653076172
  },
  "columns": {
    "U": [
      4.25119686126709,
      4.820350646972656,
      5.487523078918457,
      6.207940101623535,
      6.967597484588623,
      7.758838653564453,
      8.576727867126465,
      9.417783737182617,
      10.2794017791748,
      11.15955352783203,
      12.05660915374756,
      12.96922492980957,
      13.89627742767334,
      14.8368091583252,
      15.78998851776123,
      16.75509452819824,
      17.73149108886719,
      18.71861267089844,
      19.71595001220703,
      20.72304916381836,
      21.7394962310791,
      22.76491546630859,
      23.7989616394043,
      24.8413200378418,
      25.89169883728027,
      26.94982528686523,
      28.01545333862305,
      29.08834838867188,
      30.16829490661621,
      31.25508308410645,
      32.34852600097656,
      33.44844055175781
    ],
    "V": [
      1.062799215316772,
      1.205087661743164,
      1.371880769729614,
      1.551985025405884,
      1.741899371147156,
      1.939709663391113,
      2.144181966781616,
      2.354445934295654,
      2.569850444793701,
      2.789888381958008,
      3.01415228843689,
      3.242306232452393,
      3.474069356918335,
      3.709202289581299,
      3.947497129440308,
      4.188773632049561,
      4.432872772216797,
      4.679653167724609,
      4.928987503051758,
      5.18076229095459,
      5.434874057769775,
      5.691228866577148,
      5.949740409851074,
      6.210330009460449,
      6.472924709320068,
      6.737456321716309,
      7.003863334655762,
      7.272087097167969,
      7.542073726654053,
      7.813770771026611,
      8.08713150024414,
      8.362110137939453
    ],
    "T": [
      295.1315307617188,
      293.1561279296875,
      290.8371276855469,
      288.4920349121094,
      286.4314880371094,
      284.2749938964844,
      282.0349426269531,
      279.7200927734375,
      277.3367919921875,
      274.8900451660156,
      272.3838195800781,
      269.8213195800781,
      267.2052001953125,
      264.5377197265625,
      261.8208618164062,
      259.0561828613281,
      256.2451782226562,
      253.3890686035156,
      250.4890594482422,
      247.5460815429688,
      244.56103515625,
      241.5347290039062,
      238.4679412841797,
      235.3612365722656,
      232.2152862548828,
      229.0306701660156,
      225.8078308105469,
      222.5472717285156,
      219.2494506835938,
      215.9147796630859,
      212.5436248779297,
      209.1363983154297
    ],
    "TH": [
      296.1004638671875,
      296.3281555175781,
      296.5950012207031,
      297.0495300292969,
      297.9610900878906,
      298.9105834960938,
      299.8920593261719,
      300.9013366699219,
      301.9352722167969,
      302.991455078125,
      304.0679321289062,
      305.1630554199219,
      306.2755126953125,
      307.4041442871094,
      308.5479736328125,
      309.7061157226562,
      310.8777770996094,
      312.0623168945312,
      313.2591247558594,
      314.4676513671875,
      315.6873779296875,
      316.9178771972656,
      318.1587524414062,
      319.4095764160156,
      320.6700134277344,
      321.9397888183594,
      323.2185363769531,
      324.5060119628906,
      325.8019409179688,
      327.1060791015625,
      328.418212890625,
      329.7381286621094
    ],
    "QV": [
      0.008598195388913155,
      0.007752922363579273,
      0.006867263931781054,
      0.006024176720529795,
      0.005247024819254875,
      0.004543962422758341,
      0.003916083835065365,
      0.003360779955983162,
      0.002873454941436648,
      0.002448529005050659,
      0.002080038655549288,
      0.001762011786922812,
      0.001488697016611695,
      0.001254698843695223,
      0.001055052154697478,
      0.0008852513274177909,
      0.0007412551203742623,
      0.0006194727029651403,
      0.0005167371709831059,
      0.0004302753368392587,
      0.0003576721646822989,
      0.0002968352055177093,
      0.0002459599054418504,
      0.0002034965000348166,
      0.0001681187859503552,
      0.0001386959629599005,
      0.0001142665423685685,
      9.401568968314677e-05,
      7.725469913566485e-05,
      6.340293475659564e-05,
      5.197186328587122e-05,
      4.255160092725419e-05
    ],
    "QC": [
      0.0,
      0.0,
      0.0,
      0.0,
      0.0,
      0.0,
      0.0,
      0.0,
      0.0,
      0.0,
      0.0,
      0.0,
      0.0,
      0.0,
      0.0,
      0.0,
      0.0,
      0.0,
      0.0,
      0.0,
      0.0,
      0.0,
      0.0,
      0.0,
      0.0,
      0.0,
      0.0,
      0.0,
      0.0,
      0.0,
      0.0,
      0.0
    ],
    "PMID": [
      98859.34375,
      96303.3125,
      93368.6484375,
      90274.96875,
      87099.21875,
      83886.25,
      80664.59375,
      77454.8125,
      74272.4453125,
      71129.578125,
      68035.796875,
      64998.76171875,
      62024.640625,
      59118.40625,
      56284.0546875,
      53524.75390625,
      50842.984375,
      48240.6328125,
      45719.09375,
      43279.3046875,
      40921.83984375,
      38646.9296875,
      36454.5234375,
      34344.29296875,
      32315.705078125,
      30368.017578125,
      28500.30859375,
      26711.5078125,
      25000.404296875,
      23365.6640625,
      21805.8515625,
      20319.4375
    ],
    "PINT": [
      100000.0,
      97718.6875,
      94887.9375,
      91849.359375,
      88700.5859375,
      85497.859375,
      82274.6484375,
      79054.5390625,
      75855.0859375,
      72689.8046875,
      69569.359375,
      66502.2421875,
      63495.28125,
      60553.99609375,
      57682.81640625,
      54885.29296875,
      52164.21484375,
      49521.75,
      46959.51953125,
      44478.66796875,
      42079.94140625,
      39763.73828125,
      37530.125,
      35378.91796875,
      33309.66796875,
      31321.7421875,
      29414.29296875,
      27586.32421875,
      25836.69140625,
      24164.1171875,
      22567.2109375,
      21044.494140625,
      19594.37890625
    ],
    "DZ": [
      200.9575653076172,
      254.3655548095703,
      279.3724365234375,
      296.9609375,
      310.7650146484375,
      322.2279052734375,
      332.08349609375,
      340.760986328125,
      348.53369140625,
      355.587890625,
      362.05615234375,
      368.037109375,
      373.605224609375,
      378.8193359375,
      383.724609375,
      388.3603515625,
      392.7568359375,
      396.939453125,
      400.9306640625,
      404.7490234375,
      408.40869140625,
      411.9267578125,
      415.31103515625,
      418.57568359375,
      421.7265625,
      424.775390625,
      427.7275390625,
      430.5888671875,
      433.3662109375,
      436.0654296875,
      438.6884765625,
      441.2451171875
    ],