{
  "scalars": {
    "CASE": 6,
    "REGIME": "unstable_marine",
    "KX": 32,
    "ITIMESTEP": 2,
    "IVGTYP": 16,
    "HT": 0.0,
    "MAVAIL": 1.0,
    "TSK": 296.8341674804688,
    "XLAND": 2.0,
    "Z0BASE": 0.001500000013038516,
    "USTAR": 0.1455799490213394,
    "ZNT": 4.043704393552616e-05,
    "AKHS": 0.007148500066250563,
    "AKMS": 0.006173393223434687,
    "RMOL": -0.06462129950523376,
    "RIB": -0.6819742918014526,
    "CHS": 0.007148500066250563,
    "CHS2": 0.008517943322658539,
    "CQS2": 0.008517943322658539,
    "HFX": 18.33312606811523,
    "QFX": 1.287826648876944e-06,
    "FLX_LH": 3.219566583633423,
    "FLHC": 8.52669620513916,
    "FLQC": 0.008488497696816921,
    "QGH": 0.0143086789175868,
    "CPM": 1015.895812988281,
    "CT": 0.0,
    "QSFC": 0.01797531545162201,
    "THZ0": 295.2505493164062,
    "QZ0": 0.01433269307017326,
    "UZ0": 0.9582997560501099,
    "VZ0": 0.2395749390125275,
    "PBLH": 1031.656494140625,
    "U10": 3.770768165588379,
    "V10": 0.9426920413970947,
    "T02": 294.2815551757812,
    "TH02": 293.4461364746094,
    "TSHLTR": 293.4461364746094,
    "TH10": 293.2688293457031,
    "Q02": 0.01441007107496262,
    "QSHLTR": 0.01420537009835243,
    "Q10": 0.01419285871088505,
    "PSHLTR": 100976.4609375,
    "U10E": 3.770768165588379,
    "V10E": 0.9426920413970947
  },
  "columns": {
    "U": [
      4.150718212127686,
      4.492210388183594,
      4.892514228820801,
      5.324764251708984,
      5.780558586120605,
      6.255303382873535,
      6.746036529541016,
      7.250669956207275,
      7.767641067504883,
      8.295732498168945,
      8.833965301513672,
      9.381535530090332,
      9.937767028808594,
      10.50208568572998,
      11.07399368286133,
      11.65305709838867,
      12.23889541625977,
      12.83116722106934,
      13.42957019805908,
      14.03382968902588,
      14.64369869232178,
      15.25894927978516,
      15.8793773651123,
      16.50479125976562,
      17.13501930236816,
      17.7698974609375,
      18.40927124023438,
      19.05300903320312,
      19.70097732543945,
      20.35305023193359,
      21.00911521911621,
      21.66906547546387
    ],
    "V": [
      1.037679553031921,
      1.123052597045898,
      1.2231285572052,
      1.331191062927246,
      1.445139646530151,
      1.563825845718384,
      1.686509132385254,
      1.812667489051819,
      1.941910266876221,
      2.073933124542236,
      2.208491325378418,
      2.345383882522583,
      2.484441757202148,
      2.625521421432495,
      2.768498420715332,
      2.913264274597168,
      3.059723854064941,
      3.207791805267334,
      3.357392549514771,
      3.50845742225647,
      3.660924673080444,
      3.814737319946289,
      3.969844341278076,
      4.126197814941406,
      4.283754825592041,
      4.442474365234375,
      4.602317810058594,
      4.763252258300781,
      4.925244331359863,
      5.088262557983398,
      5.252278804779053,
      5.417266368865967
    ],
    "T": [
      292.9693603515625,
      291.0020446777344,
      288.6917419433594,
      286.8856811523438,
      284.9821166992188,
      282.9866943359375,
      280.9105529785156,
      278.7616271972656,
      276.545654296875,
      274.2672119140625,
      271.9298400878906,
      269.536376953125,
      267.0893249511719,
      264.5906372070312,
      262.0421142578125,
      259.4452209472656,
      256.8012084960938,
      254.1112823486328,
      251.3763885498047,
      248.5974426269531,
      245.7752532958984,
      242.9105529785156,
      240.0039672851562,
      237.0560607910156,
      234.0673980712891,
      231.0384674072266,
      227.9697113037109,
      224.8615570068359,
      221.7144012451172,
      218.528564453125,
      215.3044128417969,
      212.0422821044922
    ],
    "TH": [
      293.1004638671875,
      293.3281555175781,
      293.5950012207031,
      294.5911254882812,
      295.6546325683594,
      296.7623901367188,
      297.9074401855469,
      299.0848999023438,
      300.2911682128906,
      301.5233764648438,
      302.7792663574219,
      304.0569152832031,
      305.3547973632812,
      306.6715393066406,
      308.0059814453125,
      309.3571472167969,
      310.7240905761719,
      312.1060791015625,
      313.5023498535156,
      314.9122619628906,
      316.3352966308594,
      317.7708740234375,
      319.2185668945312,
      320.6778564453125,
      322.1483764648438,
      323.6297607421875,
      325.1216430664062,
      326.6236877441406,
      328.1356201171875,
      329.6571350097656,
      331.1879272460938,
      332.7278137207031
    ],
    "QV": [
      0.01438497193157673,
      0.01308314874768257,
      0.01170632801949978,
      0.01038186065852642,
      0.009147224947810173,
      0.008017103187739849,
      0.006995465606451035,
      0.006080496124923229,
      0.00526711717247963,
      0.004548470955342054,
      0.003916827496141195,
      0.003364163218066096,
      0.00288253603503108,
      0.00246431864798069,
      0.002102342201396823,
      0.001789973699487746,
      0.001521152560599148,
      0.001290394691750407,
      0.001092780381441116,
      0.0009239246719516814,
      0.000779944472014904,
      0.0006574176368303597,
      0.0005533431540243328,
      0.000465099816210568,
      0.0003904066688846797,
      0.0003272859612479806,
      0.0002740277850534767,
      0.0002291584678459913,
      0.0001914110034704208,
      0.0001596991205587983,
      0.0001330934028374031,
      0.000110800530819688
    ],
    "QC": [
      0.0,
      0.0,
      0.0,
      0.0,
      0.0,
      0.0,
      0.0,
      0.0,
      0.0,
      0.0,
      0.0,
      0.0,
      0.0,
      0.0,
      0.0,
      0.0,
      0.0,
      0.0,
      0.0,
      0.0,
      0.0,
      0.0,
      0.0,
      0.0,
      0.0,
      0.0,
      0.0,
      0.0,
      0.0,
      0.0,
      0.0,
      0.0
    ],
    "PMID": [
      99843.546875,
      97251.859375,
      94275.71875,
      91140.671875,
      87925.59375,
      84673.9921875,
      81414.828125,
      78169.015625,
      74952.3125,
      71776.984375,
      68652.6875,
      65587.15625,
      62586.5859375,
      59655.9296875,
      56799.14453125,
      54019.3359375,
      51318.91015625,
      48699.6640625,
      46162.8828125,
      43709.390625,
      41339.65234375,
      39053.7734375,
      36851.5703125,
      34732.6015625,
      32696.2109375,
      30741.53125,
      28867.5234375,
      27073.0,
      25356.646484375,
      23717.021484375,
      22152.59375,
      20661.736328125
    ],
    "PINT": [
      101000.0,
      98687.1015625,
      95816.6171875,
      92734.8203125,
      89546.515625,
      86304.6796875,
      83043.3046875,
      79786.359375,
      76551.671875,
      73352.9609375,
      70201.0,
      67104.375,
      64069.9453125,
      61103.2265625,
      58208.6328125,
      55389.65625,
      52649.01953125,
      49988.80078125,
      47410.52734375,
      44915.234375,
      42503.55078125,
      40175.75390625,
      37931.7890625,
      35771.34765625,
      33693.859375,
      31698.564453125,
      29784.498046875,
      27950.546875,
      26195.455078125,
      24517.837890625,
      22916.205078125,
      21388.98046875,
      19934.4921875
    ],