{
  "scalars": {
    "CASE": 3,
    "REGIME": "stable_nocturnal_land",
    "KX": 32,
    "ITIMESTEP": 2,
    "IVGTYP": 10,
    "HT": 0.0,
    "MAVAIL": 0.4000000059604645,
    "TSK": 283.4092712402344,
    "XLAND": 1.0,
    "Z0BASE": 0.05000000074505806,
    "USTAR": 0.167470246553421,
    "ZNT": 0.05000000074505806,
    "AKHS": 0.003079727524891496,
    "AKMS": 0.00591128459200263,
    "RMOL": 0.04502243176102638,
    "RIB": 0.7618234157562256,
    "CHS": 0.003079727524891496,
    "CHS2": 0.004596060141921043,
    "CQS2": 0.004596060141921043,
    "HFX": -18.61910247802734,
    "QFX": 4.682642185116492e-08,
    "FLX_LH": 0.1170660555362701,
    "FLHC": 3.724502325057983,
    "FLQC": 0.001483126892708242,
    "QGH": 0.01030229590833187,
    "CPM": 1009.002807617188,
    "CT": 0.0,
    "QSFC": 0.005634791683405638,
    "THZ0": 283.0057067871094,
    "QZ0": 0.005634791683405638,
    "UZ0": 0.0,
    "VZ0": 0.0,
    "PBLH": 455.3231201171875,
    "U10": 2.980504035949707,
    "V10": 0.7451260089874268,
    "T02": 286.7638244628906,
    "TH02": 286.3554992675781,
    "TSHLTR": 286.3554992675781,
    "TH10": 287.0837097167969,
    "Q02": 0.005645325873047113,
    "QSHLTR": 0.005613635294139385,
    "Q10": 0.005609036423265934,
    "PSHLTR": 100476.125,
    "U10E": 3.260406255722046,
    "V10E": 0.8151015639305115
  },
  "columns": {
    "U": [
      4.602872848510742,
      5.968842029571533,
      7.570055961608887,
      9.299056053161621,
      11.12223434448242,
      13.02121257781982,
      14.98414707183838,
      17.0026798248291,
      19.07056427001953,
      21.18292999267578,
      23.33586120605469,
      25.52614212036133,
      27.75106811523438,
      30.00834274291992,
      32.29597473144531,
      34.61222839355469,
      36.95558166503906,
      39.32466888427734,
      41.71828079223633,
      44.13531875610352,
      46.57479476928711,
      49.03579711914062,
      51.51750946044922,
      54.01916885375977,
      56.54007720947266,
      59.07958602905273,
      61.63708877563477,
      64.2120361328125,
      66.80390930175781,
      69.41220092773438,
      72.03646087646484,
      74.67626190185547
    ],
    "V": [
      1.150718212127686,
      1.492210507392883,
      1.892513990402222,
      2.324764013290405,
      2.780558586120605,
      3.255303144454956,
      3.746036767959595,
      4.250669956207275,
      4.767641067504883,
      5.295732498168945,
      5.833965301513672,
      6.381535530090332,
      6.937767028808594,
      7.50208568572998,
      8.073993682861328,
      8.653057098388672,
      9.238895416259766,
      9.831167221069336,
      10.42957019805908,
      11.03382968902588,
      11.64369869232178,
      12.25894927978516,
      12.8793773651123,
      13.50479221343994,
      14.13501930236816,
      14.76989650726318,
      15.40927219390869,
      16.05300903320312,
      16.70097732543945,
      17.35305023193359,
      18.00911521911621,
      18.66906547546387
    ],
    "T": [
      287.4450073242188,
      286.7955017089844,
      285.7884826660156,
      284.6844482421875,
      283.5018615722656,
      282.2502136230469,
      280.9353637695312,
      279.561279296875,
      278.1306762695312,
      276.6456604003906,
      275.1077880859375,
      273.5182495117188,
      271.8780517578125,
      270.1879272460938,
      268.4485473632812,
      266.6604309082031,
      264.8240051269531,
      262.9396362304688,
      261.0075988769531,
      259.0282592773438,
      257.0017395019531,
      254.9283294677734,
      252.8081359863281,
      250.6413726806641,
      248.4281616210938,
      246.1686859130859,
      243.8630218505859,
      241.5112915039062,
      239.1136322021484,
      236.6701812744141,
      234.1809844970703,
      231.6461791992188
    ],
    "TH": [
      288.0047912597656,
      289.56884765625,
      291.1700439453125,
      292.8990478515625,
      294.7222290039062,
      296.6212158203125,
      298.5841369628906,
      300.6026916503906,
      302.6705627441406,
      304.7829284667969,
      306.9358520507812,
      309.1261291503906,
      311.35107421875,
      313.6083374023438,
      315.8959655761719,
      318.2122192382812,
      320.5555725097656,
      322.9246826171875,
      325.3182678222656,
      327.7353210449219,
      330.1748046875,
      332.6358032226562,
      335.1175231933594,
      337.6191711425781,
      340.1400756835938,
      342.6795959472656,
      345.2370910644531,
      347.8120422363281,
      350.4039001464844,
      353.01220703125,
      355.636474609375,
      358.2762451171875
    ],
    "QV": [
      0.005634791683405638,
      0.004887455143034458,
      0.004136618226766586,
      0.003454833989962935,
      0.002857251325622201,
      0.002344447653740644,
      0.001910906052216887,
      0.001548541709780693,
      0.001248457818292081,
      0.001001872704364359,
      0.0008006007992662489,
      0.0006372794741764665,
      0.0005054479697719216,
      0.0003995394508820027,
      0.0003148251271340996,
      0.0002473343047313392,
      0.0001937641645781696,
      0.0001513903844170272,
      0.0001179814353235997,
      9.17211000341922e-05,
      7.113935134839267e-05,
      5.505242370418273e-05,
      4.251148857292719e-05,
      3.275923154433258e-05,
      2.519360168662388e-05,
      1.93377272807993e-05,
      1.481516665080562e-05,
      1.13296946437913e-05,
      9.999999747378752e-06,
      9.999999747378752e-06,
      9.999999747378752e-06,
      9.999999747378752e-06
    ],
    "QC": [
      0.0,
      0.0,
      0.0,
      0.0,
      0.0,
      0.0,
      0.0,
      0.0,
      0.0,
      0.0,
      0.0,
      0.0,
      0.0,
      0.0,
      0.0,
      0.0,
      0.0,
      0.0,
      0.0,
      0.0,
      0.0,
      0.0,
      0.0,
      0.0,
      0.0,
      0.0,
      0.0,
      0.0,
      0.0,
      0.0,
      0.0,
      0.0
    ],
    "PMID": [
      99321.3671875,
      96687.8125,
      93679.1875,
      90523.28125,
      87297.234375,
      84045.0625,
      80795.8125,
      77570.140625,
      74383.3125,
      71246.953125,
      68170.015625,
      65159.3984375,
      62220.46875,
      59357.31640625,
      56573.0390625,
      53869.88671875,
      51249.4296875,
      48712.6640625,
      46260.09765625,
      43891.8203125,
      41607.59375,
      39406.859375,
      37288.828125,
      35252.4921875,
      33296.66015625,
      31419.98828125,
      29621.00390625,
      27898.123046875,
      26249.6796875,
      24673.93359375,
      23169.078125,
      21733.26171875
    ],
    "PINT": [
      100500.0,
      98142.734375,
      95232.890625,
      92125.4921875,
      88921.0703125,
      85673.3984375,
      82416.7265625,
      79174.90625,
      75965.3671875,
      72801.2578125,
      69692.65625,
      66647.3671875,
      63671.4296875,
      60769.50390625,
      57945.12890625,
      55200.9453125,
      52538.828125,
      49960.03515625,
      47465.296875,
      45054.8984375,
      42728.74609375,
      40486.4375,
      38327.28125,
      36250.375,
      34254.609375,
      32338.712890625,
      30501.265625,
      28740.740234375,
      27055.505859375,
      25443.85546875,
      23904.009765625,
      22434.14453125,
      21032.37890625
    ],