{
  "scalars": {
    "CASE": 1,
    "REGIME": "unstable_daytime_land",
    "KX": 32,
    "ITIMESTEP": 2,
    "IVGTYP": 10,
    "HT": 0.0,
    "MAVAIL": 0.6000000238418579,
    "TSK": 305.0,
    "XLAND": 1.0,
    "Z0BASE": 0.1000000014901161,
    "USTAR": 0.358218640089035,
    "ZNT": 0.1000000014901161,
    "AKHS": 0.02321799099445343,
    "AKMS": 0.0269963052123785,
    "RMOL": -0.03571340441703796,
    "RIB": -0.9050396680831909,
    "CHS": 0.02321799099445343,
    "CHS2": 0.03045106120407581,
    "CQS2": 0.03045106120407581,
    "HFX": 133.52685546875,
    "QFX": 2.844161826942582e-06,
    "FLX_LH": 7.110404491424561,
    "FLHC": 26.86738967895508,
    "FLQC": 0.01604821719229221,
    "QGH": 0.02147525176405907,
    "CPM": 1015.127075195312,
    "CT": 0.0,
    "QSFC": 0.01340155676007271,
    "THZ0": 305.0,
    "QZ0": 0.01340155676007271,
    "UZ0": 0.0,
    "VZ0": 0.0,
    "PBLH": 1342.421508789062,
    "U10": 3.244460344314575,
    "V10": 0.8111150860786438,
    "T02": 301.2106323242188,
    "TH02": 301.2106323242188,
    "TSHLTR": 301.2106323242188,
    "TH10": 300.4936218261719,
    "Q02": 0.01344479247927666,
    "QSHLTR": 0.01326642744243145,
    "Q10": 0.01324085798114538,
    "PSHLTR": 99977.171875,
    "U10E": 3.808879137039185,
    "V10E": 0.9522197842597961
  },
  "columns": {
    "U": [
      4.150718212127686,
      4.492210388183594,
      4.892514228820801,
      5.324764251708984,
      5.780558586120605,
      6.255303382873535,
      6.746036529541016,
      7.250669956207275,
      7.767641067504883,
      8.295732498168945,
      8.833965301513672,
      9.381535530090332,
      9.937767028808594,
      10.50208568572998,
      11.07399368286133,
      11.65305709838867,
      12.23889541625977,
      12.83116722106934,
      13.42957019805908,
      14.03382968902588,
      14.64369869232178,
      15.25894927978516,
      15.8793773651123,
      16.50479125976562,
      17.13501930236816,
      17.7698974609375,
      18.40927124023438,
      19.05300903320312,
      19.70097732543945,
      20.35305023193359,
      21.00911521911621,
      21.66906547546387
    ],
    "V": [
      1.037679553031921,
      1.123052597045898,
      1.2231285572052,
      1.331191062927246,
      1.445139646530151,
      1.563825845718384,
      1.686509132385254,
      1.812667489051819,
      1.941910266876221,
      2.073933124542236,
      2.208491325378418,
      2.345383882522583,
      2.484441757202148,
      2.625521421432495,
      2.768498420715332,
      2.913264274597168,
      3.059723854064941,
      3.207791805267334,
      3.357392549514771,
      3.50845742225647,
      3.660924673080444,
      3.814737319946289,
      3.969844341278076,
      4.126197814941406,
      4.283754825592041,
      4.442474365234375,
      4.602317810058594,
      4.763252258300781,
      4.925244331359863,
      5.088262557983398,
      5.252278804779053,
      5.417266368865967
    ],
    "T": [
      299.0639038085938,
      296.9360961914062,
      294.4393920898438,
      291.7411499023438,
      289.2470092773438,
      287.5505065917969,
      285.7803039550781,
      283.9427185058594,
      282.0423889160156,
      280.082763671875,
      278.0666809082031,
      275.9963989257812,
      273.873779296875,
      271.7003173828125,
      269.4773864746094,
      267.2060852050781,
      264.8873596191406,
      262.5220642089844,
      260.1109313964844,
      257.6546325683594,
      255.1537322998047,
      252.6087188720703,
      250.0200958251953,
      247.3882293701172,
      244.7135772705078,
      241.9964141845703,
      239.2370910644531,
      236.4358978271484,
      233.5930938720703,
      230.7089691162109,
      227.7837219238281,
      224.8175964355469
    ],
    "TH": [
      300.0301513671875,
      300.0984497070312,
      300.1784973144531,
      300.2649536132812,
      300.7216491699219,
      302.1459045410156,
      303.6181030273438,
      305.1319885253906,
      306.6829223632812,
      308.2671813964844,
      309.8818969726562,
      311.5245971679688,
      313.1932983398438,
      314.88623046875,
      316.6019592285156,
      318.3391723632812,
      320.0966796875,
      321.8734741210938,
      323.668701171875,
      325.4814758300781,
      327.3110961914062,
      329.1568298339844,
      331.0181274414062,
      332.8943481445312,
      334.7850341796875,
      336.6896667480469,
      338.6077880859375,
      340.5390014648438,
      342.48291015625,
      344.4391479492188,
      346.4073181152344,
      348.3871765136719
    ],
    "QV": [
      0.01340155676007271,
      0.01213856600224972,
      0.01080876868218184,
      0.009535939432680607,
      0.008355778641998768,
      0.007281568832695484,
      0.006316117476671934,
      0.005456645041704178,
      0.004697298165410757,
      0.004030609503388405,
      0.003448391798883677,
      0.002942301332950592,
      0.002504190430045128,
      0.002126324689015746,
      0.001801508711650968,
      0.001523148966953158,
      0.001285273698158562,
      0.001082527684047818,
      0.0009101451141759753,
      0.0007639147224836051,
      0.000640137295704335,
      0.0005355793982744217,
      0.0004474275920074433,
      0.000373245042283088,
      0.0003109277749899775,
      0.000258666230365634,
      0.0002149083593394607,
      0.0001783274638000876,
      0.0001477918558521196,
      0.0001223392609972507,
      0.0001011530257528648,
      8.354159217560664e-05
    ],
    "QC": [
      0.0,
      0.0,
      0.0,
      0.0,
      0.0,
      0.0,
      0.0,
      0.0,
      0.0,
      0.0,
      0.0,
      0.0,
      0.0,
      0.0,
      0.0,
      0.0,
      0.0,
      0.0,
      0.0,
      0.0,
      0.0,
      0.0,
      0.0,
      0.0,
      0.0,
      0.0,
      0.0,
      0.0,
      0.0,
      0.0,
      0.0,
      0.0
    ],
    "PMID": [
      98877.34375,
      96360.109375,
      93466.734375,
      90411.921875,
      87269.921875,
      84089.359375,
      80903.3125,
      77732.125,
      74591.046875,
      71491.8828125,
      68443.890625,
      65454.390625,
      62529.2109375,
      59672.96875,
      56889.2890625,
      54180.9921875,
      51550.1875,
      48998.42578125,
      46526.75390625,
      44135.7890625,
      41825.796875,
      39596.7109375,
      37448.203125,
      35379.703125,
      33390.4375,
      31479.4453125,
      29645.619140625,
      27887.716796875,
      26204.3828125,
      24594.16015625,
      23055.5078125,
      21586.8125
    ],
    "PINT": [
      100000.0,
      97754.6796875,
      94965.53125,
      91967.9296875,
      88855.9140625,
      85683.9375,
      82494.7890625,
      79311.84375,
      76152.3984375,
      73029.6953125,
      69954.0703125,
      66933.703125,
      63975.078125,
      61083.34765625,
      58262.58984375,
      55515.9921875,
      52845.98828125,
      50254.38671875,
      47742.46484375,
      45311.04296875,
      42960.5390625,
      40691.0546875,
      38502.37109375,
      36394.0390625,
      34365.37109375,
      32415.50390625,
      30543.388671875,
      28747.849609375,
      27027.583984375,
      25381.181640625,
      23807.13671875,
      22303.876953125,
      20869.74609375
    ],
    "DZ": [
      200.9575653076172,
      254.3655548095703,
      279.3724365234375,
      296.9609375,
      310.7650146484375,
      322.2279052734375,
      332.08349609375,
      340.760986328125,
      348.53369140625,
      355.587890625,
      362.05615234375,
      368.037109375,
      373.605224609375,
      378.8193359375,
      383.724609375,
      388.3603515625,
      392.7568359375,
      396.939453125,
      400.9306640625,
      404.7490234375,
      408.40869140625,
      411.9267578125,
      415.31103515625,
      418.57568359375,
      421.7265625,
      424.775390625,
      427.7275390625,
      430.5888671875,
      433.3662109375,
      436.0654296875,
      438.6884765625,
      441.2451171875
    ],