{
  "scalars": {
    "CASE": 4,
    "REGIME": "stable_marine",
    "KX": 32,
    "ITIMESTEP": 2,
    "IVGTYP": 16,
    "HT": 0.0,
    "MAVAIL": 1.0,
    "TSK": 288.9866333007812,
    "XLAND": 2.0,
    "Z0BASE": 0.001000000047497451,
    "USTAR": 0.0972600132226944,
    "ZNT": 1.813349990698043e-05,
    "AKHS": 0.002631706185638905,
    "AKMS": 0.002603832166641951,
    "RMOL": 0.04448318853974342,
    "RIB": 0.3038302958011627,
    "CHS": 0.002631706185638905,
    "CHS2": 0.004997065290808678,
    "CQS2": 0.004997065290808678,
    "HFX": -3.769294500350952,
    "QFX": 2.459935046772443e-07,
    "FLX_LH": 0.6149837374687195,
    "FLHC": 3.183305263519287,
    "FLQC": 0.003169044619426131,
    "QGH": 0.01139506977051497,
    "CPM": 1012.15771484375,
    "CT": 0.0,
    "QSFC": 0.01094924751669168,
    "THZ0": 288.2178344726562,
    "QZ0": 0.009606858715415001,
    "UZ0": 0.5760302543640137,
    "VZ0": 0.1440075635910034,
    "PBLH": 455.3231201171875,
    "U10": 3.174647331237793,
    "V10": 0.7936618328094482,
    "T02": 289.8275146484375,
    "TH02": 288.8414306640625,
    "TSHLTR": 288.8414306640625,
    "TH10": 289.0875549316406,
    "Q02": 0.009658370167016983,
    "QSHLTR": 0.009565978311002254,
    "Q10": 0.009549844078719616,
    "PSHLTR": 101176.125,
    "U10E": 3.174647331237793,
    "V10E": 0.7936618328094482
  },
  "columns": {
    "U": [
      4.100478649139404,
      4.328140258789062,
      4.595009326934814,
      4.883175849914551,
      5.187039375305176,
      5.503535270690918,
      5.830691337585449,
      6.167113304138184,
      6.511760711669922,
      6.863821983337402,
      7.222643852233887,
      7.587690353393555,
      7.958511352539062,
      8.334724426269531,
      8.715995788574219,
      9.102038383483887,
      9.492597579956055,
      9.887445449829102,
      10.28638076782227,
      10.6892204284668,
      11.09579849243164,
      11.50596618652344,
      11.91958522796631,
      12.33652877807617,
      12.75668048858643,
      13.17993068695068,
      13.60618209838867,
      14.03534030914307,
      14.46731853485107,
      14.90203380584717,
      15.33941078186035,
      15.77937793731689
    ],
    "V": [
      1.025119662284851,
      1.082035064697266,
      1.148752331733704,
      1.220793962478638,
      1.296759843826294,
      1.375883817672729,
      1.457672834396362,
      1.541778326034546,
      1.62794017791748,
      1.715955495834351,
      1.805660963058472,
      1.896922588348389,
      1.989627838134766,
      2.083681106567383,
      2.178998947143555,
      2.275509595870972,
      2.373149394989014,
      2.471861362457275,
      2.571595191955566,
      2.672305107116699,
      2.77394962310791,
      2.876491546630859,
      2.979896306991577,
      3.084132194519043,
      3.189170122146606,
      3.294982671737671,
      3.401545524597168,
      3.508835077285767,
      3.616829633712769,
      3.725508451461792,
      3.834852695465088,
      3.944844484329224
    ],
    "T": [
      289.4217224121094,
      288.0670471191406,
      286.3309631347656,
      284.4469604492188,
      282.4500732421875,
      280.3589477539062,
      278.1856079101562,
      275.9383239746094,
      273.6232604980469,
      271.2451171875,
      268.8076782226562,
      266.3140258789062,
      263.7666625976562,
      261.1676940917969,
      258.5189819335938,
      255.8220672607422,
      253.078369140625,
      250.2890625,
      247.4552001953125,
      244.5777587890625,
      241.6575164794922,
      238.6953125,
      235.6918182373047,
      232.6476745605469,
      229.5634307861328,
      226.4395904541016,
      223.2767028808594,
      220.0751800537109,
      216.8354797363281,
      213.5579528808594,
      210.2429962158203,
      206.8909454345703
    ],
    "TH": [
      289.4019165039062,
      290.2500610351562,
      291.1040344238281,
      292.0261535644531,
      292.99853515625,
      294.0113220214844,
      295.0581970214844,
      296.134765625,
      297.2376403808594,
      298.3642272949219,
      299.512451171875,
      300.6806030273438,
      301.8672485351562,
      303.0711059570312,
      304.2911987304688,
      305.5265197753906,
      306.7763061523438,
      308.0398254394531,
      309.31640625,
      310.6054992675781,
      311.9065551757812,
      313.2190856933594,
      314.5426635742188,
      315.8768920898438,
      317.2213745117188,
      318.5757751464844,
      319.9397888183594,
      321.3130798339844,
      322.6954345703125,
      324.0865173339844,
      325.4861145019531,
      326.8940124511719
    ],
    "QV": [
      0.009620915167033672,
      0.008814316242933273,
      0.00795448012650013,
      0.007119958754628897,
      0.006334631238132715,
      0.005608606152236462,
      0.004945475142449141,
      0.004345235880464315,
      0.003805788699537516,
      0.003323821583762765,
      0.002895352197811007,
      0.00251608551479876,
      0.002181648509576917,
      0.001887746271677315,
      0.001630261773243546,
      0.001405316754244268,
      0.001209307578392327,
      0.001038921531289816,
      0.00089114042930305,
      0.0007632331107743084,
      0.0006527452496811748,
      0.000557481951545924,
      0.0004754901165142655,
      0.0004050389979965985,
      0.0003446007904130965,
      0.0002928315952885896,
      0.0002485527656972408,
      0.0002107335167238489,
      0.000178475005668588,
      0.0001509956200607121,
      0.0001276163966394961,
      0.0001077496854122728
    ],
    "QC": [
      0.0,
      0.0,
      0.0,
      0.0,
      0.0,
      0.0,
      0.0,
      0.0,
      0.0,
      0.0,
      0.0,
      0.0,
      0.0,
      0.0,
      0.0,
      0.0,
      0.0,
      0.0,
      0.0,
      0.0,
      0.0,
      0.0,
      0.0,
      0.0,
      0.0,
      0.0,
      0.0,
      0.0,
      0.0,
      0.0,
      0.0,
      0.0
    ],
    "PMID": [
      100023.9375,
      97392.25,
      94377.890625,
      91207.0625,
      87956.265625,
      84669.375,
      81375.6171875,
      78096.078125,
      74846.625,
      71639.609375,
      68484.75,
      65389.828125,
      62361.08203125,
      59403.515625,
      56521.109375,
      53717.015625,
      50993.671875,
      48352.90234375,
      45796.015625,
      43323.875,
      40936.9453125,
      38635.359375,
      36418.9453125,
      34287.27734375,
      32239.69140625,
      30275.3203125,
      28393.12109375,
      26591.900390625,
      24870.322265625,
      23226.9296875,
      21660.1640625,
      20168.37109375
    ],
    "PINT": [
      101200.0,
      98847.8828125,
      95936.625,
      92819.1484375,
      89594.984375,
      86317.5546875,
      83021.1875,
      79730.046875,
      76462.1015625,
      73231.15625,
      70048.0546875,
      66921.4375,
      63858.21484375,
      60863.94921875,
      57943.078125,
      55099.140625,
      52334.89453125,
      49652.44921875,
      47053.35546875,
      44538.6796875,
      42109.0703125,
      39764.82421875,
      37505.8984375,
      35331.99609375,
      33242.55859375,
      31236.822265625,
      29313.818359375,
      27472.42578125,
      25711.375,
      24029.26953125,
      22424.58984375,
      20895.736328125,
      19441.00390625
    ],
    "DZ": [
      200.9575653076172,
      254.3655548095703,
      279.3724365234375,
      296.9609375,
      310.7650146484375,
      322.2279052734375,
      332.08349609375,
      340.760986328125,
      348.53369140625,
      355.587890625,
      362.05615234375,
      368.037109375,
      373.605224609375,
      378.8193359375,
      383.724609375,
      388.3603515625,
      392.7568359375,
      396.939453125,
      400.9306640625,
      404.7490234375,
      408.40869140625,
      411.9267578125,
      415.31103515625,
      418.57568359375,
      421.7265625,
      424.775390625,
      427.7275390625,
      430.5888671875,
      433.3662109375,
      436.0654296875,
      438.6884765625,
      441.2451171875
    ],