{
  "columns": {
    "BR": [
      0.2182380110025406,
      0.1747817844152451,
      0.5729025602340698,
      0.1815675795078278,
      0.1555973440408707,
      0.1417726874351501,
      0.4113515019416809,
      0.1676813215017319
    ],
    "CHS": [
      0.002181276213377714,
      0.00171838456299156,
      0.001105931238271296,
      0.002193833468481898,
      0.002847198862582445,
      0.001559752738103271,
      0.00144257815554738,
      0.001747950678691268
    ],
    "CHS2": [
      0.005320129916071892,
      0.002912319265305996,
      0.003012312576174736,
      0.003694499842822552,
      0.00626976927742362,
      0.002633527154102921,
      0.003973513375967741,
      0.002937121782451868
    ],
    "CPM": [
      1005.6064453125,
      1006.40966796875,
      1005.204772949219,
      1006.811157226562,
      1006.007995605469,
      1006.40966796875,
      1004.80322265625,
      1006.248901367188
    ],
    "CQS2": [
      0.005515816621482372,
      0.002962571568787098,
      0.003113525221124291,
      0.003758417908102274,
      0.006475741975009441,
      0.002679582685232162,
      0.004128076136112213,
      0.00298781436868012
    ],
    "DX": [
      3000.0,
      3000.0,
      3000.0,
      3000.0,
      3000.0,
      3000.0,
      3000.0,
      3000.0
    ],
    "DZ": [
      70.0,
      58.0,
      80.0,
      54.0,
      66.0,
      60.0,
      90.0,
      55.0
    ],
    "FLHC": [
      2.579185962677002,
      2.157149314880371,
      1.278542518615723,
      2.807992696762085,
      3.452691316604614,
      2.000836849212646,
      1.628871440887451,
      2.224853277206421
    ],
    "FLQC": [
      0.001821865094825625,
      0.002165080280974507,
      0.0006436428520828485,
      0.002817449159920216,
      0.002611777745187283,
      0.002008539857342839,
      0.00090388348326087,
      0.00223358953371644
    ],
    "GZ1OZ0": [
      6.081076622009277,
      12.39033317565918,
      5.80914306640625,
      12.20392608642578,
      6.715383529663086,
      12.44899463653564,
      5.41610050201416,
      12.33357334136963
    ],
    "HFX": [
      -4.299797534942627,
      -5.740658283233643,
      -2.140723705291748,
      -13.03444004058838,
      -9.254768371582031,
      -3.300941228866577,
      -2.738977432250977,
      -5.914519309997559
    ],
    "HFX_IN": [
      -8.0,
      -4.0,
      -15.0,
      -2.0,
      -10.0,
      -1.0,
      -20.0,
      -2.0
    ],
    "LH": [
      1.380024433135986,
      0.0,
      0.5293326377868652,
      0.0,
      0.0,
      0.9822489619255066,
      1.006820559501648,
      0.0
    ],
    "MAVAIL": [
      0.699999988079071,
      1.0,
      0.5,
      1.0,
      0.75,
      1.0,
      0.550000011920929,
      1.0
    ],
    "MOL": [
      0.04879206791520119,
      0.05359146744012833,
      0.04020671918988228,
      0.0943206325173378,
      0.07790005952119827,
      0.03379109129309654,
      0.04599039256572723,
      0.05400814861059189
    ],
    "MOL_IN": [
      0.0,
      0.0,
      0.0,
      0.0,
      0.0,
      0.0,
      0.0,
      0.0
    ],
    "P": [
      91000.0,
      98000.0,
      88000.0,
      101000.0,
      94000.0,
      100500.0,
      85000.0,
      99000.0
    ],
    "PBLH": [
      500.0,
      500.0,
      400.0,
      450.0,
      450.0,
      400.0,
      350.0,
      400.0
    ],
    "PSFC": [
      90550.0,
      97550.0,
      87550.0,
      100550.0,
      93550.0,
      100050.0,
      84550.0,
      98550.0
    ],
    "PSIH": [
      -6.200074195861816,
      -6.41287088394165,
      -9.619683265686035,
      -6.412543296813965,
      -5.667284965515137,
      -6.00277042388916,
      -7.873327255249023,
      -6.286192893981934
    ],
    "PSIM": [
      -6.200074195861816,
      -6.41287088394165,
      -9.619683265686035,
      -6.412543296813965,
      -5.667284965515137,
      -6.00277042388916,
      -7.873327255249023,
      -6.286192893981934
    ],
    "Q2": [
      0.002218617126345634,
      0.002767537720501423,
      0.001770330825820565,
      0.002922538202255964,
      0.002430972876027226,
      0.003081629285588861,
      0.001359452726319432,
      0.002514763735234737
    ],
    "QFX": [
      5.520097943190194e-07,
      0.0,
      2.117330666351336e-07,
      0.0,
      0.0,
      3.928995795376977e-07,
      4.027282045626634e-07,
      0.0
    ],
    "QFX_IN": [
      -9.999999747378752e-06,
      -9.999999747378752e-06,
      -1.99999994947575e-05,
      -9.999999747378752e-06,
      -1.99999994947575e-05,
      -9.999999747378752e-06,
      -1.99999994947575e-05,
      -9.999999747378752e-06
    ],
    "QGH": [
      0.00286495266482234,
      0.003587823593989015,
      0.002351720351725817,
      0.00433041388168931,
      0.003224909771233797,
      0.003764420049265027,
      0.001921479823067784,
      0.003298176219686866
    ],
    "QSFC": [
      0.002302991691976786,
      0.002767537720501423,
      0.001828960492275655,
      0.002922538202255964,
      0.002430972876027226,
      0.00319561455398798,
      0.00144555326551199,
      0.002514763735234737
    ],
    "QSFC_IN": [
      0.006000000052154064,
      0.006000000052154064,
      0.004000000189989805,
      0.006000000052154064,
      0.004999999888241291,
      0.006000000052154064,
      0.003000000026077032,
      0.006000000052154064
    ],
    "QSTAR": [
      -6.299063898040913e-06,
      -0.0,
      -3.997433395852568e-06,
      -0.0,
      -0.0,
      -4.047816219099332e-06,
      -6.794722139602527e-06,
      -0.0
    ],
    "QV": [
      0.002000000094994903,
      0.003000000026077032,
      0.001500000013038516,
      0.003500000108033419,
      0.002499999944120646,
      0.003000000026077032,
      0.001000000047497451,
      0.00279999990016222
    ],
    "REGIME": [
      1.0,
      1.0,
      1.0,
      1.0,
      1.0,
      1.0,
      1.0,
      1.0
    ],
    "RMOL": [
      0.1214133724570274,
      0.1070840060710907,
      0.2618000209331512,
      0.118139810860157,
      0.1163820251822472,
      0.0822378471493721,
      0.2259774208068848,
      0.1071872189640999
    ],
    "T": [
      268.0,
      272.0,
      265.0,
      275.0,
      270.0,
      273.0,
      262.0,
      271.0
    ],
    "T2": [
      266.6786804199219,
      270.5538024902344,
      263.6102600097656,
      272.7080993652344,
      268.2042846679688,
      271.9705200195312,
      260.6059265136719,
      269.5653991699219
    ],
    "TH2": [
      274.3544616699219,
      272.4790649414062,
      273.822265625,
      272.2808532714844,
      273.3650817871094,
      271.9316711425781,
      273.4131164550781,
      270.6932678222656
    ],
    "THETA": [
      275.3233642578125,
      273.5753784179688,
      274.8627319335938,
      274.2189025878906,
      274.8180847167969,
      272.6110534667969,
      274.4589233398438,
      271.7796936035156
    ],
    "TSK": [
      266.0,
      269.0,
      263.0,
      270.0,
      267.0,
      271.0,
      260.0,
      268.0
    ],
    "TSTAR": [
      0.04879206791520119,
      0.05359146744012833,
      0.04020671918988228,
      0.0943206325173378,
      0.07790005952119827,
      0.03379109129309654,
      0.04599039256572723,
      0.05400814861059189
    ],
    "U": [
      3.0,
      4.0,
      2.0,
      5.0,
      4.5,
      3.5,
      2.5,
      4.0
    ],
    "U10": [
      2.450763940811157,
      3.488012075424194,
      1.427125096321106,
      4.402568340301514,
      3.881458759307861,
      2.93293309211731,
      1.905010938644409,
      3.521812438964844
    ],
    "UST": [
      0.0745292603969574,
      0.08533087372779846,
      0.04605480283498764,
      0.1079675778746605,
      0.09796880185604095,
      0.07615171372890472,
      0.05274409800767899,
      0.0860375314950943
    ],