{
  "columns": {
    "BR": [
      -1.360075771117408e-06,
      6.026617711540894e-07,
      0.0,
      6.846465794296819e-07,
      -5.007610752727487e-07,
      -1.787388214324892e-06,
      -1.402275643158646e-06,
      0.0
    ],
    "CHS": [
      0.01119723077863455,
      0.007268063724040985,
      0.00843803770840168,
      0.006572708953171968,
      0.01528060622513294,
      0.004000422079116106,
      0.01402421109378338,
      0.007301467470824718
    ],
    "CHS2": [
      0.01820001006126404,
      0.009248391725122929,
      0.01442056801170111,
      0.00830986350774765,
      0.02352420426905155,
      0.005063349846750498,
      0.02560099959373474,
      0.009248006157577038
    ],
    "CPM": [
      1010.425598144531,
      1012.032043457031,
      1008.819152832031,
      1012.835205078125,
      1013.638427734375,
      1012.032043457031,
      1007.212829589844,
      1011.228820800781
    ],
    "CQS2": [
      0.01898899674415588,
      0.009429926052689552,
      0.01510303094983101,
      0.008471976034343243,
      0.02441595122218132,
      0.005159109365195036,
      0.02697084657847881,
      0.009428850375115871
    ],
    "DX": [
      3000.0,
      3000.0,
      3000.0,
      3000.0,
      3000.0,
      3000.0,
      3000.0,
      3000.0
    ],
    "DZ": [
      70.0,
      58.0,
      80.0,
      54.0,
      66.0,
      60.0,
      90.0,
      55.0
    ],
    "FLHC": [
      12.70294761657715,
      8.625662803649902,
      9.361639976501465,
      7.827025890350342,
      17.06452178955078,
      4.739265441894531,
      15.08252906799316,
      8.60590934753418
    ],
    "FLQC": [
      0.009031175635755062,
      0.008654036559164524,
      0.005719097331166267,
      0.007846595719456673,
      0.0137952184304595,
      0.00475261639803648,
      0.00847169104963541,
      0.008641200140118599
    ],
    "GZ1OZ0": [
      6.081076622009277,
      11.72690486907959,
      5.80914306640625,
      11.72115135192871,
      6.715383529663086,
      12.16462326049805,
      5.41610050201416,
      11.7139892578125
    ],
    "HFX": [
      -0.0,
      -7.069947719573975,
      -0.0,
      -7.372471809387207,
      0.0005207678768783808,
      -5.241858005523682,
      0.0004602822591550648,
      -7.367601871490479
    ],
    "HFX_IN": [
      0.0,
      0.0,
      0.0,
      0.0,
      0.0,
      0.0,
      0.0,
      0.0
    ],
    "LH": [
      0.0,
      100.0876922607422,
      0.0,
      103.9801177978516,
      0.0,
      73.84847259521484,
      0.0,
      104.3919830322266
    ],
    "MAVAIL": [
      0.699999988079071,
      1.0,
      0.6000000238418579,
      1.0,
      0.800000011920929,
      1.0,
      0.550000011920929,
      1.0
    ],
    "MOL": [
      0.0,
      0.02494990639388561,
      0.0,
      0.02868416532874107,
      -1.456755853723735e-06,
      0.03263566642999649,
      -1.708408603917633e-06,
      0.02608442306518555
    ],
    "MOL_IN": [
      0.0,
      0.0,
      0.0,
      0.0,
      0.0,
      0.0,
      0.0,
      0.0
    ],
    "P": [
      95000.0,
      100000.0,
      92000.0,
      101000.0,
      96000.0,
      100500.0,
      88000.0,
      99000.0
    ],
    "PBLH": [
      800.0,
      800.0,
      800.0,
      800.0,
      800.0,
      800.0,
      800.0,
      800.0
    ],
    "PSFC": [
      94550.0,
      99550.0,
      91550.0,
      100550.0,
      95550.0,
      100050.0,
      87550.0,
      98550.0
    ],
    "PSIH": [
      3.587283208617009e-05,
      -2.954570663860068e-05,
      -0.0,
      -3.179268242092803e-05,
      1.459663053537952e-05,
      7.695232488913462e-05,
      3.279164229752496e-05,
      -0.0
    ],
    "PSIM": [
      2.309012597834226e-05,
      -2.954570663860068e-05,
      -0.0,
      -3.179268242092803e-05,
      9.42213591770269e-06,
      4.951671508024447e-05,
      2.110285277012736e-05,
      -0.0
    ],
    "Q2": [
      0.00800000037997961,
      0.01104233786463737,
      0.006000000052154064,
      0.01217136532068253,
      0.01200000010430813,
      0.0113781513646245,
      0.004000000189989805,
      0.010069340467453
    ],
    "QFX": [
      0.0,
      4.003507638117298e-05,
      0.0,
      4.159204763709567e-05,
      0.0,
      2.953938928840216e-05,
      0.0,
      4.175679350737482e-05
    ],
    "QFX_IN": [
      0.0,
      0.0,
      0.0,
      0.0,
      0.0,
      0.0,
      0.0,
      0.0
    ],
    "QGH": [
      0.01457778457552195,
      0.01570623181760311,
      0.01240953989326954,
      0.01762519218027592,
      0.02377613633871078,
      0.01771537773311138,
      0.009965985082089901,
      0.01489506755024195
    ],
    "QSFC": [
      0.00800000037997961,
      0.01462617330253124,
      0.006000000052154064,
      0.01630064845085144,
      0.01200000010430813,
      0.01621539518237114,
      0.004000000189989805,
      0.01383229065686464
    ],
    "QSFC_IN": [
      0.00800000037997961,
      0.009999999776482582,
      0.006000000052154064,
      0.01099999994039536,
      0.01200000010430813,
      0.009999999776482582,
      0.004000000189989805,
      0.008999999612569809
    ],
    "QSTAR": [
      -0.0,
      -0.0001429840631317347,
      -0.0,
      -0.0001638996909605339,
      -0.0,
      -0.0001861242490122095,
      -0.0,
      -0.0001494967291364446
    ],
    "QV": [
      0.00800000037997961,
      0.009999999776482582,
      0.006000000052154064,
      0.01099999994039536,
      0.01200000010430813,
      0.009999999776482582,
      0.004000000189989805,
      0.008999999612569809
    ],
    "REGIME": [
      3.0,
      2.0,
      2.0,
      2.0,
      3.0,
      3.0,
      3.0,
      2.0
    ],
    "RMOL": [
      2.780653630907182e-06,
      2.327030642845784e-06,
      5.251114089332987e-06,
      2.834918404914788e-06,
      1.252492211278877e-06,
      7.178749910963234e-06,
      2.110016339429421e-06,
      2.312742253707256e-06
    ],
    "T": [
      292.0,
      294.0,
      289.0,
      296.0,
      300.0,
      296.0,
      285.0,
      293.0
    ],
    "T2": [
      291.6039428710938,
      293.4453430175781,
      288.59521484375,
      295.4222717285156,
      299.5973205566406,
      295.3854370117188,
      284.5826110839844,
      292.4403381347656
    ],
    "TH2": [
      296.31298828125,
      293.8239135742188,
      295.9711303710938,
      294.9594421386719,
      303.5212707519531,
      295.3432312011719,
      295.6070861816406,
      293.6639099121094
    ],
    "THETA": [
      296.31298828125,
      294.0,
      295.9711303710938,
      295.1592712402344,
      303.5212707519531,
      295.5782775878906,
      295.6070861816406,
      293.8429870605469
    ],
    "TSK": [
      291.6039428710938,
      292.8026123046875,
      288.59521484375,
      294.6790161132812,
      299.5973510742188,
      294.5143127441406,
      284.5826416015625,
      291.76611328125
    ],
    "TSTAR": [
      0.0,
      0.02494990639388561,
      0.0,
      0.02868416532874107,
      -1.456755853723735e-06,
      0.03263566642999649,
      -1.708408603917633e-06,
      0.02608442306518555
    ],
    "U": [
      5.0,
      7.0,
      3.5,
      6.0,
      8.0,
      4.0,
      5.5,
      7.0
    ],
    "U10": [
      3.970077991485596,
      6.364508628845215,
      2.664916038513184,
      5.491617202758789,
      6.577770233154297,
      3.638884544372559,
      3.972743988037109,
      6.395560264587402
    ],
    "UST": [
      0.2177018374204636,
      0.2387665808200836,
      0.1586073786020279,
      0.2158333510160446,
      0.3201134204864502,
      0.1355774849653244,
      0.2505167424678802,
      0.2396394312381744
    ],
    "UST_IN": [
      0.1000000014901161,
      0.119999997317791,
      0.07000000029802322,
      0.1099999994039536,
      0.1599999964237213,
      0.1000000014901161,
      0.07999999821186066,
      0.1000000014901161
    ],