{
  "columns": {
    "BR": [
      46.56565475463867,
      20.06920623779297,
      74.72797393798828,
      12.59121322631836,
      14.92014789581299,
      22.84994697570801,
      53.40335464477539,
      8.500015258789062
    ],
    "CHS": [
      8.989329217001796e-06,
      1.666598109295592e-06,
      2.914639935625019e-06,
      4.774439730681479e-06,
      2.737693284871057e-05,
      1.142646510743361e-06,
      4.316215836297488e-06,
      1.081600748875644e-05
    ],
    "CHS2": [
      0.0005042155971750617,
      3.186572212143801e-05,
      0.000268680858425796,
      5.738859181292355e-05,
      0.0005040596006438136,
      2.522883369238116e-05,
      0.0003012338711414486,
      9.407051402376965e-05
    ],
    "CPM": [
      1009.622375488281,
      1012.032043457031,
      1008.819152832031,
      1011.228820800781,
      1012.835205078125,
      1012.032043457031,
      1007.212829589844,
      1011.228820800781
    ],
    "CQS2": [
      0.0005168109200894833,
      3.230276342947036e-05,
      0.0002758234913926572,
      5.81756976316683e-05,
      0.0005155620747245848,
      2.557484731369186e-05,
      0.0003100368485320359,
      9.536077413940802e-05
    ],
    "DX": [
      9000.0,
      9000.0,
      9000.0,
      9000.0,
      9000.0,
      9000.0,
      9000.0,
      9000.0
    ],
    "DZ": [
      70.0,
      58.0,
      80.0,
      54.0,
      66.0,
      60.0,
      90.0,
      55.0
    ],
    "FLHC": [
      0.0101962061598897,
      0.001971196616068482,
      0.003233667695894837,
      0.005722090601921082,
      0.03066947311162949,
      0.001353683532215655,
      0.004641932900995016,
      0.01274833921343088
    ],
    "FLQC": [
      7.072392691043206e-06,
      1.949140369106317e-06,
      1.603149712536833e-06,
      5.664928721671458e-06,
      2.273815880471375e-05,
      1.338409560958098e-06,
      2.535811745474348e-06,
      1.262642126675928e-05
    ],
    "GZ1OZ0": [
      6.081076622009277,
      12.57398414611816,
      5.80914306640625,
      12.5021858215332,
      6.715383529663086,
      12.60797023773193,
      5.41610050201416,
      12.52002048492432
    ],
    "HFX": [
      -0.1823919117450714,
      -0.02885588072240353,
      -0.06000936403870583,
      -0.07212788611650467,
      -0.4535980224609375,
      -0.01843522116541862,
      -0.07995732128620148,
      -0.1487382799386978
    ],
    "HFX_IN": [
      -20.0,
      -5.0,
      -40.0,
      -3.0,
      -15.0,
      -2.0,
      -60.0,
      -4.0
    ],
    "LH": [
      0.0,
      0.0,
      0.0,
      0.0,
      0.0,
      0.0,
      0.0,
      0.0
    ],
    "MAVAIL": [
      0.699999988079071,
      1.0,
      0.5,
      1.0,
      0.75,
      1.0,
      0.550000011920929,
      1.0
    ],
    "MOL": [
      0.015638692304492,
      0.02084189094603062,
      0.01048922818154097,
      0.02854831703007221,
      0.03605949133634567,
      0.0167907178401947,
      0.014099957421422,
      0.03652012348175049
    ],
    "MOL_IN": [
      0.0,
      0.0,
      0.0,
      0.0,
      0.0,
      0.0,
      0.0,
      0.0
    ],
    "P": [
      95000.0,
      100000.0,
      92000.0,
      101000.0,
      96000.0,
      100500.0,
      88000.0,
      99000.0
    ],
    "PBLH": [
      250.0,
      250.0,
      220.0,
      230.0,
      250.0,
      220.0,
      220.0,
      220.0
    ],
    "PSFC": [
      94550.0,
      99550.0,
      91550.0,
      100550.0,
      95550.0,
      100050.0,
      87550.0,
      98550.0
    ],
    "PSIH": [
      -473.4319152832031,
      -281.0563659667969,
      -737.0173950195312,
      -171.3032379150391,
      -163.8751068115234,
      -326.7927856445312,
      -506.8514099121094,
      -119.8905181884766
    ],
    "PSIM": [
      -473.4319152832031,
      -281.0563659667969,
      -737.0173950195312,
      -171.3032379150391,
      -163.8751068115234,
      -326.7927856445312,
      -506.8514099121094,
      -119.8905181884766
    ],
    "Q2": [
      0.004305294714868069,
      0.006255350075662136,
      0.003349921898916364,
      0.006635430734604597,
      0.008571203798055649,
      0.007142405491322279,
      0.002832163590937853,
      0.006771557964384556
    ],
    "QFX": [
      0.0,
      0.0,
      0.0,
      0.0,
      0.0,
      0.0,
      0.0,
      0.0
    ],
    "QFX_IN": [
      -9.999999747378752e-06,
      -9.999999747378752e-06,
      -1.99999994947575e-05,
      -9.999999747378752e-06,
      -1.99999994947575e-05,
      -9.999999747378752e-06,
      -1.99999994947575e-05,
      -9.999999747378752e-06
    ],
    "QGH": [
      0.01457778457552195,
      0.01672651432454586,
      0.01240953989326954,
      0.01554683782160282,
      0.02236292883753777,
      0.01771537773311138,
      0.009965985082089901,
      0.01489506755024195
    ],
    "QSFC": [
      0.004305294714868069,
      0.006255350075662136,
      0.003349921898916364,
      0.006635430734604597,
      0.008571203798055649,
      0.007142405491322279,
      0.002832163590937853,
      0.006771557964384556
    ],
    "QSFC_IN": [
      -1.0,
      -1.0,
      -1.0,
      -1.0,
      -1.0,
      -1.0,
      -1.0,
      -1.0
    ],
    "QSTAR": [
      -0.0,
      -0.0,
      -0.0,
      -0.0,
      -0.0,
      -0.0,
      -0.0,
      -0.0
    ],
    "QV": [
      0.007000000216066837,
      0.009999999776482582,
      0.006000000052154064,
      0.008999999612569809,
      0.01099999994039536,
      0.009999999776482582,
      0.004000000189989805,
      0.008999999612569809
    ],
    "REGIME": [
      1.0,
      1.0,
      1.0,
      1.0,
      1.0,
      1.0,
      1.0,
      1.0
    ],
    "RMOL": [
      0.5,
      0.5,
      0.5,
      0.5,
      0.5,
      0.5,
      0.5,
      0.5
    ],
    "T": [
      292.0,
      295.0,
      289.0,
      294.0,
      299.0,
      296.0,
      285.0,
      293.0
    ],
    "T2": [
      274.2996520996094,
      280.7280883789062,
      270.6886291503906,
      282.0040283203125,
      284.7645874023438,
      282.5887451171875,
      268.2322692871094,
      282.2887573242188
    ],
    "TH2": [
      278.7292785644531,
      281.0902404785156,
      277.6068725585938,
      281.5622253417969,
      288.4942626953125,
      282.5483703613281,
      278.6233520507812,
      283.4698486328125
    ],
    "THETA": [
      296.31298828125,
      295.0,
      295.9711303710938,
      293.1649475097656,
      302.5095520019531,
      295.5782775878906,
      295.6070861816406,
      293.8429870605469
    ],
    "TSK": [
      274.0,
      280.0,
      270.5,
      281.0,
      284.0,
      282.0,
      268.0,
      281.0
    ],
    "TSTAR": [
      0.015638692304492,
      0.02084189094603062,
      0.01048922818154097,
      0.02854831703007221,
      0.03605949133634567,
      0.0167907178401947,
      0.014099957421422,
      0.03652012348175049
    ],
    "U": [
      0.6000000238418579,
      0.800000011920929,
      0.5,
      0.8999999761581421,
      1.0,
      0.699999988079071,
      0.6000000238418579,
      1.100000023841858
    ],
    "U10": [
      0.01725289598107338,
      0.05587767064571381,
      0.00899459607899189,
      0.1004213914275169,
      0.085007444024086,
      0.04229959473013878,
      0.01500624977052212,
      0.1703731864690781
    ],
    "UST": [
      0.01028238423168659,
      0.00117057200986892,
      0.005156618542969227,
      0.002108095912262797,
      0.01122871413826942,
      0.0009267740533687174,
      0.005272841546684504,
      0.003455444239079952
    ],
    "UST_IN": [
      0.01999999955296516,
      0.01999999955296516,
      0.009999999776482582,
      0.01999999955296516,
      0.01999999955296516,
      0.01999999955296516,
      0.009999999776482582,
      0.01999999955296516
    ],
    "V": [
      0.1000000014901161,
      0.1000000014901161,
      0.0,
      0.2000000029802322,
      0.1000000014901161,
      -0.2000000029802322,
      0.2000000029802322,
      0.1000000014901161
    ],