{
  "columns": {
    "BR": [
      -0.2656873166561127,
      -0.07279877364635468,
      -1.145730972290039,
      -0.1006544753909111,
      -0.09585155546665192,
      -0.1803034693002701,
      -0.2109556645154953,
      -0.05627284571528435
    ],
    "CHS": [
      0.0197235494852066,
      0.01058378536254168,
      0.0145560959354043,
      0.008739285171031952,
      0.02382093854248524,
      0.007395955733954906,
      0.02706718444824219,
      0.01170230843126774
    ],
    "CHS2": [
      0.02812513709068298,
      0.0124551635235548,
      0.02088369429111481,
      0.01015805266797543,
      0.03335143998265266,
      0.008367905393242836,
      0.04330682754516602,
      0.01389032974839211
    ],
    "CPM": [
      1010.425598144531,
      1012.032043457031,
      1009.220825195312,
      1011.63037109375,
      1013.638427734375,
      1012.835205078125,
      1007.212829589844,
      1011.228820800781
    ],
    "CQS2": [
      0.02947057038545609,
      0.01270943693816662,
      0.02211457304656506,
      0.01036812365055084,
      0.03467376157641411,
      0.008537773042917252,
      0.045805923640728,
      0.0141754187643528
    ],
    "DX": [
      3000.0,
      3000.0,
      3000.0,
      3000.0,
      3000.0,
      3000.0,
      3000.0,
      3000.0
    ],
    "DZ": [
      70.0,
      58.0,
      80.0,
      54.0,
      66.0,
      60.0,
      90.0,
      55.0
    ],
    "FLHC": [
      22.37582015991211,
      12.53549289703369,
      16.15090179443359,
      10.56472301483154,
      26.60188484191895,
      8.763583183288574,
      29.10977172851562,
      13.79298210144043
    ],
    "FLQC": [
      0.01601416617631912,
      0.01260067708790302,
      0.009157084859907627,
      0.01062853448092937,
      0.02158305048942566,
      0.008807404898107052,
      0.01795297302305698,
      0.01387491170316935
    ],
    "GZ1OZ0": [
      6.081076622009277,
      11.49774551391602,
      5.80914306640625,
      11.36300849914551,
      6.715383529663086,
      11.78002548217773,
      5.41610050201416,
      11.35944080352783
    ],
    "HFX": [
      145.4284973144531,
      42.44347763061523,
      106.0868988037109,
      35.56727600097656,
      145.6040802001953,
      29.61212921142578,
      194.0453033447266,
      46.83375930786133
    ],
    "HFX_IN": [
      80.0,
      20.0,
      15.0,
      5.0,
      120.0,
      0.0,
      30.0,
      10.0
    ],
    "LH": [
      534.8898315429688,
      285.9456176757812,
      270.4961547851562,
      175.8529510498047,
      1096.117431640625,
      229.5760040283203,
      487.54833984375,
      314.8251647949219
    ],
    "MAVAIL": [
      0.699999988079071,
      1.0,
      0.550000011920929,
      1.0,
      0.800000011920929,
      1.0,
      0.6000000238418579,
      1.0
    ],
    "MOL": [
      -0.418675422668457,
      -0.1158187836408615,
      -0.5127225518226624,
      -0.118078202009201,
      -0.2999742031097412,
      -0.1195574253797531,
      -0.4573571979999542,
      -0.115757092833519
    ],
    "MOL_IN": [
      0.0,
      0.0,
      0.0,
      0.0,
      0.0,
      0.0,
      0.0,
      0.0
    ],
    "P": [
      95000.0,
      99800.0,
      92000.0,
      101000.0,
      96000.0,
      100500.0,
      88000.0,
      99000.0
    ],
    "PBLH": [
      1200.0,
      900.0,
      1500.0,
      750.0,
      1800.0,
      650.0,
      1100.0,
      800.0
    ],
    "PSFC": [
      94550.0,
      99350.0,
      91550.0,
      100550.0,
      95550.0,
      100050.0,
      87550.0,
      98550.0
    ],
    "PSIH": [
      1.650077819824219,
      1.293890357017517,
      2.520306825637817,
      1.463354229927063,
      1.137951493263245,
      1.985266327857971,
      1.384517669677734,
      1.114059805870056
    ],
    "PSIM": [
      1.192417144775391,
      0.9103765487670898,
      1.864000558853149,
      1.038275837898254,
      0.8026288151741028,
      1.430575132369995,
      0.9940813779830933,
      0.7776201963424683
    ],
    "Q2": [
      0.01479333452880383,
      0.01135590113699436,
      0.01379113830626011,
      0.01041525974869728,
      0.02073018252849579,
      0.01220125425606966,
      0.01080139726400375,
      0.010418183170259
    ],
    "QFX": [
      0.0002139559219358489,
      0.0001143782428698614,
      0.0001081984664779156,
      7.034117879811674e-05,
      0.0004384469939395785,
      9.183039946947247e-05,
      0.0001950193400261924,
      0.000125930062495172
    ],
    "QFX_IN": [
      7.999999797903001e-05,
      4.999999873689376e-05,
      1.99999994947575e-05,
      2.999999924213625e-05,
      0.000119999996968545,
      0.0,
      3.999999898951501e-05,
      1.99999994947575e-05
    ],
    "QGH": [
      0.01457778457552195,
      0.01573850400745869,
      0.01240953989326954,
      0.01326155196875334,
      0.02377613633871078,
      0.01771537773311138,
      0.009965985082089901,
      0.01489506755024195
    ],
    "QSFC": [
      0.02136041596531868,
      0.01907715015113354,
      0.01831582002341747,
      0.01611814461648464,
      0.03231441229581833,
      0.0214264988899231,
      0.01486278790980577,
      0.01807609759271145
    ],
    "QSFC_IN": [
      -1.0,
      -1.0,
      -1.0,
      -1.0,
      -1.0,
      -1.0,
      -1.0,
      -1.0
    ],
    "QSTAR": [
      -0.0006223814561963081,
      -0.0003158680920023471,
      -0.0005277496529743075,
      -0.0002362384693697095,
      -0.000915610056836158,
      -0.0003755192738026381,
      -0.0004629683971870691,
      -0.0003147512616124004
    ],
    "QV": [
      0.00800000037997961,
      0.009999999776482582,
      0.006500000134110451,
      0.009499999694526196,
      0.01200000010430813,
      0.01099999994039536,
      0.004000000189989805,
      0.008999999612569809
    ],
    "REGIME": [
      3.0,
      3.0,
      3.0,
      3.0,
      3.0,
      3.0,
      3.0,
      3.0
    ],
    "RMOL": [
      -0.08141778409481049,
      -0.02391768246889114,
      -0.2599106132984161,
      -0.0346451923251152,
      -0.03473808988928795,
      -0.05656544119119644,
      -0.05066356807947159,
      -0.01942243985831738
    ],
    "T": [
      292.0,
      294.0,
      289.0,
      291.5,
      300.0,
      296.0,
      285.0,
      293.0
    ],
    "T2": [
      293.3413696289062,
      294.0879516601562,
      290.3208618164062,
      291.5684814453125,
      301.0163879394531,
      295.9768676757812,
      286.7427368164062,
      293.1051330566406
    ],
    "TH2": [
      298.0784912109375,
      294.6366882324219,
      297.7408752441406,
      291.1116943359375,
      304.9589233398438,
      295.9345703125,
      297.8508911132812,
      294.3314819335938
    ],
    "THETA": [
      296.31298828125,
      294.1683044433594,
      295.9711303710938,
      290.6720275878906,
      303.5212707519531,
      295.5782775878906,
      295.6070861816406,
      293.8429870605469
    ],
    "TSK": [
      298.0,
      297.0,
      295.0,
      294.5,
      305.0,
      299.0,
      291.0,
      296.0
    ],
    "TSTAR": [
      -0.418675422668457,
      -0.1158187836408615,
      -0.5127225518226624,
      -0.118078202009201,
      -0.2999742031097412,
      -0.1195574253797531,
      -0.4573571979999542,
      -0.115757092833519
    ],
    "U": [
      6.0,
      8.0,
      3.0,
      5.0,
      10.0,
      4.5,
      7.5,
      9.0
    ],
    "U10": [
      4.604321479797363,
      7.44463586807251,
      2.11760401725769,
      4.673328876495361,
      8.130568504333496,
      4.239614486694336,
      5.219512462615967,
      8.36672592163086
    ],
    "UST": [
      0.3061809241771698,
      0.309408038854599,
      0.1864779442548752,
      0.2491716891527176,
      0.4346463978290558,
      0.209028571844101,
      0.3945044279098511,
      0.3432612419128418
    ],