{
  "columns": {
    "CLDFRA": [
      0.0,
      0.0,
      0.0,
      0.0,
      0.0,
      0.0,
      0.0,
      0.0,
      0.0,
      0.0,
      0.0,
      0.0,
      0.0,
      0.0,
      0.0,
      0.0,
      0.0,
      0.0,
      0.0,
      0.0,
      0.0,
      0.0,
      0.0,
      0.0,
      0.0,
      0.0,
      0.0,
      0.0,
      0.0,
      0.0,
      0.0,
      0.0
    ],
    "DZ": [
      297.3017883300781,
      362.4521789550781,
      391.9342651367188,
      412.3975830078125,
      428.3145751953125,
      441.441650390625,
      452.665771484375,
      462.501708984375,
      471.277099609375,
      479.21240234375,
      486.46630859375,
      493.154296875,
      499.36376953125,
      505.16455078125,
      510.6103515625,
      515.74560546875,
      520.6064453125,
      525.22265625,
      529.6201171875,
      533.8193359375,
      537.83984375,
      541.6962890625,
      545.404296875,
      548.97265625,
      552.416015625,
      555.7421875,
      558.95703125,
      562.0732421875,
      565.091796875,
      568.0234375,
      570.87109375,
      573.6396484375
    ],
    "P": [
      98775.015625,
      95018.203125,
      90871.796875,
      86621.421875,
      82360.75,
      78141.6953125,
      73997.25,
      69949.7578125,
      66014.7578125,
      62203.14453125,
      58522.46875,
      54977.74609375,
      51572.078125,
      48307.046875,
      45183.046875,
      42199.50390625,
      39355.078125,
      36647.8125,
      34075.234375,
      31634.482421875,
      29322.35546875,
      27135.41015625,
      25069.98828125,
      23122.2890625,
      21288.396484375,
      19564.3046875,
      17945.97265625,
      16429.318359375,
      15010.263671875,
      13684.7421875,
      12448.7109375,
      11298.1748046875
    ],
    "P8W": [
      100500.0,
      97050.0234375,
      92986.390625,
      88757.2109375,
      84485.6328125,
      80235.8671875,
      76047.5234375,
      71946.984375,
      67952.53125,
      64076.98046875,
      60329.30859375,
      56715.625,
      53239.8671875,
      49904.2890625,
      46709.80859375,
      43656.28515625,
      40742.72265625,
      37967.4375,
      35328.1875,
      32822.28515625,
      30446.6796875,
      28198.033203125,
      26072.78515625,
      24067.19140625,
      22177.388671875,
      20399.404296875,
      18729.20703125,
      17162.736328125,
      15695.900390625,
      14324.6279296875,
      13044.8564453125,
      11852.56640625,
      10743.783203125
    ],
    "PI": [
      0.996484637260437,
      0.9855055809020996,
      0.9730218648910522,
      0.9597954154014587,
      0.9460630416870117,
      0.9319553375244141,
      0.9175569415092468,
      0.9029281735420227,
      0.888114333152771,
      0.8731507658958435,
      0.8580661416053772,
      0.8428837656974792,
      0.8276233673095703,
      0.812301516532898,
      0.796932578086853,
      0.7815287113189697,
      0.7661008238792419,
      0.7506583333015442,
      0.7352094650268555,
      0.7197617888450623,
      0.7043217420578003,
      0.6888953447341919,
      0.6734878420829773,
      0.6581040024757385,
      0.6427481770515442,
      0.6274241805076599,
      0.6121357083320618,
      0.5968858599662781,
      0.5816776156425476,
      0.56651371717453,
      0.5513966083526611,
      0.5363285541534424
    ],
    "QC": [
      0.0,
      0.0,
      0.0,
      0.0,
      0.0,
      0.0,
      0.0,
      0.0,
      0.0,
      0.0,
      0.0,
      0.0,
      0.0,
      0.0,
      0.0,
      0.0,
      0.0,
      0.0,
      0.0,
      0.0,
      0.0,
      0.0,
      0.0,
      0.0,
      0.0,
      0.0,
      0.0,
      0.0,
      0.0,
      0.0,
      0.0,
      0.0
    ],
    "QG": [
      0.0,
      0.0,
      0.0,
      0.0,
      0.0,
      0.0,
      0.0,
      0.0,
      0.0,
      0.0,
      0.0,
      0.0,
      0.0,
      0.0,
      0.0,
      0.0,
      0.0,
      0.0,
      0.0,
      0.0,
      0.0,
      0.0,
      0.0,
      0.0,
      0.0,
      0.0,
      0.0,
      0.0,
      0.0,
      0.0,
      0.0,
      0.0
    ],
    "QI": [
      0.0,
      0.0,
      0.0,
      0.0,
      0.0,
      0.0,
      0.0,
      0.0,
      0.0,
      0.0,
      0.0,
      0.0,
      0.0,
      0.0,
      0.0,
      0.0,
      0.0,
      0.0,
      0.0,
      0.0,
      0.0,
      0.0,
      0.0,
      0.0,
      0.0,
      0.0,
      0.0,
      0.0,
      0.0,
      0.0,
      0.0,
      0.0
    ],
    "QR": [
      0.0,
      0.0,
      0.0,
      0.0,
      0.0,
      0.0,
      0.0,
      0.0,
      0.0,
      0.0,
      0.0,
      0.0,
      0.0,
      0.0,
      0.0,
      0.0,
      0.0,
      0.0,
      0.0,
      0.0,
      0.0,
      0.0,
      0.0,
      0.0,
      0.0,
      0.0,
      0.0,
      0.0,
      0.0,
      0.0,
      0.0,
      0.0
    ],
    "QS": [
      0.0,
      0.0,
      0.0,
      0.0,
      0.0,
      0.0,
      0.0,
      0.0,
      0.0,
      0.0,
      0.0,
      0.0,
      0.0,
      0.0,
      0.0,
      0.0,
      0.0,
      0.0,
      0.0,
      0.0,
      0.0,
      0.0,
      0.0,
      0.0,
      0.0,
      0.0,
      0.0,
      0.0,
      0.0,
      0.0,
      0.0,
      0.0
    ],
    "QV": [
      0.007477309089154005,
      0.006436139345169067,
      0.005422068759799004,
      0.004516217391937971,
      0.003730729222297668,
      0.003061582800000906,
      0.002498588059097528,
      0.002029385650530457,
      0.001641336246393621,
      0.001322455587796867,
      0.001061855466105044,
      0.0008499114192090929,
      0.0006782797281630337,
      0.0005398320499807596,
      0.0004285468021407723,
      0.0003393857623450458,
      0.0002681650512386113,
      0.0002114342787535861,
      0.0001663638686295599,
      0.0001306453050347045,
      0.0001024041921482421,
      8.012422767933458e-05,
      6.258404027903453e-05,
      4.880282358499244e-05,
      3.799568366957828e-05,
      2.953624425572343e-05,
      2.292613316967618e-05,
      1.776975113898516e-05,
      1.375392184854718e-05,
      1.063125364453299e-05,
      8.206761776818894e-06,
      6.32710225545452e-06
    ],
    "RHO": [
      1.188889384269714,
      1.149970293045044,
      1.107405662536621,
      1.063442230224609,
      1.019037365913391,
      0.9747337698936462,
      0.9308860301971436,
      0.8877413272857666,
      0.8454782366752625,
      0.8042263388633728,
      0.7640810608863831,
      0.7251104116439819,
      0.6873623132705688,
      0.6508681178092957,
      0.6156467199325562,
      0.581706166267395,
      0.5490463972091675,
      0.5176607370376587,
      0.4875367879867554,
      0.4586577713489532,
      0.4310035705566406,
      0.4045509696006775,
      0.3792745769023895,
      0.3551472127437592,
      0.3321403563022614,
      0.3102242648601532,
      0.2893687188625336,
      0.2695426642894745,
      0.2507150173187256,
      0.2328543663024902,
      0.2159292697906494,
      0.1999086141586304
    ],
    "RTHRATEN": [
      -3.604999801609665e-05,
      -2.509148725948762e-05,
      -2.133243287971709e-05,
      -1.945457370311487e-05,
      -1.92975112440763e-05,
      -1.99644455278758e-05,
      -2.128742562490515e-05,
      -2.251674959552474e-05,
      -2.337358273507562e-05,
      -2.412572575849481e-05,
      -2.498053618182894e-05,
      -2.459164170431904e-05,
      -2.49164950218983e-05,
      -2.555781247792765e-05,
      -2.529386620153673e-05,
      -2.586427581263706e-05,
      -2.694021168281324e-05,
      -2.644519008754287e-05,
      -2.651278737175744e-05,
      -2.635383498272859e-05,
      -2.519375448173378e-05,
      -2.485194090695586e-05,
      -2.324108936591074e-05,
      -2.200556082243565e-05,
      -2.01535895030247e-05,
      -1.745516419759952e-05,
      -1.504865485912887e-05,
      -1.222011451318394e-05,
      -9.872108421404846e-06,
      -6.434544957301114e-06,
      -2.722018280110206e-06,
      3.203994765499374e-06
    ],