{
  "columns": {
    "CLDFRA": [
      0.0,
      0.0,
      1.0,
      1.0,
      1.0,
      1.0,
      1.0,
      0.0,
      0.0,
      0.0,
      0.0,
      0.0,
      0.0,
      0.0,
      0.0,
      0.0,
      0.0,
      0.0,
      0.0,
      0.0,
      0.0,
      0.0,
      0.0,
      0.0,
      0.0,
      0.0,
      0.0,
      0.0,
      0.0,
      0.0,
      0.0,
      0.0
    ],
    "DZ": [
      297.3017883300781,
      362.4521789550781,
      391.9342651367188,
      412.3975830078125,
      428.3145751953125,
      441.441650390625,
      452.665771484375,
      462.501708984375,
      471.277099609375,
      479.21240234375,
      486.46630859375,
      493.154296875,
      499.36376953125,
      505.16455078125,
      510.6103515625,
      515.74560546875,
      520.6064453125,
      525.22265625,
      529.6201171875,
      533.8193359375,
      537.83984375,
      541.6962890625,
      545.404296875,
      548.97265625,
      552.416015625,
      555.7421875,
      558.95703125,
      562.0732421875,
      565.091796875,
      568.0234375,
      570.87109375,
      573.6396484375
    ],
    "P": [
      99128.578125,
      95474.59375,
      91413.921875,
      87225.625,
      83011.34375,
      78829.046875,
      74711.78125,
      70682.265625,
      66756.6015625,
      62946.35546875,
      59259.796875,
      55702.6953125,
      52278.921875,
      48990.796875,
      45839.4296875,
      42824.9453125,
      39946.65234375,
      37203.203125,
      34592.703125,
      32112.81640625,
      29760.833984375,
      27533.74609375,
      25428.306640625,
      23441.072265625,
      21568.44921875,
      19806.71875,
      18152.08203125,
      16600.681640625,
      15148.6142578125,
      13791.96484375,
      12526.810546875,
      11349.25
    ],
    "P8W": [
      100800.0,
      97457.15625,
      93492.0234375,
      89335.828125,
      85115.421875,
      80907.265625,
      76750.8203125,
      72672.7421875,
      68691.7890625,
      64821.4140625,
      61071.296875,
      57448.29296875,
      53957.1015625,
      50600.73828125,
      47380.8515625,
      44298.0078125,
      41351.8828125,
      38541.421875,
      35864.984375,
      33320.42578125,
      30905.208984375,
      28616.458984375,
      26451.03515625,
      24405.578125,
      22476.56640625,
      20660.330078125,
      18953.10546875,
      17351.060546875,
      15850.302734375,
      14446.92578125,
      13137.0029296875,
      11916.619140625,
      10781.8798828125
    ],
    "PI": [
      0.9975024461746216,
      0.9868557453155518,
      0.9746769070625305,
      0.9617034196853638,
      0.9481922388076782,
      0.9342901706695557,
      0.9200797080993652,
      0.9056196808815002,
      0.8909544348716736,
      0.8761188387870789,
      0.8611411452293396,
      0.8460444808006287,
      0.8308485746383667,
      0.815570056438446,
      0.8002232909202576,
      0.7848207950592041,
      0.7693735361099243,
      0.7538911700248718,
      0.7383822798728943,
      0.7228546142578125,
      0.7073150277137756,
      0.6917696595191956,
      0.6762241721153259,
      0.6606836318969727,
      0.645152747631073,
      0.6296356320381165,
      0.6141361594200134,
      0.59865802526474,
      0.583204448223114,
      0.5677784085273743,
      0.55238276720047,
      0.5370201468467712
    ],
    "QC": [
      0.0,
      0.0,
      0.0007999999797903001,
      0.0007999999797903001,
      0.0007999999797903001,
      0.0007999999797903001,
      0.0007999999797903001,
      0.0,
      0.0,
      0.0,
      0.0,
      0.0,
      0.0,
      0.0,
      0.0,
      0.0,
      0.0,
      0.0,
      0.0,
      0.0,
      0.0,
      0.0,
      0.0,
      0.0,
      0.0,
      0.0,
      0.0,
      0.0,
      0.0,
      0.0,
      0.0,
      0.0
    ],
    "QG": [
      0.0,
      0.0,
      0.0,
      0.0,
      0.0,
      0.0,
      0.0,
      0.0,
      0.0,
      0.0,
      0.0,
      0.0,
      0.0,
      0.0,
      0.0,
      0.0,
      0.0,
      0.0,
      0.0,
      0.0,
      0.0,
      0.0,
      0.0,
      0.0,
      0.0,
      0.0,
      0.0,
      0.0,
      0.0,
      0.0,
      0.0,
      0.0
    ],
    "QI": [
      0.0,
      0.0,
      0.0,
      0.0,
      0.0,
      0.0,
      0.0,
      0.0,
      0.0,
      0.0,
      0.0,
      0.0,
      0.0,
      0.0,
      0.0,
      0.0,
      0.0,
      0.0,
      0.0,
      0.0,
      0.0,
      0.0,
      0.0,
      0.0,
      0.0,
      0.0,
      0.0,
      0.0,
      0.0,
      0.0,
      0.0,
      0.0
    ],
    "QR": [
      0.0,
      0.0,
      0.000199999994947575,
      0.000199999994947575,
      0.000199999994947575,
      0.000199999994947575,
      0.000199999994947575,
      0.0,
      0.0,
      0.0,
      0.0,
      0.0,
      0.0,
      0.0,
      0.0,
      0.0,
      0.0,
      0.0,
      0.0,
      0.0,
      0.0,
      0.0,
      0.0,
      0.0,
      0.0,
      0.0,
      0.0,
      0.0,
      0.0,
      0.0,
      0.0,
      0.0
    ],
    "QS": [
      0.0,
      0.0,
      0.0,
      0.0,
      0.0,
      0.0,
      0.0,
      0.0,
      0.0,
      0.0,
      0.0,
      0.0,
      0.0,
      0.0,
      0.0,
      0.0,
      0.0,
      0.0,
      0.0,
      0.0,
      0.0,
      0.0,
      0.0,
      0.0,
      0.0,
      0.0,
      0.0,
      0.0,
      0.0,
      0.0,
      0.0,
      0.0
    ],
    "QV": [
      0.01419648341834545,
      0.01256377436220646,
      0.01092568505555391,
      0.009413700550794601,
      0.00805649533867836,
      0.006857978645712137,
      0.00581149198114872,
      0.004905523266643286,
      0.004126542247831821,
      0.0034605348482728,
      0.002893867203965783,
      0.002413752488791943,
      0.002008489333093166,
      0.001667556469328701,
      0.001381614711135626,
      0.001142463530413806,
      0.0009429611964151263,
      0.0007769320509396493,
      0.0006390687776729465,
      0.00052483199397102,
      0.0004303604946471751,
      0.00035237951669842,
      0.0002881248947232962,
      0.0002352695446461439,
      0.0001918609486892819,
      0.0001562654942972586,
      0.0001271198998438194,
      0.0001032891232171096,
      8.383060048799962e-05,
      6.796290836064145e-05,
      5.503974171006121e-05,
      4.452761277207173e-05
    ],
    "RHO": [
      1.151769042015076,
      1.121890068054199,
      1.088122725486755,
      1.050557971000671,
      1.008924961090088,
      0.9671840071678162,
      0.9256738424301147,
      0.8846383690834045,
      0.8442583084106445,
      0.8046714067459106,
      0.7659818530082703,
      0.7282701730728149,
      0.6915966272354126,
      0.656005322933197,
      0.6215280890464783,
      0.5881860256195068,
      0.5559912919998169,
      0.5249489545822144,
      0.4950584769248962,
      0.4663138091564178,
      0.4387050271034241,
      0.4122188091278076,
      0.3868388235569,
      0.3625465333461761,
      0.339321494102478,
      0.3171416223049164,
      0.2959835529327393,
      0.2758230268955231,
      0.2566348314285278,
      0.2383934557437897,
      0.2210725992918015,
      0.2046459913253784
    ],