{
  "columns": {
    "CLDFRA": [
      0.0,
      0.0,
      0.0,
      0.0,
      0.0,
      0.0,
      0.0,
      0.0,
      0.0,
      0.0,
      0.0,
      0.0,
      0.0,
      0.0,
      0.0,
      0.0,
      0.0,
      0.0,
      0.0,
      0.0,
      0.0,
      0.0,
      0.0,
      0.0,
      0.0,
      0.0,
      0.0,
      0.0,
      0.0,
      0.0,
      0.0,
      0.0
    ],
    "DZ": [
      297.3017883300781,
      362.4521789550781,
      391.9342651367188,
      412.3975830078125,
      428.3145751953125,
      441.441650390625,
      452.665771484375,
      462.501708984375,
      471.277099609375,
      479.21240234375,
      486.46630859375,
      493.154296875,
      499.36376953125,
      505.16455078125,
      510.6103515625,
      515.74560546875,
      520.6064453125,
      525.22265625,
      529.6201171875,
      533.8193359375,
      537.83984375,
      541.6962890625,
      545.404296875,
      548.97265625,
      552.416015625,
      555.7421875,
      558.95703125,
      562.0732421875,
      565.091796875,
      568.0234375,
      570.87109375,
      573.6396484375
    ],
    "P": [
      98346.1875,
      94730.8125,
      90713.2734375,
      86567.15625,
      82393.8515625,
      78254.0,
      74180.15625,
      70194.6015625,
      66313.078125,
      62546.796875,
      58903.7265625,
      55389.3671875,
      52007.328125,
      48759.7265625,
      45647.484375,
      42670.55859375,
      39828.12890625,
      37118.73046875,
      34540.37890625,
      32090.6640625,
      29766.8203125,
      27565.810546875,
      25484.359375,
      23519.0234375,
      21666.212890625,
      19922.23046875,
      18283.3125,
      16745.6328125,
      15305.34375,
      13958.5888671875,
      12701.51171875,
      11530.279296875
    ],
    "P8W": [
      100000.0,
      96692.375,
      92769.25,
      88657.296875,
      84477.0078125,
      80310.6953125,
      76197.296875,
      72163.0078125,
      68226.1953125,
      64399.953125,
      60693.640625,
      57113.81640625,
      53664.921875,
      50349.73828125,
      47169.71875,
      44125.25,
      41215.8671875,
      38440.390625,
      35797.0703125,
      33283.6875,
      30897.638671875,
      28636.00390625,
      26495.6171875,
      24473.103515625,
      22564.943359375,
      20767.482421875,
      19076.98046875,
      17489.642578125,
      16001.6220703125,
      14609.06640625,
      13308.111328125,
      12094.9111328125,
      10965.6484375
    ],
    "PI": [
      0.9952466487884521,
      0.9846529960632324,
      0.9725366234779358,
      0.9596235752105713,
      0.9461716413497925,
      0.9323378205299377,
      0.9182043671607971,
      0.9038300514221191,
      0.8892591595649719,
      0.87452632188797,
      0.8596595525741577,
      0.8446820378303528,
      0.8296130895614624,
      0.8144691586494446,
      0.7992644906044006,
      0.7840114235877991,
      0.7687206268310547,
      0.7534016966819763,
      0.7380630373954773,
      0.7227120995521545,
      0.7073556780815125,
      0.6919997334480286,
      0.6766497492790222,
      0.661310613155365,
      0.6459869146347046,
      0.6306825876235962,
      0.6154014468193054,
      0.6001468896865845,
      0.5849220752716064,
      0.5697298645973206,
      0.5545729398727417,
      0.5394537448883057
    ],
    "QC": [
      0.0,
      0.0,
      0.0,
      0.0,
      0.0,
      0.0,
      0.0,
      0.0,
      0.0,
      0.0,
      0.0,
      0.0,
      0.0,
      0.0,
      0.0,
      0.0,
      0.0,
      0.0,
      0.0,
      0.0,
      0.0,
      0.0,
      0.0,
      0.0,
      0.0,
      0.0,
      0.0,
      0.0,
      0.0,
      0.0,
      0.0,
      0.0
    ],
    "QG": [
      0.0,
      0.0,
      0.0,
      0.0,
      0.0,
      0.0,
      0.0,
      0.0,
      0.0,
      0.0,
      0.0,
      0.0,
      0.0,
      0.0,
      0.0,
      0.0,
      0.0,
      0.0,
      0.0,
      0.0,
      0.0,
      0.0,
      0.0,
      0.0,
      0.0,
      0.0,
      0.0,
      0.0,
      0.0,
      0.0,
      0.0,
      0.0
    ],
    "QI": [
      0.0,
      0.0,
      0.0,
      0.0,
      0.0,
      0.0,
      0.0,
      0.0,
      0.0,
      0.0,
      0.0,
      0.0,
      0.0,
      0.0,
      0.0,
      0.0,
      0.0,
      0.0,
      0.0,
      0.0,
      0.0,
      0.0,
      0.0,
      0.0,
      0.0,
      0.0,
      0.0,
      0.0,
      0.0,
      0.0,
      0.0,
      0.0
    ],
    "QR": [
      0.0,
      0.0,
      0.0,
      0.0,
      0.0,
      0.0,
      0.0,
      0.0,
      0.0,
      0.0,
      0.0,
      0.0,
      0.0,
      0.0,
      0.0,
      0.0,
      0.0,
      0.0,
      0.0,
      0.0,
      0.0,
      0.0,
      0.0,
      0.0,
      0.0,
      0.0,
      0.0,
      0.0,
      0.0,
      0.0,
      0.0,
      0.0
    ],
    "QS": [
      0.0,
      0.0,
      0.0,
      0.0,
      0.0,
      0.0,
      0.0,
      0.0,
      0.0,
      0.0,
      0.0,
      0.0,
      0.0,
      0.0,
      0.0,
      0.0,
      0.0,
      0.0,
      0.0,
      0.0,
      0.0,
      0.0,
      0.0,
      0.0,
      0.0,
      0.0,
      0.0,
      0.0,
      0.0,
      0.0,
      0.0,
      0.0
    ],
    "QV": [
      0.01130727492272854,
      0.009909515269100666,
      0.008521719835698605,
      0.007255441974848509,
      0.006132542621344328,
      0.00515340780839324,
      0.004309563897550106,
      0.003588747000321746,
      0.002977391239255667,
      0.002461939817294478,
      0.002029549330472946,
      0.001668440992943943,
      0.001368049415759742,
      0.001119050313718617,
      0.0009133148123510182,
      0.0007438278407789767,
      0.0006045830086804926,
      0.0004904744564555585,
      0.0003971861151512712,
      0.0003210884751752019,
      0.0002591443189885467,
      0.0002088210603687912,
      0.0001680157438386232,
      0.0001349875092273578,
      0.0001082999224308878,
      8.677104051457718e-05,
      6.943096377654001e-05,
      5.548579065361992e-05,
      4.428713145898655e-05,
      3.530664253048599e-05,
      2.811468948493712e-05,
      2.236260843346827e-05
    ],
    "RHO": [
      1.139620780944824,
      1.109986186027527,
      1.07651686668396,
      1.04055655002594,
      0.9988740682601929,
      0.9571448564529419,
      0.9157060980796814,
      0.8747977018356323,
      0.834596574306488,
      0.7952347993850708,
      0.7568124532699585,
      0.719403862953186,
      0.6830646395683289,
      0.6478341817855835,
      0.6137394905090332,
      0.5807971954345703,
      0.5490158200263977,
      0.5183965563774109,
      0.4889352917671204,
      0.4606230854988098,
      0.4334471821784973,
      0.4073915183544159,
      0.3824375867843628,
      0.358564704656601,
      0.3357505798339844,
      0.3139714002609253,
      0.2932024896144867,
      0.2734180390834808,
      0.2545918822288513,
      0.2366973310709,
      0.2197073698043823,
      0.2035948634147644
    ],
    "RTHRATEN": [
      -3.439293868723325e-05,
      -2.735038106038701e-05,
      -2.184437471441925e-05,
      -1.623909520276356e-05,
      -1.816925578168593e-05,
      -1.851606066338718e-05,
      -1.918357702379581e-05,
      -2.034920726146083e-05,
      -2.18350123759592e-05,
      -2.337415935471654e-05,
      -2.498286266927607e-05,
      -2.542337279010098e-05,
      -2.590308395156171e-05,
      -2.641625360411126e-05,
      -2.580240470706485e-05,
      -2.581255830591545e-05,
      -2.62927987932926e-05,
      -2.586006121418905e-05,
      -2.624129774631001e-05,
      -2.718335417739581e-05,
      -2.612349453556817e-05,
      -2.609769944683649e-05,
      -2.487646452209447e-05,
      -2.416375173197594e-05,
      -2.330692223040387e-05,
      -2.196632158302236e-05,
      -2.059445796476211e-05,
      -1.862517092376947e-05,
      -1.71107349160593e-05,
      -1.469500330131268e-05,
      -1.35698192025302e-05,
      -1.195039749291027e-05
    ],