{
  "columns": {
    "CLDFRA": [
      0.0,
      0.0,
      0.0,
      0.0,
      0.0,
      0.0,
      0.0,
      0.0,
      0.0,
      0.0,
      0.0,
      0.0,
      0.0,
      0.0,
      0.0,
      0.0,
      0.0,
      0.0,
      0.0,
      0.0,
      0.0,
      0.0,
      0.0,
      0.0,
      0.0,
      0.0,
      0.0,
      0.0,
      0.0,
      0.0,
      0.0,
      0.0
    ],
    "DZ": [
      297.3017883300781,
      362.4521789550781,
      391.9342651367188,
      412.3975830078125,
      428.3145751953125,
      441.441650390625,
      452.665771484375,
      462.501708984375,
      471.277099609375,
      479.21240234375,
      486.46630859375,
      493.154296875,
      499.36376953125,
      505.16455078125,
      510.6103515625,
      515.74560546875,
      520.6064453125,
      525.22265625,
      529.6201171875,
      533.8193359375,
      537.83984375,
      541.6962890625,
      545.404296875,
      548.97265625,
      552.416015625,
      555.7421875,
      558.95703125,
      562.0732421875,
      565.091796875,
      568.0234375,
      570.87109375,
      573.6396484375
    ],
    "P": [
      98653.5,
      94635.375,
      90212.328125,
      85696.015625,
      81187.078125,
      76740.65625,
      72391.2421875,
      68161.671875,
      64067.375,
      60118.7265625,
      56322.4765625,
      52682.6796875,
      49201.34375,
      45878.890625,
      42714.5,
      39706.390625,
      36852.0,
      34148.1484375,
      31591.201171875,
      29177.130859375,
      26901.63671875,
      24760.1953125,
      22748.13671875,
      20860.68359375,
      19092.98828125,
      17440.1796875,
      15897.3857421875,
      14459.7568359375,
      13122.48828125,
      11880.83984375,
      10730.14453125,
      9665.8232421875
    ],
    "P8W": [
      100500.0,
      96807.0,
      92463.75,
      87960.90625,
      83431.1328125,
      78943.0234375,
      74538.2890625,
      70244.1953125,
      66079.1484375,
      62055.60546875,
      58181.8515625,
      54463.10546875,
      50902.2578125,
      47500.4296875,
      44257.34765625,
      41171.65625,
      38241.12890625,
      35462.8671875,
      32833.43359375,
      30348.96875,
      28005.29296875,
      25797.978515625,
      23722.4140625,
      21773.861328125,
      19947.50390625,
      18238.47265625,
      16641.88671875,
      15152.884765625,
      13766.62890625,
      12478.3486328125,
      11283.33203125,
      10176.9560546875,
      9154.6904296875
    ],
    "PI": [
      0.9961342215538025,
      0.9843694567680359,
      0.9709991216659546,
      0.9568544626235962,
      0.9421913623809814,
      0.927150309085846,
      0.911822497844696,
      0.8962724804878235,
      0.8805487751960754,
      0.8646889925003052,
      0.8487234711647034,
      0.8326769471168518,
      0.816569983959198,
      0.8004200458526611,
      0.7842419743537903,
      0.7680485844612122,
      0.7518509030342102,
      0.735658586025238,
      0.7194802761077881,
      0.7033233046531677,
      0.6871944069862366,
      0.6710994243621826,
      0.6550436019897461,
      0.6390317678451538,
      0.6230679154396057,
      0.607155978679657,
      0.5912992358207703,
      0.5755009055137634,
      0.5597635507583618,
      0.5440897941589355,
      0.5284819602966309,
      0.5129419565200806
    ],
    "QC": [
      0.0,
      0.0,
      0.0,
      0.0,
      0.0,
      0.0,
      0.0,
      0.0,
      0.0,
      0.0,
      0.0,
      0.0,
      0.0,
      0.0,
      0.0,
      0.0,
      0.0,
      0.0,
      0.0,
      0.0,
      0.0,
      0.0,
      0.0,
      0.0,
      0.0,
      0.0,
      0.0,
      0.0,
      0.0,
      0.0,
      0.0,
      0.0
    ],
    "QG": [
      0.0,
      0.0,
      0.0,
      0.0,
      0.0,
      0.0,
      0.0,
      0.0,
      0.0,
      0.0,
      0.0,
      0.0,
      0.0,
      0.0,
      0.0,
      0.0,
      0.0,
      0.0,
      0.0,
      0.0,
      0.0,
      0.0,
      0.0,
      0.0,
      0.0,
      0.0,
      0.0,
      0.0,
      0.0,
      0.0,
      0.0,
      0.0
    ],
    "QI": [
      0.0,
      0.0,
      0.0,
      0.0,
      0.0,
      0.0,
      0.0,
      0.0,
      0.0,
      0.0,
      0.0,
      0.0,
      0.0,
      0.0,
      0.0,
      0.0,
      0.0,
      0.0,
      0.0,
      0.0,
      0.0,
      0.0,
      0.0,
      0.0,
      0.0,
      0.0,
      0.0,
      0.0,
      0.0,
      0.0,
      0.0,
      0.0
    ],
    "QR": [
      0.0,
      0.0,
      0.0,
      0.0,
      0.0,
      0.0,
      0.0,
      0.0,
      0.0,
      0.0,
      0.0,
      0.0,
      0.0,
      0.0,
      0.0,
      0.0,
      0.0,
      0.0,
      0.0,
      0.0,
      0.0,
      0.0,
      0.0,
      0.0,
      0.0,
      0.0,
      0.0,
      0.0,
      0.0,
      0.0,
      0.0,
      0.0
    ],
    "QS": [
      0.0,
      0.0,
      0.0,
      0.0,
      0.0,
      0.0,
      0.0,
      0.0,
      0.0,
      0.0,
      0.0,
      0.0,
      0.0,
      0.0,
      0.0,
      0.0,
      0.0,
      0.0,
      0.0,
      0.0,
      0.0,
      0.0,
      0.0,
      0.0,
      0.0,
      0.0,
      0.0,
      0.0,
      0.0,
      0.0,
      0.0,
      0.0
    ],
    "QV": [
      0.002762202639132738,
      0.002299665007740259,
      0.001864907913841307,
      0.001491505769081414,
      0.001180874183773994,
      0.0009274245821870863,
      0.0007234622025862336,
      0.0005610639927908778,
      0.000432876346167177,
      0.0003324292774777859,
      0.0002542156435083598,
      0.0001936526823556051,
      0.0001469902927055955,
      0.0001112000973080285,
      8.386190165765584e-05,
      6.305911665549502e-05,
      4.72851716040168e-05,
      3.536380972946063e-05,
      2.638187834236305e-05,
      1.963427348528057e-05,
      1.457917278457899e-05,
      1.080190486391075e-05,
      7.986483069544192e-06,
      5.892950866837054e-06,
      4.339745828474406e-06,
      3.189914195900201e-06,
      2.340477522011497e-06,
      1.714218797133071e-06,
      1.253396021638764e-06,
      9.999999974752427e-07,
      9.999999974752427e-07,
      9.999999974752427e-07
    ],
    "RHO": [
      1.273105621337891,
      1.229663848876953,
      1.179650664329529,
      1.1283118724823,
      1.076776623725891,
      1.025670528411865,
      0.9753912091255188,
      0.9262059330940247,
      0.8782997131347656,
      0.8318010568618774,
      0.7867975234985352,
      0.7433461546897888,
      0.701481819152832,
      0.6612212061882019,
      0.6225667595863342,
      0.5855109095573425,
      0.5500370860099792,
      0.5161218643188477,
      0.4837369322776794,
      0.4528495669364929,
      0.4234238862991333,
      0.3954216241836548,
      0.3688027858734131,
      0.3435260951519012,
      0.3195492625236511,
      0.2968296706676483,
      0.2753244042396545,
      0.2549906075000763,
      0.2357857674360275,
      0.2176675349473953,
      0.2005942314863205,
      0.1845249384641647
    ],
    "RTHRATEN": [
      -2.211940045526717e-05,
      -1.661896021687426e-05,
      -1.692481237114407e-05,
      -1.736270496621728e-05,
      -1.776470344339032e-05,
      -1.790721944416873e-05,
      -1.855826303653885e-05,
      -1.836676347011235e-05,
      -1.875011912488844e-05,
      -1.941698974405881e-05,
      -1.946425618370995e-05,
      -2.010647767747287e-05,
      -2.103532824548893e-05,
      -2.082379069179296e-05,
      -2.071855669782963e-05,
      -2.077843055303674e-05,
      -1.998401239688974e-05,
      -1.945929943758529e-05,
      -1.824764694902115e-05,
      -1.661492387938779e-05,
      -1.494955267844489e-05,
      -1.285473263124004e-05,
      -1.099303426599363e-05,
      -9.014665010909084e-06,
      -6.859365839773091e-06,
      -4.97175687996787e-06,
      -2.759905555649311e-06,
      -1.003946522359911e-06,
      6.299446226876171e-07,
      2.689472012207261e-06,
      4.520394213614054e-06,
      7.845611435186584e-06
    ],