{
  "columns": {
    "BR": [
      -0.07148149609565735,
      -0.02609522081911564,
      -0.1616964489221573,
      -0.03280670568346977,
      -0.042803555727005,
      -0.09143146872520447,
      -0.06947165727615356,
      -0.0262937992811203
    ],
    "CD": [
      0.007867177948355675,
      0.002222705632448196,
      0.01029556058347225,
      0.002508343895897269,
      0.005754717160016298,
      0.002248676493763924,
      0.01175303850322962,
      0.002290420234203339
    ],
    "CDA": [
      0.005567876622080803,
      0.001861938973888755,
      0.007076282985508442,
      0.002117188414558768,
      0.004238690715283155,
      0.00194735114928335,
      0.00707661546766758,
      0.001931134494952857
    ],
    "CHS": [
      0.009864211082458496,
      0.006209737155586481,
      0.00826474279165268,
      0.005908174905925989,
      0.01319312676787376,
      0.004601588938385248,
      0.01135311648249626,
      0.006052429787814617
    ],
    "CHS2": [
      0.03111816942691803,
      0.007162431720644236,
      0.02884658612310886,
      0.006733050104230642,
      0.0359790064394474,
      0.00511598214507103,
      0.04918369650840759,
      0.00696257222443819
    ],
    "CK": [
      0.003871273016557097,
      0.001433927216567099,
      0.004755435511469841,
      0.001510000322014093,
      0.003112753387540579,
      0.001545178354717791,
      0.004762295633554459,
      0.001461241510696709
    ],
    "CKA": [
      0.003063811920583248,
      0.001257372437976301,
      0.003727315226569772,
      0.00133715767879039,
      0.00250824261456728,
      0.001395979314111173,
      0.003407771931961179,
      0.001288281637243927
    ],
    "CQS2": [
      0.01201260089874268,
      0.007162431720644236,
      0.00988527201116085,
      0.006733050104230642,
      0.01612598262727261,
      0.00511598214507103,
      0.01429582480341196,
      0.00696257222443819
    ],
    "DX": [
      3000.0,
      3000.0,
      9000.0,
      6000.0,
      3000.0,
      3000.0,
      12000.0,
      3000.0
    ],
    "DZ": [
      70.0,
      58.0,
      80.0,
      54.0,
      66.0,
      60.0,
      90.0,
      55.0
    ],
    "FH": [
      4.798026561737061,
      13.72709846496582,
      4.023349761962891,
      13.76439476013184,
      5.678544998168945,
      12.6445426940918,
      4.229415893554688,
      13.64443111419678
    ],
    "FLHC": [
      22.72145843505859,
      7.369652271270752,
      20.5739917755127,
      7.035674571990967,
      26.93832588195801,
      5.45146369934082,
      28.50576591491699,
      7.133725643157959
    ],
    "FLQC": [
      0.007752643898129463,
      0.007282034028321505,
      0.005453531164675951,
      0.006946514826267958,
      0.01162808574736118,
      0.005386650562286377,
      0.0066673350520432,
      0.007054510992020369
    ],
    "FM": [
      5.360621929168701,
      9.26994800567627,
      4.755075454711914,
      8.693211555480957,
      6.143899440765381,
      9.064374923706055,
      4.754963874816895,
      9.102354049682617
    ],
    "GZ1OZ0": [
      6.083359718322754,
      9.805102348327637,
      5.812138557434082,
      9.287393569946289,
      6.716594696044922,
      10.12667083740234,
      5.420535087585449,
      9.634220123291016
    ],
    "HFX": [
      9.144610404968262,
      2.795106172561646,
      8.5408935546875,
      2.652549028396606,
      10.98973178863525,
      2.068255424499512,
      12.35905170440674,
      2.731750249862671
    ],
    "HFX_IN": [
      0.0,
      0.0,
      0.0,
      0.0,
      0.0,
      0.0,
      0.0,
      0.0
    ],
    "LAKEMASK": [
      0.0,
      0.0,
      0.0,
      0.0,
      0.0,
      0.0,
      0.0,
      1.0
    ],
    "LH": [
      128.8644409179688,
      99.31979370117188,
      88.23485565185547,
      110.1425094604492,
      345.7149658203125,
      100.0761032104492,
      100.3106155395508,
      105.1954193115234
    ],
    "MAVAIL": [
      0.699999988079071,
      1.0,
      0.6000000238418579,
      1.0,
      0.800000011920929,
      1.0,
      0.550000011920929,
      1.0
    ],
    "MOL": [
      -0.0335526131093502,
      -0.01105178892612457,
      -0.04127214103937149,
      -0.01095621474087238,
      -0.02873686887323856,
      -0.01200184319168329,
      -0.04100454971194267,
      -0.0112261064350605
    ],
    "MOL_IN": [
      0.0,
      0.0,
      0.0,
      0.0,
      0.0,
      0.0,
      0.0,
      0.0
    ],
    "P": [
      95000.0,
      100000.0,
      92000.0,
      101000.0,
      96000.0,
      100500.0,
      88000.0,
      99000.0
    ],
    "PBLH": [
      800.0,
      800.0,
      800.0,
      800.0,
      800.0,
      800.0,
      800.0,
      800.0
    ],
    "PSFC": [
      94550.0,
      99550.0,
      91550.0,
      100550.0,
      95550.0,
      100050.0,
      87550.0,
      98550.0
    ],
    "PSIH": [
      1.285333156585693,
      0.9749899506568909,
      1.788788795471191,
      1.074679732322693,
      1.038049936294556,
      1.802324771881104,
      1.191119313240051,
      0.9694164991378784
    ],
    "PSIM": [
      0.722737729549408,
      0.5351541638374329,
      1.057063341140747,
      0.5941818356513977,
      0.5726951956748962,
      1.06229555606842,
      0.6655711531639099,
      0.5318660140037537
    ],
    "Q2": [
      0.009189102798700333,
      0.01072566397488117,
      0.007060939446091652,
      0.01177700608968735,
      0.01416289061307907,
      0.01074720174074173,
      0.005238775629550219,
      0.009779702872037888
    ],
    "QFX": [
      5.154577593202703e-05,
      3.972791819251142e-05,
      3.529394234647043e-05,
      4.405700383358635e-05,
      0.0001382859918521717,
      4.003044159617275e-05,
      4.012424687971361e-05,
      4.20781689172145e-05
    ],
    "QFX_IN": [
      0.0,
      0.0,
      0.0,
      0.0,
      0.0,
      0.0,
      0.0,
      0.0
    ],
    "QGH": [
      0.01457778457552195,
      0.01570623181760311,
      0.01240953989326954,
      0.01762519218027592,
      0.02377613633871078,
      0.01771537773311138,
      0.009965985082089901,
      0.01489506755024195
    ],
    "QSFC": [
      0.01464879978448153,
      0.01545560732483864,
      0.01247175969183445,
      0.01734231784939766,
      0.02389241196215153,
      0.01743141561746597,
      0.01001803390681744,
      0.01496471744030714
    ],
    "QSFC_IN": [
      -1.0,
      -1.0,
      -1.0,
      -1.0,
      -1.0,
      -1.0,
      -1.0,
      -1.0
    ],
    "QSTAR": [
      -0.0001910990395117551,
      -0.0001589733583386987,
      -0.0001720549480523914,
      -0.0001843108329921961,
      -0.0003665334661491215,
      -0.0002350869181100279,
      -0.0001340834132861346,
      -0.000174861605046317
    ],
    "QV": [
      0.00800000037997961,
      0.009999999776482582,
      0.006000000052154064,
      0.01099999994039536,
      0.01200000010430813,
      0.009999999776482582,
      0.004000000189989805,
      0.008999999612569809
    ],
    "REGIME": [
      4.0,
      4.0,
      4.0,
      4.0,
      4.0,
      4.0,
      4.0,
      4.0
    ],
    "RMOL": [
      -0.01223183516412973,
      -0.008756840601563454,
      -0.02271724306046963,
      -0.0111805722117424,
      -0.008622164838016033,
      -0.030080521479249,
      -0.00825292244553566,
      -0.009142493829131126
    ],
    "T": [
      292.0,
      294.0,
      289.0,
      296.0,
      300.0,
      296.0,
      285.0,
      293.0
    ],
    "T2": [
      291.7450866699219,
      293.6716003417969,
      288.7397766113281,
      295.668701171875,
      299.7300109863281,
      295.6587219238281,
      284.7751159667969,
      292.6685180664062
    ],
    "TH2": [
      296.4564208984375,
      294.0504455566406,
      296.119384765625,
      295.2054748535156,
      303.6557006835938,
      295.616455078125,
      295.8070068359375,
      293.8930358886719
    ],