{
  "columns": {
    "BR": [
      0.48603755235672,
      0.08130048960447311,
      1.50470769405365,
      0.1167241856455803,
      0.06181133165955544,
      0.2129234671592712,
      0.232623890042305,
      0.04858778044581413
    ],
    "CD": [
      0.0005222500185482204,
      0.001274606795050204,
      0.0002765319659374654,
      0.001005524769425392,
      0.003772173076868057,
      0.0005294398288242519,
      0.00183079089038074,
      0.001647788798436522
    ],
    "CDA": [
      0.0002309022383997217,
      0.0006139485049061477,
      0.0001397876330884174,
      0.0004661821585614234,
      0.001671441714279354,
      0.0002566028560977429,
      0.0004346033092588186,
      0.0009703511605039239
    ],
    "CHS": [
      0.0009318318916484714,
      0.00237895455211401,
      0.0003612989094108343,
      0.001911059254780412,
      0.006308040115982294,
      0.001017641625367105,
      0.001450261101126671,
      0.00335290445946157
    ],
    "CHS2": [
      0.003337938571348786,
      0.003972216509282589,
      0.001090787118300796,
      0.003320503514260054,
      0.02260737121105194,
      0.001949260826222599,
      0.008261343464255333,
      0.005033813882619143
    ],
    "CK": [
      0.0004326751513872296,
      0.0008560408023186028,
      0.0002481579722370952,
      0.0006737338844686747,
      0.002125843660905957,
      0.0004314360558055341,
      0.001128825242631137,
      0.001064608921296895
    ],
    "CKA": [
      0.0002120809658663347,
      0.0004685441963374615,
      0.0001334431290160865,
      0.0003645032411441207,
      0.00108064291998744,
      0.0002326626272406429,
      0.0003588559047784656,
      0.0006749838939867914
    ],
    "CQS2": [
      0.002083910396322608,
      0.003972216509282589,
      0.0007432065904140472,
      0.003320503514260054,
      0.01079190894961357,
      0.001949260826222599,
      0.003585228463634849,
      0.005033813882619143
    ],
    "DX": [
      3000.0,
      3000.0,
      9000.0,
      6000.0,
      3000.0,
      3000.0,
      12000.0,
      3000.0
    ],
    "DZ": [
      70.0,
      58.0,
      80.0,
      54.0,
      66.0,
      60.0,
      90.0,
      55.0
    ],
    "FH": [
      23.68948364257812,
      21.15316772460938,
      29.64189529418945,
      23.69389343261719,
      10.48891067504883,
      27.54001235961914,
      17.69726181030273,
      18.4599723815918
    ],
    "FLHC": [
      1.278691053390503,
      2.813747882843018,
      0.4792123436927795,
      2.290374279022217,
      10.1955099105835,
      1.205591320991516,
      2.047963380813599,
      3.951916933059692
    ],
    "FLQC": [
      0.000680461002048105,
      0.002780295675620437,
      0.0001788577792467549,
      0.002264941344037652,
      0.005232851020991802,
      0.001191258081234992,
      0.0008516935049556196,
      0.003908034414052963
    ],
    "FM": [
      26.32363891601562,
      16.14336395263672,
      33.83184051513672,
      18.52602195739746,
      9.783953666687012,
      24.97061538696289,
      19.18728256225586,
      12.84090232849121
    ],
    "GZ1OZ0": [
      6.083359718322754,
      9.805102348327637,
      5.812138557434082,
      9.287393569946289,
      6.716594696044922,
      10.12667083740234,
      5.420535087585449,
      9.634220123291016
    ],
    "HFX": [
      -7.281413555145264,
      -10.19863414764404,
      -2.504092216491699,
      -8.28946590423584,
      -47.49991226196289,
      -4.364271640777588,
      -9.748576164245605,
      -12.3762731552124
    ],
    "HFX_IN": [
      -20.0,
      -5.0,
      -40.0,
      -3.0,
      -15.0,
      -2.0,
      -60.0,
      -4.0
    ],
    "LAKEMASK": [
      0.0,
      0.0,
      0.0,
      0.0,
      0.0,
      0.0,
      0.0,
      1.0
    ],
    "LH": [
      4.941507339477539,
      19.23704147338867,
      1.410147905349731,
      16.1314525604248,
      71.39000701904297,
      10.55182552337646,
      6.648647785186768,
      28.84039497375488
    ],
    "MAVAIL": [
      0.6499999761581421,
      1.0,
      0.449999988079071,
      1.0,
      0.75,
      1.0,
      0.550000011920929,
      1.0
    ],
    "MOL": [
      0.09615114331245422,
      0.0685395747423172,
      0.07051416486501694,
      0.06110034883022308,
      0.1776697337627411,
      0.05257841944694519,
      0.1075902432203293,
      0.06785956025123596
    ],
    "MOL_IN": [
      0.0,
      0.0,
      0.0,
      0.0,
      0.0,
      0.0,
      0.0,
      0.0
    ],
    "P": [
      95000.0,
      100000.0,
      92000.0,
      101000.0,
      96000.0,
      100500.0,
      88000.0,
      99000.0
    ],
    "PBLH": [
      350.0,
      300.0,
      250.0,
      280.0,
      400.0,
      260.0,
      220.0,
      300.0
    ],
    "PSFC": [
      94550.0,
      99550.0,
      91550.0,
      100550.0,
      95550.0,
      100050.0,
      87550.0,
      98550.0
    ],
    "PSIH": [
      -17.60612297058105,
      -6.564043998718262,
      -23.82975769042969,
      -8.795490264892578,
      -3.772316455841064,
      -13.22703266143799,
      -12.27672672271729,
      -3.909340858459473
    ],
    "PSIM": [
      -20.24027824401855,
      -6.338261604309082,
      -28.01970100402832,
      -9.238628387451172,
      -3.067359209060669,
      -14.84394359588623,
      -13.76674652099609,
      -3.206682443618774
    ],
    "Q2": [
      0.008605903014540672,
      0.01111009810119867,
      0.007120562251657248,
      0.01020926143974066,
      0.01326732523739338,
      0.01169336307793856,
      0.005859449505805969,
      0.009985711425542831
    ],
    "QFX": [
      1.976603016373701e-06,
      7.69481630413793e-06,
      5.640591780320392e-07,
      6.452580691984622e-06,
      2.855600359907839e-05,
      4.220730261295103e-06,
      2.659459141796106e-06,
      1.153615812654607e-05
    ],
    "QFX_IN": [
      -9.999999747378752e-06,
      -9.999999747378752e-06,
      -1.99999994947575e-05,
      -9.999999747378752e-06,
      -1.99999994947575e-05,
      -9.999999747378752e-06,
      -1.99999994947575e-05,
      -9.999999747378752e-06
    ],
    "QGH": [
      0.01457778457552195,
      0.01672651432454586,
      0.01240953989326954,
      0.01554683782160282,
      0.02236292883753777,
      0.01771537773311138,
      0.009965985082089901,
      0.01489506755024195
    ],
    "QSFC": [
      0.009904799982905388,
      0.01276762504130602,
      0.008653674274682999,
      0.01184889487922192,
      0.01645706407725811,
      0.01354308612644672,
      0.00712255435064435,
      0.01195190753787756
    ],
    "QSFC_IN": [
      -1.0,
      -1.0,
      -1.0,
      -1.0,
      -1.0,
      -1.0,
      -1.0,
      -1.0
    ],
    "QSTAR": [
      -2.635221972013824e-05,
      -5.233495539869182e-05,
      -1.601736767042894e-05,
      -4.809500751434825e-05,
      -0.0001081824593711644,
      -5.146092735230923e-05,
      -2.956284879473969e-05,
      -6.396343815140426e-05
    ],
    "QV": [
      0.007000000216066837,
      0.009999999776482582,
      0.005499999970197678,
      0.008999999612569809,
      0.01099999994039536,
      0.009999999776482582,
      0.004000000189989805,
      0.008999999612569809
    ],
    "REGIME": [
      1.0,
      1.0,
      1.0,
      1.0,
      1.0,
      1.0,
      1.0,
      1.0
    ],
    "RMOL": [
      0.4061979353427887,
      0.04463421180844307,
      1.452570915222168,
      0.082058846950531,
      0.01709414646029472,
      0.1895114630460739,
      0.1075381934642792,
      0.02151230722665787
    ],
    "T": [
      292.0,
      295.0,
      289.0,
      294.0,
      299.0,
      296.0,
      285.0,
      293.0
    ],
    "T2": [
      287.8926696777344,
      293.16796875,
      285.517822265625,
      292.0863037109375,
      295.8512878417969,
      293.8901672363281,
      281.0563354492188,
      291.5773010253906
    ],