{
  "columns": {
    "BR": [
      -1041.798950195312,
      -0.9663884043693542,
      -119.3756866455078,
      -0.8886944651603699,
      -246.3124694824219,
      -0.9949375987052917,
      -85.96495056152344,
      -0.9166052341461182
    ],
    "CD": [
      0.6148945093154907,
      0.003356882371008396,
      0.2065714597702026,
      0.003782492130994797,
      0.1668649166822433,
      0.003110363846644759,
      0.2320442199707031,
      0.00346208643168211
    ],
    "CDA": [
      0.4323475062847137,
      0.003094799816608429,
      0.164263978600502,
      0.003481273073703051,
      0.1452230513095856,
      0.002872082870453596,
      0.1728189140558243,
      0.003197506768628955
    ],
    "CHS": [
      0.01562673412263393,
      0.002771415049210191,
      0.01642976514995098,
      0.00299702980555594,
      0.01261717453598976,
      0.002789699006825686,
      0.01775949448347092,
      0.002835707506164908
    ],
    "CHS2": [
      0.0404856875538826,
      0.002984066726639867,
      0.05184942111372948,
      0.00322502083145082,
      0.02604560554027557,
      0.003004691563546658,
      0.07373717427253723,
      0.003050913568586111
    ],
    "CK": [
      0.3896937370300293,
      0.002644767286255956,
      0.1236031726002693,
      0.002791097154840827,
      0.1395431756973267,
      0.002551991725340486,
      0.1118012145161629,
      0.002681792015209794
    ],
    "CKA": [
      0.311586856842041,
      0.002481451723724604,
      0.1047645881772041,
      0.002618998056277633,
      0.1247313767671585,
      0.002395234769210219,
      0.09147731214761734,
      0.002520623384043574
    ],
    "CQS2": [
      0.01798165030777454,
      0.002984066726639867,
      0.01904714293777943,
      0.00322502083145082,
      0.01440458651632071,
      0.003004691563546658,
      0.02062925510108471,
      0.003050913568586111
    ],
    "DX": [
      3000.0,
      3000.0,
      9000.0,
      6000.0,
      3000.0,
      3000.0,
      12000.0,
      3000.0
    ],
    "DZ": [
      70.0,
      58.0,
      80.0,
      54.0,
      66.0,
      60.0,
      90.0,
      55.0
    ],
    "FH": [
      0.6083359718322754,
      8.967480659484863,
      0.696990966796875,
      9.011433601379395,
      0.7421660423278809,
      8.949739456176758,
      0.6792106628417969,
      8.97341537475586
    ],
    "FLHC": [
      24.59890937805176,
      3.289086818695068,
      40.46982192993164,
      3.568974256515503,
      23.2015323638916,
      3.304932355880737,
      51.11684417724609,
      3.342320203781128
    ],
    "FLQC": [
      0.01228162180632353,
      0.003249982837587595,
      0.01084125973284245,
      0.00352374673821032,
      0.01112045627087355,
      0.00326564023271203,
      0.01042960304766893,
      0.003305206308141351
    ],
    "FM": [
      0.6083359718322754,
      7.190245151519775,
      0.9869356155395508,
      6.77939510345459,
      1.049644470214844,
      7.463826179504395,
      0.9621977806091309,
      7.073823928833008
    ],
    "GZ1OZ0": [
      6.083359718322754,
      9.805102348327637,
      5.812138557434082,
      9.287393569946289,
      6.716594696044922,
      10.12667083740234,
      5.420535087585449,
      9.634220123291016
    ],
    "HFX": [
      159.8771514892578,
      11.12746810913086,
      265.8252868652344,
      12.03570365905762,
      126.9924240112305,
      11.16725826263428,
      340.7441101074219,
      11.3487720489502
    ],
    "HFX_IN": [
      0.0,
      0.0,
      0.0,
      0.0,
      0.0,
      0.0,
      0.0,
      0.0
    ],
    "LAKEMASK": [
      0.0,
      0.0,
      0.0,
      0.0,
      0.0,
      0.0,
      0.0,
      1.0
    ],
    "LH": [
      410.2189331054688,
      70.24418640136719,
      333.7975158691406,
      86.99838256835938,
      564.7638549804688,
      89.6705322265625,
      283.2364196777344,
      74.99594116210938
    ],
    "MAVAIL": [
      0.699999988079071,
      1.0,
      0.6000000238418579,
      1.0,
      0.800000011920929,
      1.0,
      0.550000011920929,
      1.0
    ],
    "MOL": [
      -4.273532390594482,
      -0.1509074121713638,
      -3.769622087478638,
      -0.1496904790401459,
      -2.949986696243286,
      -0.1510196924209595,
      -3.925724506378174,
      -0.1513571888208389
    ],
    "MOL_IN": [
      0.0,
      0.0,
      0.0,
      0.0,
      0.0,
      0.0,
      0.0,
      0.0
    ],
    "P": [
      95000.0,
      100000.0,
      92000.0,
      101000.0,
      96000.0,
      100500.0,
      88000.0,
      99000.0
    ],
    "PBLH": [
      900.0,
      900.0,
      900.0,
      900.0,
      900.0,
      900.0,
      900.0,
      900.0
    ],
    "PSFC": [
      94550.0,
      99550.0,
      91550.0,
      100550.0,
      95550.0,
      100050.0,
      87550.0,
      98550.0
    ],
    "PSIH": [
      5.475023746490479,
      3.610159158706665,
      5.115147590637207,
      3.494747161865234,
      5.974428653717041,
      3.66180157661438,
      4.741324424743652,
      3.551115274429321
    ],
    "PSIM": [
      5.475023746490479,
      2.614857196807861,
      4.825202941894531,
      2.50799822807312,
      5.666950225830078,
      2.662844657897949,
      4.458337306976318,
      2.560395956039429
    ],
    "Q2": [
      0.009749709628522396,
      0.01061609666794538,
      0.007692389190196991,
      0.01169815473258495,
      0.01452074013650417,
      0.01078589539974928,
      0.005511135794222355,
      0.00964021123945713
    ],
    "QFX": [
      0.0001640875707380474,
      2.809767465805635e-05,
      0.0001335190027020872,
      3.47993518516887e-05,
      0.0002259055327158421,
      3.586821185308509e-05,
      0.0001132945690187626,
      2.999837670358829e-05
    ],
    "QFX_IN": [
      0.0,
      0.0,
      0.0,
      0.0,
      0.0,
      0.0,
      0.0,
      0.0
    ],
    "QGH": [
      0.01457778457552195,
      0.01570623181760311,
      0.01240953989326954,
      0.01762519218027592,
      0.02377613633871078,
      0.01771537773311138,
      0.009965985082089901,
      0.01489506755024195
    ],
    "QSFC": [
      0.02136041596531868,
      0.01864548400044441,
      0.01831582002341747,
      0.02087566815316677,
      0.03231441229581833,
      0.02098351530730724,
      0.01486278790980577,
      0.01807609759271145
    ],
    "QSFC_IN": [
      -1.0,
      -1.0,
      -1.0,
      -1.0,
      -1.0,
      -1.0,
      -1.0,
      -1.0
    ],
    "QSTAR": [
      -0.004431804642081261,
      -0.0003856371331494302,
      -0.001910107908770442,
      -0.0004383616906125098,
      -0.005319271702319384,
      -0.0004908976843580604,
      -0.001314685214310884,
      -0.0004045772075187415
    ],
    "QV": [
      0.00800000037997961,
      0.009999999776482582,
      0.006000000052154064,
      0.01099999994039536,
      0.01200000010430813,
      0.009999999776482582,
      0.004000000189989805,
      0.008999999612569809
    ],
    "REGIME": [
      4.0,
      4.0,
      4.0,
      4.0,
      4.0,
      4.0,
      4.0,
      4.0
    ],
    "RMOL": [
      -181.0753631591797,
      -0.3267426788806915,
      -17.34569931030273,
      -0.3056909441947937,
      -50.13275527954102,
      -0.3358468413352966,
      -10.35502338409424,
      -0.3211191296577454
    ],
    "T": [
      292.0,
      294.0,
      289.0,
      296.0,
      300.0,
      296.0,
      285.0,
      293.0
    ],
    "T2": [
      294.5744323730469,
      293.8619995117188,
      290.4941101074219,
      295.8612060546875,
      300.6903991699219,
      295.8623657226562,
      286.8634643554688,
      292.857177734375
    ],
    "TH2": [
      299.3314514160156,
      294.2410888671875,
      297.9185485839844,
      295.3976745605469,
      304.628662109375,
      295.820068359375,
      297.9762573242188,
      294.0824890136719
    ],
    "TSK": [
      298.0,
      297.0,
      295.0,
      299.0,
      305.0,
      299.0,
      291.0,
      296.0
    ],