{
  "columns": {
    "DZ": [
      270.2642517089844,
      342.0917663574219,
      375.7229614257812,
      399.3775634765625,
      417.9422607421875,
      433.3585205078125,
      446.61328125,
      458.283447265625,
      468.736328125,
      478.223876953125,
      486.92333984375,
      494.966796875,
      502.45458984375,
      509.466796875,
      516.064453125,
      522.2998046875,
      528.2109375,
      533.8369140625,
      539.205078125,
      544.3388671875,
      549.26171875,
      553.9931640625,
      558.5439453125,
      562.9365234375,
      567.1728515625,
      571.2724609375,
      575.2421875,
      579.0908203125,
      582.8271484375,
      586.4560546875,
      589.984375,
      593.4228515625,
      596.76953125,
      600.03515625,
      603.220703125,
      606.330078125,
      609.37109375,
      612.341796875,
      615.25,
      618.095703125
    ],
    "P": [
      98467.0625,
      95095.3359375,
      91250.203125,
      87243.8515625,
      83197.0859375,
      79235.0859375,
      75324.65625,
      71490.6328125,
      67750.46875,
      64116.56640625,
      60597.625,
      57199.62890625,
      53872.03125,
      50676.12890625,
      47612.7734375,
      44681.73046875,
      41881.9453125,
      39211.66796875,
      36668.6015625,
      34250.03515625,
      31952.91796875,
      29773.919921875,
      27709.5390625,
      25756.11328125,
      23909.87890625,
      22167.0234375,
      20523.685546875,
      18976.001953125,
      17520.123046875,
      16152.2373046875,
      14868.57421875,
      13665.4248046875,
      12539.1484375,
      11486.1845703125,
      10503.0546875,
      9586.373046875,
      8732.8447265625,
      7939.27001953125,
      7202.5498046875,
      6519.68359375
    ],
    "P8W": [
      100000.0,
      96973.1015625,
      93231.0859375,
      89258.3671875,
      85208.53125,
      81222.28125,
      77272.3046875,
      73388.078125,
      69590.21875,
      65893.359375,
      62307.87890625,
      58841.02734375,
      55441.66015625,
      52173.55078125,
      49038.1640625,
      46035.78125,
      43165.73046875,
      40426.6015625,
      37816.34375,
      35332.44140625,
      32972.00390625,
      30731.822265625,
      28608.46484375,
      26598.34375,
      24697.71875,
      22902.80078125,
      21209.728515625,
      19614.625,
      18113.619140625,
      16702.859375,
      15378.5380859375,
      14136.9013671875,
      12974.248046875,
      11886.9658203125,
      10871.51171875,
      9924.435546875,
      9042.37890625,
      8222.072265625,
      7460.349609375,
      6754.14013671875,
      6100.47509765625
    ],
    "PI": [
      0.9955959916114807,
      0.9857341051101685,
      0.9741778373718262,
      0.9617608189582825,
      0.9487980008125305,
      0.9356626868247986,
      0.9222298860549927,
      0.9085668921470642,
      0.8947242498397827,
      0.8807418942451477,
      0.8666514158248901,
      0.8524791598320007,
      0.8380051255226135,
      0.8234896063804626,
      0.8089486956596375,
      0.794396162033081,
      0.7798438668251038,
      0.7653021812438965,
      0.750779926776886,
      0.7362850904464722,
      0.7218244075775146,
      0.707403838634491,
      0.6930286884307861,
      0.6787034869194031,
      0.6644322276115417,
      0.6502183675765991,
      0.6360650062561035,
      0.621974766254425,
      0.6079498529434204,
      0.5939922332763672,
      0.5801035165786743,
      0.5662851333618164,
      0.5525381565093994,
      0.5388635396957397,
      0.5252618789672852,
      0.5117337703704834,
      0.4982795417308807,
      0.4848993122577667,
      0.4715931713581085,
      0.458360880613327
    ],
    "QC": [
      0.0,
      0.0,
      0.0,
      0.0,
      0.0,
      0.0,
      0.0,
      0.0,
      0.0,
      0.0,
      0.0,
      0.0,
      0.0,
      0.0,
      0.0,
      0.0,
      0.0,
      0.0,
      0.0,
      0.0,
      0.0,
      0.0,
      0.0,
      0.0,
      0.0,
      0.0,
      0.0,
      0.0,
      0.0,
      0.0,
      0.0,
      0.0,
      0.0,
      0.0,
      0.0,
      0.0,
      0.0,
      0.0,
      0.0,
      0.0
    ],
    "QI": [
      0.0,
      0.0,
      0.0,
      0.0,
      0.0,
      0.0,
      0.0,
      0.0,
      0.0,
      0.0,
      0.0,
      0.0,
      0.0,
      0.0,
      0.0,
      0.0,
      0.0,
      0.0,
      0.0,
      0.0,
      0.0,
      0.0,
      0.0,
      0.0,
      0.0,
      0.0,
      0.0,
      0.0,
      0.0,
      0.0,
      0.0,
      0.0,
      0.0,
      0.0,
      0.0,
      0.0,
      0.0,
      0.0,
      0.0,
      0.0
    ],
    "QV": [
      0.01565783284604549,
      0.01350732520222664,
      0.01205274648964405,
      0.01122360955923796,
      0.006711446680128574,
      0.006197655107825994,
      0.005702110938727856,
      0.005228558555245399,
      0.00477938586845994,
      0.004356035497039557,
      0.003959122113883495,
      0.005656990222632885,
      0.005101768299937248,
      0.004587351810187101,
      0.004112279042601585,
      0.003674741834402084,
      0.003272767178714275,
      0.002904307330027223,
      0.002567287068814039,
      0.002259713830426335,
      0.001979657681658864,
      0.001725316746160388,
      0.001495027914643288,
      0.001287242746911943,
      0.001100540044717491,
      0.0009336054208688438,
      0.0007852034759707749,
      0.0006541626644320786,
      0.0005393425235524774,
      0.0004396213043946773,
      0.0003538791788741946,
      0.0002809852303471416,
      0.0002197899448219687,
      0.0001691329089226201,
      0.0001278463023481891,
      9.476952254772186e-05,
      6.876765110064298e-05,
      4.874867227044888e-05,
      3.368519901414402e-05,
      2.263274291181006e-05
    ],
    "QVFTEN": [
      7.97666210861081e-10,
      7.754559772088498e-10,
      7.220946618424762e-10,
      6.383489847827661e-10,
      5.321039719952125e-10,
      4.158829947087384e-10,
      3.033024664755857e-10,
      2.055133424549993e-10,
      1.288754380990298e-10,
      7.452693323584114e-11,
      3.961221628490108e-11,
      1.929178865267556e-11,
      8.583771714254507e-12,
      3.479754462007434e-12,
      1.281880092525445e-12,
      4.280458637279799e-13,
      1.292529858100064e-13,
      3.521304680676775e-14,
      8.636153112626978e-15,
      1.902695403373255e-15,
      3.758037429830259e-16,
      6.640958005644409e-17,
      1.047958013175575e-17,
      1.473963783458627e-18,
      1.844463227248139e-19,
      2.049901868805294e-20,
      2.019856714096936e-21,
      1.761611850771773e-22,
      1.357644921786923e-23,
      9.231016612853108e-25,
      5.528767399501229e-26,
      2.912432091617199e-27,
      1.347346042724933e-28,
      5.465803852340474e-30,
      1.941626555552636e-31,
      6.030981765437228e-33,
      1.63580324492491e-34,
      3.868954478063135e-36,
      7.968941661721214e-38,
      1.427492936518441e-39
    ],