{
  "columns": {
    "DZ": [
      270.2642517089844,
      342.0917663574219,
      375.7229614257812,
      399.3775634765625,
      417.9422607421875,
      433.3585205078125,
      446.61328125,
      458.283447265625,
      468.736328125,
      478.223876953125,
      486.92333984375,
      494.966796875,
      502.45458984375,
      509.466796875,
      516.064453125,
      522.2998046875,
      528.2109375,
      533.8369140625,
      539.205078125,
      544.3388671875,
      549.26171875,
      553.9931640625,
      558.5439453125,
      562.9365234375,
      567.1728515625,
      571.2724609375,
      575.2421875,
      579.0908203125,
      582.8271484375,
      586.4560546875,
      589.984375,
      593.4228515625,
      596.76953125,
      600.03515625,
      603.220703125,
      606.330078125,
      609.37109375,
      612.341796875,
      615.25,
      618.095703125
    ],
    "P": [
      99270.03125,
      95915.40625,
      92087.671875,
      88073.6796875,
      83972.453125,
      79857.015625,
      75769.2890625,
      71737.2734375,
      67781.8359375,
      63918.796875,
      60160.265625,
      56515.5234375,
      52991.58203125,
      49593.640625,
      46325.3984375,
      43189.2890625,
      40186.73046875,
      37318.23046875,
      34583.5546875,
      31981.83203125,
      29511.630859375,
      27171.0625,
      24957.833984375,
      22869.32421875,
      20902.609375,
      19054.537109375,
      17321.7421875,
      15700.6884765625,
      14187.7060546875,
      12779.0087890625,
      11470.7294921875,
      10258.927734375,
      9139.61328125,
      8108.77099609375,
      7162.3642578125,
      6296.3583984375,
      5506.72802734375,
      5000.0,
      5000.0,
      5000.0
    ],
    "P8W": [
      100800.0,
      97790.3671875,
      94066.671875,
      90086.921875,
      85982.2421875,
      81839.671875,
      77708.71875,
      73622.109375,
      69603.90625,
      65672.2734375,
      61841.07421875,
      58120.94921875,
      54520.00390625,
      51044.30859375,
      47698.26953125,
      44484.91796875,
      41406.1328125,
      38462.83984375,
      35655.1171875,
      32982.359375,
      30443.361328125,
      28036.40234375,
      25759.322265625,
      23609.609375,
      21584.404296875,
      19680.619140625,
      17894.908203125,
      16223.748046875,
      14663.4609375,
      13210.2392578125,
      11860.1796875,
      10609.2998046875,
      9453.5478515625,
      8388.84765625,
      7411.087890625,
      6516.1552734375,
      5699.9404296875,
      5000.0,
      5000.0,
      5000.0,
      5000.0
    ],
    "PI": [
      0.9979089498519897,
      0.9881554245948792,
      0.9767239689826965,
      0.9643656611442566,
      0.9513159990310669,
      0.9377551078796387,
      0.9237819910049438,
      0.9094613194465637,
      0.8948426246643066,
      0.8799648284912109,
      0.8648596405982971,
      0.8495535850524902,
      0.8340689539909363,
      0.8184249401092529,
      0.802638053894043,
      0.7867227792739868,
      0.7706918120384216,
      0.75455641746521,
      0.7383264899253845,
      0.7220109701156616,
      0.7056177258491516,
      0.6891538500785828,
      0.6726256012916565,
      0.656038761138916,
      0.639398455619812,
      0.6227091550827026,
      0.6059750318527222,
      0.5891996622085571,
      0.5723862051963806,
      0.5555376410484314,
      0.5386562943458557,
      0.5217442512512207,
      0.5048033595085144,
      0.4878348708152771,
      0.4708398878574371,
      0.4538190066814423,
      0.4367725253105164,
      0.4248906075954437,
      0.4248906075954437,
      0.4248906075954437
    ],
    "QC": [
      0.0,
      0.0,
      0.0,
      0.0,
      0.0,
      0.0,
      0.0,
      0.0,
      0.0,
      0.0,
      0.0,
      0.0,
      0.0,
      0.0,
      0.0,
      0.0,
      0.0,
      0.0,
      0.0,
      0.0,
      0.0,
      0.0,
      0.0,
      0.0,
      0.0,
      0.0,
      0.0,
      0.0,
      0.0,
      0.0,
      0.0,
      0.0,
      0.0,
      0.0,
      0.0,
      0.0,
      0.0,
      0.0,
      0.0,
      0.0
    ],
    "QI": [
      0.0,
      0.0,
      0.0,
      0.0,
      0.0,
      0.0,
      0.0,
      0.0,
      0.0,
      0.0,
      0.0,
      0.0,
      0.0,
      0.0,
      0.0,
      0.0,
      0.0,
      0.0,
      0.0,
      0.0,
      0.0,
      0.0,
      0.0,
      0.0,
      0.0,
      0.0,
      0.0,
      0.0,
      0.0,
      0.0,
      0.0,
      0.0,
      0.0,
      0.0,
      0.0,
      0.0,
      0.0,
      0.0,
      0.0,
      0.0
    ],
    "QV": [
      0.02200346626341343,
      0.01904754713177681,
      0.01602232083678246,
      0.01322321128100157,
      0.01114099659025669,
      0.009357518516480923,
      0.007789450231939554,
      0.006427042651921511,
      0.005255586933344603,
      0.004257931374013424,
      0.003416185965761542,
      0.002712617395445704,
      0.002130202250555158,
      0.001652991282753646,
      0.0012662373483181,
      0.0009564933716319501,
      0.0007116063497960567,
      0.000520717294421047,
      0.0003742083208635449,
      0.0002636655699461699,
      0.0001818091113818809,
      0.0001224367006216198,
      8.034213533392176e-05,
      5.123920345795341e-05,
      3.166964597767219e-05,
      1.890864950837567e-05,
      1.086593147192616e-05,
      5.984923063806491e-06,
      3.144658649034682e-06,
      1.567643039379618e-06,
      7.367979719674622e-07,
      3.241176216306485e-07,
      1.323159466437573e-07,
      1.000000011686097e-07,
      1.000000011686097e-07,
      1.000000011686097e-07,
      1.000000011686097e-07,
      1.000000011686097e-07,
      1.000000011686097e-07,
      1.000000011686097e-07
    ],
    "QVFTEN": [
      1.046936670690002e-08,
      1.017785766777024e-08,
      9.477490792164645e-09,
      8.378329141578433e-09,
      6.983863709564275e-09,
      5.458462570828715e-09,
      3.980843654716182e-09,
      2.697362333492492e-09,
      1.691489837085669e-09,
      9.781657706042779e-10,
      5.19910281493452e-10,
      2.532046794456733e-10,
      1.126619908475845e-10,
      4.567176845049481e-11,
      1.682467359875872e-11,
      5.618100602788889e-12,
      1.696445284596337e-12,
      4.621711542120155e-13,
      1.133494882156472e-13,
      2.497287248412298e-14,
      4.932423623726402e-15,
      8.716255959657633e-16,
      1.375444657580443e-16,
      1.934576929414519e-17,
      2.420857593175508e-18,
      2.690495932196103e-19,
      2.651061679768029e-20,
      2.312115012979371e-21,
      1.781908673883258e-22,
      1.211570759106243e-23,
      7.256505655693968e-25,
      3.822566340245946e-26,
      1.768391378645288e-27,
      7.173866357192634e-29,
      2.548384483882114e-30,
      7.915661996749377e-32,
      2.146991575292952e-33,
      5.078001286139151e-35,
      1.045923434053534e-36,
      1.873584811988839e-38
    ],