{
  "columns": {
    "DZ": [
      270.2642517089844,
      342.0917663574219,
      375.7229614257812,
      399.3775634765625,
      417.9422607421875,
      433.3585205078125,
      446.61328125,
      458.283447265625,
      468.736328125,
      478.223876953125,
      486.92333984375,
      494.966796875,
      502.45458984375,
      509.466796875,
      516.064453125,
      522.2998046875,
      528.2109375,
      533.8369140625,
      539.205078125,
      544.3388671875,
      549.26171875,
      553.9931640625,
      558.5439453125,
      562.9365234375,
      567.1728515625,
      571.2724609375,
      575.2421875,
      579.0908203125,
      582.8271484375,
      586.4560546875,
      589.984375,
      593.4228515625,
      596.76953125,
      600.03515625,
      603.220703125,
      606.330078125,
      609.37109375,
      612.341796875,
      615.25,
      618.095703125
    ],
    "P": [
      98954.265625,
      95555.53125,
      91679.8203125,
      87627.640625,
      83524.3125,
      79428.7578125,
      75379.34375,
      71402.765625,
      67518.1796875,
      63739.54296875,
      60077.00390625,
      56537.83203125,
      53127.06640625,
      49847.95703125,
      46702.34765625,
      43690.91015625,
      40813.3828125,
      38068.74609375,
      35455.33203125,
      32970.96875,
      30613.06640625,
      28378.68359375,
      26264.615234375,
      24267.44140625,
      22383.56640625,
      20609.287109375,
      18940.79296875,
      17374.22265625,
      15905.67578125,
      14531.248046875,
      13247.0419921875,
      12049.1787109375,
      10933.818359375,
      9897.1767578125,
      8935.521484375,
      8045.193359375,
      7222.60693359375,
      6464.25439453125,
      5766.7158203125,
      5126.65869140625
    ],
    "P8W": [
      100500.0,
      97448.7734375,
      93676.78125,
      89657.890625,
      85550.53125,
      81427.578125,
      77335.03125,
      73304.3203125,
      69357.8515625,
      65511.89453125,
      61778.328125,
      58165.7578125,
      54680.26171875,
      51325.92578125,
      48105.24609375,
      45019.44140625,
      42068.67578125,
      39252.28515625,
      36568.87890625,
      34016.50390625,
      31592.75,
      29294.810546875,
      27119.572265625,
      25063.69921875,
      23123.62890625,
      21295.693359375,
      19576.0859375,
      17960.93359375,
      16446.3203125,
      15028.3017578125,
      13702.9404296875,
      12466.310546875,
      11314.509765625,
      10243.6923828125,
      9250.0576171875,
      8329.875,
      7479.4853515625,
      6695.3017578125,
      5973.828125,
      5311.64990234375,
      5000.0
    ],
    "PI": [
      0.9970009922981262,
      0.9870947003364563,
      0.9754860401153564,
      0.9629677534103394,
      0.9498626589775085,
      0.9363155364990234,
      0.9224210977554321,
      0.9082476496696472,
      0.8938467502593994,
      0.8792590498924255,
      0.8645175099372864,
      0.8496493697166443,
      0.8346776962280273,
      0.8196218609809875,
      0.8044986724853516,
      0.7893227338790894,
      0.7741065621376038,
      0.7588613629341125,
      0.7435969114303589,
      0.7283218502998352,
      0.7130438685417175,
      0.6977696418762207,
      0.6825052499771118,
      0.6672561168670654,
      0.652026891708374,
      0.6368218660354614,
      0.6216447949409485,
      0.6064990162849426,
      0.5913873314857483,
      0.5763124227523804,
      0.5612764358520508,
      0.5462813973426819,
      0.5313287973403931,
      0.5164201855659485,
      0.5015566349029541,
      0.4867389798164368,
      0.4719679951667786,
      0.4572440981864929,
      0.4425675570964813,
      0.4279384016990662
    ],
    "QC": [
      0.0,
      0.0,
      0.0,
      0.0,
      0.0,
      0.0,
      0.0,
      0.0,
      0.0,
      0.0,
      0.0,
      0.0,
      0.0,
      0.0,
      0.0,
      0.0,
      0.0,
      0.0,
      0.0,
      0.0,
      0.0,
      0.0,
      0.0,
      0.0,
      0.0,
      0.0,
      0.0,
      0.0,
      0.0,
      0.0,
      0.0,
      0.0,
      0.0,
      0.0,
      0.0,
      0.0,
      0.0,
      0.0,
      0.0,
      0.0
    ],
    "QI": [
      0.0,
      0.0,
      0.0,
      0.0,
      0.0,
      0.0,
      0.0,
      0.0,
      0.0,
      0.0,
      0.0,
      0.0,
      0.0,
      0.0,
      0.0,
      0.0,
      0.0,
      0.0,
      0.0,
      0.0,
      0.0,
      0.0,
      0.0,
      0.0,
      0.0,
      0.0,
      0.0,
      0.0,
      0.0,
      0.0,
      0.0,
      0.0,
      0.0,
      0.0,
      0.0,
      0.0,
      0.0,
      0.0,
      0.0,
      0.0
    ],
    "QV": [
      0.01614548452198505,
      0.01391446683555841,
      0.01188669726252556,
      0.01059911772608757,
      0.009381348267197609,
      0.008251117542386055,
      0.007215879857540131,
      0.006277337670326233,
      0.005433539394289255,
      0.004680267069488764,
      0.004011943936347961,
      0.003422296373173594,
      0.002904697088524699,
      0.002452488988637924,
      0.002059232443571091,
      0.001718814251944423,
      0.001425502472557127,
      0.001174026750959456,
      0.0009595619048923254,
      0.0007777306018397212,
      0.0006245684926398098,
      0.0004964970867149532,
      0.000390290399082005,
      0.0003030385996680707,
      0.0002321132051292807,
      0.0001751437084749341,
      0.0001299959694733843,
      9.475188562646508e-05,
      6.76982817822136e-05,
      4.731875378638506e-05,
      3.228439527447335e-05,
      2.144830614270177e-05,
      1.38370360218687e-05,
      8.642109605716541e-06,
      5.207453341427026e-06,
      3.015561560459901e-06,
      1.670809751885827e-06,
      8.812609735286969e-07,
      4.399208535232901e-07,
      2.064503235033044e-07
    ],
    "QVFTEN": [
      1.794748349936981e-09,
      1.744775213197158e-09,
      1.62471236464512e-09,
      1.436284757794226e-09,
      1.197233534533382e-09,
      9.357363772721783e-10,
      6.824302789532055e-10,
      4.624048643986356e-10,
      2.899696316394085e-10,
      1.676855182486392e-10,
      8.912745541600486e-11,
      4.340650755496611e-11,
      1.931347963501917e-11,
      7.829444557960752e-12,
      2.884229096875024e-12,
      9.631028613510395e-13,
      2.908190994879017e-13,
      7.922932736314017e-14,
      1.943133730363065e-14,
      4.28106291058437e-15,
      8.455582099535714e-16,
      1.494214955699951e-16,
      2.357904640425885e-17,
      3.316417091065232e-18,
      4.150040613409435e-19,
      4.612277993121561e-20,
      4.544676092105168e-21,
      3.963625181177987e-22,
      3.054700087944444e-23,
      2.076978072290561e-24,
      1.243972264294348e-25,
      6.55296970242977e-27,
      3.031527603073471e-28,
      1.229805424790731e-29,
      4.368657986751905e-31,
      1.356970401311697e-32,
      3.680556153137346e-34,
      8.705144078001086e-36,
      1.793011383432811e-37,
      3.211858756841876e-39
    ],