{
  "scalars": {
    "SCHEME": "WSM3 (mp_physics=3)",
    "CASE": 2,
    "KX": 40,
    "DT": 90.0,
    "RAIN": 0.01371357217431068,
    "RAINNCV": 0.01371357217431068,
    "SNOW": 0.0,
    "SNOWNCV": 0.0,
    "SR": 0.0
  },
  "columns": {
    "T_IN": [
      285.9895324707031,
      283.4468078613281,
      280.9667053222656,
      279.7803039550781,
      278.5206298828125,
      277.1957702636719,
      275.8106079101562,
      274.3684997558594,
      272.8718872070312,
      271.3224182128906,
      269.7215270996094,
      268.0702514648438,
      266.369384765625,
      264.6196899414062,
      262.82177734375,
      260.97607421875,
      259.0830383300781,
      257.14306640625,
      255.1564331054688,
      253.1234893798828,
      251.0444793701172,
      248.9196624755859,
      246.7492218017578,
      244.5334320068359,
      242.2724761962891,
      239.9664916992188,
      237.6157531738281,
      235.2204132080078,
      232.7805786132812,
      230.2964935302734,
      227.7682952880859,
      225.1961212158203,
      222.5801544189453,
      219.9205780029297,
      217.2174835205078,
      214.4710388183594,
      211.6814270019531,
      208.8487854003906,
      205.9732666015625,
      203.0550079345703
    ],
    "QV_IN": [
      0.009286003187298775,
      0.008081343024969101,
      0.007013872731477022,
      0.006456288509070873,
      0.005924399010837078,
      0.005422717425972223,
      0.004952704068273306,
      0.004514268599450588,
      0.004106459673494101,
      0.003727809293195605,
      0.003376704640686512,
      0.003051444888114929,
      0.002750364597886801,
      0.002471923362463713,
      0.002214691834524274,
      0.001977354055270553,
      0.001758742146193981,
      0.00155780219938606,
      0.001373570063151419,
      0.00120517797768116,
      0.001051811734214425,
      0.0009127066587097943,
      0.0007871214183978736,
      0.0006743381964042783,
      0.0005736369057558477,
      0.0004842915514018387,
      0.0004055749159306288,
      0.0003367421159055084,
      0.0002770385763142258,
      0.0002257074811495841,
      0.0001819869503378868,
      0.0001451216085115448,
      0.0001143701956607401,
      8.901255205273628e-05,
      6.83577818563208e-05,
      5.175334081286564e-05,
      3.859126081806608e-05,
      2.831315396178979e-05,
      2.041489460680168e-05,
      1.444879399059573e-05
    ],
    "QC_IN": [
      0.0003363109135534614,
      0.0004520235816016793,
      0.0005845415871590376,
      0.0007065957179293036,
      0.0007854835130274296,
      0.0007936708279885352,
      0.0007222243584692478,
      0.0005873335176147521,
      0.0004240179550834,
      0.0002701517078094184,
      0.0001510935690021142,
      0.0001330413215328008,
      8.553567749913782e-05,
      0.0001182779014925472,
      0.0001562757097417489,
      0.0001969432923942804,
      0.0002363403618801385,
      0.0002696577575989068,
      0.0002921044069807976,
      0.0002999995485879481,
      0.0002917420060839504,
      0.0002683113561943173,
      0.0002330944698769599,
      0.000191069208085537,
      0.0001476210891269147,
      0.0001073881358024664,
      7.348238432314247e-05,
      4.725122562376782e-05,
      2.852613033610396e-05,
      1.615413748368155e-05,
      8.573519153287634e-06,
      4.260910372977378e-06,
      1.981341938517289e-06,
      8.613598083684337e-07,
      3.498163607673632e-07,
      1.326170178117536e-07,
      4.689690769055233e-08,
      1.54582640021772e-08,
      4.746213644324371e-09,
      1.356442846933703e-09
    ],
    "QR_IN": [
      3.146857852698304e-05,
      4.280675420886837e-05,
      5.92344076721929e-05,
      8.194032125174999e-05,
      0.0001123732145060785,
      0.000151969346916303,
      0.0002018798986682668,
      0.0002626368077471852,
      0.0003337791713420302,
      0.000413506495533511,
      0.0004984510596841574,
      0.0005836702766828239,
      0.0006629431154578924,
      0.0007293985108844936,
      0.0007764194160699844,
      0.0007986811688169837,
      0.0007931074942462146,
      0.0007595158531330526,
      0.0007007733802311122,
      0.0006223948439583182,
      0.0005316589376889169,
      0.000436442467616871,
      0.0003440426371525973,
      0.0002602353633847088,
      0.000188746940693818,
      0.0001311761589022353,
      8.729805995244533e-05,
      5.559709461522289e-05,
      3.386322714504786e-05,
      1.971394522115588e-05,
      1.096315645554569e-05,
      5.820625574415317e-06,
      2.94874666906253e-06,
      1.424647848580207e-06,
      6.560745759998099e-07,
      2.878416580642806e-07,
      1.20252821034228e-07,
      4.781539075793262e-08,
      1.808695593297216e-08,
      6.505581406912597e-09
    ],
    "W_IN": [
      0.005132034886628389,
      0.01025630533695221,
      0.02109862864017487,
      0.04286894202232361,
      0.08431095629930496,
      0.1584077328443527,
      0.2815893888473511,
      0.4699752628803253,
      0.7317983508110046,
      1.057306051254272,
      1.410684704780579,
      1.730730652809143,
      1.945028305053711,
      1.995212316513062,
      1.862115502357483,
      1.576397180557251,
      1.207083940505981,
      0.8338088989257812,
      0.5182761549949646,
      0.2891920506954193,
      0.1445293724536896,
      0.06455469131469727,
      0.02571596950292587,
      0.009118319489061832,
      0.002872309880331159,
      0.0008023249101825058,
      0.0001983803667826578,
      4.334408004069701e-05,
      8.354395504284184e-06,
      1.41824727961648e-06,
      2.117193389494787e-07,
      2.775072438510051e-08,
      3.188949326826673e-09,
      3.208159016221401e-10,
      2.821485406423463e-11,
      2.166304462203339e-12,
      1.450093978271408e-13,
      8.451529576278694e-15,
      4.283286001493999e-16,
      1.885278453831461e-17
    ],
    "PII": [
      0.9964792132377625,
      0.9876195788383484,
      0.977756679058075,
      0.9673320055007935,
      0.9565169811248779,
      0.9454084634780884,
      0.9340701103210449,
      0.9225477576255798,
      0.9108757972717285,
      0.899081289768219,
      0.8871861100196838,
      0.8752081990242004,
      0.863162636756897,
      0.8510622978210449,
      0.8389182090759277,
      0.826740026473999,
      0.8145360350608826,
      0.8023137450218201,
      0.7900795936584473,
      0.7778395414352417,
      0.7655987739562988,
      0.7533619403839111,
      0.7411333322525024,
      0.7289167046546936,
      0.7167156338691711,
      0.704533040523529,
      0.6923719644546509,
      0.6802350282669067,
      0.6681243777275085,
      0.6560423374176025,
      0.6439908742904663,
      0.6319717168807983,
      0.6199865341186523,
      0.6080368757247925,
      0.596123993396759,
      0.5842491388320923,
      0.5724136233329773,
      0.5606183409690857,
      0.5488643050193787,
      0.5371522903442383
    ],
    "DEN": [
      1.196635365486145,
      1.171067237854004,
      1.141360759735107,
      1.104368329048157,
      1.06689989566803,
      1.029366850852966,
      0.9920408129692078,
      0.9551123976707458,
      0.9187204837799072,
      0.8829692006111145,
      0.8479365706443787,
      0.8136812448501587,
      0.7802475094795227,
      0.7476674914360046,
      0.7159637808799744,
      0.6851521134376526,
      0.6552410125732422,
      0.6262344717979431,
      0.5981319546699524,
      0.5709295868873596,
      0.5446206331253052,
      0.5191953778266907,
      0.4946427941322327,
      0.4709497690200806,
      0.4481017291545868,
      0.4260832667350769,
      0.4048778712749481,
      0.3844684064388275,
      0.3648370206356049,
      0.3459655344486237,
      0.3278354108333588,
      0.3104278445243835,
      0.293724000453949,
      0.2777048051357269,
      0.2623513638973236,
      0.247644767165184,
      0.2335662245750427,
      0.2200970649719238,
      0.2072189003229141,
      0.1949134021997452
    ],