{
  "scalars": {
    "SCHEME": "WSM3 (mp_physics=3)",
    "CASE": 4,
    "KX": 40,
    "DT": 90.0,
    "RAIN": 0.04057060182094574,
    "RAINNCV": 0.04057060182094574,
    "SNOW": 0.0,
    "SNOWNCV": 0.0,
    "SR": 0.0
  },
  "columns": {
    "T_IN": [
      294.9894714355469,
      292.4580688476562,
      289.635009765625,
      286.6300659179688,
      285.3585205078125,
      284.2051696777344,
      282.99462890625,
      281.7294921875,
      280.4114990234375,
      279.0420837402344,
      277.6221923828125,
      276.152587890625,
      274.6339416503906,
      273.0667114257812,
      271.4513244628906,
      269.7881469726562,
      268.0774230957031,
      266.3194885253906,
      264.5144958496094,
      262.6627197265625,
      260.7643127441406,
      258.8194580078125,
      256.8283386230469,
      254.7911376953125,
      252.7079772949219,
      250.5789947509766,
      248.4043731689453,
      246.1842651367188,
      243.9188232421875,
      241.6081390380859,
      239.25244140625,
      236.8518218994141,
      234.4064483642578,
      231.9164276123047,
      229.3819580078125,
      226.8031616210938,
      224.1801910400391,
      221.5131530761719,
      218.8022766113281,
      216.0476379394531
    ],
    "QV_IN": [
      0.01693011820316315,
      0.01488019898533821,
      0.01284716743975878,
      0.01094768010079861,
      0.01011315826326609,
      0.009405774064362049,
      0.008734708651900291,
      0.008100330829620361,
      0.007501766551285982,
      0.006937596946954727,
      0.006405993364751339,
      0.005905054043978453,
      0.005432938225567341,
      0.004987891297787428,
      0.004568349104374647,
      0.004172940272837877,
      0.003800468053668737,
      0.003449961543083191,
      0.003120568580925465,
      0.002811621641740203,
      0.002522536553442478,
      0.002252824371680617,
      0.002002049703150988,
      0.001769802067428827,
      0.001555660623125732,
      0.001359186950139701,
      0.001179904909804463,
      0.001017278875224292,
      0.0008707076776772738,
      0.000739514478482306,
      0.0006229616701602936,
      0.0005202330648899078,
      0.0004304549074731767,
      0.0003527002409100533,
      0.0002860057866200805,
      0.0002293805591762066,
      0.0001818249002099037,
      0.0001423454814357683,
      0.000109973203507252,
      8.377359336009249e-05
    ],
    "QC_IN": [
      0.00048835389316082,
      0.0006159228505566716,
      0.000765869626775384,
      0.0009211365832015872,
      0.001060536596924067,
      0.00116041162982583,
      0.001199876540340483,
      0.001167026464827359,
      0.001063444884493947,
      0.0009047301136888564,
      0.0007163584814406931,
      0.0005263942875899374,
      0.000358033983502537,
      0.0002248613600386307,
      0.000130106694996357,
      0.0,
      0.0,
      0.0,
      0.0,
      0.0,
      0.0,
      0.0,
      0.0,
      0.0,
      0.0,
      0.0,
      0.0,
      0.0,
      0.0,
      0.0,
      0.0,
      0.0,
      0.0,
      0.0,
      0.0,
      0.0,
      0.0,
      0.0,
      0.0,
      0.0
    ],
    "QR_IN": [
      6.878051499370486e-05,
      9.584923827787861e-05,
      0.0001354354899376631,
      0.0001902393560158089,
      0.0002630798553582281,
      0.0003559274482540786,
      0.0004689291235990822,
      0.0005994175444357097,
      0.000741147727239877,
      0.0008840967784635723,
      0.001015128218568861,
      0.001119648339226842,
      0.001184076885692775,
      0.001198622398078442,
      0.001159610343165696,
      0.001070630853064358,
      0.0009420556598342955,
      0.0007889847038313746,
      0.0006281923851929605,
      0.0004749551881104708,
      0.0003406245668884367,
      0.0002314786543138325,
      0.0001489110291004181,
      9.059582225745544e-05,
      5.207827052799985e-05,
      2.826094896590803e-05,
      1.446535134164151e-05,
      6.977896646276349e-06,
      3.169752517351299e-06,
      1.354859250568552e-06,
      5.445083388622152e-07,
      2.056068240108289e-07,
      7.289280290478928e-08,
      2.424627076891284e-08,
      7.561735237970879e-09,
      2.209673111153165e-09,
      6.046259048986258e-10,
      1.548179501265068e-10,
      3.707387175033716e-11,
      8.297676781787722e-12
    ],
    "W_IN": [
      0.004270138218998909,
      0.009643755853176117,
      0.02243293635547161,
      0.05114804208278656,
      0.1115471869707108,
      0.2289997041225433,
      0.4373381733894348,
      0.7696980237960815,
      1.238637447357178,
      1.810381174087524,
      2.38909649848938,
      2.831672668457031,
      2.999999523162842,
      2.828564405441284,
      2.363851547241211,
      1.74440860748291,
      1.132707834243774,
      0.6450406312942505,
      0.3211385309696198,
      0.1393606960773468,
      0.05256509035825729,
      0.01718639396131039,
      0.004858217667788267,
      0.001184373744763434,
      0.000248414755333215,
      4.472363434615545e-05,
      6.896015293023083e-06,
      9.087071362046117e-07,
      1.021175890514314e-07,
      9.766675468370067e-09,
      7.934266577080962e-10,
      5.464419888800975e-11,
      3.184565241717841e-12,
      1.567598047896857e-13,
      6.506100725441749e-15,
      2.272791097203853e-16,
      6.671413472309631e-18,
      1.642764023671091e-19,
      3.387926205554414e-21,
      5.842338573946643e-23
    ],
    "PII": [
      0.9965860843658447,
      0.9880340099334717,
      0.9784966707229614,
      0.9683448076248169,
      0.9578019380569458,
      0.9469751119613647,
      0.9359275102615356,
      0.9247037768363953,
      0.9133375883102417,
      0.90185546875,
      0.8902787566184998,
      0.8786249756813049,
      0.8669089674949646,
      0.8551431894302368,
      0.8433384895324707,
      0.831504225730896,
      0.8196484446525574,
      0.8077784776687622,
      0.7959005832672119,
      0.7840205430984497,
      0.7721433043479919,
      0.7602735161781311,
      0.7484152317047119,
      0.7365721464157104,
      0.7247475385665894,
      0.7129444479942322,
      0.7011656165122986,
      0.6894136071205139,
      0.6776906847953796,
      0.6659988164901733,
      0.6543399691581726,
      0.6427158117294312,
      0.6311279535293579,
      0.6195777654647827,
      0.6080665588378906,
      0.5965955257415771,
      0.5851657390594482,
      0.5737780928611755,
      0.5624336004257202,
      0.5511329174041748
    ],
    "DEN": [
      1.155223250389099,
      1.131995439529419,
      1.106230497360229,
      1.078997254371643,
      1.043590188026428,
      1.007383108139038,
      0.9713761210441589,
      0.935753345489502,
      0.9006491303443909,
      0.8661631345748901,
      0.8323706388473511,
      0.7993279099464417,
      0.7670770287513733,
      0.7356483340263367,
      0.7050635814666748,
      0.6753367781639099,
      0.6464757919311523,
      0.6184834837913513,
      0.5913591384887695,
      0.565098226070404,
      0.5396934151649475,
      0.5151352286338806,
      0.4914123117923737,
      0.4685114622116089,
      0.4464184939861298,
      0.425118088722229,
      0.4045941233634949,
      0.3848299384117126,
      0.3658080101013184,
      0.3475108742713928,
      0.3299205303192139,
      0.3130188584327698,
      0.2967876493930817,
      0.2812087833881378,
      0.2662639319896698,
      0.2519349455833435,
      0.2382039576768875,
      0.2250530868768692,
      0.2124646306037903,
      0.2004212141036987
    ],