{
  "scalars": {
    "SCHEME": "WSM3 (mp_physics=3)",
    "CASE": 5,
    "KX": 40,
    "DT": 90.0,
    "RAIN": 0.01387407630681992,
    "RAINNCV": 0.01387407630681992,
    "SNOW": 0.0,
    "SNOWNCV": 0.0,
    "SR": 0.0
  },
  "columns": {
    "T_IN": [
      281.9895324707031,
      279.8318481445312,
      278.7015075683594,
      277.4814453125,
      276.1872863769531,
      274.8273620605469,
      273.4067687988281,
      271.9290771484375,
      270.3966369628906,
      268.8113403320312,
      267.1746215820312,
      265.4874877929688,
      263.7508850097656,
      261.9655151367188,
      260.1319885253906,
      258.2508544921875,
      256.3224792480469,
      254.3472595214844,
      252.3255767822266,
      250.2576904296875,
      248.1438598632812,
      245.984375,
      243.7794342041016,
      241.5292663574219,
      239.2340545654297,
      236.8939971923828,
      234.5092468261719,
      232.0800170898438,
      229.6064605712891,
      227.0886993408203,
      224.5269775390625,
      221.9213714599609,
      219.2720794677734,
      216.5792388916016,
      213.8430023193359,
      211.0635375976562,
      208.2409515380859,
      205.3754577636719,
      202.4671630859375,
      199.5162506103516
    ],
    "QV_IN": [
      0.00419185496866703,
      0.003692390630021691,
      0.003388692159205675,
      0.003095063380897045,
      0.002817218890413642,
      0.002557389670982957,
      0.002316159661859274,
      0.002093274146318436,
      0.001887970720417798,
      0.001699279062449932,
      0.001526118139736354,
      0.001367375254631042,
      0.001221991842612624,
      0.001088963588699698,
      0.0009673676686361432,
      0.0008563656010665,
      0.0007551932940259576,
      0.0006631669821217656,
      0.0005796704208478332,
      0.000504138006363064,
      0.0004360519524198025,
      0.0003749321331270039,
      0.0003203226369805634,
      0.0002717894094530493,
      0.0002289108088007197,
      0.0001912757579702884,
      0.0001584790297783911,
      0.0001301223674090579,
      0.0001058117995853536,
      8.515993249602616e-05,
      6.778946408303455e-05,
      5.333268563845195e-05,
      4.143736441619694e-05,
      3.176830796292052e-05,
      2.401091842330061e-05,
      1.787374458217528e-05,
      1.309047183895018e-05,
      9.42185943131335e-06,
      6.656070581811946e-06,
      4.609068582794862e-06
    ],
    "QC_IN": [
      0.0,
      0.0,
      0.0,
      0.0,
      0.0,
      0.0,
      0.0,
      0.0,
      0.0,
      0.0,
      0.0,
      0.0,
      0.0,
      0.0,
      0.0,
      0.0,
      0.0,
      0.0,
      0.0,
      0.0,
      0.0,
      0.0,
      0.0,
      0.0,
      0.0,
      0.0,
      0.0,
      0.0,
      0.0,
      0.0,
      0.0,
      0.0,
      0.0,
      0.0,
      0.0,
      0.0,
      0.0,
      0.0,
      0.0,
      0.0
    ],
    "QR_IN": [
      2.934261829068419e-05,
      4.352274117991328e-05,
      6.548548844875768e-05,
      9.758090891409665e-05,
      0.000142311051604338,
      0.000201561430003494,
      0.0002756664180196822,
      0.0003624020027928054,
      0.0004562285903375596,
      0.0005482099950313568,
      0.0006269648438319564,
      0.0006807096069678664,
      0.0006999999168328941,
      0.0006803479045629501,
      0.0006237500347197056,
      0.0005384496762417257,
      0.0004369112139102072,
      0.0003327031445223838,
      0.0002373977040406317,
      0.0001584987476235256,
      9.88799802144058e-05,
      5.756432801717892e-05,
      3.123317219433375e-05,
      1.577507646288723e-05,
      7.408238161588088e-06,
      3.231169102946296e-06,
      1.30748514948209e-06,
      4.903343437945296e-07,
      1.70248881659063e-07,
      5.467469321729368e-08,
      1.622497158848546e-08,
      4.445014578635664e-09,
      1.123213411169388e-09,
      2.615586081056165e-10,
      5.608119524325161e-11,
      1.106224660485378e-11,
      2.00583126497289e-12,
      3.340566213407004e-13,
      5.106038272859222e-14,
      7.157231045622128e-15
    ],
    "W_IN": [
      0.0,
      0.0,
      0.0,
      0.0,
      0.0,
      0.0,
      0.0,
      0.0,
      0.0,
      0.0,
      0.0,
      0.0,
      0.0,
      0.0,
      0.0,
      0.0,
      0.0,
      0.0,
      0.0,
      0.0,
      0.0,
      0.0,
      0.0,
      0.0,
      0.0,
      0.0,
      0.0,
      0.0,
      0.0,
      0.0,
      0.0,
      0.0,
      0.0,
      0.0,
      0.0,
      0.0,
      0.0,
      0.0,
      0.0,
      0.0
    ],
    "PII": [
      0.9819331169128418,
      0.9730646014213562,
      0.9632435441017151,
      0.9528674483299255,
      0.942104160785675,
      0.9310498833656311,
      0.9197681546211243,
      0.9083043336868286,
      0.89669269323349,
      0.8849599957466125,
      0.8731279969215393,
      0.8612143993377686,
      0.8492342233657837,
      0.8372001051902771,
      0.8251230716705322,
      0.8130125403404236,
      0.8008767366409302,
      0.7887229919433594,
      0.7765578031539917,
      0.7643869519233704,
      0.7522155046463013,
      0.7400481104850769,
      0.7278890013694763,
      0.7157418131828308,
      0.7036100029945374,
      0.6914966106414795,
      0.6794044971466064,
      0.667336106300354,
      0.655293881893158,
      0.6432797908782959,
      0.631295919418335,
      0.6193438768386841,
      0.6074253916740417,
      0.5955419540405273,
      0.5836947560310364,
      0.5718851685523987,
      0.5601142644882202,
      0.5483831167221069,
      0.5366926789283752,
      0.525043785572052
    ],
    "DEN": [
      1.156288743019104,
      1.129127383232117,
      1.094362735748291,
      1.05847692489624,
      1.022156476974487,
      0.9857997894287109,
      0.9496684074401855,
      0.9139447808265686,
      0.8787620067596436,
      0.8442184329032898,
      0.8103876113891602,
      0.7773250937461853,
      0.7450713515281677,
      0.7136562466621399,
      0.6831003427505493,
      0.6534172892570496,
      0.6246142387390137,
      0.5966941714286804,
      0.5696552991867065,
      0.5434930920600891,
      0.518200159072876,
      0.4937664270401001,
      0.4701803922653198,
      0.4474288821220398,
      0.4254972040653229,
      0.4043698608875275,
      0.3840305209159851,
      0.3644620180130005,
      0.3456467092037201,
      0.3275668025016785,
      0.3102037608623505,
      0.2935394048690796,
      0.2775551080703735,
      0.2622322738170624,
      0.247552365064621,
      0.2334968894720078,
      0.2200476825237274,
      0.2071864753961563,
      0.1948954313993454,
      0.183156743645668
    ],
    "P": [
      93818.109375,
      90885.7578125,
      87715.5078125,
      84452.7421875,
      81160.78125,
      77876.3046875,
      74623.2734375,
      71418.359375,
      68273.5859375,
      65197.77734375,
      62197.46875,
      59277.44921875,
      56441.19921875,
      53691.125,
      51028.82421875,
      48455.1953125,
      45970.5703125,
      43574.83984375,
      41267.515625,
      39047.7890625,
      36914.58984375,
      34866.625,
      32902.4375,
      31020.40234375,
      29218.779296875,
      27495.728515625,
      25849.337890625,
      24277.62890625,
      22778.56640625,
      21350.091796875,
      19990.12109375,
      18696.552734375,
      17467.283203125,
      16300.2119140625,
      15193.23828125,
      14144.2822265625,
      13151.2880859375,
      12212.2119140625,
      11325.044921875,
      10487.7978515625
    ],