{
  "columns": {
    "DZ": [
      200.9575653076172,
      254.3655548095703,
      279.3724365234375,
      296.9609375,
      310.7650146484375,
      322.2279052734375,
      332.08349609375,
      340.760986328125,
      348.53369140625,
      355.587890625,
      362.05615234375,
      368.037109375,
      373.605224609375,
      378.8193359375,
      383.724609375,
      388.3603515625,
      392.7568359375,
      396.939453125,
      400.9306640625,
      404.7490234375,
      408.40869140625,
      411.9267578125,
      415.31103515625,
      418.57568359375,
      421.7265625,
      424.775390625,
      427.7275390625,
      430.5888671875,
      433.3662109375,
      436.0654296875,
      438.6884765625,
      441.2451171875
    ],
    "EXCH_H": [
      0.0,
      0.01352121587842703,
      0.01640657149255276,
      0.01704524084925652,
      0.01752660237252712,
      0.01832601800560951,
      0.01902029477059841,
      0.01965199410915375,
      0.02024324983358383,
      0.02080903202295303,
      0.02135961875319481,
      0.02190104126930237,
      0.02243645489215851,
      0.02297048829495907,
      0.02350271865725517,
      0.02403710223734379,
      0.02457286044955254,
      0.02511051669716835,
      0.02565306052565575,
      0.02619723975658417,
      0.0267464742064476,
      0.02729846350848675,
      0.0278559997677803,
      0.02841819263994694,
      0.02898449450731277,
      0.02955474890768528,
      0.03013257123529911,
      0.03071414865553379,
      0.0312967337667942,
      0.0318869911134243,
      0.03248672187328339,
      0.03309372439980507
    ],
    "EXCH_M": [
      0.0,
      0.1140848696231842,
      0.1256262809038162,
      0.1281809657812119,
      0.1301064193248749,
      0.1333040744066238,
      0.13608118891716,
      0.1386079788208008,
      0.1409730017185211,
      0.1432361304759979,
      0.145438477396965,
      0.1476041674613953,
      0.1497458219528198,
      0.1518819630146027,
      0.1540108770132065,
      0.1561484038829803,
      0.1582914441823959,
      0.1604420691728592,
      0.1626122444868088,
      0.1647889614105225,
      0.1669858992099762,
      0.1691938638687134,
      0.171424001455307,
      0.1736727654933929,
      0.1759379804134369,
      0.1782189905643463,
      0.1805302798748016,
      0.1828565895557404,
      0.1851869374513626,
      0.187547966837883,
      0.1899468898773193,
      0.1923748999834061
    ],
    "P": [
      99321.3671875,
      96687.8125,
      93679.1875,
      90523.28125,
      87297.234375,
      84045.0625,
      80795.8125,
      77570.140625,
      74383.3125,
      71246.953125,
      68170.015625,
      65159.3984375,
      62220.46875,
      59357.31640625,
      56573.0390625,
      53869.88671875,
      51249.4296875,
      48712.6640625,
      46260.09765625,
      43891.8203125,
      41607.59375,
      39406.859375,
      37288.828125,
      35252.4921875,
      33296.66015625,
      31419.98828125,
      29621.00390625,
      27898.123046875,
      26249.6796875,
      24673.93359375,
      23169.078125,
      21733.26171875
    ],
    "PDI": [
      100500.0,
      98142.734375,
      95232.890625,
      92125.4921875,
      88921.0703125,
      85673.3984375,
      82416.7265625,
      79174.90625,
      75965.3671875,
      72801.2578125,
      69692.65625,
      66647.3671875,
      63671.4296875,
      60769.50390625,
      57945.12890625,
      55200.9453125,
      52538.828125,
      49960.03515625,
      47465.296875,
      45054.8984375,
      42728.74609375,
      40486.4375,
      38327.28125,
      36250.375,
      34254.609375,
      32338.712890625,
      30501.265625,
      28740.740234375,
      27055.505859375,
      25443.85546875,
      23904.009765625,
      22434.14453125,
      21032.37890625
    ],
    "PI": [
      0.9980563521385193,
      0.9904224872589111,
      0.981517493724823,
      0.9719541668891907,
      0.9619289636611938,
      0.9515509605407715,
      0.9408917427062988,
      0.9300026297569275,
      0.9189221262931824,
      0.9076809287071228,
      0.8963038325309753,
      0.8848111629486084,
      0.8732202053070068,
      0.8615458011627197,
      0.8498005270957947,
      0.8379955887794495,
      0.8261407017707825,
      0.8142444491386414,
      0.8023146390914917,
      0.7903580665588379,
      0.7783808708190918,
      0.7663887143135071,
      0.7543864846229553,
      0.7423789501190186,
      0.7303702235221863,
      0.7183640003204346,
      0.7063639163970947,
      0.6943730711936951,
      0.6823943257331848,
      0.670430600643158,
      0.658484160900116,
      0.6465574502944946
    ],
    "QV": [
      0.005634791683405638,
      0.004887455143034458,
      0.004136618226766586,
      0.003454833989962935,
      0.002857251325622201,
      0.002344447653740644,
      0.001910906052216887,
      0.001548541709780693,
      0.001248457818292081,
      0.001001872704364359,
      0.0008006007992662489,
      0.0006372794741764665,
      0.0005054479697719216,
      0.0003995394508820027,
      0.0003148251271340996,
      0.0002473343047313392,
      0.0001937641645781696,
      0.0001513903844170272,
      0.0001179814353235997,
      9.17211000341922e-05,
      7.113935134839267e-05,
      5.505242370418273e-05,
      4.251148857292719e-05,
      3.275923154433258e-05,
      2.519360168662388e-05,
      1.93377272807993e-05,
      1.481516665080562e-05,
      1.13296946437913e-05,
      9.999999747378752e-06,
      9.999999747378752e-06,
      9.999999747378752e-06,
      9.999999747378752e-06
    ],
    "RQVBLTEN": [
      -2.173086155465853e-10,
      -3.880510929948899e-12,
      2.328306644705513e-11,
      2.522332169518915e-11,
      1.940255421606363e-11,
      1.746229896792961e-11,
      1.455191522836685e-11,
      1.261166084759457e-11,
      9.701277108031814e-12,
      8.731149483964806e-12,
      6.305830423797287e-12,
      6.305830423797287e-12,
      4.850638554015907e-12,
      3.880510929948899e-12,
      3.152915211898644e-12,
      2.667851183024705e-12,
      2.182787370991202e-12,
      1.576457605949322e-12,
      1.273292669218273e-12,
      1.091393685495601e-12,
      8.488617794788489e-13,
      6.669627957561763e-13,
      5.456968427478004e-13,
      4.244308897394244e-13,
      3.031649096259942e-13,
      2.576901908003804e-13,
      1.894780719043782e-13,
      3.713770285219964e-13,
      2.273736754432321e-13,
      0.0,
      -7.579122910056444e-15,
      0.0
    ],
    "RTHBLTEN": [
      -0.0002482096606399864,
      0.0,
      0.0,
      0.0,
      0.0,
      0.0,
      0.0,
      0.0,
      0.0,
      0.0,
      0.0,
      0.0,
      0.0,
      0.0,
      0.0,
      0.0,
      0.0,
      0.0,
      0.0,
      0.0,
      0.0,
      0.0,
      0.0,
      0.0,
      0.0,
      0.0,
      0.0,
      0.0,
      0.0,
      0.0,
      0.0,
      -5.086263286102621e-07
    ],
    "RUBLTEN": [
      -0.0003004988247994334,
      1.351038747543498e-07,
      -2.384186004178446e-08,
      -3.973643103449831e-08,
      -1.589457276907069e-08,
      -3.178914553814138e-08,
      -4.768372008356891e-08,
      -6.357829107628277e-08,
      -6.357829107628277e-08,
      -7.947286206899662e-08,
      -6.357829107628277e-08,
      -7.947286206899662e-08,
      -7.947286206899662e-08,
      -4.768372008356891e-08,
      -6.357829107628277e-08,
      -6.357829107628277e-08,
      -6.357829107628277e-08,
      -6.357829107628277e-08,
      -9.536744016713783e-08,
      -9.536744016713783e-08,
      -9.536744016713783e-08,
      -6.357829107628277e-08,
      -1.271565821525655e-07,
      -6.357829107628277e-08,
      -6.357829107628277e-08,
      -9.536744016713783e-08,
      -9.536744016713783e-08,
      -6.357829107628277e-08,
      -1.271565821525655e-07,
      -1.271565821525655e-07,
      -6.357829107628277e-08,
      -2.733866494963877e-06
    ],