{
  "columns": {
    "DZ": [
      200.9575653076172,
      254.3655548095703,
      279.3724365234375,
      296.9609375,
      310.7650146484375,
      322.2279052734375,
      332.08349609375,
      340.760986328125,
      348.53369140625,
      355.587890625,
      362.05615234375,
      368.037109375,
      373.605224609375,
      378.8193359375,
      383.724609375,
      388.3603515625,
      392.7568359375,
      396.939453125,
      400.9306640625,
      404.7490234375,
      408.40869140625,
      411.9267578125,
      415.31103515625,
      418.57568359375,
      421.7265625,
      424.775390625,
      427.7275390625,
      430.5888671875,
      433.3662109375,
      436.0654296875,
      438.6884765625,
      441.2451171875
    ],
    "EXCH_H": [
      0.0,
      176.0843658447266,
      340.336181640625,
      280.3013305664062,
      119.3329544067383,
      4.266301155090332,
      0.01002077478915453,
      0.01002171263098717,
      0.0100225443020463,
      0.0100233219563961,
      0.01002406422048807,
      0.01002479437738657,
      0.01002551801502705,
      0.01002624910324812,
      0.01002698298543692,
      0.01002773270010948,
      0.01002849359065294,
      0.01002926751971245,
      0.01003005541861057,
      0.01003086008131504,
      0.01003167405724525,
      0.01003250665962696,
      0.01003334857523441,
      0.01003420539200306,
      0.0100350733846426,
      0.01003595441579819,
      0.01003684382885695,
      0.0100377481430769,
      0.01003866270184517,
      0.01003958284854889,
      0.01004052069038153,
      0.01004146225750446
    ],
    "EXCH_M": [
      0.0,
      102.8027954101562,
      217.8046417236328,
      211.7923126220703,
      104.504264831543,
      4.158648490905762,
      0.1000831052660942,
      0.1000868529081345,
      0.1000901833176613,
      0.1000932902097702,
      0.1000962629914284,
      0.1000991761684418,
      0.100102074444294,
      0.100104995071888,
      0.1001079380512238,
      0.1001109331846237,
      0.1001139804720879,
      0.1001170724630356,
      0.1001202240586281,
      0.100123442709446,
      0.1001266986131668,
      0.1001300290226936,
      0.1001333966851234,
      0.100136823952198,
      0.1001402959227562,
      0.1001438200473785,
      0.1001473814249039,
      0.1001509949564934,
      0.1001546531915665,
      0.1001583337783813,
      0.1001620814204216,
      0.1001658514142036
    ],
    "P": [
      98877.34375,
      96360.109375,
      93466.734375,
      90411.921875,
      87269.921875,
      84089.359375,
      80903.3125,
      77732.125,
      74591.046875,
      71491.8828125,
      68443.890625,
      65454.390625,
      62529.2109375,
      59672.96875,
      56889.2890625,
      54180.9921875,
      51550.1875,
      48998.42578125,
      46526.75390625,
      44135.7890625,
      41825.796875,
      39596.7109375,
      37448.203125,
      35379.703125,
      33390.4375,
      31479.4453125,
      29645.619140625,
      27887.716796875,
      26204.3828125,
      24594.16015625,
      23055.5078125,
      21586.8125
    ],
    "PDI": [
      100000.0,
      97754.6796875,
      94965.53125,
      91967.9296875,
      88855.9140625,
      85683.9375,
      82494.7890625,
      79311.84375,
      76152.3984375,
      73029.6953125,
      69954.0703125,
      66933.703125,
      63975.078125,
      61083.34765625,
      58262.58984375,
      55515.9921875,
      52845.98828125,
      50254.38671875,
      47742.46484375,
      45311.04296875,
      42960.5390625,
      40691.0546875,
      38502.37109375,
      36394.0390625,
      34365.37109375,
      32415.50390625,
      30543.388671875,
      28747.849609375,
      27027.583984375,
      25381.181640625,
      23807.13671875,
      22303.876953125,
      20869.74609375
    ],
    "PI": [
      0.9967795014381409,
      0.9894622564315796,
      0.9808809757232666,
      0.9716123938560486,
      0.961842954158783,
      0.9516942501068115,
      0.9412492513656616,
      0.9305570721626282,
      0.9196546673774719,
      0.9085714221000671,
      0.897331178188324,
      0.8859537839889526,
      0.8744560480117798,
      0.8628523349761963,
      0.8511551022529602,
      0.8393754363059998,
      0.8275229930877686,
      0.8156063556671143,
      0.8036332726478577,
      0.7916107177734375,
      0.7795450091362,
      0.7674418091773987,
      0.7553063631057739,
      0.7431433796882629,
      0.7309573292732239,
      0.7187521457672119,
      0.7065315842628479,
      0.694299042224884,
      0.6820577383041382,
      0.6698105335235596,
      0.6575603485107422,
      0.6453096270561218
    ],
    "QV": [
      0.01340155676007271,
      0.01213856600224972,
      0.01080876868218184,
      0.009535939432680607,
      0.008355778641998768,
      0.007281568832695484,
      0.006316117476671934,
      0.005456645041704178,
      0.004697298165410757,
      0.004030609503388405,
      0.003448391798883677,
      0.002942301332950592,
      0.002504190430045128,
      0.002126324689015746,
      0.001801508711650968,
      0.001523148966953158,
      0.001285273698158562,
      0.001082527684047818,
      0.0009101451141759753,
      0.0007639147224836051,
      0.000640137295704335,
      0.0005355793982744217,
      0.0004474275920074433,
      0.000373245042283088,
      0.0003109277749899775,
      0.000258666230365634,
      0.0002149083593394607,
      0.0001783274638000876,
      0.0001477918558521196,
      0.0001223392609972507,
      0.0001011530257528648,
      8.354159217560664e-05
    ],
    "RQVBLTEN": [
      -2.60078832070576e-06,
      -1.583357061463175e-06,
      4.926230872115411e-07,
      1.673920451139566e-06,
      1.337177536697709e-06,
      1.584529059073247e-07,
      1.55220437197956e-11,
      1.940255421606363e-11,
      7.761021859897799e-12,
      1.164153322352757e-11,
      7.761021859897799e-12,
      3.880510929948899e-12,
      7.761021859897799e-12,
      3.880510929948899e-12,
      3.880510929948899e-12,
      3.880510929948899e-12,
      3.880510929948899e-12,
      2.910383305881892e-12,
      2.910383305881892e-12,
      2.425319277007953e-12,
      1.455191652940946e-12,
      9.701277324872248e-13,
      1.212659638503977e-12,
      9.701277324872248e-13,
      9.701277324872248e-13,
      4.850638662436124e-13,
      3.637979132352365e-13,
      4.850638662436124e-13,
      3.637979132352365e-13,
      2.425319331218062e-13,
      2.425319331218062e-13,
      9.701277324872248e-13
    ],
    "RTHBLTEN": [
      0.0009590149275027215,
      0.0001622518029762432,
      0.0001764933404047042,
      0.0004470825369935483,
      -0.000151570638990961,
      -0.0001965840783668682,
      0.0,
      0.0,
      0.0,
      0.0,
      0.0,
      0.0,
      0.0,
      0.0,
      0.0,
      0.0,
      0.0,
      0.0,
      0.0,
      0.0,
      0.0,
      0.0,
      0.0,
      0.0,
      0.0,
      0.0,
      0.0,
      0.0,
      0.0,
      0.0,
      0.0,
      0.0
    ],
    "RUBLTEN": [
      -0.0001426100789103657,
      0.000589311181101948,
      -4.539489964372478e-05,
      -0.0006512046093121171,
      -0.0006991943228058517,
      -7.989009463926777e-05,
      -2.384186004178446e-08,
      -7.947286384535346e-09,
      -1.589457276907069e-08,
      -2.384186004178446e-08,
      -7.947286384535346e-09,
      -1.589457276907069e-08,
      -1.589457276907069e-08,
      -2.384186004178446e-08,
      -3.178914553814138e-08,
      -2.384186004178446e-08,
      -1.589457276907069e-08,
      -1.589457276907069e-08,
      -3.178914553814138e-08,
      -2.384186004178446e-08,
      -1.589457276907069e-08,
      -7.947286384535346e-09,
      -1.589457276907069e-08,
      0.0,
      -4.768372008356891e-08,
      -3.178914553814138e-08,
      -3.178914553814138e-08,
      -1.589457276907069e-08,
      -1.589457276907069e-08,
      -3.178914553814138e-08,
      -1.589457276907069e-08,
      -3.496805902614142e-07
    ],