{
  "columns": {
    "DZ": [
      200.9575653076172,
      254.3655548095703,
      279.3724365234375,
      296.9609375,
      310.7650146484375,
      322.2279052734375,
      332.08349609375,
      340.760986328125,
      348.53369140625,
      355.587890625,
      362.05615234375,
      368.037109375,
      373.605224609375,
      378.8193359375,
      383.724609375,
      388.3603515625,
      392.7568359375,
      396.939453125,
      400.9306640625,
      404.7490234375,
      408.40869140625,
      411.9267578125,
      415.31103515625,
      418.57568359375,
      421.7265625,
      424.775390625,
      427.7275390625,
      430.5888671875,
      433.3662109375,
      436.0654296875,
      438.6884765625,
      441.2451171875
    ],
    "EXCH_H": [
      0.0,
      261.5674743652344,
      594.2200317382812,
      636.5353393554688,
      457.9311828613281,
      219.1281433105469,
      36.55883026123047,
      0.009999999776482582,
      0.01014157198369503,
      0.0101452860981226,
      0.01014879625290632,
      0.01015219837427139,
      0.01015559770166874,
      0.01015904918313026,
      0.01016252394765615,
      0.01016609743237495,
      0.01016975939273834,
      0.01017351355403662,
      0.01017736922949553,
      0.01018130406737328,
      0.01018535159528255,
      0.01018947828561068,
      0.01019368693232536,
      0.010198007337749,
      0.0102023696526885,
      0.01020681578665972,
      0.01021134201437235,
      0.01021593529731035,
      0.01022059749811888,
      0.01022530347108841,
      0.01023009233176708,
      0.01023489888757467
    ],
    "EXCH_M": [
      0.0,
      128.3635864257812,
      310.0906066894531,
      387.2988891601562,
      333.0986022949219,
      184.5021209716797,
      33.8901481628418,
      0.1000000014901161,
      0.1005662903189659,
      0.1005811467766762,
      0.1005951836705208,
      0.1006087958812714,
      0.1006223931908607,
      0.1006361991167068,
      0.1006501019001007,
      0.1006643921136856,
      0.1006790399551392,
      0.1006940603256226,
      0.1007094755768776,
      0.1007252186536789,
      0.100741408765316,
      0.1007579118013382,
      0.1007747501134872,
      0.1007920354604721,
      0.1008094847202301,
      0.100827269256115,
      0.1008453667163849,
      0.1008637472987175,
      0.1008823961019516,
      0.1009012162685394,
      0.1009203717112541,
      0.1009395942091942
    ],
    "P": [
      99679.59375,
      97167.0078125,
      94278.1015625,
      91226.921875,
      88085.5625,
      84897.53125,
      81696.8828125,
      78508.109375,
      75346.625,
      72224.375,
      69150.8203125,
      66133.515625,
      63178.5078125,
      60290.65234375,
      57473.828125,
      54731.09375,
      52064.8125,
      49476.765625,
      46968.234375,
      44540.0546875,
      42192.7109375,
      39926.33203125,
      37740.78125,
      35635.67578125,
      33610.3984375,
      31664.158203125,
      29795.98046875,
      28004.75390625,
      26289.23828125,
      24648.0859375,
      23079.84765625,
      21582.9921875
    ],
    "PDI": [
      100800.0,
      98559.1796875,
      95774.8359375,
      92781.3671875,
      89672.484375,
      86498.640625,
      83296.4140625,
      80097.3515625,
      76918.875,
      73774.375,
      70674.375,
      67627.265625,
      64639.76171875,
      61717.25,
      58864.0546875,
      56083.60546875,
      53378.5859375,
      50751.04296875,
      48202.4921875,
      45733.97265625,
      43346.13671875,
      41039.28125,
      38813.3828125,
      36668.18359375,
      34603.16796875,
      32617.6328125,
      30710.68359375,
      28881.275390625,
      27128.23046875,
      25450.248046875,
      23845.923828125,
      22313.771484375,
      20852.2109375
    ],
    "PI": [
      0.9990835189819336,
      0.9918224811553955,
      0.9833062887191772,
      0.9741067886352539,
      0.9644028544425964,
      0.9542986154556274,
      0.9438779950141907,
      0.933201789855957,
      0.9223067164421082,
      0.911221444606781,
      0.8999695181846619,
      0.8885704874992371,
      0.8770408630371094,
      0.8653947710990906,
      0.8536447286605835,
      0.8418015837669373,
      0.8298749327659607,
      0.8178734183311462,
      0.8058046698570251,
      0.7936756610870361,
      0.7814928293228149,
      0.7692617177963257,
      0.7569876909255981,
      0.7446756362915039,
      0.7323299050331116,
      0.7199546098709106,
      0.7075535655021667,
      0.6951302886009216,
      0.6826879978179932,
      0.6702298521995544,
      0.6577586531639099,
      0.6452770233154297
    ],
    "QV": [
      0.01539346482604742,
      0.01410290692001581,
      0.0127271693199873,
      0.01139193493872881,
      0.01013541035354137,
      0.008973770774900913,
      0.00791276153177023,
      0.006952377501875162,
      0.006089262198656797,
      0.005318114999681711,
      0.004632563795894384,
      0.004025736823678017,
      0.003490637755021453,
      0.003020394127815962,
      0.002608419163152575,
      0.002248506993055344,
      0.001934892265126109,
      0.001662274589762092,
      0.001425824826583266,
      0.001221173093654215,
      0.001044392469339073,
      0.000891971227247268,
      0.000760784256272018,
      0.0006480624433606863,
      0.000551361299585551,
      0.0004685305757448077,
      0.0003976844309363514,
      0.0003371736675035208,
      0.0002855600323528051,
      0.0002415930212009698,
      0.0002041862608166412,
      0.0001723995083011687
    ],
    "RQVBLTEN": [
      -4.272907972335815e-06,
      -3.09142455989786e-06,
      -5.006324954592856e-07,
      1.530628765067377e-06,
      2.413181164229172e-06,
      1.979914259209181e-06,
      3.618421260398463e-07,
      2.03982935431668e-07,
      1.164153322352757e-11,
      3.880510929948899e-12,
      7.761021859897799e-12,
      7.761021859897799e-12,
      7.761021859897799e-12,
      7.761021859897799e-12,
      3.880510929948899e-12,
      3.880510929948899e-12,
      2.910383305881892e-12,
      3.880510929948899e-12,
      3.880510929948899e-12,
      2.910383305881892e-12,
      1.94025546497445e-12,
      1.94025546497445e-12,
      1.94025546497445e-12,
      1.455191652940946e-12,
      1.455191652940946e-12,
      7.275958264704729e-13,
      7.275958264704729e-13,
      7.275958264704729e-13,
      9.701277324872248e-13,
      2.425319331218062e-13,
      3.637979132352365e-13,
      1.576457605949322e-12
    ],
    "RTHBLTEN": [
      0.001386261079460382,
      0.0001988728909054771,
      0.000165812176419422,
      0.0003308614250272512,
      0.0007255554664880037,
      4.119873119634576e-05,
      -0.0002805074327625334,
      -0.0002716064627747983,
      0.0,
      0.0,
      0.0,
      0.0,
      0.0,
      0.0,
      0.0,
      0.0,
      0.0,
      0.0,
      0.0,
      0.0,
      0.0,
      0.0,
      0.0,
      0.0,
      0.0,
      0.0,
      0.0,
      0.0,
      0.0,
      0.0,
      0.0,
      0.0
    ],
    "RUBLTEN": [
      -0.0006295085186138749,
      0.00118806364480406,
      0.0005292813293635845,
      -0.0004067897971253842,
      -0.00114038388710469,
      -0.001273361966013908,
      -0.0003002723096869886,
      -0.0001431942073395476,
      -3.178914553814138e-08,
      -2.384186004178446e-08,
      -1.589457276907069e-08,
      -3.178914553814138e-08,
      -1.589457276907069e-08,
      -1.589457276907069e-08,
      -2.384186004178446e-08,
      -1.589457276907069e-08,
      -1.589457276907069e-08,
      -1.589457276907069e-08,
      -3.178914553814138e-08,
      -1.589457276907069e-08,
      -1.589457276907069e-08,
      -1.589457276907069e-08,
      -3.178914553814138e-08,
      -3.178914553814138e-08,
      0.0,
      -1.589457276907069e-08,
      -4.768372008356891e-08,
      -3.178914553814138e-08,
      -1.589457276907069e-08,
      -3.178914553814138e-08,
      -4.768372008356891e-08,
      -4.92731771828403e-07
    ],