{
  "columns": {
    "DZ": [
      200.9575653076172,
      254.3655548095703,
      279.3724365234375,
      296.9609375,
      310.7650146484375,
      322.2279052734375,
      332.08349609375,
      340.760986328125,
      348.53369140625,
      355.587890625,
      362.05615234375,
      368.037109375,
      373.605224609375,
      378.8193359375,
      383.724609375,
      388.3603515625,
      392.7568359375,
      396.939453125,
      400.9306640625,
      404.7490234375,
      408.40869140625,
      411.9267578125,
      415.31103515625,
      418.57568359375,
      421.7265625,
      424.775390625,
      427.7275390625,
      430.5888671875,
      433.3662109375,
      436.0654296875,
      438.6884765625,
      441.2451171875
    ],
    "EXCH_H": [
      0.0,
      0.02409819886088371,
      0.02397118881344795,
      0.01259024627506733,
      0.01050372235476971,
      0.0105400700122118,
      0.01056840177625418,
      0.01059198845177889,
      0.01061283145099878,
      0.01063196640461683,
      0.01065034978091717,
      0.01066807378083467,
      0.01068576704710722,
      0.0107033858075738,
      0.01072115451097488,
      0.01073902286589146,
      0.01075725443661213,
      0.0107756769284606,
      0.01079410407692194,
      0.0108129596337676,
      0.01083205081522465,
      0.01085121557116508,
      0.01087063550949097,
      0.01089020352810621,
      0.01090995408594608,
      0.01092977728694677,
      0.01094981096684933,
      0.01096991077065468,
      0.01099019125103951,
      0.01101043820381165,
      0.01103096455335617,
      0.01105140149593353
    ],
    "EXCH_M": [
      0.0,
      0.1563927978277206,
      0.1558847576379776,
      0.1103609874844551,
      0.1020148918032646,
      0.102160282433033,
      0.1022736057639122,
      0.1023679599165916,
      0.1024513319134712,
      0.1025278717279434,
      0.1026014015078545,
      0.1026722937822342,
      0.1027430668473244,
      0.1028135418891907,
      0.1028846204280853,
      0.1029560938477516,
      0.1030290201306343,
      0.1031027063727379,
      0.1031764149665833,
      0.1032518371939659,
      0.1033282056450844,
      0.1034048646688461,
      0.1034825444221497,
      0.1035608127713203,
      0.1036398187279701,
      0.1037191078066826,
      0.1037992462515831,
      0.1038796454668045,
      0.1039607673883438,
      0.1040417551994324,
      0.1041238605976105,
      0.1042056083679199
    ],
    "P": [
      98859.34375,
      96303.3125,
      93368.6484375,
      90274.96875,
      87099.21875,
      83886.25,
      80664.59375,
      77454.8125,
      74272.4453125,
      71129.578125,
      68035.796875,
      64998.76171875,
      62024.640625,
      59118.40625,
      56284.0546875,
      53524.75390625,
      50842.984375,
      48240.6328125,
      45719.09375,
      43279.3046875,
      40921.83984375,
      38646.9296875,
      36454.5234375,
      34344.29296875,
      32315.705078125,
      30368.017578125,
      28500.30859375,
      26711.5078125,
      25000.404296875,
      23365.6640625,
      21805.8515625,
      20319.4375
    ],
    "PDI": [
      100000.0,
      97718.6875,
      94887.9375,
      91849.359375,
      88700.5859375,
      85497.859375,
      82274.6484375,
      79054.5390625,
      75855.0859375,
      72689.8046875,
      69569.359375,
      66502.2421875,
      63495.28125,
      60553.99609375,
      57682.81640625,
      54885.29296875,
      52164.21484375,
      49521.75,
      46959.51953125,
      44478.66796875,
      42079.94140625,
      39763.73828125,
      37530.125,
      35378.91796875,
      33309.66796875,
      31321.7421875,
      29414.29296875,
      27586.32421875,
      25836.69140625,
      24164.1171875,
      22567.2109375,
      21044.494140625,
      19594.37890625
    ],
    "PI": [
      0.9967276453971863,
      0.9892956018447876,
      0.9805867671966553,
      0.9711917042732239,
      0.9613050222396851,
      0.9510368704795837,
      0.94045490026474,
      0.9296073317527771,
      0.9185306429862976,
      0.9072534441947937,
      0.8957992792129517,
      0.8841874003410339,
      0.872434139251709,
      0.8605535626411438,
      0.8485580086708069,
      0.8364580869674683,
      0.8242633938789368,
      0.8119823336601257,
      0.7996225357055664,
      0.7871909141540527,
      0.7746937274932861,
      0.7621366381645203,
      0.7495250105857849,
      0.7368634343147278,
      0.7241565585136414,
      0.7114083766937256,
      0.6986227631568909,
      0.685803234577179,
      0.672953188419342,
      0.6600757241249084,
      0.6471737027168274,
      0.6342499852180481
    ],
    "QV": [
      0.008598195388913155,
      0.007752922363579273,
      0.006867263931781054,
      0.006024176720529795,
      0.005247024819254875,
      0.004543962422758341,
      0.003916083835065365,
      0.003360779955983162,
      0.002873454941436648,
      0.002448529005050659,
      0.002080038655549288,
      0.001762011786922812,
      0.001488697016611695,
      0.001254698843695223,
      0.001055052154697478,
      0.0008852513274177909,
      0.0007412551203742623,
      0.0006194727029651403,
      0.0005167371709831059,
      0.0004302753368392587,
      0.0003576721646822989,
      0.0002968352055177093,
      0.0002459599054418504,
      0.0002034965000348166,
      0.0001681187859503552,
      0.0001386959629599005,
      0.0001142665423685685,
      9.401568968314677e-05,
      7.725469913566485e-05,
      6.340293475659564e-05,
      5.197186328587122e-05,
      4.255160092725419e-05
    ],
    "RQVBLTEN": [
      -4.423782451468128e-10,
      4.268561892839529e-11,
      1.62981461659939e-10,
      3.880510843212726e-11,
      1.164153322352757e-11,
      1.55220437197956e-11,
      1.55220437197956e-11,
      7.761021859897799e-12,
      7.761021859897799e-12,
      5.820766611763784e-12,
      3.880510929948899e-12,
      5.820766611763784e-12,
      4.850638554015907e-12,
      2.910383305881892e-12,
      2.910383305881892e-12,
      1.94025546497445e-12,
      1.94025546497445e-12,
      1.455191652940946e-12,
      1.455191652940946e-12,
      1.212659638503977e-12,
      9.701277324872248e-13,
      7.275958264704729e-13,
      7.275958264704729e-13,
      7.275958264704729e-13,
      6.063298192519884e-13,
      3.637979132352365e-13,
      2.425319331218062e-13,
      3.031649096259942e-13,
      2.425319331218062e-13,
      1.212659665609031e-13,
      1.818989566176182e-13,
      5.456968427478004e-13
    ],
    "RTHBLTEN": [
      0.0,
      0.0,
      0.0,
      0.0,
      0.0,
      0.0,
      0.0,
      0.0,
      0.0,
      0.0,
      0.0,
      0.0,
      0.0,
      0.0,
      0.0,
      0.0,
      0.0,
      0.0,
      0.0,
      0.0,
      0.0,
      0.0,
      0.0,
      0.0,
      0.0,
      0.0,
      0.0,
      0.0,
      0.0,
      0.0,
      0.0,
      0.0
    ],
    "RUBLTEN": [
      -0.0007647713646292686,
      -2.861023062905588e-07,
      -4.331270986313029e-07,
      -9.536744016713783e-08,
      -2.781550278996292e-08,
      -1.986821551724915e-08,
      -2.384186004178446e-08,
      -3.178914553814138e-08,
      -2.384186004178446e-08,
      -2.384186004178446e-08,
      -1.589457276907069e-08,
      -2.384186004178446e-08,
      -3.178914553814138e-08,
      -1.589457276907069e-08,
      -3.178914553814138e-08,
      -3.178914553814138e-08,
      -3.178914553814138e-08,
      -3.178914553814138e-08,
      -1.589457276907069e-08,
      -1.589457276907069e-08,
      -4.768372008356891e-08,
      -3.178914553814138e-08,
      -3.178914553814138e-08,
      -3.178914553814138e-08,
      -3.178914553814138e-08,
      -3.178914553814138e-08,
      -4.768372008356891e-08,
      -1.589457276907069e-08,
      -4.768372008356891e-08,
      -1.589457276907069e-08,
      -3.178914553814138e-08,
      -6.039937829882547e-07
    ],