{
  "columns": {
    "DZ": [
      200.9575653076172,
      254.3655548095703,
      279.3724365234375,
      296.9609375,
      310.7650146484375,
      322.2279052734375,
      332.08349609375,
      340.760986328125,
      348.53369140625,
      355.587890625,
      362.05615234375,
      368.037109375,
      373.605224609375,
      378.8193359375,
      383.724609375,
      388.3603515625,
      392.7568359375,
      396.939453125,
      400.9306640625,
      404.7490234375,
      408.40869140625,
      411.9267578125,
      415.31103515625,
      418.57568359375,
      421.7265625,
      424.775390625,
      427.7275390625,
      430.5888671875,
      433.3662109375,
      436.0654296875,
      438.6884765625,
      441.2451171875
    ],
    "EXCH_H": [
      0.0,
      0.0102232126519084,
      0.01018483005464077,
      0.01000553928315639,
      0.01000271085649729,
      0.01000293251127005,
      0.0100031141191721,
      0.01000327244400978,
      0.01000341773033142,
      0.01000355556607246,
      0.01000368967652321,
      0.01000382099300623,
      0.01000395230948925,
      0.0100040826946497,
      0.01000421494245529,
      0.01000434719026089,
      0.01000448036938906,
      0.01000461541116238,
      0.0100047504529357,
      0.01000488735735416,
      0.01000502519309521,
      0.01000516396015882,
      0.01000530365854502,
      0.01000544428825378,
      0.01000558584928513,
      0.01000572834163904,
      0.01000587176531553,
      0.01000601518899202,
      0.01000616047531366,
      0.0100063057616353,
      0.01000645197927952,
      0.01000660005956888
    ],
    "EXCH_M": [
      0.0,
      0.1008928492665291,
      0.1007393226027489,
      0.1000221595168114,
      0.1000108420848846,
      0.1000117287039757,
      0.1000124588608742,
      0.1000130921602249,
      0.1000136733055115,
      0.1000142246484756,
      0.1000147610902786,
      0.1000152826309204,
      0.1000158116221428,
      0.1000163331627846,
      0.100016862154007,
      0.1000173911452293,
      0.1000179275870323,
      0.1000184640288353,
      0.1000190079212189,
      0.1000195518136024,
      0.1000201031565666,
      0.1000206544995308,
      0.1000212207436562,
      0.1000217795372009,
      0.1000223457813263,
      0.1000229120254517,
      0.1000234857201576,
      0.1000240594148636,
      0.1000246405601501,
      0.1000252291560173,
      0.1000258103013039,
      0.100026398897171
    ],
    "P": [
      98358.921875,
      95802.0703125,
      92866.734375,
      89774.71875,
      86604.6875,
      83401.15625,
      80192.6640625,
      76999.71875,
      73837.6875,
      70718.46875,
      67651.375,
      64643.80078125,
      61701.6171875,
      58829.484375,
      56031.07421875,
      53309.23828125,
      50666.13671875,
      48103.34765625,
      45621.953125,
      43222.6015625,
      40905.578125,
      38670.859375,
      36518.12109375,
      34446.8203125,
      32456.1875,
      30545.28515625,
      28712.998046875,
      26958.0859375,
      25279.181640625,
      23674.818359375,
      22143.4375,
      20683.40625
    ],
    "PDI": [
      99500.0,
      97217.8515625,
      94386.2890625,
      91347.171875,
      88202.265625,
      85007.1015625,
      81795.203125,
      78590.125,
      75409.3046875,
      72266.078125,
      69170.859375,
      66131.890625,
      63155.7109375,
      60247.5234375,
      57411.4453125,
      54650.703125,
      51967.7734375,
      49364.5,
      46842.1953125,
      44401.70703125,
      42043.4921875,
      39767.66796875,
      37574.046875,
      35462.1953125,
      33431.44140625,
      31480.935546875,
      29609.634765625,
      27816.361328125,
      26099.80859375,
      24458.5546875,
      22891.08203125,
      21395.794921875,
      19971.015625
    ],
    "PI": [
      0.9952834844589233,
      0.987821638584137,
      0.9790778160095215,
      0.9696509838104248,
      0.9597424268722534,
      0.9494622945785522,
      0.9388796091079712,
      0.9280434846878052,
      0.9169911742210388,
      0.9057521820068359,
      0.8943501710891724,
      0.8828050494194031,
      0.8711335062980652,
      0.8593498468399048,
      0.8474665284156799,
      0.8354944586753845,
      0.8234431743621826,
      0.8113214373588562,
      0.799136757850647,
      0.7868961095809937,
      0.7746057510375977,
      0.7622714638710022,
      0.749898374080658,
      0.7374913096427917,
      0.7250545620918274,
      0.7125924229621887,
      0.7001084089279175,
      0.6876060962677002,
      0.6750887036323547,
      0.6625593304634094,
      0.6500206589698792,
      0.6374754309654236
    ],
    "QV": [
      0.007565663196146488,
      0.006666809320449829,
      0.005748165771365166,
      0.00489781005308032,
      0.004137018695473671,
      0.003469963790848851,
      0.002893280470743775,
      0.002400050405412912,
      0.001981826731935143,
      0.001629754900932312,
      0.001335203880444169,
      0.001090111909434199,
      0.0008871587342582643,
      0.0007198314415290952,
      0.0005824243417009711,
      0.0004699993587564677,
      0.0003783252323046327,
      0.0003038074646610767,
      0.0002434139605611563,
      0.0001946033880813047,
      0.0001552577159600332,
      0.0001236203679582104,
      9.824138396652415e-05,
      7.792855467414483e-05,
      6.170562119223177e-05,
      4.877586616203189e-05,
      3.849118365906179e-05,
      3.032608401554171e-05,
      2.385562220297288e-05,
      1.87372206710279e-05,
      1.469525705033448e-05,
      1.150864500232274e-05
    ],
    "RQVBLTEN": [
      4.279039345078672e-08,
      2.716357694332316e-11,
      2.328306644705513e-11,
      1.55220437197956e-11,
      1.940255421606363e-11,
      1.164153322352757e-11,
      9.701277108031814e-12,
      9.701277108031814e-12,
      7.761021859897799e-12,
      4.850638554015907e-12,
      3.880510929948899e-12,
      4.850638554015907e-12,
      3.395447117915396e-12,
      3.395447117915396e-12,
      2.425319277007953e-12,
      1.697723558957698e-12,
      1.212659638503977e-12,
      1.212659638503977e-12,
      9.701277324872248e-13,
      7.275958264704729e-13,
      6.063298192519884e-13,
      3.637979132352365e-13,
      4.244308897394244e-13,
      3.031649096259942e-13,
      2.425319331218062e-13,
      2.122154448697122e-13,
      1.212659665609031e-13,
      1.061077224348561e-13,
      1.061077224348561e-13,
      7.579122740649855e-14,
      5.305386121742806e-14,
      1.743198277783312e-13
    ],
    "RTHBLTEN": [
      8.570353384129703e-05,
      0.0,
      0.0,
      0.0,
      0.0,
      0.0,
      0.0,
      0.0,
      0.0,
      0.0,
      0.0,
      0.0,
      0.0,
      0.0,
      0.0,
      0.0,
      0.0,
      0.0,
      0.0,
      0.0,
      0.0,
      0.0,
      0.0,
      0.0,
      0.0,
      0.0,
      0.0,
      0.0,
      0.0,
      0.0,
      0.0,
      0.0
    ],
    "RUBLTEN": [
      -1.17460895125987e-05,
      -7.947286384535346e-09,
      -7.947286384535346e-09,
      -1.192093002089223e-08,
      -1.589457276907069e-08,
      -1.192093002089223e-08,
      -1.192093002089223e-08,
      -1.589457276907069e-08,
      -1.192093002089223e-08,
      -1.589457276907069e-08,
      -1.192093002089223e-08,
      -7.947286384535346e-09,
      -1.589457276907069e-08,
      -7.947286384535346e-09,
      -1.589457276907069e-08,
      -7.947286384535346e-09,
      -1.589457276907069e-08,
      -7.947286384535346e-09,
      -7.947286384535346e-09,
      0.0,
      -2.384186004178446e-08,
      -2.384186004178446e-08,
      -7.947286384535346e-09,
      -1.589457276907069e-08,
      -1.589457276907069e-08,
      -1.589457276907069e-08,
      -1.589457276907069e-08,
      -1.589457276907069e-08,
      -2.384186004178446e-08,
      -7.947286384535346e-09,
      -1.589457276907069e-08,
      -2.304713007106329e-07
    ],