{
  "cases": [
    {
      "RAINCV": {
        "jax": 0.09353798722931797,
        "max_abs": 1.8635959332657936e-06,
        "oracle": 0.0935361236333847,
        "pass": true,
        "tolerance": 0.00028060837090015413
      },
      "case": 1,
      "categorical": {
        "CUBOT": {
          "jax": 3.0,
          "oracle": 3.0
        },
        "CUTOP": {
          "jax": 32.0,
          "oracle": 32.0
        },
        "ISHALL": {
          "jax": 0,
          "oracle": 0
        }
      },
      "fields": {
        "RQCCUTEN": {
          "max_abs": 0.0,
          "max_rel": 0.0,
          "pass": true
        },
        "RQICUTEN": {
          "max_abs": 1.6633668692170154e-12,
          "max_rel": 4.099058572580296e-05,
          "pass": true
        },
        "RQRCUTEN": {
          "max_abs": 0.0,
          "max_rel": 0.0,
          "pass": true
        },
        "RQSCUTEN": {
          "max_abs": 0.0,
          "max_rel": 0.0,
          "pass": true
        },
        "RQVCUTEN": {
          "max_abs": 1.8668696224298006e-11,
          "max_rel": 2.784128983768309e-05,
          "pass": true
        },
        "RTHCUTEN": {
          "max_abs": 4.484752627880069e-08,
          "max_rel": 2.689222187451478e-05,
          "pass": true
        }
      },
      "pass": true
    },
    {
      "RAINCV": {
        "jax": 0.0,
        "max_abs": 0.0,
        "oracle": 0.0,
        "pass": true,
        "tolerance": 0.0001
      },
      "case": 2,
      "categorical": {
        "CUBOT": {
          "jax": 4.0,
          "oracle": 4.0
        },
        "CUTOP": {
          "jax": 11.0,
          "oracle": 11.0
        },
        "ISHALL": {
          "jax": 1,
          "oracle": 1
        }
      },
      "fields": {
        "RQCCUTEN": {
          "max_abs": 4.853283300831737e-13,
          "max_rel": 5.502138971933253e-05,
          "pass": true
        },
        "RQICUTEN": {
          "max_abs": 2.7276722622556488e-14,
          "max_rel": 2.7276722622556486e-05,
          "pass": true
        },
        "RQRCUTEN": {
          "max_abs": 2.361450356156703e-12,
          "max_rel": 2.7243722611460005e-05,
          "pass": true
        },
        "RQSCUTEN": {
          "max_abs": 8.909688778864475e-15,
          "max_rel": 6.905357919922617e-06,
          "pass": true
        },
        "RQVCUTEN": {
          "max_abs": 8.391883468146943e-13,
          "max_rel": 3.0495611974424694e-06,
          "pass": true
        },
        "RTHCUTEN": {
          "max_abs": 1.817778880143419e-08,
          "max_rel": 7.111410237117258e-05,
          "pass": true
        }
      },
      "pass": true
    },
    {
      "RAINCV": {
        "jax": 0.16991311108386611,
        "max_abs": 1.6709634055867006e-06,
        "oracle": 0.1699147820472717,
        "pass": true,
        "tolerance": 0.0005097443461418151
      },
      "case": 3,
      "categorical": {
        "CUBOT": {
          "jax": 3.0,
          "oracle": 3.0
        },
        "CUTOP": {
          "jax": 33.0,
          "oracle": 33.0
        },
        "ISHALL": {
          "jax": 0,
          "oracle": 0
        }
      },
      "fields": {
        "RQCCUTEN": {
          "max_abs": 0.0,
          "max_rel": 0.0,
          "pass": true
        },
        "RQICUTEN": {
          "max_abs": 9.482720964677853e-13,
          "max_rel": 1.1034655996236056e-05,
          "pass": true
        },
        "RQRCUTEN": {
          "max_abs": 0.0,
          "max_rel": 0.0,
          "pass": true
        },
        "RQSCUTEN": {
          "max_abs": 0.0,
          "max_rel": 0.0,
          "pass": true
        },
        "RQVCUTEN": {
          "max_abs": 9.038610402609497e-12,
          "max_rel": 7.286564694041476e-06,
          "pass": true
        },
        "RTHCUTEN": {
          "max_abs": 7.988815774011282e-08,
          "max_rel": 2.6671358460232908e-05,
          "pass": true
        }
      },
      "pass": true
    },
    {
      "RAINCV": {
        "jax": 0.0,
        "max_abs": 0.0,
        "oracle": 0.0,
        "pass": true,
        "tolerance": 0.0001
      },
      "case": 4,
      "categorical": {
        "CUBOT": {
          "jax": 4.0,
          "oracle": 4.0
        },
        "CUTOP": {
          "jax": 11.0,
          "oracle": 11.0
        },
        "ISHALL": {
          "jax": 1,
          "oracle": 1
        }
      },
      "fields": {
        "RQCCUTEN": {
          "max_abs": 2.6467480227529423e-13,
          "max_rel": 2.0951395577580915e-05,
          "pass": true
        },
        "RQICUTEN": {
          "max_abs": 3.480620294001281e-16,
          "max_rel": 3.4806202940012805e-07,
          "pass": true
        },
        "RQRCUTEN": {
          "max_abs": 8.369533097891295e-13,
          "max_rel": 7.0429223264859435e-06,
          "pass": true
        },
        "RQSCUTEN": {
          "max_abs": 9.021804818621635e-15,
          "max_rel": 9.021804818621634e-06,
          "pass": true
        },
        "RQVCUTEN": {
          "max_abs": 6.291709221352094e-13,
          "max_rel": 1.464600489145213e-06,
          "pass": true
        },
        "RTHCUTEN": {
          "max_abs": 1.5016999533039744e-08,
          "max_rel": 4.1373838623611396e-05,
          "pass": true
        }
      },
      "pass": true
    }
  ],
  "elapsed_seconds": 0.6562106840137858,
  "platform": "cpu",
  "predeclared_tolerances": {
    "categorical": "exact ISHALL, CUTOP/CUBOT within 0.5",
    "raincv_abs": 0.0001,
    "raincv_max_relative": 0.003,
    "tendency_abs_floor": 1e-09,
    "tendency_max_relative": 0.002
  },
  "verdict": "PASS"
}
