{
  "dt_s": 1.0,
  "n_acoustic": 4,
  "nz_stag": 45,
  "steps": [
    {
      "step": 1,
      "w_absmax": 46.95114129509619,
      "argmax_zyx": [
        40,
        30,
        62
      ],
      "argmax_z_frac": 0.9090909090909091,
      "per_level_max_w": [
        0.0,
        1.629857816066508,
        2.457180644984893,
        2.64669050033194,
        2.9869899761085525,
        3.127650794853039,
        3.2022279272562493,
        3.262523631381749,
        3.3887272841974236,
        3.4789017173560977,
        1.8878961412931026,
        1.9837435394054703,
        2.04722276738814,
        1.9246261988237194,
        1.9363379360721935,
        1.9161306662925048,
        2.035828542150995,
        2.230623650928447,
        2.3069833453083275,
        2.4420305141483274,
        2.326138198612891,
        2.45856352206329,
        2.5693336727558416,
        2.685067137968345,
        2.914325704820694,
        3.1525720386422327,
        4.012165714115548,
        4.643854628027793,
        6.770259425207107,
        9.968587139630806,
        11.951166713980008,
        14.643156050409667,
        18.361490003341846,
        21.607525616367536,
        24.819836916968573,
        27.579441693186432,
        30.73093248855144,
        34.59625096966207,
        39.04466668826302,
        43.908286573537936,
        46.95114129509619,
        43.1630184026486,
        30.06273221612232,
        11.759059103095607,
        0.0
      ]
    },
    {
      "step": 2,
      "w_absmax": 78.26754337303818,
      "argmax_zyx": [
        38,
        48,
        23
      ],
      "argmax_z_frac": 0.8636363636363636,
      "per_level_max_w": [
        0.0,
        1.0016858125316397,
        2.1276779410037165,
        3.5018731132125773,
        4.690304766810707,
        5.455930505402771,
        5.59860358771366,
        5.603400992275976,
        5.968119577523779,
        6.354157564963987,
        3.431610067543627,
        3.4058549052295506,
        3.5687991137109405,
        3.4557446614383918,
        3.47955310864299,
        3.6647614277961256,
        3.96137909927337,
        4.387993295174535,
        4.419127684253444,
        4.810463789552484,
        4.636641177204823,
        4.894774965314693,
        5.105021616219578,
        5.3856850865611445,
        5.821962188463902,
        6.452518789608341,
        7.760930146337996,
        9.961870583932315,
        13.736208954760208,
        18.09777298802629,
        23.583387313262016,
        29.844444345020968,
        34.72626191673437,
        40.631575696945646,
        46.791527447888384,
        53.9425077795281,
        62.733459279579876,
        73.74459610757042,
        78.26754337303818,
        71.68328393730845,
        48.81086287394384,
        29.920322562953,
        22.510552591666794,
        9.835507501038212,
        0.0
      ]
    },
    {
      "step": 3,
      "w_absmax": 103.44320375382605,
      "argmax_zyx": [
        36,
        30,
        62
      ],
      "argmax_z_frac": 0.8181818181818182,
      "per_level_max_w": [
        0.0,
        1.1067481251912124,
        2.183700570162115,
        3.877846314343439,
        5.387623000654373,
        6.68287160623236,
        7.387480991446847,
        7.358092153944041,
        7.701677106893618,
        8.220741423672779,
        5.81973565558373,
        4.821989005964019,
        5.05387846394487,
        5.010081661069033,
        5.071126761002634,
        5.385035059288242,
        5.739597867275374,
        6.4032941028361385,
        6.50080167973999,
        7.054621617870729,
        6.932275668745826,
        7.293313728185471,
        7.623226860192804,
        8.108375610919145,
        8.784596728209724,
        9.885762375334096,
        11.78880520909396,
        16.262033198640047,
        20.93258431559598,
        26.51985729570776,
        34.84848163146124,
        42.00750027322388,
        49.595885196757656,
        58.05288669492108,
        69.73728655950559,
        88.8940793554052,
        103.44320375382605,
        102.21656436860916,
        72.50027050257907,
        44.430064212240765,
        42.796784840388135,
        25.88281244805586,
        17.221688672981767,
        7.207470854240473,
        0.0
      ]
    },
    {
      "step": 4,
      "w_absmax": 125.7100378751998,
      "argmax_zyx": [
        35,
        49,
        22
      ],
      "argmax_z_frac": 0.7954545454545454,
      "per_level_max_w": [
        0.0,
        1.1351957307878071,
        2.343851948550447,
        3.7113644166305773,
        5.536160204437862,
        6.9575673103836095,
        8.07260041015519,
        8.466206186486113,
        8.562683921162693,
        9.089590243866432,
        8.291828418780558,
        6.513465117608882,
        6.445469689600775,
        6.528039619968946,
        6.544002611471911,
        6.980693699180298,
        7.373609631399424,
        8.231020595651538,
        8.510158513495456,
        9.134462554331314,
        9.175189695610074,
        9.648638291570073,
        10.097779345333459,
        10.846465653009533,
        11.860575265630708,
        13.49718231524857,
        17.517525702220258,
        23.147759372992745,
        28.274660016446045,
        36.59553130889015,
        44.983079117667344,
        51.63675269605474,
        61.09819964394451,
        79.82305991104316,
        118.6662479035538,
        125.7100378751998,
        118.59188361835864,
        51.0420285871552,
        52.6929045515867,
        49.525141531877686,
        28.431941037214198,
        25.773658271645903,
        14.087365537484933,
        7.19126298969088,
        0.0
      ]
    },
    {
      "step": 5,
      "w_absmax": 155.43283412587883,
      "argmax_zyx": [
        33,
        30,
        62
      ],
      "argmax_z_frac": 0.75,
      "per_level_max_w": [
        0.0,
        1.1235987629284605,
        2.2670005641061843,
        3.6506804234506967,
        5.416378377629734,
        6.924904339069114,
        8.356569651847648,
        9.592098209322854,
        9.604677665712101,
        9.890275966820159,
        10.13359195695741,
        8.917922225641219,
        7.845162746125817,
        7.955380410575155,
        8.056228285880886,
        8.441286597366227,
        8.8807584365298,
        9.869231614437764,
        10.440851257772675,
        11.061573578997772,
        11.283396222417538,
        11.939120196438184,
        12.530454999820101,
        13.594212169844058,
        15.06444858531395,
        18.01546718956175,
        24.115138995286546,
        29.626338965590772,
        36.608345439365834,
        46.8447823330616,
        51.56297758590358,
        57.68969748767809,
        86.07912353424985,
        155.43283412587883,
        152.89518947714674,
        110.18398361904232,
        41.972565288420995,
        68.64136709597531,
        50.83463475988328,
        35.1383359130058,
        26.511854508097507,
        17.860240707471814,
        10.157868552539247,
        6.26364627831105,
        0.0
      ]
    },
    {
      "step": 6,
      "w_absmax": 207.15499952543465,
      "argmax_zyx": [
        32,
        30,
        62
      ],
      "argmax_z_frac": 0.7272727272727273,