{
  "columns": {
    "DZ": [
      200.957524225555,
      254.3655574225876,
      279.372371651905,
      296.9609103047603,
      310.765067211393,
      322.2278484712306,
      332.0835518397932,
      340.7609078542748,
      348.5336251589715,
      355.5878483543343,
      362.0563026341829,
      368.0371712190049,
      373.6052583140367,
      378.8189505881501,
      383.7247499615278,
      388.360332532221,
      392.7566761230519,
      396.9395787295989,
      400.9307667352678,
      404.7487196799957,
      408.4092947471818,
      411.9262069009073,
      415.311403133127,
      418.5753577945943,
      421.7273082666834,
      424.7754449448094,
      427.7270658176785,
      430.5887033142826,
      433.3662292119207,
      436.0649420292302,
      438.6896403176233,
      441.2446845101185
    ],
    "P": [
      99321.36620795811,
      96687.81148456951,
      93679.19298618741,
      90523.28797810186,
      87297.24268269655,
      84045.0698872891,
      80795.82314125562,
      77570.14176983922,
      74383.316636804,
      71246.9602339433,
      68170.01332752744,
      65159.39787811815,
      62220.46478798833,
      59357.31463783287,
      56573.03559715816,
      53869.88496982463,
      51249.43099613853,
      48712.66577975381,
      46260.0966937778,
      43891.82139217309,
      41607.59009255404,
      39406.85781204577,
      37288.8285570669,
      35252.49298635792,
      33296.6607190894,
      31419.98820459953,
      29621.00287973103,
      27898.12419538991,
      26249.68262536568,
      24673.93535054246,
      23169.07918230173,
      21733.26350117424
    ],
    "PI": [
      0.9980563285733907,
      0.9904224918379062,
      0.9815174840679454,
      0.9719542110377981,
      0.961928977083214,
      0.9515509985325815,
      0.9408918106569425,
      0.9300026096029047,
      0.9189221614091437,
      0.9076809900929278,
      0.8963038277358769,
      0.8848111550687614,
      0.8732202249432057,
      0.8615457724195641,
      0.849800525026771,
      0.8379955801897296,
      0.8261406912426564,
      0.8142444886603782,
      0.8023146542158114,
      0.7903580601841287,
      0.7783808821015007,
      0.7663886911840722,
      0.7543865308752175,
      0.7423789808477268,
      0.730370210976127,
      0.7183640272070959,
      0.7063639108241206,
      0.6943730522803969,
      0.6823943853003422,
      0.6704306103703372,
      0.6584842078831921,
      0.6465574604867054
    ],
    "QV": [
      0.005634792046505441,
      0.004887455301969226,
      0.004136618543069421,
      0.003454834403143261,
      0.00285725152770318,
      0.002344447748178964,
      0.001910906161627273,
      0.001548541725882541,
      0.001248457918474497,
      0.001001872915749359,
      0.0008006009601355639,
      0.0006372795639829246,
      0.0005054480057102674,
      0.0003995394907414629,
      0.0003148252441229372,
      0.0002473343626223637,
      0.000193764218400111,
      0.0001513904061142936,
      0.0001179814593812331,
      9.172111814131264e-05,
      7.113935993488537e-05,
      5.50524256547351e-05,
      4.25114806256162e-05,
      3.275922359863691e-05,
      2.519359954340528e-05,
      1.933772527558356e-05,
      1.481515777862232e-05,
      1.132969497783514e-05,
      1e-05,
      1e-05,
      1e-05,
      1e-05
    ],
    "RQCBLTEN": [
      0.0,
      0.0,
      0.0,
      0.0,
      0.0,
      0.0,
      0.0,
      0.0,
      0.0,
      0.0,
      0.0,
      0.0,
      0.0,
      0.0,
      0.0,
      0.0,
      0.0,
      0.0,
      0.0,
      0.0,
      0.0,
      0.0,
      0.0,
      0.0,
      0.0,
      0.0,
      0.0,
      0.0,
      0.0,
      0.0,
      0.0,
      0.0
    ],
    "RQVBLTEN": [
      -1.666159261070221e-08,
      1.683336374147322e-09,
      1.784907182893535e-09,
      1.611884054446769e-09,
      1.394622469601796e-09,
      1.176803566528444e-09,
      9.77153807291987e-10,
      8.022869439332042e-10,
      6.531577882938094e-10,
      5.281753148737181e-10,
      4.247176305063004e-10,
      3.398770587517069e-10,
      2.708224760838398e-10,
      2.149656359024314e-10,
      1.700252740471547e-10,
      1.340379200382247e-10,
      1.053417182655989e-10,
      8.254768543983618e-11,
      6.450636753834109e-11,
      5.027423992291679e-11,
      3.908212510060335e-11,
      3.030670686915167e-11,
      2.344552972991498e-11,
      1.80954817173265e-11,
      1.393454741427931e-11,
      1.070651926933267e-11,
      8.21450818419461e-12,
      1.458752371876188e-11,
      8.557025852646228e-12,
      6.497768720903281e-15,
      4.85720993775037e-18,
      3.402317050125093e-21
    ],
    "RTHBLTEN": [
      -0.0002087718922708074,
      -3.7971278660188e-06,
      -3.225669682590869e-07,
      -5.518382766020648e-07,
      -6.920351426853651e-07,
      -7.778343650712611e-07,
      -8.329611649543269e-07,
      -8.70351112926126e-07,
      -8.971987793703664e-07,
      -9.176358733430864e-07,
      -9.34110795593442e-07,
      -9.481155062899446e-07,
      -9.605814550139802e-07,
      -9.721026070396477e-07,
      -9.83065013701361e-07,
      -9.937241860112039e-07,
      -1.004252373071544e-06,
      -1.014768053561298e-06,
      -1.025354612141777e-06,
      -1.036072319148654e-06,
      -1.046966085268517e-06,
      -1.058070491327465e-06,
      -1.069413043325262e-06,
      -1.0810162580885e-06,
      -1.092898959648471e-06,
      -1.105077023993467e-06,
      -1.117564178895979e-06,
      -1.130950021355642e-06,
      -1.143737323995547e-06,
      -1.156671771291782e-06,
      -1.181192332870263e-06,
      -1.664770154500487e-05
    ],
    "RUBLTEN": [
      -0.0002648721669858227,
      3.076751064205278e-06,
      1.520003546192269e-06,
      6.071735306090175e-07,
      6.789156747899483e-08,
      -2.583703422764927e-07,
      -4.642161336221306e-07,
      -6.002028531071346e-07,
      -6.944568708533439e-07,
      -7.631314795493912e-07,
      -8.158017744896995e-07,
      -8.583068826339967e-07,
      -8.942971312227618e-07,
      -9.26104952547746e-07,
      -9.552505750557809e-07,
      -9.827438679129348e-07,
      -1.009268871617526e-06,
      -1.035298912614261e-06,
      -1.061169605520718e-06,
      -1.087125735033112e-06,
      -1.11335160060122e-06,
      -1.139990699883242e-06,
      -1.167158406249295e-06,
      -1.194949949242149e-06,
      -1.223445169055518e-06,
      -1.252710973294787e-06,
      -1.282804635434805e-06,
      -1.316005180385105e-06,
      -1.346577080833337e-06,
      -1.377323073488886e-06,
      -1.435022923127841e-06,
      -2.363431474883271e-05
    ],
    "RVBLTEN": [
      -6.621804174645567e-05,
      7.691877660513195e-07,
      3.800008865480672e-07,
      1.517933826522544e-07,
      1.697289186974871e-08,
      -6.459258556912318e-08,
      -1.160540334055327e-07,
      -1.500507132767836e-07,
      -1.73614217713336e-07,
      -1.907828698873478e-07,
      -2.039504436224249e-07,
      -2.145767206584992e-07,
      -2.235742828056904e-07,
      -2.315262381369365e-07,
      -2.388126437639452e-07,
      -2.456859669782337e-07,
      -2.523172179043816e-07,
      -2.588247281535653e-07,
      -2.652924013801794e-07,
      -2.71781433758278e-07,
      -2.78337900150305e-07,
      -2.849976749708105e-07,
      -2.917896015623237e-07,
      -2.987374873105371e-07,
      -3.058612922638796e-07,
      -3.131777433236967e-07,
      -3.207011588587013e-07,
      -3.290012950962762e-07,
      -3.366442702083342e-07,
      -3.443307683722215e-07,
      -3.587557307819604e-07,
      -5.908578687208177e-06
    ],