{
  "columns": {
    "DZ": [
      200.957524225555,
      254.3655574225876,
      279.372371651905,
      296.9609103047603,
      310.765067211393,
      322.2278484712306,
      332.0835518397932,
      340.7609078542748,
      348.5336251589715,
      355.5878483543343,
      362.0563026341829,
      368.0371712190049,
      373.6052583140367,
      378.8189505881501,
      383.7247499615278,
      388.360332532221,
      392.7566761230519,
      396.9395787295989,
      400.9307667352678,
      404.7487196799957,
      408.4092947471818,
      411.9262069009073,
      415.311403133127,
      418.5753577945943,
      421.7273082666834,
      424.7754449448094,
      427.7270658176785,
      430.5887033142826,
      433.3662292119207,
      436.0649420292302,
      438.6896403176233,
      441.2446845101185
    ],
    "P": [
      99679.59091600752,
      97167.00682434849,
      94278.1002092702,
      91226.92848802026,
      88085.5679193064,
      84897.53330769797,
      81696.88829225388,
      78508.11805932038,
      75346.62867366805,
      72224.38112967298,
      69150.82871155933,
      66133.5205578083,
      63178.51292921355,
      60290.66234207957,
      57473.84228359962,
      54731.10834319399,
      52064.82724955349,
      49476.77986293343,
      46968.24486717029,
      44540.06782347712,
      42192.7188937842,
      39926.34163568578,
      37740.7946500558,
      35635.68742693104,
      33610.4114235977,
      31664.16718155998,
      29795.98812049466,
      28004.76152026994,
      26289.24710499129,
      24648.09356779689,
      23079.8533161157,
      21582.99567030153
    ],
    "PI": [
      0.9990834959808836,
      0.9918224855335463,
      0.983306265480026,
      0.9741068257475419,
      0.9644028885570284,
      0.9542986430607086,
      0.9438779953676155,
      0.933201848842677,
      0.922306731880237,
      0.911221485218205,
      0.899969570514909,
      0.8885705144275365,
      0.8770408629363298,
      0.8653948401441816,
      0.8536448195624846,
      0.8418016714151586,
      0.8298750250886889,
      0.8178734717721732,
      0.8058047238521293,
      0.7936757423345618,
      0.7814928401592478,
      0.7692617670166453,
      0.7569877797497412,
      0.744675701364941,
      0.7323299709289012,
      0.7199546860912202,
      0.7075536395807329,
      0.6951303507324325,
      0.682688092883589,
      0.67022991731137,
      0.6577586742562395,
      0.6452770314757623
    ],
    "QV": [
      0.01539346462741783,
      0.014102906535608,
      0.01272716905348964,
      0.01139193536035418,
      0.010135410681883,
      0.008973770141291674,
      0.00791276104131256,
      0.006952376979920749,
      0.006089262484259362,
      0.005318115418566615,
      0.004632564050368365,
      0.004025736656059694,
      0.003490637450547656,
      0.003020394363712073,
      0.002608419252667961,
      0.002248507104883089,
      0.001934892322601903,
      0.001662274779352182,
      0.001425824735999584,
      0.001221173211753427,
      0.001044392633409477,
      0.0008919712990784649,
      0.0007607842433366141,
      0.0006480623829645441,
      0.0005513612911961078,
      0.0004685305483646682,
      0.0003976843155893139,
      0.0003371735519733548,
      0.0002855601270292903,
      0.0002415929553497876,
      0.0002041861897099722,
      0.0001723994439469169
    ],
    "RQCBLTEN": [
      0.0,
      0.0,
      0.0,
      0.0,
      0.0,
      0.0,
      0.0,
      0.0,
      0.0,
      0.0,
      0.0,
      0.0,
      0.0,
      0.0,
      0.0,
      0.0,
      0.0,
      0.0,
      0.0,
      0.0,
      0.0,
      0.0,
      0.0,
      0.0,
      0.0,
      0.0,
      0.0,
      0.0,
      0.0,
      0.0,
      0.0,
      0.0
    ],
    "RQVBLTEN": [
      -1.423452711732625e-06,
      -7.839721677447452e-07,
      -1.493612309822321e-07,
      2.68676149421808e-07,
      4.811926719205488e-07,
      5.259650629338069e-07,
      4.45094171101821e-07,
      2.823327347764442e-07,
      8.346909773674681e-08,
      1.071408817840034e-09,
      8.643954722227912e-10,
      7.518528022740762e-10,
      6.52537945571716e-10,
      5.65145921296902e-10,
      4.884881388688799e-10,
      4.21439038129185e-10,
      3.629485254007331e-10,
      3.12048223718657e-10,
      2.678534049636739e-10,
      2.295619675926516e-10,
      1.964514367221097e-10,
      1.678746924656142e-10,
      1.432549382341612e-10,
      1.220802789379891e-10,
      1.038981739426944e-10,
      8.83099515807882e-11,
      7.496551340346533e-11,
      6.355831269730954e-11,
      5.382065921497303e-11,
      4.551941696519929e-11,
      3.851937397002407e-11,
      1.510030609705491e-10
    ],
    "RTHBLTEN": [
      0.001910052370591818,
      8.027309431107744e-05,
      -2.405980392755744e-05,
      6.858156750936505e-05,
      0.0004489928721067487,
      0.0004922836872025176,
      -0.0002632937059214141,
      -0.0002493439318685649,
      -8.434899296994096e-05,
      -5.915876793472172e-07,
      -5.115998675513705e-07,
      -5.144167410853515e-07,
      -5.174627103041926e-07,
      -5.206635731159922e-07,
      -5.240204229121762e-07,
      -5.275326547984251e-07,
      -5.311987267755975e-07,
      -5.350166379989631e-07,
      -5.389842127121943e-07,
      -5.430992380284521e-07,
      -5.473595430527204e-07,
      -5.517630075582704e-07,
      -5.563075600209114e-07,
      -5.609911397908311e-07,
      -5.658116703056523e-07,
      -5.7076701676096e-07,
      -5.75854967854288e-07,
      -5.810732301849376e-07,
      -5.864194605801099e-07,
      -5.918940604075638e-07,
      -6.022619840373024e-07,
      -9.14809759659441e-06
    ],
    "RUBLTEN": [
      0.0002150182749786511,
      0.0002462060804385417,
      0.0001049900082625917,
      -2.151119558411925e-05,
      -0.0001145687982586333,
      -0.0001679239143699052,
      -0.0001763055855981947,
      -0.0001359826526586616,
      -4.585408606070373e-05,
      -2.522750195410595e-07,
      -2.084908100534004e-07,
      -2.095401286557793e-07,
      -2.10726579134383e-07,
      -2.120170277416141e-07,
      -2.134163405405805e-07,
      -2.149270949214355e-07,
      -2.165506869970339e-07,
      -2.182880263953043e-07,
      -2.201399622888308e-07,
      -2.221075470506169e-07,
      -2.241922003894577e-07,
      -2.26395811342428e-07,
      -2.287208024161676e-07,
      -2.31170169495698e-07,
      -2.337475071575075e-07,
      -2.364570253376996e-07,
      -2.393035601973755e-07,
      -2.422925821458459e-07,
      -2.454302021763036e-07,
      -2.487244916397439e-07,
      -2.544399571332197e-07,
      -4.203062629670739e-06
    ],
    "RVBLTEN": [
      5.375456874466278e-05,
      6.155152010963542e-05,
      2.624750206564793e-05,
      -5.377798896029814e-06,
      -2.864219956465833e-05,
      -4.198097859247629e-05,
      -4.407639639954867e-05,
      -3.39956631646654e-05,
      -1.146352151517593e-05,
      -6.306875488526487e-08,
      -5.212270251335009e-08,
      -5.238503216394482e-08,
      -5.268164478359575e-08,
      -5.300425693540352e-08,
      -5.335408513514513e-08,
      -5.373177373035887e-08,
      -5.413767174925847e-08,
      -5.457200659882607e-08,
      -5.503499057220769e-08,
      -5.552688676265423e-08,
      -5.604805009736443e-08,
      -5.659895283560701e-08,
      -5.71802006040419e-08,
      -5.77925423739245e-08,
      -5.843687678937689e-08,
      -5.91142563344249e-08,
      -5.982589004934387e-08,
      -6.057314553646147e-08,
      -6.135755054407591e-08,
      -6.218112290993597e-08,
      -6.360998928330492e-08,
      -1.050765657417685e-06
    ],