{
  "columns": {
    "DZ": [
      200.957524225555,
      254.3655574225876,
      279.372371651905,
      296.9609103047603,
      310.765067211393,
      322.2278484712306,
      332.0835518397932,
      340.7609078542748,
      348.5336251589715,
      355.5878483543343,
      362.0563026341829,
      368.0371712190049,
      373.6052583140367,
      378.8189505881501,
      383.7247499615278,
      388.360332532221,
      392.7566761230519,
      396.9395787295989,
      400.9307667352678,
      404.7487196799957,
      408.4092947471818,
      411.9262069009073,
      415.311403133127,
      418.5753577945943,
      421.7273082666834,
      424.7754449448094,
      427.7270658176785,
      430.5887033142826,
      433.3662292119207,
      436.0649420292302,
      438.6896403176233,
      441.2446845101185
    ],
    "P": [
      98877.34022864261,
      96360.10780515811,
      93466.73368934481,
      90411.9236682456,
      87269.92551607708,
      84089.36272421083,
      80903.31510793045,
      77732.11722783576,
      74591.04171757476,
      71491.87865414601,
      68443.8825474957,
      65454.38367710014,
      62529.20573765405,
      59672.96424359307,
      56889.28760799196,
      54180.98587793019,
      51550.18273369693,
      48998.42089841864,
      46526.74778452601,
      44135.78610915797,
      41825.7928464296,
      39596.7089703211,
      37448.20181358099,
      35379.70142612638,
      33390.43199912301,
      31479.43918875771,
      29645.61400088864,
      27887.7137670715,
      26204.38064221702,
      24594.1579762388,
      23055.50485080053,
      21586.80902359209
    ],
    "PI": [
      0.9967794566474706,
      0.9894622327274495,
      0.9808809602210984,
      0.9716124249520369,
      0.9618429651656557,
      0.9516942514760103,
      0.9412492912721597,
      0.930557040139469,
      0.9196546340399433,
      0.9085713955942754,
      0.8973311694145242,
      0.8859537851519861,
      0.8744560260591343,
      0.8628522989083444,
      0.8511551141988547,
      0.8393754407472359,
      0.8275229741570589,
      0.8156063444668056,
      0.8036332797273209,
      0.791610736924019,
      0.7795450082219232,
      0.7674418082359842,
      0.7553063464852383,
      0.7431433881188054,
      0.7309573052445116,
      0.7187521206456233,
      0.706531545271971,
      0.6942990105950082,
      0.6820576966927222,
      0.6698105567595886,
      0.6575603386048853,
      0.6453096035997157
    ],
    "QV": [
      0.01340155722874638,
      0.01213856570798036,
      0.01080876790808456,
      0.009535939865011799,
      0.00835577955131077,
      0.007281568597435519,
      0.006316117481996034,
      0.005456645164634281,
      0.004697298351378802,
      0.00403060963633421,
      0.003448392019196962,
      0.002942301412292878,
      0.002504190311409232,
      0.002126324650513327,
      0.001801508921449809,
      0.001523149179618133,
      0.001285274063914443,
      0.001082527815348266,
      0.0009101451387429156,
      0.0007639148770453336,
      0.0006401374276989607,
      0.0005355793613509806,
      0.0004474276355296172,
      0.0003732450168730102,
      0.0003109277571479711,
      0.0002586661555151301,
      0.0002149083423626427,
      0.0001783274091655169,
      0.000147791862333831,
      0.0001223392804218108,
      0.0001011529909235584,
      8.35415457284161e-05
    ],
    "RQCBLTEN": [
      0.0,
      0.0,
      0.0,
      0.0,
      0.0,
      0.0,
      0.0,
      0.0,
      0.0,
      0.0,
      0.0,
      0.0,
      0.0,
      0.0,
      0.0,
      0.0,
      0.0,
      0.0,
      0.0,
      0.0,
      0.0,
      0.0,
      0.0,
      0.0,
      0.0,
      0.0,
      0.0,
      0.0,
      0.0,
      0.0,
      0.0,
      0.0
    ],
    "RQVBLTEN": [
      -6.656961388686683e-07,
      -3.636295047378263e-07,
      7.142515616605827e-08,
      3.082079619445483e-07,
      3.640640875058436e-07,
      2.857409931527208e-07,
      1.24342050295057e-07,
      4.436360800060796e-09,
      1.098288202502054e-09,
      9.404749321592094e-10,
      8.052634084386428e-10,
      6.875863807797267e-10,
      5.856011758622715e-10,
      4.9754952432297e-10,
      4.217876539502107e-10,
      3.568037259702095e-10,
      3.012247055463951e-10,
      2.538161957180058e-10,
      2.134776877372955e-10,
      1.792349501485786e-10,
      1.502307701484286e-10,
      1.257148983893774e-10,
      1.050337872150823e-10,
      8.762052248658175e-11,
      7.29852110447594e-11,
      6.07059855690945e-11,
      5.042071625398039e-11,
      4.181946728203336e-11,
      3.463770017323592e-11,
      2.865022297094567e-11,
      2.370253135427573e-11,
      8.395670696244399e-11
    ],
    "RTHBLTEN": [
      0.001110734289684426,
      -9.669526926996606e-07,
      1.576884926703157e-05,
      0.0002815471490357529,
      0.0003329101556970409,
      -0.0002143184605443555,
      -0.0001259120878986014,
      1.819632920516894e-07,
      -6.110451426430269e-07,
      -6.144202982066056e-07,
      -6.171770979336098e-07,
      -6.201301238715698e-07,
      -6.232790369926825e-07,
      -6.266206788164651e-07,
      -6.3015104971955e-07,
      -6.338659701266486e-07,
      -6.377614512985173e-07,
      -6.418338802113543e-07,
      -6.460801061153181e-07,
      -6.504974521685478e-07,
      -6.550836991188005e-07,
      -6.598370360501931e-07,
      -6.647559951221459e-07,
      -6.698393896743942e-07,
      -6.750862520593264e-07,
      -6.804957678958353e-07,
      -6.860672325174709e-07,
      -6.918000210958261e-07,
      -6.976935875810597e-07,
      -7.037506478683693e-07,
      -7.154926679347956e-07,
      -1.057616741441907e-05
    ],
    "RUBLTEN": [
      -6.326986812614047e-07,
      0.0001070342142555451,
      1.555351252879126e-05,
      -5.994038948895497e-05,
      -0.0001005719534932522,
      -9.971955030555109e-05,
      -5.291706520392421e-05,
      -1.06964429667696e-06,
      -1.578123622299662e-07,
      -1.574022659026989e-07,
      -1.580029021841511e-07,
      -1.5868735725455e-07,
      -1.594533676207988e-07,
      -1.602992283208001e-07,
      -1.612232334006573e-07,
      -1.622238845773912e-07,
      -1.633000164424914e-07,
      -1.644508685079889e-07,
      -1.656761246415783e-07,
      -1.66975931866394e-07,
      -1.683509073628168e-07,
      -1.698021391790168e-07,
      -1.713311835812211e-07,
      -1.729400623003604e-07,
      -1.746312603856382e-07,
      -1.764077263525602e-07,
      -1.782728742997601e-07,
      -1.802305894157049e-07,
      -1.822852358834837e-07,
      -1.844426510781242e-07,
      -1.883989951897054e-07,
      -3.149037252144401e-06
    ],
    "RVBLTEN": [
      -1.581746703153512e-07,
      2.675855356388627e-05,
      3.888378132197815e-06,
      -1.498509737223874e-05,
      -2.514298837331304e-05,
      -2.492988757638777e-05,
      -1.322926630098105e-05,
      -2.6741107416924e-07,
      -3.945309055749154e-08,
      -3.935056647567473e-08,
      -3.950072554603778e-08,
      -3.967183931363749e-08,
      -3.986334190519969e-08,
      -4.007480708020002e-08,
      -4.030580835016432e-08,
      -4.05559711443478e-08,
      -4.082500411062284e-08,
      -4.111271712699723e-08,
      -4.141903116039458e-08,
      -4.17439829665985e-08,
      -4.20877268407042e-08,
      -4.245053479475421e-08,
      -4.283279589530527e-08,
      -4.323501557509009e-08,
      -4.365781509640954e-08,
      -4.410193158814005e-08,
      -4.456821857494001e-08,
      -4.505764735392622e-08,
      -4.557130897087091e-08,
      -4.611066276953105e-08,
      -4.709974879742636e-08,
      -7.872593130361002e-07
    ],