{
  "columns": {
    "DZ": [
      200.957524225555,
      254.3655574225876,
      279.372371651905,
      296.9609103047603,
      310.765067211393,
      322.2278484712306,
      332.0835518397932,
      340.7609078542748,
      348.5336251589715,
      355.5878483543343,
      362.0563026341829,
      368.0371712190049,
      373.6052583140367,
      378.8189505881501,
      383.7247499615278,
      388.360332532221,
      392.7566761230519,
      396.9395787295989,
      400.9307667352678,
      404.7487196799957,
      408.4092947471818,
      411.9262069009073,
      415.311403133127,
      418.5753577945943,
      421.7273082666834,
      424.7754449448094,
      427.7270658176785,
      430.5887033142826,
      433.3662292119207,
      436.0649420292302,
      438.6896403176233,
      441.2446845101185
    ],
    "P": [
      98358.9270199246,
      95802.06961287357,
      92866.72584205825,
      89774.71321522293,
      86604.67576570844,
      83401.14211663761,
      80192.65298139908,
      76999.70194078526,
      73837.67730267669,
      70718.4570502184,
      67651.36553076695,
      64643.79108518723,
      61701.60781922685,
      58829.47667030184,
      56031.06812696456,
      53309.23188255487,
      50666.12924433433,
      48103.33860248337,
      45621.94090356976,
      43222.58994936351,
      40905.57095514664,
      38670.84986991093,
      36518.11531869384,
      34446.8145746228,
      32456.18464259649,
      30545.27929798558,
      28712.99274612175,
      26958.08043414843,
      25279.17744406977,
      23674.81481624077,
      22143.43409020931,
      20683.40030052583
    ],
    "PI": [
      0.9952834786269982,
      0.9878216500741375,
      0.9790777500863659,
      0.9696509697404756,
      0.959742371019435,
      0.9494622752917349,
      0.9388795515142511,
      0.9280434252235821,
      0.9169911631591716,
      0.9057521315166122,
      0.8943501632966845,
      0.8828050425219208,
      0.8711334874182639,
      0.8593498306664248,
      0.8474665069622893,
      0.8354944128034908,
      0.823443178552179,
      0.8113213784687037,
      0.7991366957619898,
      0.7868960542972493,
      0.7746057251146607,
      0.7622714135992728,
      0.7498983315691027,
      0.73749125745439,
      0.7250545869649041,
      0.7125923760816775,
      0.7001083777980298,
      0.6876060737281524,
      0.6750887014700331,
      0.6625592784325818,
      0.6500206227001321,
      0.6374753714008511
    ],
    "QV": [
      0.007565663176455319,
      0.006666809258162939,
      0.005748165943193699,
      0.004897810454380131,
      0.004137019031049354,
      0.003469963663210249,
      0.002893280430517231,
      0.002400050350837924,
      0.001981826735439562,
      0.00162975502943939,
      0.00133520403761673,
      0.001090111925160458,
      0.0008871586854486491,
      0.0007198314899691712,
      0.0005824244330247301,
      0.0004699993773147362,
      0.0003783253058453122,
      0.0003038075228003449,
      0.0002434140008019194,
      0.0001946034393114689,
      0.0001552577465939797,
      0.0001236204079718123,
      9.824137095133962e-05,
      7.792853650398657e-05,
      6.170560692792427e-05,
      4.877584189488139e-05,
      3.849117114773094e-05,
      3.032607329189529e-05,
      2.385563280881138e-05,
      1.873721601308587e-05,
      1.469525016077101e-05,
      1.150864073983968e-05
    ],
    "RQCBLTEN": [
      0.0,
      0.0,
      0.0,
      0.0,
      0.0,
      0.0,
      0.0,
      0.0,
      0.0,
      0.0,
      0.0,
      0.0,
      0.0,
      0.0,
      0.0,
      0.0,
      0.0,
      0.0,
      0.0,
      0.0,
      0.0,
      0.0,
      0.0,
      0.0,
      0.0,
      0.0,
      0.0,
      0.0,
      0.0,
      0.0,
      0.0,
      0.0
    ],
    "RQVBLTEN": [
      -2.730941325990853e-07,
      7.962590669469171e-08,
      1.386233629506768e-07,
      1.4525271192461e-08,
      1.521884891448313e-09,
      1.264890873821265e-09,
      1.056119721960955e-09,
      8.771056816816595e-10,
      7.250081198610113e-10,
      5.967573356950329e-10,
      4.893092866183202e-10,
      3.997931285071417e-10,
      3.255859526370718e-10,
      2.643438437774564e-10,
      2.140065021278566e-10,
      1.727861781163487e-10,
      1.391478053635678e-10,
      1.117847812487514e-10,
      8.959325244474825e-11,
      7.164670002710697e-11,
      5.717190297959378e-11,
      4.552687722302659e-11,
      3.618106620744748e-11,
      2.869784942534828e-11,
      2.271930275727492e-11,
      1.79530656136262e-11,
      1.416112744021639e-11,
      1.11503283651271e-11,
      8.764367080192977e-12,
      6.877121170609593e-12,
      5.3934132481708e-12,
      1.526013168543923e-11
    ],
    "RTHBLTEN": [
      0.0001099517109064781,
      -1.965321057480792e-06,
      6.497450335548056e-08,
      -4.150059344886272e-06,
      -5.360666779766646e-07,
      -5.339118329926122e-07,
      -5.364725841083115e-07,
      -5.391383627551621e-07,
      -5.419472940687656e-07,
      -5.449170375115173e-07,
      -5.480534247146986e-07,
      -5.513568105563861e-07,
      -5.548251264098068e-07,
      -5.584554194369826e-07,
      -5.622446294616045e-07,
      -5.661899769612578e-07,
      -5.702891272139523e-07,
      -5.745402302738684e-07,
      -5.78941900508972e-07,
      -5.834931504548706e-07,
      -5.881933076541854e-07,
      -5.930419247961574e-07,
      -5.980386826865294e-07,
      -6.031832978877548e-07,
      -6.084754343856332e-07,
      -6.139146253151984e-07,
      -6.195002041981968e-07,
      -6.252312577295173e-07,
      -6.311066060693011e-07,
      -6.371276681584152e-07,
      -6.482638823675355e-07,
      -9.492597815211129e-06
    ],
    "RUBLTEN": [
      -0.0001202756104528469,
      -2.054368251508768e-05,
      -3.916557438898109e-05,
      -4.402049421670106e-06,
      -1.075163412966873e-07,
      -1.021903802689295e-07,
      -1.025068793773324e-07,
      -1.029041777493115e-07,
      -1.033677541117939e-07,
      -1.038925999452545e-07,
      -1.04474963547041e-07,
      -1.05111853761682e-07,
      -1.05800882595671e-07,
      -1.065402059759653e-07,
      -1.073284912648612e-07,
      -1.081648902001575e-07,
      -1.090490120277584e-07,
      -1.09980897085767e-07,
      -1.109609912397502e-07,
      -1.119901232785973e-07,
      -1.130694854486099e-07,
      -1.14200618339666e-07,
      -1.153854001530637e-07,
      -1.166260404398637e-07,
      -1.179250788722423e-07,
      -1.192853879968444e-07,
      -1.207101807546943e-07,
      -1.222030219535005e-07,
      -1.237678437219595e-07,
      -1.254096263429242e-07,
      -1.282670409293492e-07,
      -2.106930048502894e-06
    ],
    "RVBLTEN": [
      -3.006890261321171e-05,
      -5.135920628771921e-06,
      -9.791393597245272e-06,
      -1.100512355417527e-06,
      -2.687908532417182e-08,
      -2.554759506723236e-08,
      -2.56267198443331e-08,
      -2.572604443732788e-08,
      -2.584193852794847e-08,
      -2.597314998631361e-08,
      -2.611874088676025e-08,
      -2.627796344042051e-08,
      -2.645022064891774e-08,
      -2.663505149399133e-08,
      -2.683212281621531e-08,
      -2.704122255003938e-08,
      -2.726225300693959e-08,
      -2.749522427144176e-08,
      -2.774024780993756e-08,
      -2.799753081964932e-08,
      -2.826737136215248e-08,
      -2.85501545849165e-08,
      -2.884635003826593e-08,
      -2.915651010996593e-08,
      -2.948126971806057e-08,
      -2.982134699921109e-08,
      -3.017754518867358e-08,
      -3.055075548837512e-08,
      -3.094196093048988e-08,
      -3.135240658573106e-08,
      -3.206676023233731e-08,
      -5.267325121257235e-07
    ],