{
  "columns": {
    "DZ": [
      200.957524225555,
      254.3655574225876,
      279.372371651905,
      296.9609103047603,
      310.765067211393,
      322.2278484712306,
      332.0835518397932,
      340.7609078542748,
      348.5336251589715,
      355.5878483543343,
      362.0563026341829,
      368.0371712190049,
      373.6052583140367,
      378.8189505881501,
      383.7247499615278,
      388.360332532221,
      392.7566761230519,
      396.9395787295989,
      400.9307667352678,
      404.7487196799957,
      408.4092947471818,
      411.9262069009073,
      415.311403133127,
      418.5753577945943,
      421.7273082666834,
      424.7754449448094,
      427.7270658176785,
      430.5887033142826,
      433.3662292119207,
      436.0649420292302,
      438.6896403176233,
      441.2446845101185
    ],
    "P": [
      100023.9405698841,
      97392.25284207752,
      94377.88401479044,
      91207.06125180933,
      87956.26493035548,
      84669.36692802602,
      81375.61418525515,
      78096.07277156397,
      74846.62791421261,
      71639.60660573823,
      68484.7480006053,
      65389.82782818428,
      62361.08337907788,
      59403.51594553828,
      56521.11400295015,
      53717.02292370373,
      50993.67732255783,
      48352.90648366437,
      45796.01988368949,
      43323.87765832187,
      40936.94944864387,
      38635.36411956725,
      36418.95219476189,
      34287.28239820826,
      32239.69336747657,
      30275.3213670374,
      28393.12465450925,
      26591.90502084058,
      24870.32692483176,
      23226.9345647023,
      21660.16716867836,
      20168.37273859334
    ],
    "PI": [
      1.000068395780562,
      0.9924788498690604,
      0.9836035045594538,
      0.9740462098240533,
      0.9639981989254279,
      0.9535651599213436,
      0.9428159845887144,
      0.9317998305658215,
      0.920553876258157,
      0.9091074103416963,
      0.8974842125322366,
      0.8857040423859199,
      0.8737836225595532,
      0.8617373169009529,
      0.8495776148530291,
      0.8373154877854616,
      0.8249606576897494,
      0.8125218041349983,
      0.8000067266231883,
      0.7874224740119822,
      0.7747754491479075,
      0.7620714945183932,
      0.7493159631477515,
      0.7365137778649232,
      0.7236694812956083,
      0.7107872783741592,
      0.6978710727636198,
      0.6849244982707177,
      0.6719509461161787,
      0.6589535887486081,
      0.6459354007579031,
      0.632899177341444
    ],
    "QV": [
      0.009620915392136142,
      0.008814316584754999,
      0.007954480658431025,
      0.007119959600221364,
      0.006334631676176872,
      0.005608606338307296,
      0.004945475650820349,
      0.004345235612450468,
      0.003805789052662101,
      0.003323822136604134,
      0.002895352531480228,
      0.002516085410037309,
      0.002181648406592285,
      0.001887746477320046,
      0.001630262032917476,
      0.001405316940551931,
      0.00120930770162619,
      0.001038921737095114,
      0.00089114045999974,
      0.0007632332573458915,
      0.000652745395880923,
      0.0005574820619240405,
      0.0004754901520853838,
      0.0004050389893528401,
      0.0003446008069975674,
      0.0002928315927279176,
      0.0002485526972433212,
      0.0002107334699833468,
      0.0001784750793933064,
      0.0001509955970936173,
      0.0001276163685687327,
      0.000107749652466823
    ],
    "RQCBLTEN": [
      0.0,
      0.0,
      0.0,
      0.0,
      0.0,
      0.0,
      0.0,
      0.0,
      0.0,
      0.0,
      0.0,
      0.0,
      0.0,
      0.0,
      0.0,
      0.0,
      0.0,
      0.0,
      0.0,
      0.0,
      0.0,
      0.0,
      0.0,
      0.0,
      0.0,
      0.0,
      0.0,
      0.0,
      0.0,
      0.0,
      0.0,
      0.0
    ],
    "RQVBLTEN": [
      6.405943439380584e-08,
      3.206368691343513e-09,
      1.468668442215351e-09,
      1.317069151916759e-09,
      1.17457230518765e-09,
      1.04191266272784e-09,
      9.202363967435011e-10,
      8.097688741350886e-10,
      7.102512212436403e-10,
      6.211542268644116e-10,
      5.418001905864327e-10,
      4.714382065198295e-10,
      4.092925581510882e-10,
      3.545942386990129e-10,
      3.066013109723962e-10,
      2.64611643951571e-10,
      2.279703478414843e-10,
      1.960734961992573e-10,
      1.683692538059456e-10,
      1.44357213621336e-10,
      1.235865264456144e-10,
      1.056532496941534e-10,
      9.019722697292035e-11,
      7.689872518022125e-11,
      6.547499238381136e-11,
      5.56768520012392e-11,
      4.728541295058061e-11,
      4.010894848176488e-11,
      3.397997624626345e-11,
      2.875258132116747e-11,
      2.434163516307739e-11,
      9.41175440506263e-11
    ],
    "RTHBLTEN": [
      -4.041698144010465e-05,
      -4.134173848853825e-06,
      -4.164623031353616e-07,
      -4.15104386699265e-07,
      -4.183441830211406e-07,
      -4.211535309728114e-07,
      -4.238486722226656e-07,
      -4.2655515208375e-07,
      -4.293296034604794e-07,
      -4.321999385895835e-07,
      -4.351805756304582e-07,
      -4.382790490565815e-07,
      -4.414991958185756e-07,
      -4.4484278372021e-07,
      -4.483103982505574e-07,
      -4.519019330178916e-07,
      -4.556168601670583e-07,
      -4.594543715511976e-07,
      -4.634134441400987e-07,
      -4.674928579981988e-07,
      -4.71691177821313e-07,
      -4.760067168694306e-07,
      -4.80437484290932e-07,
      -4.849811342675952e-07,
      -4.896349066940204e-07,
      -4.943955822674728e-07,
      -4.992594550681475e-07,
      -5.042223336448038e-07,
      -5.092796032226674e-07,
      -5.14428688002077e-07,
      -5.237580764041388e-07,
      -7.891651331867633e-06
    ],
    "RUBLTEN": [
      -9.789476323431855e-05,
      -7.427820760093813e-07,
      -1.01631721712477e-07,
      -1.005289201809016e-07,
      -1.008194407884725e-07,
      -1.012277715206622e-07,
      -1.017073330222828e-07,
      -1.022465092962814e-07,
      -1.028417969154797e-07,
      -1.034919606235363e-07,
      -1.041964705035999e-07,
      -1.049550704494232e-07,
      -1.057676772164839e-07,
      -1.066343776538285e-07,
      -1.075554523666256e-07,
      -1.085314029462362e-07,
      -1.095629764247263e-07,
      -1.106511859472192e-07,
      -1.117973283726314e-07,
      -1.130030001868694e-07,
      -1.142701119801378e-07,
      -1.156009040788793e-07,
      -1.169979621333065e-07,
      -1.184642348957728e-07,
      -1.200030541307721e-07,
      -1.216181565529458e-07,
      -1.233137089033202e-07,
      -1.250943355272464e-07,
      -1.269651489277379e-07,
      -1.289324226050326e-07,
      -1.321092039171153e-07,
      -2.084580540998952e-06
    ],
    "RVBLTEN": [
      -2.447369080857964e-05,
      -1.856955190023453e-07,
      -2.540793042811925e-08,
      -2.513223004522539e-08,
      -2.520486019711813e-08,
      -2.530694288016555e-08,
      -2.542683325557071e-08,
      -2.556162732407034e-08,
      -2.571044922886993e-08,
      -2.587299015588407e-08,
      -2.604911762589997e-08,
      -2.623876761235581e-08,
      -2.644191930412099e-08,
      -2.665859441345712e-08,
      -2.688886309165639e-08,
      -2.713285073655906e-08,
      -2.739074410618159e-08,
      -2.766279648680481e-08,
      -2.794933209315786e-08,
      -2.825075004671736e-08,
      -2.856752799503444e-08,
      -2.890022601971983e-08,
      -2.924949053332663e-08,
      -2.96160587239432e-08,
      -3.000076353269302e-08,
      -3.040453913823645e-08,
      -3.082842722583005e-08,
      -3.12735838818116e-08,
      -3.174128723193448e-08,
      -3.223310565125814e-08,
      -3.302730097927882e-08,
      -5.211451352497379e-07
    ],