{
  "columns": {
    "DZ": [
      200.957524225555,
      254.3655574225876,
      279.372371651905,
      296.9609103047603,
      310.765067211393,
      322.2278484712306,
      332.0835518397932,
      340.7609078542748,
      348.5336251589715,
      355.5878483543343,
      362.0563026341829,
      368.0371712190049,
      373.6052583140367,
      378.8189505881501,
      383.7247499615278,
      388.360332532221,
      392.7566761230519,
      396.9395787295989,
      400.9307667352678,
      404.7487196799957,
      408.4092947471818,
      411.9262069009073,
      415.311403133127,
      418.5753577945943,
      421.7273082666834,
      424.7754449448094,
      427.7270658176785,
      430.5887033142826,
      433.3662292119207,
      436.0649420292302,
      438.6896403176233,
      441.2446845101185
    ],
    "P": [
      98859.34336774255,
      96303.30878612271,
      93368.64326810704,
      90274.96762134862,
      87099.21912162243,
      83886.25341466675,
      80664.591971793,
      77454.80794605507,
      74272.4425392055,
      71129.58163192464,
      68035.79837614507,
      64998.75957865108,
      62024.63833724253,
      59118.40762571796,
      56284.05686966162,
      53524.75655832545,
      50842.98652708517,
      48240.63806237567,
      45719.09664728193,
      43279.31006316816,
      40921.8451934027,
      38646.93595816488,
      36454.52417961264,
      34344.29473451745,
      32315.70603465731,
      30368.01664407471,
      28500.30867078653,
      26711.50844134514,
      25000.40486800017,
      23365.66584193373,
      21805.8529263875,
      20319.43457636098
    ],
    "PI": [
      0.99672761733275,
      0.9892955593703904,
      0.9805867344979176,
      0.9711916831998343,
      0.9613050361836585,
      0.9510369067738392,
      0.9404549209417984,
      0.9296073258366754,
      0.9185306029849715,
      0.9072534828390317,
      0.8957992822348706,
      0.8841873666116179,
      0.8724341162292343,
      0.860553592953309,
      0.8485580169394435,
      0.8364581175495474,
      0.8242633981424565,
      0.811982340130939,
      0.7996225631154161,
      0.7871909525460735,
      0.774693762912435,
      0.7621367021730181,
      0.7495250015862414,
      0.7368634740279068,
      0.7241565631198064,
      0.7114083849463873,
      0.6986227637358411,
      0.6858032625846108,
      0.6729532100805653,
      0.6600757235096615,
      0.6471737291996321,
      0.6342499804520825
    ],
    "QV": [
      0.00859819599076698,
      0.00775292269480595,
      0.006867264314233626,
      0.006024177662955053,
      0.005247026012255664,
      0.004543962441860356,
      0.003916084409688385,
      0.003360779980636594,
      0.002873455279354672,
      0.00244852947017814,
      0.002080039085608168,
      0.001762012020781767,
      0.001488697016954554,
      0.001254699058849792,
      0.00105505232578111,
      0.0008852514776605887,
      0.000741255349623476,
      0.0006194727702834458,
      0.0005167372766207058,
      0.0004302754573796815,
      0.0003576722135989902,
      0.0002968351920225099,
      0.0002459599033250271,
      0.0002034965007983933,
      0.0001681188098581392,
      0.0001386959242637933,
      0.0001142664921748615,
      9.401568267146366e-05,
      7.725473524188253e-05,
      6.34029390779382e-05,
      5.197185689114285e-05,
      4.255159265914686e-05
    ],
    "RQCBLTEN": [
      0.0,
      0.0,
      0.0,
      0.0,
      0.0,
      0.0,
      0.0,
      0.0,
      0.0,
      0.0,
      0.0,
      0.0,
      0.0,
      0.0,
      0.0,
      0.0,
      0.0,
      0.0,
      0.0,
      0.0,
      0.0,
      0.0,
      0.0,
      0.0,
      0.0,
      0.0,
      0.0,
      0.0,
      0.0,
      0.0,
      0.0,
      0.0
    ],
    "RQVBLTEN": [
      -2.8805928043673e-07,
      9.905106576218582e-08,
      1.127007132881531e-07,
      1.629172598000945e-09,
      1.318112800308339e-09,
      1.145829042858242e-09,
      9.902303626962183e-10,
      8.516121973741562e-10,
      7.293865481445194e-10,
      6.224551580850437e-10,
      5.294906276046134e-10,
      4.490925392665146e-10,
      3.798764228121935e-10,
      3.205242438078559e-10,
      2.698117650305442e-10,
      2.266215691663747e-10,
      1.89947062887085e-10,
      1.588908247486121e-10,
      1.326594890985316e-10,
      1.105566235233964e-10,
      9.197457754473191e-11,
      7.638595753313089e-11,
      6.333516076385577e-11,
      5.24302469753161e-11,
      4.333531740201738e-11,
      3.57634953894994e-11,
      2.947054996776941e-11,
      2.424916769337262e-11,
      1.992385409179601e-11,
      1.634644225082758e-11,
      1.34118297204854e-11,
      4.524246908893746e-11
    ],
    "RTHBLTEN": [
      7.650504333975052e-05,
      -2.245813758215599e-05,
      -3.157244233869645e-05,
      4.536572424881703e-06,
      -3.748602013375411e-07,
      -3.866977732162432e-07,
      -3.907888798206381e-07,
      -3.942333102740309e-07,
      -3.973780733956406e-07,
      -4.004064615910808e-07,
      -4.034205749761543e-07,
      -4.064784635331619e-07,
      -4.096134873693096e-07,
      -4.128447939376274e-07,
      -4.161831989522368e-07,
      -4.196345360280206e-07,
      -4.232016269417304e-07,
      -4.268854314382709e-07,
      -4.306857382077145e-07,
      -4.34601536496672e-07,
      -4.386312363473264e-07,
      -4.427727601095609e-07,
      -4.470235681514893e-07,
      -4.513806329974225e-07,
      -4.558403868511267e-07,
      -4.60398658572618e-07,
      -4.65050599717322e-07,
      -4.697906283524022e-07,
      -4.746124034577445e-07,
      -4.795111043281653e-07,
      -4.88417116498599e-07,
      -7.47935759127737e-06
    ],
    "RUBLTEN": [
      -8.458889016553044e-05,
      -6.615515837348577e-05,
      -8.380680110646004e-05,
      -1.285121403811947e-07,
      -2.348116008077383e-07,
      -2.44810764793435e-07,
      -2.510173148451144e-07,
      -2.552596730727904e-07,
      -2.584593835397442e-07,
      -2.611255898917382e-07,
      -2.635467120833586e-07,
      -2.658896462559568e-07,
      -2.682526396421044e-07,
      -2.706943361019398e-07,
      -2.732501866849665e-07,
      -2.759419543825933e-07,
      -2.787833382219181e-07,
      -2.81783359934451e-07,
      -2.8494843006636e-07,
      -2.88283619257849e-07,
      -2.917934393960782e-07,
      -2.954823183465294e-07,
      -2.993548782785164e-07,
      -3.0341608487916e-07,
      -3.076713094962713e-07,
      -3.121263297008643e-07,
      -3.167872876908007e-07,
      -3.216606139666567e-07,
      -3.267529319413616e-07,
      -3.320727344065707e-07,
      -3.40607599547127e-07,
      -5.408120918145206e-06
    ],
    "RVBLTEN": [
      -2.114722254138261e-05,
      -1.653878959337144e-05,
      -2.095170027661501e-05,
      -3.212803509529867e-08,
      -5.870290020193458e-08,
      -6.120269119835874e-08,
      -6.275432871127861e-08,
      -6.381491826819759e-08,
      -6.461484588493605e-08,
      -6.528139747293456e-08,
      -6.588667802083965e-08,
      -6.64724115639892e-08,
      -6.70631599105261e-08,
      -6.767358402548496e-08,
      -6.831254667124161e-08,
      -6.898548859564831e-08,
      -6.969583455547952e-08,
      -7.044583998361275e-08,
      -7.123710751659e-08,
      -7.207090481446225e-08,
      -7.294835984901956e-08,
      -7.387057958663234e-08,
      -7.48387195696291e-08,
      -7.585402121979001e-08,
      -7.691782737406782e-08,
      -7.803158242521608e-08,
      -7.919682192270016e-08,
      -8.041515349166417e-08,
      -8.168823298534041e-08,
      -8.301818360164267e-08,
      -8.515189988678174e-08,
      -1.352030229536301e-06
    ],