{
  "columns": {
    "DZ": [
      270.2641896681747,
      342.0917008270299,
      375.7229192146696,
      399.3774311060777,
      417.9423954924623,
      433.3584855367262,
      446.6132451919293,
      458.2832665098877,
      468.7366553639208,
      478.2237543067463,
      486.9230630839929,
      494.9666265575061,
      502.4550475685655,
      509.466849306632,
      516.0645713746671,
      522.2988836848754,
      528.2114477585883,
      533.8369588598835,
      539.2046364142434,
      544.3393332252981,
      549.2623753361386,
      553.9922077573101,
      558.5448977851884,
      562.9345321872588,
      567.1735341529529,
      571.2729187989662,
      575.2425010601382,
      579.0910662836759,
      582.8265113181442,
      586.4559620467444,
      589.9858719556651,
      593.4221053134934,
      596.770007772162,
      600.034466616773,
      603.2199624429522,
      606.3306136924075,
      609.3702152055703,
      612.342271735386,
      615.2500271968383,
      618.0964902903579
    ],
    "P": [
      99378.51370218272,
      96015.5215919524,
      92217.96898529698,
      88285.82784855663,
      84320.97497008293,
      80380.4765318905,
      76500.7189998685,
      72706.27641297194,
      69014.14827680976,
      65436.11432874829,
      61980.1809675461,
      58651.5359350717,
      55453.21322210897,
      52386.57565548125,
      49451.67661149314,
      46647.53808855673,
      43972.36880885664,
      41423.73801853434,
      38998.71572657034,
      36693.98696970384,
      34505.9456073687,
      32430.77173384301,
      30464.49580635078,
      28603.05188217172,
      26842.32184340384,
      25178.17210585857,
      23606.48401968199,
      22123.17894741982,
      20724.23883232745,
      19405.72293314487,
      18163.78129233964,
      16994.6654164925,
      15894.73657532611,
      14860.47206634338,
      13888.46974251287,
      12975.45105891311,
      12118.26285918661,
      11313.87809286676,
      10559.39562918912,
      9852.039311144492
    ],
    "P8W": [
      100900.0,
      97879.97012542043,
      94186.58766202888,
      90290.49692604617,
      86325.66731013887,
      82362.83647088916,
      78445.82926399607,
      74603.8388835399,
      70856.978795575,
      67219.24563160923,
      63700.28431904182,
      60306.52569036366,
      57041.96400245758,
      53908.71282980712,
      50907.41672077277,
      48037.56460676632,
      45297.73371185541,
      42685.78271402683,
      40199.00684319191,
      37834.26377309676,
      35588.07666531705,
      33456.71904261872,
      31436.28500788906,
      29522.74750347434,
      27712.00671204217,
      25999.93026242229,
      24382.3865754159,
      22855.27243396991,
      21414.53566801986,
      20056.19369187392,
      18776.34851076268,
      17571.19871559874,
      16437.04890561217,
      15370.31691332067,
      14367.53915224654,
      13425.37436263294,
      12540.6059924001,
      11710.14341837528,
      10931.02218538075,
      10200.40341724496,
      9515.572533556933
    ],
    "PI": [
      0.9982203695294811,
      0.988449984001397,
      0.9771186460593152,
      0.9650288209756293,
      0.9524424607805055,
      0.9395073125472163,
      0.9263211418528029,
      0.9129544612782894,
      0.8994609714518399,
      0.8858831256390298,
      0.8722554035665818,
      0.8586063801798793,
      0.8449601060572149,
      0.8313370690382316,
      0.8177548879786772,
      0.8042288280160023,
      0.7907721927864335,
      0.7773966293312279,
      0.7641123694953484,
      0.7509284241257621,
      0.737852741518569,
      0.7248923383286481,
      0.7120534089481095,
      0.6993414178213658,
      0.6867611780716766,
      0.674316919024108,
      0.6620123446300011,
      0.6498506843663252,
      0.6378347378576743,
      0.625966914220154,
      0.6142492669346326,
      0.60268352490736,
      0.5912711202583526,
      0.5800132132845937,
      0.5689107149704069,
      0.557964307357143,
      0.5471744620354051,
      0.5365414569830685,
      0.5260653919394526,
      0.5157462024787851
    ],
    "QC": [
      0.0,
      0.0,
      0.0,
      0.0,
      0.0,
      0.0,
      0.0,
      0.0,
      0.0,
      0.0,
      0.0,
      0.0,
      0.0,
      0.0,
      0.0,
      0.0,
      0.0,
      0.0,
      0.0,
      0.0,
      0.0,
      0.0,
      0.0,
      0.0,
      0.0,
      0.0,
      0.0,
      0.0,
      0.0,
      0.0,
      0.0,
      0.0,
      0.0,
      0.0,
      0.0,
      0.0,
      0.0,
      0.0,
      0.0,
      0.0
    ],
    "QI": [
      0.0,
      0.0,
      0.0,
      0.0,
      0.0,
      0.0,
      0.0,
      0.0,
      0.0,
      0.0,
      0.0,
      0.0,
      0.0,
      0.0,
      0.0,
      0.0,
      0.0,
      0.0,
      0.0,
      0.0,
      0.0,
      0.0,
      0.0,
      0.0,
      0.0,
      0.0,
      0.0,
      0.0,
      0.0,
      0.0,
      0.0,
      0.0,
      0.0,
      0.0,
      0.0,
      0.0,
      0.0,
      0.0,
      0.0,
      0.0
    ],
    "QV": [
      0.02533773711099703,
      0.02194872100046746,
      0.01851312117752528,
      0.01536599457207151,
      0.01268772344231293,
      0.01066197700492452,
      0.008904489051074781,
      0.007394857822824524,
      0.006108515699470907,
      0.005019908535664433,
      0.004104227556599841,
      0.003338319320511346,
      0.002701113003123256,
      0.002173762255816046,
      0.00173962100664093,
      0.00138412683267419,
      0.001094637449842994,
      0.0008602481725796906,
      0.0006716069207159517,
      0.0005207361738342934,
      0.0004008667618476883,
      0.0003062856151541362,
      0.0002321979710036301,
      0.0001746036371517037,
      0.0001301864744821211,
      9.621609257186943e-05,
      7.04607344955773e-05,
      5.111038182761272e-05,
      3.670919072770003e-05,
      2.60964491217436e-05,
      1.83553112110722e-05,
      1.276861557367829e-05,
      8.781128760320363e-06,
      5.967581793911357e-06,
      4.00588729074825e-06,
      2.654944542494771e-06,
      1.736462290488931e-06,
      1.120256266251299e-06,
      7.125117722582052e-07,
      4.465404533528691e-07
    ],
    "RHO": [
      1.126634136573734,
      1.101503231020074,
      1.07241636291267,
      1.041521933668395,
      1.008720078538731,
      0.9726018781160564,
      0.9364489264447762,
      0.9005239190995153,
      0.865025876118183,
      0.8301078559890197,
      0.7958880307672921,
      0.7624572257986397,
      0.7298843789692032,
      0.6982206717761397,
      0.6675027546516632,
      0.6377553215742174,
      0.6089931981097423,
      0.5812230545218331,
      0.554444823441383,
      0.5286528808059099,
      0.5038370346768021,
      0.4799833565668675,
      0.4570748826117428,
      0.4350922064370496,
      0.4140139813741484,
      0.3938173464126113,
      0.374478287709689,
      0.3559719454378608,
      0.3382728741181289,
      0.3213552632672934,
      0.3051931241126532,
      0.2897604472445398,
      0.2750313353454931,
      0.2609801145238855,
      0.24758142726589,
      0.2348103095848426,
      0.2226422545774317,
      0.2110532642809887,
      0.2000198914569727,
      0.189519272695705
    ],
    "RQCCUTEN": [
      0.0,
      0.0,
      0.0,
      0.0,
      0.0,
      0.0,
      0.0,
      0.0,
      0.0,
      0.0,
      0.0,
      0.0,
      0.0,
      2.376822143096444e-07,
      2.121957727126718e-07,
      1.84787084182132e-07,
      1.554339044626292e-07,
      1.25069935135811e-07,
      9.499079196687603e-08,
      6.648985532540179e-08,
      4.0639031746907e-08,
      1.817912790604664e-08,
      0.0,
      0.0,
      0.0,
      0.0,
      0.0,
      0.0,
      0.0,
      0.0,
      0.0,
      0.0,
      0.0,
      0.0,
      0.0,
      0.0,
      0.0,
      0.0,
      0.0,
      0.0
    ],