{
  "columns": {
    "DZ": [
      270.2641896681747,
      342.0917008270299,
      375.7229192146696,
      399.3774311060777,
      417.9423954924623,
      433.3584855367262,
      446.6132451919293,
      458.2832665098877,
      468.7366553639208,
      478.2237543067463,
      486.9230630839929,
      494.9666265575061,
      502.4550475685655,
      509.466849306632,
      516.0645713746671,
      522.2988836848754,
      528.2114477585883,
      533.8369588598835,
      539.2046364142434,
      544.3393332252981,
      549.2623753361386,
      553.9922077573101,
      558.5448977851884,
      562.9345321872588,
      567.1735341529529,
      571.2729187989662,
      575.2425010601382,
      579.0910662836759,
      582.8265113181442,
      586.4559620467444,
      589.9858719556651,
      593.4221053134934,
      596.770007772162,
      600.034466616773,
      603.2199624429522,
      606.3306136924075,
      609.3702152055703,
      612.342271735386,
      615.2500271968383,
      618.0964902903579
    ],
    "P": [
      98403.48264184983,
      94879.81188841691,
      90909.6118433224,
      86808.90481675023,
      82685.02790320358,
      78597.84968702364,
      74585.2536079151,
      70672.5360586255,
      66876.9147049998,
      63210.04280581754,
      59679.55904469024,
      56290.11360699856,
      53044.08458846115,
      49942.09888151961,
      46983.42296587345,
      44166.26335469837,
      41488.00204236383,
      38945.38378670572,
      36534.66680337975,
      34251.74508079197,
      32092.24829233068,
      30051.62376072716,
      28125.20386435922,
      26308.26151247583,
      24596.05575828999,
      22983.86920277432,
      21467.03852623054,
      20040.97924122767,
      18701.20556999963,
      17443.34619833285,
      16263.156536721,
      15156.52802115353,
      14119.494905225,
      13148.23892850735,
      12239.09219045659,
      11388.53851235177,
      10593.21353020795,
      9849.903727960029,
      9155.54459145087,
      8507.218039057669
    ],
    "P8W": [
      100000.0,
      96832.4539604484,
      92966.54515910911,
      88898.18925032692,
      84768.72272689053,
      80652.55225539413,
      76595.49267408083,
      72627.77301306483,
      68769.9367025787,
      65036.00170235595,
      61435.34975903272,
      57973.94792637288,
      54655.1857036355,
      51480.4747912633,
      48449.69380730679,
      45561.52702160642,
      42813.72785840827,
      40203.32728697778,
      37726.80075624208,
      35380.20324220396,
      33159.27930227671,
      31059.55322695713,
      29076.40312972966,
      27205.1219293685,
      25440.967535663,
      23779.20407377875,
      22215.13562401975,
      20744.13367921993,
      19361.65930851356,
      18063.28084791795,
      16844.68780376431,
      15701.7015464534,
      14630.28328339994,
      13626.53972701104,
      12686.72681285582,
      11807.25177235657,
      10984.67382147077,
      10215.70369046751,
      9497.202188882284,
      8826.177973147946,
      8199.784661520453
    ],
    "PI": [
      0.9954122731009701,
      0.9850952678878535,
      0.9731375472305511,
      0.9603884675019589,
      0.9471258264711129,
      0.9335064708851046,
      0.9196342439644608,
      0.9055840497730928,
      0.8914129163687652,
      0.8771658966884556,
      0.8628795431902241,
      0.8485841055021464,
      0.8343049982514896,
      0.8200638246248674,
      0.805879115587348,
      0.7917668795227223,
      0.7777410210950526,
      0.7638136672506928,
      0.7499954256279528,
      0.7362955926922755,
      0.7227223237613477,
      0.709282773651123,
      0.695983214330501,
      0.6828291343386845,
      0.6698253235582025,
      0.6569759460971675,
      0.6442846034179145,
      0.6317543893900409,
      0.6193879385994544,
      0.6071874689805247,
      0.5951548196342504,
      0.5832914845361323,
      0.5715986427121046,
      0.5600771853613621,
      0.5487277403252416,
      0.5375506942370496,
      0.5265462126355096,
      0.5157142582817948,
      0.5050546078849543,
      0.4945668674114276
    ],
    "QC": [
      0.0,
      0.0,
      0.0,
      0.0,
      0.0,
      0.0,
      0.0,
      0.0,
      0.0,
      0.0,
      0.0,
      0.0,
      0.0,
      0.0,
      0.0,
      0.0,
      0.0,
      0.0,
      0.0,
      0.0,
      0.0,
      0.0,
      0.0,
      0.0,
      0.0,
      0.0,
      0.0,
      0.0,
      0.0,
      0.0,
      0.0,
      0.0,
      0.0,
      0.0,
      0.0,
      0.0,
      0.0,
      0.0,
      0.0,
      0.0
    ],
    "QI": [
      0.0,
      0.0,
      0.0,
      0.0,
      0.0,
      0.0,
      0.0,
      0.0,
      0.0,
      0.0,
      0.0,
      0.0,
      0.0,
      0.0,
      0.0,
      0.0,
      0.0,
      0.0,
      0.0,
      0.0,
      0.0,
      0.0,
      0.0,
      0.0,
      0.0,
      0.0,
      0.0,
      0.0,
      0.0,
      0.0,
      0.0,
      0.0,
      0.0,
      0.0,
      0.0,
      0.0,
      0.0,
      0.0,
      0.0,
      0.0
    ],
    "QV": [
      0.003259446299849734,
      0.003019967125491842,
      0.002929807404951837,
      0.002831598395814615,
      0.002727804267884522,
      0.002620174361907416,
      0.002510142336033814,
      0.002398939440592467,
      0.002287631653849504,
      0.002177132213818791,
      0.002068206762476728,
      0.001961477765905182,
      0.001857430855614129,
      0.001756423956540568,
      0.001658699192509577,
      0.001564397108096568,
      0.001473572519911302,
      0.001386211220092521,
      0.001302246753303423,
      0.001221576547529101,
      0.001144076778934614,
      0.001069615476810084,
      0.0009980635137429009,
      0.0009293032681730536,
      0.0008632348827778864,
      0.0007997801658660279,
      0.0007388842890965178,
      0.0006805155200927742,
      0.000624663291253001,
      0.0005713349461024193,
      0.0005205515229671909,
      0.0004723429346322244,
      0.000426742884733089,
      0.0003837838301142908,
      0.0003434922566327557,
      0.000305884487242992,
      0.0002709631888245673,
      0.0002387146909503227,
      0.0002091071781062939,
      0.0001820897687983331
    ],
    "RHO": [
      1.197798806125124,
      1.15982794594655,
      1.111886124788754,
      1.062503898379073,
      1.012975495706557,
      0.9640125706850772,
      0.9160566431699231,
      0.8693950453697575,
      0.8242168485798022,
      0.7806441759473028,
      0.7387515341034677,
      0.6985785958207148,
      0.6601390866244868,
      0.6234271987762378,
      0.5884223542431287,
      0.5550928195495214,
      0.5233984955074612,
      0.4932930977776312,
      0.4647258776120414,
      0.4376429890818066,
      0.4119885803366299,
      0.3877056666746281,
      0.3647368292682343,
      0.3430247733540693,
      0.3225127723219848,
      0.3031450186296792,
      0.284866898289578,
      0.2676252024590578,
      0.2513682871596541,
      0.2360461901757814,
      0.2216107126094438,
      0.2080154713001877,
      0.1952159272897128,
      0.1831693946663331,
      0.17183503342696,
      0.1611738294139206,
      0.1511485638980977,
      0.1417237749711197,
      0.1328657125639922,
      0.1245422886169002
    ],
    "RQCCUTEN": [
      0.0,
      0.0,
      0.0,
      0.0,
      0.0,
      0.0,
      0.0,
      0.0,
      0.0,
      0.0,
      0.0,
      0.0,
      0.0,
      0.0,
      0.0,
      0.0,
      0.0,
      0.0,
      0.0,
      0.0,
      0.0,
      0.0,
      0.0,
      0.0,
      0.0,
      0.0,
      0.0,
      0.0,
      0.0,
      0.0,
      0.0,
      0.0,
      0.0,
      0.0,
      0.0,
      0.0,
      0.0,
      0.0,
      0.0,
      0.0
    ],