{
  "columns": {
    "DZ": [
      270.2641896681747,
      342.0917008270299,
      375.7229192146696,
      399.3774311060777,
      417.9423954924623,
      433.3584855367262,
      446.6132451919293,
      458.2832665098877,
      468.7366553639208,
      478.2237543067463,
      486.9230630839929,
      494.9666265575061,
      502.4550475685655,
      509.466849306632,
      516.0645713746671,
      522.2988836848754,
      528.2114477585883,
      533.8369588598835,
      539.2046364142434,
      544.3393332252981,
      549.2623753361386,
      553.9922077573101,
      558.5448977851884,
      562.9345321872588,
      567.1735341529529,
      571.2729187989662,
      575.2425010601382,
      579.0910662836759,
      582.8265113181442,
      586.4559620467444,
      589.9858719556651,
      593.4221053134934,
      596.770007772162,
      600.034466616773,
      603.2199624429522,
      606.3306136924075,
      609.3702152055703,
      612.342271735386,
      615.2500271968383,
      618.0964902903579
    ],
    "P": [
      98954.26870078321,
      95539.38779119817,
      91686.14042487947,
      87699.69854066042,
      83683.71278207294,
      79696.16187619843,
      75773.92116541555,
      71941.80173066685,
      68216.87586541903,
      64610.88354293531,
      61131.71237793568,
      57784.37548443491,
      54571.69312209795,
      51494.78775244597,
      48553.4552375728,
      45746.4502284863,
      43071.70995448257,
      40526.53245883834,
      38107.72029132581,
      35811.69744535573,
      33634.60519627015,
      31572.3810466081,
      29620.82397102732,
      27775.64842947128,
      26032.52908871835,
      24387.13779936406,
      22835.17407776005,
      21372.39011361426,
      19994.61114538859,
      18697.75190439559,
      17477.82971540883,
      16330.97475003069,
      15253.43785414843,
      14241.59630895193,
      13291.95783347564,
      12401.16309340557,
      11565.98694437592,
      10783.33860694083,
      10050.26094387825,
      9363.92898770133
    ],
    "P8W": [
      100500.0,
      97432.3113841473,
      93683.24008581486,
      89731.61408924812,
      85713.79443228246,
      81701.71244169009,
      77739.84201775728,
      73857.71542307867,
      70075.58799520259,
      66407.46493852572,
      62862.90669374594,
      59448.19377291769,
      56167.12364518125,
      53021.58089891666,
      50011.95967213493,
      47137.48533274283,
      44396.46480364342,
      41786.48472593763,
      39304.57045882613,
      36947.3150030526,
      34710.98437902022,
      32591.60427016665,
      30585.03155257909,
      28687.01348940083,
      26893.23675894797,
      25199.36803551488,
      23601.08750374143,
      22094.11642912391,
      20674.23970692947,
      19337.32415423723,
      18079.33318435491,
      16896.33840174884,
      15784.5285732757,
      14740.21636378107,
      13759.84316794155,
      12839.98232323784,
      11977.3409493654,
      11168.76062583507,
      10411.21709090676,
      9701.819120481645,
      9037.806724473365
    ],
    "PI": [
      0.9970009704172117,
      0.9870470253235394,
      0.9755052837858286,
      0.9631939432765327,
      0.9503802694834534,
      0.9372150608531006,
      0.9237981215106211,
      0.910201437797824,
      0.8964798278852135,
      0.8826766190627008,
      0.8688269888324227,
      0.8549600768212986,
      0.8411003944487563,
      0.8272688072699957,
      0.8134832439295819,
      0.7997592229124749,
      0.7861102536589983,
      0.7725481485123784,
      0.759083269792491,
      0.7457247286414965,
      0.7324805473300454,
      0.719357793410894,
      0.706362691853873,
      0.6935007197257729,
      0.6807766868629495,
      0.6681948051779727,
      0.6557587486495425,
      0.6434717056040088,
      0.6313364245642573,
      0.6193552546878546,
      0.607530181620425,
      0.5958628594375016,
      0.584354639227899,
      0.573006594776251,
      0.5618195457259961,
      0.5507940785425205,
      0.5399305655461578,
      0.5292291822438536,
      0.5186899231546551,
      0.5083126162963368
    ],
    "QC": [
      0.0,
      0.0,
      0.0,
      0.0,
      0.0,
      0.0,
      0.0,
      0.0,
      0.0,
      0.0,
      0.0,
      0.0,
      0.0,
      0.0,
      0.0,
      0.0,
      0.0,
      0.0,
      0.0,
      0.0,
      0.0,
      0.0,
      0.0,
      0.0,
      0.0,
      0.0,
      0.0,
      0.0,
      0.0,
      0.0,
      0.0,
      0.0,
      0.0,
      0.0,
      0.0,
      0.0,
      0.0,
      0.0,
      0.0,
      0.0
    ],
    "QI": [
      0.0,
      0.0,
      0.0,
      0.0,
      0.0,
      0.0,
      0.0,
      0.0,
      0.0,
      0.0,
      0.0,
      0.0,
      0.0,
      0.0,
      0.0,
      0.0,
      0.0,
      0.0,
      0.0,
      0.0,
      0.0,
      0.0,
      0.0,
      0.0,
      0.0,
      0.0,
      0.0,
      0.0,
      0.0,
      0.0,
      0.0,
      0.0,
      0.0,
      0.0,
      0.0,
      0.0,
      0.0,
      0.0,
      0.0,
      0.0
    ],
    "QV": [
      0.01614547295529312,
      0.01390440020881862,
      0.01189025518150888,
      0.01063719332515082,
      0.009460313650883949,
      0.0083749049857167,
      0.007386203762455635,
      0.006493840943509329,
      0.005694164588083211,
      0.004981620440347321,
      0.004349632782525873,
      0.003791186786450633,
      0.00329921765130476,
      0.002866867848611736,
      0.002487651329559952,
      0.002155550980474344,
      0.001865068001248125,
      0.001611236938891059,
      0.001389616697268611,
      0.00119626536783073,
      0.001027704855958271,
      0.0008808798242770675,
      0.0007531143240647255,
      0.0006420685668722741,
      0.0005456975528912488,
      0.0004622126866870698,
      0.0003900470494294628,
      0.0003278246396896889,
      0.0002743336256832528,
      0.0002285034563296587,
      0.0001893855442586617,
      0.000156137149911006,
      0.0001280080523707233,
      0.0001043295808292174,
      8.450559294181046e-05,
      6.800501608697432e-05,
      5.435560889671224e-05,
      4.313864850385313e-05,
      3.398429970947082e-05,
      2.656747247936683e-05
    ],
    "QVFTEN": [
      1.196926062746109e-08,
      1.199444293815658e-08,
      1.186562755372412e-08,
      1.154110184715204e-08,
      1.100771702168183e-08,
      1.027364583031703e-08,
      9.36597733529456e-09,
      8.327249557441835e-09,
      7.210385174558881e-09,
      6.072478207569268e-09,
      4.968317218976915e-09,
      3.944656090584129e-09,
      3.036098100019342e-09,
      2.263106669525999e-09,
      1.632204485212897e-09,
      1.137997901899968e-09,
      7.663723287637151e-10,
      4.981027966874757e-10,
      3.12206555308872e-10,
      1.885751238335552e-10,
      1.096813802934904e-10,
      6.138816499339994e-11,
      3.304047332006108e-11,
      1.708964868513934e-11,
      8.489239991828997e-12,
      4.047476968376163e-12,
      1.851049397798537e-12,
      8.115483970548006e-13,
      3.40898087085401e-13,
      1.371213798064493e-13,
      5.278596687887724e-14,
      1.943711842309678e-14,
      6.842545051517144e-15,
      2.301721448481556e-15,
      7.394665108638736e-16,
      2.267777390620291e-16,
      6.635719239787309e-17,
      1.851716780261948e-17,
      4.925576156321674e-18,
      1.248348490859896e-18
    ],