{
  "columns": {
    "DZ": [
      270.2641896681747,
      342.0917008270299,
      375.7229192146696,
      399.3774311060777,
      417.9423954924623,
      433.3584855367262,
      446.6132451919293,
      458.2832665098877,
      468.7366553639208,
      478.2237543067463,
      486.9230630839929,
      494.9666265575061,
      502.4550475685655,
      509.466849306632,
      516.0645713746671,
      522.2988836848754,
      528.2114477585883,
      533.8369588598835,
      539.2046364142434,
      544.3393332252981,
      549.2623753361386,
      553.9922077573101,
      558.5448977851884,
      562.9345321872588,
      567.1735341529529,
      571.2729187989662,
      575.2425010601382,
      579.0910662836759,
      582.8265113181442,
      586.4559620467444,
      589.9858719556651,
      593.4221053134934,
      596.770007772162,
      600.034466616773,
      603.2199624429522,
      606.3306136924075,
      609.3702152055703,
      612.342271735386,
      615.2500271968383,
      618.0964902903579
    ],
    "P": [
      99270.03231618067,
      95888.84731836146,
      92071.69534708552,
      88120.35792359691,
      84137.32949151605,
      80179.99618319738,
      76284.91847719667,
      72476.75783010063,
      68772.54470185452,
      65184.05105027086,
      61719.24822815711,
      58383.26957462454,
      55179.0810261803,
      52107.96795030228,
      49169.90008896221,
      46363.81212403711,
      43687.82371958553,
      41139.41483859465,
      38715.56716630434,
      36412.87929545225,
      34227.66122904928,
      32156.01232795224,
      30193.88583364868,
      28337.14238474006,
      26581.5944264467,
      24923.04302660447,
      23357.30831982575,
      21880.25457728618,
      20487.81072478476,
      19175.9869935842,
      17940.88827802573,
      16778.72468450021,
      15685.81968326824,
      14658.61621431197,
      13693.68104821139,
      12787.70766094564,
      11937.51784597378,
      11140.06225674371,
      10392.4200469669,
      9691.797753832176
    ],
    "P8W": [
      100800.0,
      97763.28686563052,
      94050.34686161412,
      90134.67113055836,
      86151.06022115606,
      82170.66854187741,
      78237.54999219898,
      74381.0202090018,
      70621.2473397526,
      66972.23686824145,
      63443.61051704986,
      60041.7531537738,
      56770.59691267589,
      53632.1819475873,
      50627.0717563427,
      47754.66940680077,
      45013.46363350355,
      42401.22370705525,
      39915.15586802203,
      37552.03026050213,
      35308.2847821354,
      33180.11057289627,
      31163.52269422707,
      29254.41872154889,
      27448.62737407748,
      25741.94886405862,
      24130.18831582133,
      22609.18335186359,
      21174.82674699931,
      19823.08489745203,
      18550.01272911742,
      17351.76557045497,
      16224.60843509858,
      15164.92309322782,
      14169.21325598059,
      13234.10815141738,
      12356.36473201212,
      11532.86872098804,
      10760.63467698034,
      10036.80523265448,
      9358.649642376697
    ],
    "PI": [
      0.9979089179794126,
      0.9880772162195834,
      0.9766755723876905,
      0.9645117010928315,
      0.951849325956427,
      0.9388372110522746,
      0.9255738013354667,
      0.9121301006064995,
      0.8985601821064192,
      0.8849067906750103,
      0.8712046389891019,
      0.8574824906935639,
      0.8437645505546074,
      0.8300714329814703,
      0.816420860836536,
      0.8028281845193821,
      0.7893067771406788,
      0.7758683417672292,
      0.7625231547047934,
      0.7492802612386522,
      0.7361476353608772,
      0.7231323117556478,
      0.710240496091404,
      0.6974776581195128,
      0.6848486109785759,
      0.6723575793080772,
      0.6600082581911388,
      0.6478038645113843,
      0.6357471819809766,
      0.6238406008466013,
      0.6120861530870142,
      0.6004855437652175,
      0.5890401790798597,
      0.5777511915664262,
      0.5666194628235387,
      0.5556456440790108,
      0.5448301748610362,
      0.5341732999995988,
      0.5236750851500587,
      0.5133354310034313
    ],
    "QC": [
      0.0,
      0.0,
      0.0,
      0.0,
      0.0,
      0.0,
      0.0,
      0.0,
      0.0,
      0.0,
      0.0,
      0.0,
      0.0,
      0.0,
      0.0,
      0.0,
      0.0,
      0.0,
      0.0,
      0.0,
      0.0,
      0.0,
      0.0,
      0.0,
      0.0,
      0.0,
      0.0,
      0.0,
      0.0,
      0.0,
      0.0,
      0.0,
      0.0,
      0.0,
      0.0,
      0.0,
      0.0,
      0.0,
      0.0,
      0.0
    ],
    "QI": [
      0.0,
      0.0,
      0.0,
      0.0,
      0.0,
      0.0,
      0.0,
      0.0,
      0.0,
      0.0,
      0.0,
      0.0,
      0.0,
      0.0,
      0.0,
      0.0,
      0.0,
      0.0,
      0.0,
      0.0,
      0.0,
      0.0,
      0.0,
      0.0,
      0.0,
      0.0,
      0.0,
      0.0,
      0.0,
      0.0,
      0.0,
      0.0,
      0.0,
      0.0,
      0.0,
      0.0,
      0.0,
      0.0,
      0.0,
      0.0
    ],
    "QV": [
      0.02200348014500939,
      0.0190253253277859,
      0.0160104532300508,
      0.01325367968205331,
      0.01123752995491187,
      0.009527335765873026,
      0.008031819823183,
      0.006736471605125248,
      0.005622994548729634,
      0.004671921490120131,
      0.003864069920224836,
      0.003181332508749374,
      0.002607072083897106,
      0.002126278603100017,
      0.001725584479802425,
      0.001393198568159122,
      0.001118796772279806,
      0.0008933929857168458,
      0.0007092048197792956,
      0.0005595225664929697,
      0.0004385859669099364,
      0.0003414709105117846,
      0.0002639867045694212,
      0.0002025837012871139,
      0.0001542706326963018,
      0.0001165408243343459,
      8.730643273503108e-05,
      6.483990719747206e-05,
      4.77219666027278e-05,
      3.479547850191785e-05,
      2.512471424932447e-05,
      1.795952325722097e-05,
      1.270401989478426e-05,
      8.88941001694023e-06,
      6.150604296682875e-06,
      4.2062768034097e-06,
      2.842033831596762e-06,
      1.896363414989316e-06,
      1.249042952190657e-06,
      8.116926544154662e-07
    ],
    "QVFTEN": [
      2.960270326362225e-08,
      2.994381600750414e-08,
      2.994887507921907e-08,
      2.947677108610368e-08,
      2.846773099711326e-08,
      2.69171214842511e-08,
      2.487114546687415e-08,
      2.242065536217798e-08,
      1.969046696831722e-08,
      1.682467367551029e-08,
      1.396991628254284e-08,
      1.125922567406031e-08,
      8.798996104888601e-09,
      6.660955111868032e-09,
      4.879895324507251e-09,
      3.456742258948676e-09,
      2.365568597439782e-09,
      1.562649078923288e-09,
      9.956442438021807e-10,
      6.114147965351754e-10,
      3.616101043609892e-10,
      2.058317925198368e-10,
      1.126823275338572e-10,
      5.929031546378995e-11,
      2.996524039510647e-11,
      1.453740853656549e-11,
      6.765934828986631e-12,
      3.019140278246749e-12,
      1.290930371847002e-12,
      5.286176773711743e-13,
      2.071861613699701e-13,
      7.768302349781932e-14,
      2.78489544511538e-14,
      9.540801429171081e-15,
      3.122009796783859e-15,
      9.753075954750277e-16,
      2.907337360495107e-16,
      8.265861380649983e-17,
      2.240349299998468e-17,
      5.78599241032296e-18
    ],