{
  "generated": "2026-06-04T06:41:49.697008+00:00",
  "oracle": "module_sf_mynn.F (byte-identical pristine WRF, fp32 build)",
  "oracle_sha256": "86395534a6c9bfc79dcad50094bce290eff05756777a95794b2673795f9761c3",
  "config": "ISFFLX=1 isftcflx=0 iz0tlnd=0 spp_pbl=0 COARE_OPT=3.0 psi_opt=0(CB05) itimestep=2 dx=3000",
  "n_cases": 10,
  "labels": [
    "unstable-land dT=+8 U=2.5",
    "unstable-land dT=+12 U=3.5",
    "unstable-land dT=+16 U=4.0",
    "unstable-land dT=+6 U=1.5",
    "stable-land dT=-4 U=1.5",
    "stable-land dT=-8 U=2.0",
    "stable-land dT=-2 U=3.0",
    "neutral-land",
    "water dT=+1 U=7.0",
    "water dT=+2 U=10.0"
  ],
  "faithful_ref_vs_oracle": {
    "ust": {
      "absmax": 1.3847249057841182e-05,
      "relmax": 4.243967768439346e-05
    },
    "mol": {
      "absmax": 0.0008167883766461159,
      "relmax": 0.001139468003907177
    },
    "rmol": {
      "absmax": 2.7505419684534238e-05,
      "relmax": 0.0010536786378253704
    },
    "zol": {
      "absmax": 0.0007067350588720878,
      "relmax": 0.001053653137161399
    },
    "regime": {
      "absmax": 0.0,
      "relmax": 0.0
    },
    "psim": {
      "absmax": 0.001506886445470812,
      "relmax": 0.0007749993124007976
    },
    "psih": {
      "absmax": 0.001157749084857329,
      "relmax": 0.0007390019993023218
    },
    "br": {
      "absmax": 0.00023542965261080795,
      "relmax": 0.001076342867416324
    },
    "hfx": {
      "absmax": 0.05087502802302879,
      "relmax": 0.00013599078646753333
    },
    "lh": {
      "absmax": 0.10776190984529421,
      "relmax": 0.0001224872419387784
    },
    "qsfc": {
      "absmax": 1.9385840800689724e-08,
      "relmax": 1.0620986474994035e-06
    },
    "u10": {
      "absmax": 6.784009132854152e-05,
      "relmax": 1.5944606710992706e-05
    },
    "v10": {
      "absmax": 6.784009132854152e-05,
      "relmax": 1.5944606710992706e-05
    },
    "th2": {
      "absmax": 0.00017513866475837858,
      "relmax": 5.740031502772326e-07
    },
    "t2": {
      "absmax": 0.0001755681298050149,
      "relmax": 5.835548049966609e-07
    },
    "q2": {
      "absmax": 2.2402976048926937e-08,
      "relmax": 1.675075046930846e-06
    },
    "znt": {
      "absmax": 1.4901159889335602e-09,
      "relmax": 8.374253908909225e-07
    }
  },
  "production_vs_oracle": {
    "ust": {
      "absmax": 0.07451904724436287,
      "relmax": 0.2243409073933449
    },
    "mol": {
      "absmax": 0.10796887720812576,
      "relmax": 0.19211337397453723
    },
    "rmol": {
      "absmax": 0.050420442711860095,
      "relmax": 0.5705674112506884
    },
    "zol": {
      "absmax": 1.295805223467784,
      "relmax": 0.5705674339183167
    },
    "regime": {
      "absmax": 1.0,
      "relmax": 0.5
    },
    "psim": {
      "absmax": 0.2776453362596054,
      "relmax": 0.45528723533730325
    },
    "psih": {
      "absmax": 0.35681546436975614,
      "relmax": 0.4381138497091404
    },
    "br": {
      "absmax": 0.453310567993338,
      "relmax": 0.6653701538907993
    },
    "hfx": {
      "absmax": 3.904647782773395,
      "relmax": 0.03830338182938828
    },
    "lh": {
      "absmax": 7.6728428882136015,
      "relmax": 0.11807884295573785
    },
    "qsfc": {
      "absmax": 0.0028902842064465195,
      "relmax": 0.05543245112508003
    },
    "u10": {
      "absmax": 0.31477046146125787,
      "relmax": 0.034147529716025596
    },
    "v10": {
      "absmax": 0.22033941839031002,
      "relmax": 0.03414759966144025
    },
    "th2": {
      "absmax": 2.835649506143284,
      "relmax": 0.009864833450042455
    },
    "t2": {
      "absmax": 2.794087681826454,
      "relmax": 0.009857822450672122
    },
    "q2": {
      "absmax": 0.006858256057360188,
      "relmax": 0.6531673102983508
    },
    "znt": {
      "absmax": 0.002717843160801567,
      "relmax": 33.08115535259551
    }
  },
  "per_case": {
    "unstable-land dT=+8 U=2.5": {
      "label": "unstable-land dT=+8 U=2.5",
      "hfx": {
        "oracle": 270.186065673828,
        "prod": 266.97006661968686,
        "ref": 270.2073638140671
      },
      "t2": {
        "oracle": 299.5380859375,
        "prod": 299.4547157305644,
        "ref": 299.53800454276956
      },
      "mol": {
        "oracle": -1.07082843780518,
        "prod": -1.1407349783886263,
        "ref": -1.0712629856710032
      },
      "zol": {
        "oracle": -2.1519181728363,
        "prod": -2.87916089518107,
        "ref": -2.1525475640628686
      },
      "br": {
        "oracle": -0.616271018981934,
        "prod": -0.8618658364822238,
        "ref": -0.6164771217757995
      },
      "ust": {
        "oracle": 0.35365629196167,
        "prod": 0.3317622657258077,
        "ref": 0.3536677974155219
      }
    },
    "unstable-land dT=+12 U=3.5": {
      "label": "unstable-land dT=+12 U=3.5",
      "hfx": {
        "oracle": 457.2333984375,
        "prod": 453.3287506547266,
        "ref": 457.26821987650675
      },
      "t2": {
        "oracle": 300.227447509766,
        "prod": 300.1404975087154,
        "ref": 300.2273264054848
      },
      "mol": {
        "oracle": -1.57200109958649,
        "prod": -1.6521426678038669,
        "ref": -1.5726003958161177
      },
      "zol": {
        "oracle": -2.17998743057251,
        "prod": -2.654408861804107,
        "ref": -2.1805951605255203
      },
      "br": {
        "oracle": -0.625480055809021,
        "prod": -0.7844054054984637,
        "ref": -0.6256796965830171
      },
      "ust": {
        "oracle": 0.395159006118774,
        "prod": 0.37781787771313646,
        "ref": 0.3951714958565616
      }
    },
    "unstable-land dT=+16 U=4.0": {
      "label": "unstable-land dT=+16 U=4.0",
      "hfx": {
        "oracle": 664.049743652344,
        "prod": 660.5177316557966,
        "ref": 664.100618680367
      },
      "t2": {
        "oracle": 300.859710693359,
        "prod": 300.76439121310773,
        "ref": 300.8595351252292
      },
      "mol": {
        "oracle": -2.1413049697876,
        "prod": -2.2492738469957256,
        "ref": -2.142121758164246
      },
      "zol": {
        "oracle": -2.41559410095215,
        "prod": -2.8535315441478435,
        "ref": -2.4162683656420856
      },
      "br": {
        "oracle": -0.703678488731384,
        "prod": -0.8529684838797146,
        "ref": -0.7039043637379723
      },
      "ust": {
        "oracle": 0.421803116798401,
        "prod": 0.4063743407270457,
        "ref": 0.42181696404745883
      }
    },
    "unstable-land dT=+6 U=1.5": {
      "label": "unstable-land dT=+6 U=1.5",
      "hfx": {
        "oracle": 186.323989868164,
        "prod": 184.3203103274517,
        "ref": 186.33892993160293
      },
      "t2": {
        "oracle": 299.171478271484,
        "prod": 299.0813565542351,
        "ref": 299.1714082363493
      },
      "mol": {
        "oracle": -0.844786942005157,
        "prod": -0.924318490322605,
        "ref": -0.8451502988994025
      },
      "zol": {
        "oracle": -2.34862565994263,
        "prod": -3.644430883410414,
        "ref": -2.349332395001502
      },
      "br": {
        "oracle": -0.681290805339813,
        "prod": -1.134601373333151,
        "ref": -0.6815262349924238
      },
      "ust": {
        "oracle": 0.323141098022461,
        "prod": 0.2954205209065671,
        "ref": 0.32315227981307737
      }
    },
    "stable-land dT=-4 U=1.5": {
      "label": "stable-land dT=-4 U=1.5",
      "hfx": {
        "oracle": -6.5776834487915,
        "prod": -6.550325132355709,
        "ref": -6.577714923317067
      },
      "t2": {
        "oracle": 285.755737304688,
        "prod": 287.18239379995043,
        "ref": 285.75573159884226
      },
      "mol": {
        "oracle": 0.0636341646313667,
        "prod": 0.06359882173174983,
        "ref": 0.06363344574689633
      },
      "zol": {
        "oracle": 20.0,
        "prod": 20.0,
        "ref": 20.0
      },
      "br": {
        "oracle": 1.27270126342773,