{
  "generated": "2026-06-04T07:09:58.769143+00:00",
  "oracle": "module_sf_mynn.F (byte-identical pristine WRF, fp32 build)",
  "oracle_sha256": "86395534a6c9bfc79dcad50094bce290eff05756777a95794b2673795f9761c3",
  "config": "ISFFLX=1 isftcflx=0 iz0tlnd=0 spp_pbl=0 COARE_OPT=3.0 psi_opt=0(CB05) itimestep=2 dx=3000",
  "n_cases": 10,
  "labels": [
    "unstable-land dT=+8 U=2.5",
    "unstable-land dT=+12 U=3.5",
    "unstable-land dT=+16 U=4.0",
    "unstable-land dT=+6 U=1.5",
    "stable-land dT=-4 U=1.5",
    "stable-land dT=-8 U=2.0",
    "stable-land dT=-2 U=3.0",
    "neutral-land",
    "water dT=+1 U=7.0",
    "water dT=+2 U=10.0"
  ],
  "faithful_ref_vs_oracle": {
    "ust": {
      "absmax": 1.3847249057841182e-05,
      "relmax": 4.243967768439346e-05
    },
    "mol": {
      "absmax": 0.0008167883766461159,
      "relmax": 0.001139468003907177
    },
    "rmol": {
      "absmax": 2.7505419684534238e-05,
      "relmax": 0.0010536786378253704
    },
    "zol": {
      "absmax": 0.0007067350588720878,
      "relmax": 0.001053653137161399
    },
    "regime": {
      "absmax": 0.0,
      "relmax": 0.0
    },
    "psim": {
      "absmax": 0.001506886445470812,
      "relmax": 0.0007749993124007976
    },
    "psih": {
      "absmax": 0.001157749084857329,
      "relmax": 0.0007390019993023218
    },
    "br": {
      "absmax": 0.00023542965261080795,
      "relmax": 0.001076342867416324
    },
    "hfx": {
      "absmax": 0.05087502802302879,
      "relmax": 0.00013599078646753333
    },
    "lh": {
      "absmax": 0.10776190984529421,
      "relmax": 0.0001224872419387784
    },
    "qsfc": {
      "absmax": 1.9385840800689724e-08,
      "relmax": 1.0620986474994035e-06
    },
    "u10": {
      "absmax": 6.784009132854152e-05,
      "relmax": 1.5944606710992706e-05
    },
    "v10": {
      "absmax": 6.784009132854152e-05,
      "relmax": 1.5944606710992706e-05
    },
    "th2": {
      "absmax": 0.00017513866475837858,
      "relmax": 5.740031502772326e-07
    },
    "t2": {
      "absmax": 0.0001755681298050149,
      "relmax": 5.835548049966609e-07
    },
    "q2": {
      "absmax": 2.2402976048926937e-08,
      "relmax": 1.675075046930846e-06
    },
    "znt": {
      "absmax": 1.4901159889335602e-09,
      "relmax": 8.374253908909225e-07
    }
  },
  "production_vs_oracle": {
    "ust": {
      "absmax": 0.00021372383774689863,
      "relmax": 0.0017338430334175189
    },
    "mol": {
      "absmax": 0.001146420032002493,
      "relmax": 0.021721770371363077
    },
    "rmol": {
      "absmax": 0.0008297329023081584,
      "relmax": 0.020597288358381587
    },
    "zol": {
      "absmax": 0.02132399924369288,
      "relmax": 0.020597340056219833
    },
    "regime": {
      "absmax": 0.0,
      "relmax": 0.0
    },
    "psim": {
      "absmax": 0.06181586675495332,
      "relmax": 0.013697966770952646
    },
    "psih": {
      "absmax": 0.0474975383386127,
      "relmax": 0.012884399015804737
    },
    "br": {
      "absmax": 0.003305384315043236,
      "relmax": 0.020742979681748805
    },
    "hfx": {
      "absmax": 3.3846979424839674,
      "relmax": 0.009759998265437001
    },
    "lh": {
      "absmax": 7.485585663892834,
      "relmax": 0.012223150132194324
    },
    "qsfc": {
      "absmax": 1.984320105088283e-05,
      "relmax": 0.00039907677607742736
    },
    "u10": {
      "absmax": 0.0012049424941364961,
      "relmax": 0.00020072309030101478
    },
    "v10": {
      "absmax": 0.0008437935318994505,
      "relmax": 0.00020072309029993028
    },
    "th2": {
      "absmax": 0.002120848018250854,
      "relmax": 7.117310712415035e-06
    },
    "t2": {
      "absmax": 0.0006508995446097288,
      "relmax": 2.2696276747218026e-06
    },
    "q2": {
      "absmax": 3.258265756254583e-06,
      "relmax": 0.00045548338397249363
    },
    "znt": {
      "absmax": 2.6357533216685722e-09,
      "relmax": 2.9197348212670373e-05
    }
  },
  "per_case": {
    "unstable-land dT=+8 U=2.5": {
      "label": "unstable-land dT=+8 U=2.5",
      "hfx": {
        "oracle": 270.186065673828,
        "prod": 271.514432493096,
        "ref": 270.2073638140671
      },
      "t2": {
        "oracle": 299.5380859375,
        "prod": 299.537977512425,
        "ref": 299.53800454276956
      },
      "mol": {
        "oracle": -1.07082843780518,
        "prod": -1.069727934385698,
        "ref": -1.0712629856710032
      },
      "zol": {
        "oracle": -2.1519181728363,
        "prod": -2.153289170881467,
        "ref": -2.1525475640628686
      },
      "br": {
        "oracle": -0.616271018981934,
        "prod": -0.6167201504566008,
        "ref": -0.6164771217757995
      },
      "ust": {
        "oracle": 0.35365629196167,
        "prod": 0.353485994507852,
        "ref": 0.3536677974155219
      }
    },
    "unstable-land dT=+12 U=3.5": {
      "label": "unstable-land dT=+12 U=3.5",
      "hfx": {
        "oracle": 457.2333984375,
        "prod": 459.534172148246,
        "ref": 457.26821987650675
      },
      "t2": {
        "oracle": 300.227447509766,
        "prod": 300.22730214624255,
        "ref": 300.2273264054848
      },
      "mol": {
        "oracle": -1.57200109958649,
        "prod": -1.5710304299476903,
        "ref": -1.5726003958161177
      },
      "zol": {
        "oracle": -2.17998743057251,
        "prod": -2.18108527698475,
        "ref": -2.1805951605255203
      },
      "br": {
        "oracle": -0.625480055809021,
        "prod": -0.6258407065784373,
        "ref": -0.6256796965830171
      },
      "ust": {
        "oracle": 0.395159006118774,
        "prod": 0.3950206400522721,
        "ref": 0.3951714958565616
      }
    },
    "unstable-land dT=+16 U=4.0": {
      "label": "unstable-land dT=+16 U=4.0",
      "hfx": {
        "oracle": 664.049743652344,
        "prod": 667.434441594828,
        "ref": 664.100618680367
      },
      "t2": {
        "oracle": 300.859710693359,
        "prod": 300.85946697198807,
        "ref": 300.8595351252292
      },
      "mol": {
        "oracle": -2.1413049697876,
        "prod": -2.140515568236746,
        "ref": -2.142121758164246
      },
      "zol": {
        "oracle": -2.41559410095215,
        "prod": -2.4168672199005736,
        "ref": -2.4162683656420856
      },
      "br": {
        "oracle": -0.703678488731384,
        "prod": -0.704105114436065,
        "ref": -0.7039043637379723
      },
      "ust": {
        "oracle": 0.421803116798401,
        "prod": 0.4216803519441792,
        "ref": 0.42181696404745883
      }
    },
    "unstable-land dT=+6 U=1.5": {
      "label": "unstable-land dT=+6 U=1.5",
      "hfx": {
        "oracle": 186.323989868164,
        "prod": 187.22189835448074,
        "ref": 186.33892993160293
      },
      "t2": {
        "oracle": 299.171478271484,
        "prod": 299.1713279088005,
        "ref": 299.1714082363493
      },
      "mol": {
        "oracle": -0.844786942005157,
        "prod": -0.8436405219731545,
        "ref": -0.8451502988994025
      },
      "zol": {
        "oracle": -2.34862565994263,
        "prod": -2.3509485956499594,
        "ref": -2.349332395001502
      },
      "br": {
        "oracle": -0.681290805339813,
        "prod": -0.68206508295674,
        "ref": -0.6815262349924238
      },
      "ust": {
        "oracle": 0.323141098022461,
        "prod": 0.3229373958991061,
        "ref": 0.32315227981307737
      }
    },
    "stable-land dT=-4 U=1.5": {
      "label": "stable-land dT=-4 U=1.5",
      "hfx": {
        "oracle": -6.5776834487915,
        "prod": -6.552820458620715,
        "ref": -6.577714923317067
      },
      "t2": {
        "oracle": 285.755737304688,
        "prod": 285.75576787910444,
        "ref": 285.75573159884226
      },
      "mol": {
        "oracle": 0.0636341646313667,
        "prod": 0.06379990469353645,
        "ref": 0.06363344574689633
      },
      "zol": {
        "oracle": 20.0,
        "prod": 20.0,
        "ref": 20.0
      },