{
  "case": "em_grav2d_x_straka_100m",
  "wrfout": "/home/enric/src/wrf_pristine/run_grav2d/wrfout_d01_0001-01-01_00:00:00",
  "dx_m": 100.0,
  "nx": 512,
  "nz": 64,
  "interior_j": 1,
  "history_interval_s": 60.0,
  "z_mass_1d_m": [
    55.199531597138595,
    165.41802823601654,
    275.3075034087108,
    384.91748238192156,
    494.25867554190756,
    603.3091507780744,
    712.0410170458636,
    820.4326179044522,
    928.4712461328024,
    1036.1499728634585,
    1143.4647021387814,
    1250.4153576147187,
    1357.0028657990392,
    1463.2292256877547,
    1569.099753723162,
    1674.6202651189792,
    1779.8005778751253,
    1884.6528214350988,
    1989.1859373295742,
    2093.4023035843124,
    2197.2956377305522,
    2300.856567834958,
    2404.0757404975793,
    2506.947869770662,
    2609.470977105333,
    2711.645074830172,
    2813.4716188326247,
    2914.9503920669476,
    3016.082325569313,
    3116.8694391628437,
    3217.313267324179,
    3317.4153666933453,
    3417.177810441653,
    3516.6016545330012,
    3615.687446097433,
    3714.4372568208064,
    3812.8526529484025,
    3910.935187246751,
    4008.685386691673,
    4106.104793579773,
    4203.195456079673,
    4299.957890530828,
    4396.3936332456315,
    4492.504221603733,
    4588.291191781743,
    4683.755586228348,
    4778.898965065502,
    4873.72288296868,
    4968.228906172861,
    5062.417576399351,
    5156.290450541977,
    5249.849607373256,
    5343.095592313586,
    5436.029969151943,
    5528.654299109377,
    5620.9696381267095,
    5712.977544752024,
    5804.679578852703,
    5896.076791811677,
    5987.1707356001525,
    6077.9624553336735,
    6168.453509688346,
    6258.6449439907055,
    6348.537803962772
  ],
  "x_center_1d_m": [
    -25550.0,
    -25450.0,
    -25350.0,
    -25250.0,
    -25150.0,
    -25050.0,
    -24950.0,
    -24850.0,
    -24750.0,
    -24650.0,
    -24550.0,
    -24450.0,
    -24350.0,
    -24250.0,
    -24150.0,
    -24050.0,
    -23950.0,
    -23850.0,
    -23750.0,
    -23650.0,
    -23550.0,
    -23450.0,
    -23350.0,
    -23250.0,
    -23150.0,
    -23050.0,
    -22950.0,
    -22850.0,
    -22750.0,
    -22650.0,
    -22550.0,
    -22450.0,
    -22350.0,
    -22250.0,
    -22150.0,
    -22050.0,
    -21950.0,
    -21850.0,
    -21750.0,
    -21650.0,
    -21550.0,
    -21450.0,
    -21350.0,
    -21250.0,
    -21150.0,
    -21050.0,
    -20950.0,
    -20850.0,
    -20750.0,
    -20650.0,
    -20550.0,
    -20450.0,
    -20350.0,
    -20250.0,
    -20150.0,
    -20050.0,
    -19950.0,
    -19850.0,
    -19750.0,
    -19650.0,
    -19550.0,
    -19450.0,
    -19350.0,
    -19250.0,
    -19150.0,
    -19050.0,
    -18950.0,
    -18850.0,
    -18750.0,
    -18650.0,
    -18550.0,
    -18450.0,
    -18350.0,
    -18250.0,
    -18150.0,
    -18050.0,
    -17950.0,
    -17850.0,
    -17750.0,
    -17650.0,
    -17550.0,
    -17450.0,
    -17350.0,
    -17250.0,
    -17150.0,
    -17050.0,
    -16950.0,
    -16850.0,
    -16750.0,
    -16650.0,
    -16550.0,
    -16450.0,
    -16350.0,
    -16250.0,
    -16150.0,
    -16050.0,
    -15950.0,
    -15850.0,
    -15750.0,
    -15650.0,
    -15550.0,
    -15450.0,
    -15350.0,
    -15250.0,
    -15150.0,
    -15050.0,
    -14950.0,
    -14850.0,
    -14750.0,
    -14650.0,
    -14550.0,
    -14450.0,
    -14350.0,
    -14250.0,
    -14150.0,
    -14050.0,
    -13950.0,
    -13850.0,
    -13750.0,
    -13650.0,
    -13550.0,
    -13450.0,
    -13350.0,
    -13250.0,
    -13150.0,
    -13050.0,
    -12950.0,
    -12850.0,
    -12750.0,
    -12650.0,
    -12550.0,
    -12450.0,
    -12350.0,
    -12250.0,
    -12150.0,
    -12050.0,
    -11950.0,
    -11850.0,
    -11750.0,
    -11650.0,
    -11550.0,
    -11450.0,
    -11350.0,
    -11250.0,
    -11150.0,
    -11050.0,
    -10950.0,
    -10850.0,
    -10750.0,
    -10650.0,
    -10550.0,
    -10450.0,
    -10350.0,
    -10250.0,
    -10150.0,
    -10050.0,
    -9950.0,
    -9850.0,
    -9750.0,
    -9650.0,
    -9550.0,
    -9450.0,
    -9350.0,
    -9250.0,
    -9150.0,
    -9050.0,
    -8950.0,
    -8850.0,
    -8750.0,
    -8650.0,
    -8550.0,
    -8450.0,
    -8350.0,
    -8250.0,
    -8150.0,
    -8050.0,
    -7950.0,
    -7850.0,
    -7750.0,
    -7650.0,
    -7550.0,
    -7450.0,
    -7350.0,
    -7250.0,
    -7150.0,
    -7050.0,
    -6950.0,
    -6850.0,
    -6750.0,
    -6650.0,
    -6550.0,
    -6450.0,
    -6350.0,
    -6250.0,
    -6150.0,
    -6050.0,
    -5950.0,
    -5850.0,
    -5750.0,
    -5650.0,
    -5550.0,
    -5450.0,
    -5350.0,
    -5250.0,
    -5150.0,
    -5050.0,
    -4950.0,
    -4850.0,
    -4750.0,
    -4650.0,
    -4550.0,
    -4450.0,
    -4350.0,
    -4250.0,
    -4150.0,
    -4050.0,
    -3950.0,
    -3850.0,
    -3750.0,
    -3650.0,
    -3550.0,
    -3450.0,
    -3350.0,
    -3250.0,
    -3150.0,
    -3050.0,
    -2950.0,
    -2850.0,
    -2750.0,
    -2650.0,
    -2550.0,
    -2450.0,
    -2350.0,
    -2250.0,
    -2150.0,
    -2050.0,
    -1950.0,
    -1850.0,
    -1750.0,
    -1650.0,
    -1550.0,
    -1450.0,
    -1350.0,
    -1250.0,
    -1150.0,
    -1050.0,
    -950.0,
    -850.0,
    -750.0,
    -650.0,
    -550.0,
    -450.0,
    -350.0,
    -250.0,
    -150.0,
    -50.0,
    50.0,
    150.0,
    250.0,
    350.0,
    450.0,
    550.0,
    650.0,
    750.0,
    850.0,
    950.0,
    1050.0,
    1150.0,
    1250.0,
    1350.0,
    1450.0,
    1550.0,
    1650.0,
    1750.0,
    1850.0,
    1950.0,
    2050.0,
    2150.0,
    2250.0,
    2350.0,
    2450.0,
    2550.0,
    2650.0,
    2750.0,
    2850.0,
    2950.0,
    3050.0,
    3150.0,
    3250.0,
    3350.0,
    3450.0,
    3550.0,
    3650.0,
    3750.0,
    3850.0,
    3950.0,
    4050.0,
    4150.0,
    4250.0,
    4350.0,
    4450.0,
    4550.0,
    4650.0,
    4750.0,
    4850.0,
    4950.0,
    5050.0,
    5150.0,
    5250.0,
    5350.0,
    5450.0,
    5550.0,
    5650.0,
    5750.0,
    5850.0,
    5950.0,
    6050.0,
    6150.0,
    6250.0,
    6350.0,
    6450.0,
    6550.0,
    6650.0,
    6750.0,
    6850.0,
    6950.0,
    7050.0,
    7150.0,
    7250.0,
    7350.0,
    7450.0,
    7550.0,
    7650.0,
    7750.0,
    7850.0,
    7950.0,
    8050.0,
    8150.0,
    8250.0,
    8350.0,
    8450.0,
    8550.0,
    8650.0,
    8750.0,
    8850.0,
    8950.0,
    9050.0,
    9150.0,
    9250.0,
    9350.0,
    9450.0,
    9550.0,
    9650.0,
    9750.0,
    9850.0,
    9950.0,
    10050.0,
    10150.0,
    10250.0,
    10350.0,
    10450.0,
    10550.0,
    10650.0,
    10750.0,
    10850.0,
    10950.0,
    11050.0,
    11150.0,
    11250.0,
    11350.0,
    11450.0,
    11550.0,
    11650.0,
    11750.0,
    11850.0,
    11950.0,
    12050.0,
    12150.0,
    12250.0,
    12350.0,
    12450.0,
    12550.0,
    12650.0,
    12750.0,
    12850.0,
    12950.0,
    13050.0,
    13150.0,
    13250.0,
    13350.0,
    13450.0,
    13550.0,
    13650.0,
    13750.0,
    13850.0,
    13950.0,
    14050.0,
    14150.0,
    14250.0,
    14350.0,
    14450.0,
    14550.0,
    14650.0,
    14750.0,
    14850.0,
    14950.0,
    15050.0,
    15150.0,
    15250.0,
    15350.0,
    15450.0,
    15550.0,
    15650.0,
    15750.0,
    15850.0,
    15950.0,
    16050.0,
    16150.0,
    16250.0,
    16350.0,
    16450.0,
    16550.0,
    16650.0,
    16750.0,
    16850.0,
    16950.0,
    17050.0,
    17150.0,
    17250.0,
    17350.0,
    17450.0,
    17550.0,
    17650.0,
    17750.0,
    17850.0,
    17950.0,
    18050.0,
    18150.0,
    18250.0,
    18350.0,
    18450.0,
    18550.0,
    18650.0,
    18750.0,
    18850.0,
    18950.0,
    19050.0,
    19150.0,
    19250.0,
    19350.0,
    19450.0,
    19550.0,
    19650.0,
    19750.0,
    19850.0,
    19950.0,
    20050.0,
    20150.0,
    20250.0,
    20350.0,
    20450.0,
    20550.0,
    20650.0,
    20750.0,
    20850.0,
    20950.0,
    21050.0,
    21150.0,
    21250.0,
    21350.0,
    21450.0,
    21550.0,
    21650.0,
    21750.0,
    21850.0,
    21950.0,
    22050.0,
