{
  "scalars": {
    "CASE": 3,
    "KX": 40,
    "DT": 90.0,
    "RAINNCV": 0.003896937239915133,
    "SNOWNCV": 0.003896937239915133,
    "GRAUPELNCV": 0.0,
    "SR": 1.0
  },
  "columns": {
    "TH_IN": [
      270.2624816894531,
      270.2624816894531,
      271.6911315917969,
      273.4055786132812,
      275.1960754394531,
      277.0477600097656,
      278.9508666992188,
      280.8986206054688,
      282.8858032226562,
      284.908447265625,
      286.9633178710938,
      289.0478210449219,
      291.1597290039062,
      293.2971496582031,
      295.4584655761719,
      297.6422729492188,
      299.8473205566406,
      302.0725402832031,
      304.3169250488281,
      306.57958984375,
      308.8597106933594,
      311.1565856933594,
      313.4695739746094,
      315.7980041503906,
      318.141357421875,
      320.4991149902344,
      322.8707885742188,
      325.2559204101562,
      327.6541137695312,
      330.06494140625,
      332.4880981445312,
      334.9231567382812,
      337.369873046875,
      339.827880859375,
      342.2969360351562,
      344.7767944335938,
      347.26708984375,
      349.7676696777344,
      352.2782592773438,
      354.7986755371094
    ],
    "QV_IN": [
      0.00134953623637557,
      0.001125082490034401,
      0.000999299343675375,
      0.0008908910676836967,
      0.0007895312737673521,
      0.0006960179889574647,
      0.0006105228676460683,
      0.0005329012637957931,
      0.000462826807051897,
      0.0003998857864644378,
      0.0003436233673710376,
      0.0002935717639047652,
      0.0002492645580787212,
      0.0002102471626130864,
      0.000176081812242046,
      0.0001463483495172113,
      0.0001206440865644254,
      9.858504927251488e-05,
      7.980436930665746e-05,
      6.395269156200811e-05,
      5.069859980721958e-05,
      3.972880949731916e-05,
      3.074931009905413e-05,
      2.348569432797376e-05,
      1.768506081134547e-05,
      1.311620508204214e-05,
      9.570582733431365e-06,
      6.862594545964384e-06,
      4.829554200114217e-06,
      3.331138714202098e-06,
      2.248507598778815e-06,
      1.482830498389376e-06,
      9.53679659687623e-07,
      5.969815788375854e-07,
      3.629183993325569e-07,
      2.137438457339158e-07,
      1.216282186078388e-07,
      6.666976304359196e-08,
      3.508387536044211e-08,
      1.765760337946176e-08
    ],
    "QC_IN": [
      0.0,
      0.0,
      0.0,
      0.0,
      0.0,
      0.0,
      0.0,
      0.0,
      0.0,
      0.0,
      0.0,
      0.0,
      0.0,
      0.0,
      0.0,
      0.0,
      0.0,
      0.0,
      0.0,
      0.0,
      0.0,
      0.0,
      0.0,
      0.0,
      0.0,
      0.0,
      0.0,
      0.0,
      0.0,
      0.0,
      0.0,
      0.0,
      0.0,
      0.0,
      0.0,
      0.0,
      0.0,
      0.0,
      0.0,
      0.0
    ],
    "QR_IN": [
      0.0,
      0.0,
      0.0,
      0.0,
      0.0,
      0.0,
      0.0,
      0.0,
      0.0,
      0.0,
      0.0,
      0.0,
      0.0,
      0.0,
      0.0,
      0.0,
      0.0,
      0.0,
      0.0,
      0.0,
      0.0,
      0.0,
      0.0,
      0.0,
      0.0,
      0.0,
      0.0,
      0.0,
      0.0,
      0.0,
      0.0,
      0.0,
      0.0,
      0.0,
      0.0,
      0.0,
      0.0,
      0.0,
      0.0,
      0.0
    ],
    "QI_IN": [
      4.201001047476893e-06,
      5.884087840968277e-06,
      8.411715498368721e-06,
      1.204619275085861e-05,
      1.712869925540872e-05,
      2.404714359727222e-05,
      3.319693496450782e-05,
      4.492096559260972e-05,
      5.942751522525214e-05,
      7.669314800295979e-05,
      9.636638424126431e-05,
      0.0001176953373942524,
      0.0001395073049934581,
      0.0001602649281267077,
      0.0001782102335710078,
      0.0001915885513881221,
      0.0001989182055694982,
      0.0001992519246414304,
      0.0001923687668750063,
      0.0001788441004464403,
      0.0001599730312591419,
      0.0001375601859763265,
      0.0001136242572101764,
      9.00853265193291e-05,
      6.850580393802375e-05,
      4.993309630663134e-05,
      3.486151763354428e-05,
      2.329808376089204e-05,
      1.489488295192132e-05,
      9.104037417273503e-06,
      5.316869646776468e-06,
      2.965204430438462e-06,
      1.578297769810888e-06,
      8.013545311769121e-07,
      3.879114558458241e-07,
      1.78932936023557e-07,
      7.861059714286966e-08,
      3.287701488829953e-08,
      1.308331221139269e-08,
      4.951668408637033e-09
    ],
    "QS_IN": [
      3.48412650055252e-05,
      4.602967601385899e-05,
      6.165326340124011e-05,
      8.238305599661544e-05,
      0.0001089667421183549,
      0.000141951852128841,
      0.0001814599527278915,
      0.0002269628021167591,
      0.0002770916617009789,
      0.0003295343485660851,
      0.0003810763882938772,
      0.0004278272681403905,
      0.0004656377423088998,
      0.0004906636313535273,
      0.0004999801167286932,
      0.0004921187646687031,
      0.0004673929361160845,
      0.0004279211570974439,
      0.0003773229254875332,
      0.0003201473446097225,
      0.0002611632226034999,
      0.0002046698791673407,
      0.0001539735094411299,
      0.0001111146193579771,
      7.686436583753675e-05,
      5.093470826977864e-05,
      3.231137816328555e-05,
      1.960996269190218e-05,
      1.137921481131343e-05,
      6.309652235358953e-06,
      3.341243655086146e-06,
      1.68879682860279e-06,
      8.14289251138689e-07,
      3.743544993994874e-07,
      1.640084121845575e-07,
      6.843992395033638e-08,
      2.718958214131817e-08,
      1.02786206213068e-08,
      3.695785455448686e-09,
      1.263322224609453e-09
    ],
    "QG_IN": [
      0.0,
      0.0,
      0.0,
      0.0,
      0.0,
      0.0,
      0.0,
      0.0,
      0.0,
      0.0,
      0.0,
      0.0,
      0.0,
      0.0,
      0.0,
      0.0,
      0.0,
      0.0,
      0.0,
      5.283414429868571e-05,
      6.69918445055373e-05,
      8.048924064496532e-05,
      9.152065467787907e-05,
      9.836674144025892e-05,
      9.98229079414159e-05,
      9.554107236908749e-05,
      8.615330443717539e-05,
      7.31201289454475e-05,
      5.83527798880823e-05,
      4.374585842015222e-05,
      3.077994188060984e-05,
      2.030817086051684e-05,
      1.255378265341278e-05,
      7.264713076438056e-06,
      3.932339041057276e-06,
      1.989438715099823e-06,
      9.39995970838936e-07,
      4.144882268519723e-07,
      1.70441040836522e-07,
      6.531305274393162e-08
    ],
    "PII": [
      0.950889527797699,
      0.941440761089325,
      0.9309710264205933,
      0.9199095368385315,
      0.9084351062774658,
      0.8966501951217651,
      0.8846223950386047,
      0.8723999857902527,
      0.8600193858146667,
      0.8475090265274048,
      0.8348919153213501,
      0.8221870064735413,
      0.8094101548194885,
      0.7965748310089111,
      0.7836927175521851,
      0.7707738280296326,
      0.7578269243240356,
      0.7448598742485046,
      0.731879472732544,
      0.7188919186592102,
      0.705902636051178,
      0.6929165720939636,
      0.6799381971359253,
      0.6669714450836182,
      0.6540200114250183,
      0.6410871744155884,
      0.6281759142875671,
      0.615289032459259,
      0.6024289727210999,
      0.5895980596542358,
      0.5767983794212341,
      0.5640318393707275,
      0.5513002276420593,
      0.5386052131652832,
      0.525948166847229,
      0.5133305788040161,
      0.5007537007331848,
      0.488218754529953,
      0.4757267534732819,
      0.463278740644455
    ],