{
  "scalars": {
    "CASE": 6,
    "KX": 40,
    "DT": 90.0,
    "RAINNCV": 0.0,
    "SNOWNCV": 0.0,
    "GRAUPELNCV": 0.0,
    "SR": 0.0
  },
  "columns": {
    "TH_IN": [
      295.0,
      295.0,
      295.0,
      295.0,
      295.0,
      295.0,
      295.0,
      296.6692199707031,
      298.4757385253906,
      300.3145141601562,
      302.1825866699219,
      304.0775756835938,
      305.9974975585938,
      307.9406127929688,
      309.9054565429688,
      311.8907165527344,
      313.8953247070312,
      315.9182434082031,
      317.9585876464844,
      320.0155334472656,
      322.08837890625,
      324.1764526367188,
      326.2791748046875,
      328.3959350585938,
      330.5262451171875,
      332.669677734375,
      334.8257446289062,
      336.9940490722656,
      339.1741943359375,
      341.3658752441406,
      343.5687255859375,
      345.7824401855469,
      348.0067138671875,
      350.2412719726562,
      352.4858703613281,
      354.7402648925781,
      357.0041809082031,
      359.2774353027344,
      361.559814453125,
      363.85107421875
    ],
    "QV_IN": [
      0.01605795696377754,
      0.01409938652068377,
      0.01215869281440973,
      0.010347337462008,
      0.008704467676579952,
      0.007243094965815544,
      0.005963132251054049,
      0.005155224818736315,
      0.004460642114281654,
      0.003850613487884402,
      0.00331646716222167,
      0.002849885728210211,
      0.002443111501634121,
      0.002089032204821706,
      0.001781257335096598,
      0.001514104194939137,
      0.001282555749639869,
      0.001082199160009623,
      0.0009091833489947021,
      0.000760135124437511,
      0.0006321116234175861,
      0.0005225305212661624,
      0.0004291254153940827,
      0.0003498934675008059,
      0.000283060158835724,
      0.0002270450058858842,
      0.0001804332860046998,
      0.00014195975381881,
      0.0001104846960515715,
      8.49893840495497e-05,
      6.45593463559635e-05,
      4.838025051867589e-05,
      3.573153298930265e-05,
      2.597957063699141e-05,
      1.857362985902e-05,
      1.304053057538113e-05,
      8.978999176179059e-06,
      6.053990546206478e-06,
      3.990513050666777e-06,
      2.56686416832963e-06
    ],
    "QC_IN": [
      1.423031790181994e-06,
      2.767960950222914e-06,
      4.936081040796125e-06,
      7.562794507975923e-06,
      9.59634780883789e-06,
      9.822872016229667e-06,
      7.944377102830913e-06,
      4.989284661860438e-06,
      2.396966692685965e-06,
      0.0,
      0.0,
      0.0,
      0.0,
      0.0,
      0.0,
      0.0,
      0.0,
      0.0,
      0.0,
      0.0,
      0.0,
      0.0,
      0.0,
      0.0,
      0.0,
      0.0,
      0.0,
      0.0,
      0.0,
      0.0,
      0.0,
      0.0,
      0.0,
      0.0,
      0.0,
      0.0,
      0.0,
      0.0,
      0.0,
      0.0
    ],
    "QR_IN": [
      0.0,
      0.0,
      0.0,
      0.0,
      0.0,
      0.0,
      0.0,
      0.0,
      0.0,
      0.0,
      0.0,
      0.0,
      0.0,
      0.0,
      0.0,
      0.0,
      0.0,
      0.0,
      0.0,
      0.0,
      0.0,
      0.0,
      0.0,
      0.0,
      0.0,
      0.0,
      0.0,
      0.0,
      0.0,
      0.0,
      0.0,
      0.0,
      0.0,
      0.0,
      0.0,
      0.0,
      0.0,
      0.0,
      0.0,
      0.0
    ],
    "QI_IN": [
      0.0,
      0.0,
      0.0,
      0.0,
      0.0,
      0.0,
      0.0,
      0.0,
      0.0,
      0.0,
      0.0,
      0.0,
      0.0,
      0.0,
      0.0,
      0.0,
      0.0,
      0.0,
      0.0,
      0.0,
      0.0,
      0.0,
      0.0,
      0.0,
      0.0,
      0.0,
      0.0,
      0.0,
      0.0,
      0.0,
      0.0,
      0.0,
      0.0,
      0.0,
      0.0,
      0.0,
      0.0,
      0.0,
      0.0,
      0.0
    ],
    "QS_IN": [
      0.0,
      0.0,
      0.0,
      0.0,
      0.0,
      0.0,
      0.0,
      0.0,
      0.0,
      0.0,
      0.0,
      0.0,
      0.0,
      0.0,
      0.0,
      0.0,
      0.0,
      0.0,
      0.0,
      0.0,
      0.0,
      0.0,
      0.0,
      0.0,
      0.0,
      0.0,
      0.0,
      0.0,
      0.0,
      0.0,
      0.0,
      0.0,
      0.0,
      0.0,
      0.0,
      0.0,
      0.0,
      0.0,
      0.0,
      0.0
    ],
    "QG_IN": [
      0.0,
      0.0,
      0.0,
      0.0,
      0.0,
      0.0,
      0.0,
      0.0,
      0.0,
      0.0,
      0.0,
      0.0,
      0.0,
      0.0,
      0.0,
      0.0,
      0.0,
      0.0,
      0.0,
      0.0,
      0.0,
      0.0,
      0.0,
      0.0,
      0.0,
      0.0,
      0.0,
      0.0,
      0.0,
      0.0,
      0.0,
      0.0,
      0.0,
      0.0,
      0.0,
      0.0,
      0.0,
      0.0,
      0.0,
      0.0
    ],
    "PII": [
      0.9965745210647583,
      0.987989068031311,
      0.9784151315689087,
      0.9682248830795288,
      0.9575739502906799,
      0.9465510845184326,
      0.9352145195007324,
      0.9236707091331482,
      0.9119606614112854,
      0.9001115560531616,
      0.8881453275680542,
      0.8760801553726196,
      0.8639314770698547,
      0.8517122268676758,
      0.8394336700439453,
      0.8271058201789856,
      0.81473708152771,
      0.8023351430892944,
      0.789906919002533,
      0.7774583697319031,
      0.7649949789047241,
      0.7525216341018677,
      0.7400428056716919,
      0.7275625467300415,
      0.7150845527648926,
      0.7026121020317078,
      0.6901482343673706,
      0.6776959300041199,
      0.6652575731277466,
      0.6528356671333313,
      0.6404323577880859,
      0.6280495524406433,
      0.6156892776489258,
      0.6033532023429871,
      0.5910428166389465,
      0.5787596702575684,
      0.5665051937103271,
      0.5542805194854736,
      0.5420870184898376,
      0.5299255847930908
    ],
    "RHO": [
      1.159714221954346,
      1.136238098144531,
      1.110210180282593,
      1.082712173461914,
      1.054227948188782,
      1.025056481361389,
      0.9954109191894531,
      0.9600183367729187,
      0.9246410727500916,
      0.8897480964660645,
      0.85542893409729,
      0.8217534422874451,
      0.7887762188911438,
      0.7565402388572693,
      0.7250781059265137,
      0.6944143772125244,
      0.6645664572715759,
      0.6355465054512024,
      0.6073616147041321,
      0.5800150036811829,
      0.5535064339637756,
      0.5278325080871582,
      0.5029880404472351,
      0.4789651036262512,
      0.4557544589042664,
      0.4333451986312866,
      0.4117253720760345,
      0.3908818662166595,
      0.3708008825778961,
      0.3514676094055176,
      0.3328668475151062,
      0.3149830996990204,
      0.2978002429008484,
      0.2813020646572113,
      0.2654721140861511,
      0.2502937018871307,
      0.2357502579689026,
      0.221825122833252,
      0.2085016220808029,
      0.1957631856203079
    ],
    "P": [
      98806.2109375,
      95858.921875,
      92646.9296875,
      89313.4375,
      85921.75,
      82509.5390625,
      79102.3359375,
      75737.359375,
      72429.6484375,
      69189.015625,
      66022.828125,
      62936.6328125,
      59934.58984375,
      57019.71484375,
      54194.1484375,
      51459.28125,
      48815.88671875,
      46264.23828125,
      43804.1953125,
      41435.25390625,
      39156.609375,
      36967.19140625,
      34865.75,
      32850.82421875,
      30920.814453125,
      29073.9921875,
      27308.53515625,
      25622.533203125,
      24013.998046875,
      22480.89453125,
      21021.146484375,
      19632.642578125,
      18313.2578125,
      17060.849609375,
      15873.2685546875,
      14748.369140625,
      13684.0185546875,
      12678.0888671875,
      11728.4755859375,
      10833.0849609375
    ],