{
  "scalars": {
    "CASE": 2,
    "KX": 40,
    "DT": 90.0,
    "RAINNCV": 0.216560572385788,
    "SNOWNCV": 0.0,
    "GRAUPELNCV": 0.0,
    "SR": 0.0
  },
  "columns": {
    "TH_IN": [
      287.0,
      287.0,
      287.3585205078125,
      289.2288208007812,
      291.1820983886719,
      293.2021179199219,
      295.2782592773438,
      297.4030456542969,
      299.5708923339844,
      301.7774047851562,
      304.0191040039062,
      306.2931213378906,
      308.5969848632812,
      310.9287109375,
      313.2865295410156,
      315.6688537597656,
      318.0743713378906,
      320.5018920898438,
      322.9502868652344,
      325.4186401367188,
      327.9060668945312,
      330.4117736816406,
      332.9349975585938,
      335.4751281738281,
      338.0315246582031,
      340.6036071777344,
      343.1908874511719,
      345.7928466796875,
      348.4090576171875,
      351.0390625,
      353.6824951171875,
      356.3389282226562,
      359.008056640625,
      361.6895446777344,
      364.383056640625,
      367.0883178710938,
      369.8050231933594,
      372.5329284667969,
      375.2717590332031,
      378.0213012695312
    ],
    "QV_IN": [
      0.009286003187298775,
      0.008081343024969101,
      0.007013872731477022,
      0.006456288509070873,
      0.005924399010837078,
      0.005422717425972223,
      0.004952704068273306,
      0.004514268599450588,
      0.004106459673494101,
      0.003727809293195605,
      0.003376704640686512,
      0.003051444888114929,
      0.002750364597886801,
      0.002471923362463713,
      0.002214691834524274,
      0.001977354055270553,
      0.001758742146193981,
      0.00155780219938606,
      0.001373570063151419,
      0.00120517797768116,
      0.001051811734214425,
      0.0009127066587097943,
      0.0007871214183978736,
      0.0006743381964042783,
      0.0005736369057558477,
      0.0004842915514018387,
      0.0004055749159306288,
      0.0003367421159055084,
      0.0002770385763142258,
      0.0002257074811495841,
      0.0001819869503378868,
      0.0001451216085115448,
      0.0001143701956607401,
      8.901255205273628e-05,
      6.83577818563208e-05,
      5.175334081286564e-05,
      3.859126081806608e-05,
      2.831315396178979e-05,
      2.041489460680168e-05,
      1.444879399059573e-05
    ],
    "QC_IN": [
      0.0003363109135534614,
      0.0004520235816016793,
      0.0005845415871590376,
      0.0007065957179293036,
      0.0007854835130274296,
      0.0007936708279885352,
      0.0007222243584692478,
      0.0005873335176147521,
      0.0004240179550834,
      0.0002701517078094184,
      0.0001510935690021142,
      7.382279727607965e-05,
      0.0,
      0.0,
      0.0,
      0.0,
      0.0,
      0.0,
      0.0,
      0.0,
      0.0,
      0.0,
      0.0,
      0.0,
      0.0,
      0.0,
      0.0,
      0.0,
      0.0,
      0.0,
      0.0,
      0.0,
      0.0,
      0.0,
      0.0,
      0.0,
      0.0,
      0.0,
      0.0,
      0.0
    ],
    "QR_IN": [
      0.0003516773867886513,
      0.0004406619991641492,
      0.0005270058172754943,
      0.0005862334510311484,
      0.0005974953528493643,
      0.0005518838879652321,
      0.0004579369269777089,
      0.0003388484183233231,
      0.0002221576578449458,
      0.000128320069052279,
      6.496263813460246e-05,
      2.868901901820209e-05,
      1.100407735066256e-05,
      3.650959570222767e-06,
      1.043805127665109e-06,
      0.0,
      0.0,
      0.0,
      0.0,
      0.0,
      0.0,
      0.0,
      0.0,
      0.0,
      0.0,
      0.0,
      0.0,
      0.0,
      0.0,
      0.0,
      0.0,
      0.0,
      0.0,
      0.0,
      0.0,
      0.0,
      0.0,
      0.0,
      0.0,
      0.0
    ],
    "QI_IN": [
      0.0,
      0.0,
      0.0,
      0.0,
      0.0,
      0.0,
      0.0,
      0.0,
      0.0,
      0.0,
      0.0,
      0.0,
      8.553567749913782e-05,
      0.0001182779014925472,
      0.0001562757097417489,
      0.0001969432923942804,
      0.0002363403618801385,
      0.0002696577575989068,
      0.0002921044069807976,
      0.0002999995485879481,
      0.0002917420060839504,
      0.0002683113561943173,
      0.0002330944698769599,
      0.000191069208085537,
      0.0001476210891269147,
      0.0001073881358024664,
      7.348238432314247e-05,
      4.725122562376782e-05,
      2.852613033610396e-05,
      1.615413748368155e-05,
      8.573519153287634e-06,
      4.260910372977378e-06,
      1.981341938517289e-06,
      8.613598083684337e-07,
      3.498163607673632e-07,
      1.326170178117536e-07,
      4.689690769055233e-08,
      1.54582640021772e-08,
      4.746213644324371e-09,
      1.356442846933703e-09
    ],
    "QS_IN": [
      0.0,
      0.0,
      0.0,
      0.0,
      0.0,
      0.0,
      0.0,
      0.0,
      0.0,
      0.0,
      0.0,
      0.0004707813495770097,
      0.0005580292199738324,
      0.0006410597125068307,
      0.0007128409342840314,
      0.0007663542055524886,
      0.000795672822277993,
      0.0007970076985657215,
      0.000769475067500025,
      0.0007153764017857611,
      0.0006398921250365674,
      0.0005502407439053059,
      0.0004544970288407058,
      0.0003603413060773164,
      0.000274023215752095,
      0.0001997323852265254,
      0.0001394460705341771,
      9.319233504356816e-05,
      5.957953180768527e-05,
      3.641614966909401e-05,
      2.126747858710587e-05,
      1.186081772175385e-05,
      6.313191079243552e-06,
      3.205418124707649e-06,
      1.551645823383296e-06,
      7.157317440942279e-07,
      3.144423885714787e-07,
      1.315080595531981e-07,
      5.233324884557078e-08,
      1.980667363454813e-08
    ],
    "QG_IN": [
      0.0,
      0.0,
      0.0,
      0.0,
      0.0,
      0.0,
      0.0,
      0.0,
      0.0,
      0.0,
      0.0,
      0.0003175424062646925,
      0.00038145761936903,
      0.0004377134318929166,
      0.0004789159283973277,
      0.0004988135187886655,
      0.000493808533065021,
      0.0004639738763216883,
      0.0004131922614760697,
      0.000348317640600726,
      0.0002776081091724336,
      0.0002089370100293308,
      0.0001483344822190702,
      9.923112520482391e-05,
      6.248668069019914e-05,
      3.700252636917867e-05,
      2.058576865238138e-05,
      1.074967985914554e-05,
      5.264164883556077e-06,
      2.415430117252981e-06,
      1.037595097841404e-06,
      4.169430951606046e-07,
      1.566024394605847e-07,
      5.493625110375433e-08,
      1.798592741408811e-08,
      5.491632038001626e-09,
      1.562634799334717e-09,
      4.14092926614984e-10,
      1.021238302256755e-10,
      2.342358772222664e-11
    ],
    "PII": [
      0.9964792132377625,
      0.9876195788383484,
      0.977756679058075,
      0.9673320055007935,
      0.9565169811248779,
      0.9454084634780884,
      0.9340701103210449,
      0.9225477576255798,
      0.9108757972717285,
      0.899081289768219,
      0.8871861100196838,
      0.8752081990242004,
      0.863162636756897,
      0.8510622978210449,
      0.8389182090759277,
      0.826740026473999,
      0.8145360350608826,
      0.8023137450218201,
      0.7900795936584473,
      0.7778395414352417,
      0.7655987739562988,
      0.7533619403839111,
      0.7411333322525024,
      0.7289167046546936,
      0.7167156338691711,
      0.704533040523529,
      0.6923719644546509,
      0.6802350282669067,
      0.6681243777275085,
      0.6560423374176025,
      0.6439908742904663,
      0.6319717168807983,
      0.6199865341186523,
      0.6080368757247925,
      0.596123993396759,
      0.5842491388320923,
      0.5724136233329773,
      0.5606183409690857,
      0.5488643050193787,
      0.5371522903442383
    ],