{
  "case": 1,
  "columns": {
    "CUGD_QCTEN": [
      0.0,
      0.0,
      0.0,
      0.0,
      1.9031917250336963e-10,
      2.575882023224858e-10,
      3.105587107400686e-10,
      3.5111936551433857e-10,
      3.858751017852679e-10,
      4.1998186444533737e-10,
      4.5406243509661927e-10,
      4.880924841748348e-10,
      5.215075377501602e-10,
      5.532827672439475e-10,
      5.820143694107865e-10,
      6.060275227501816e-10,
      6.690459323383756e-10,
      0.0,
      0.0,
      0.0,
      0.0,
      0.0,
      0.0,
      0.0,
      0.0,
      0.0,
      0.0,
      0.0,
      0.0,
      0.0,
      0.0,
      0.0,
      0.0,
      0.0,
      0.0,
      0.0,
      0.0,
      0.0,
      0.0,
      0.0,
      0.0,
      0.0,
      0.0,
      0.0,
      0.0
    ],
    "CUGD_QVTEN": [
      -1.8971400136036999e-06,
      -4.2495828744657346e-06,
      -1.1401776536577902e-06,
      -7.250778624577802e-07,
      1.4681344948167073e-07,
      8.349329163290026e-07,
      1.6792500349510098e-06,
      1.4223515866389412e-06,
      1.2458577621338237e-06,
      1.091906893942396e-06,
      -2.0304527090437994e-07,
      -1.746119898370873e-07,
      -1.4935505237439355e-07,
      -1.2698260177907129e-07,
      -1.0723975294827886e-07,
      -8.989968512189302e-08,
      -7.47961622174488e-08,
      -6.177863992058873e-08,
      -5.059721771353649e-08,
      -4.1012649614695114e-08,
      6.62059987562223e-09,
      4.113310787572078e-08,
      6.409374396967134e-08,
      7.82797715207284e-08,
      8.654333617500246e-08,
      9.711259761105493e-08,
      1.0516055625346421e-07,
      1.0439046950259962e-07,
      1.0426980369144437e-07,
      1.0351515629772607e-07,
      1.0132138685549475e-07,
      9.715527576706444e-08,
      9.064945472640827e-08,
      8.155038524488084e-08,
      6.96951657047637e-08,
      5.5003419286769685e-08,
      3.747673887643295e-08,
      3.6425314774953364e-06,
      0.0,
      0.0,
      0.0,
      0.0,
      0.0,
      0.0,
      0.0
    ],
    "CUGD_QVTENS": [
      0.0,
      0.0,
      -1.7957338636811783e-05,
      -1.5134787116065693e-05,
      -1.3455566749342573e-05,
      -1.1792771235992414e-05,
      -1.0012796263887615e-05,
      -8.568719639452819e-06,
      -7.544144519824352e-06,
      -6.642915433472337e-06,
      -5.846092608718753e-06,
      -5.138423886574469e-06,
      -4.507411289233235e-06,
      -3.942882784631072e-06,
      -3.436622605888594e-06,
      -2.982035083600895e-06,
      -2.5738370355683676e-06,
      -2.207779691293264e-06,
      -1.8804021730215241e-06,
      -1.5888180362397187e-06,
      -1.335214573481761e-06,
      -1.1095403745052937e-06,
      -9.107968182719817e-07,
      -4.86254553547339e-07,
      3.821413691206326e-08,
      2.331464473248375e-07,
      2.4231246436227276e-07,
      2.492900624320779e-07,
      2.5139875452871306e-07,
      2.476397166792375e-07,
      2.370340419180183e-07,
      2.1866410348539714e-07,
      1.9171921203046195e-07,
      1.55544086307603e-07,
      1.0968824088567023e-07,
      5.3954007148591165e-08,
      -1.1559424705969959e-08,
      0.0,
      0.0,
      0.0,
      0.0,
      0.0,
      0.0,
      0.0,
      0.0
    ],
    "CUGD_TTEN": [
      -0.0009834680113535634,
      -0.00297569985714621,
      -0.0014134380249319466,
      -0.007726770431297405,
      -0.00761770050385938,
      -0.007639550333129933,
      -0.007205626031581887,
      -0.007558904626691176,
      -0.007811705596546744,
      -0.008091192988516077,
      -0.007901713564793104,
      -0.008226264741893856,
      -0.008576927668044588,
      -0.008954921383460874,
      -0.009361776397773237,
      -0.009799310983940395,
      -0.01026952643027481,
      -0.010774710585897851,
      -0.011317728211418321,
      -0.011901761232525817,
      -0.010337422062916476,
      -0.008549781070587936,
      -0.006526671813209809,
      -0.00424746082254101,
      -0.0018588536298729064,
      0.0007056980089766256,
      0.0023668027802336345,
      0.002258527960622905,
      0.0021277828776984325,
      0.0019759479935384148,
      0.0018030885179594726,
      0.0016084555653361823,
      0.0013907354241523122,
      0.0011481617197837452,
      0.0008785529538776275,
      0.0005793093490820953,
      0.00024738744839096515,
      0.0089532817118887,
      0.0,
      0.0,
      0.0,
      0.0,
      0.0,
      0.0,
      0.0
    ],
    "CUGD_TTENS": [
      0.0,
      0.0,
      0.00022830552707833146,
      0.006695090470443448,
      0.006737458086856458,
      0.007299427160520512,
      0.008611057024372785,
      0.00954043005887289,
      0.009824581430750663,
      0.010141218389934627,
      0.010489064875627107,
      0.010868167477358871,
      0.011279191929098232,
      0.011723268610843995,
      0.012201911649179125,
      0.012716978227693451,
      0.01327065197455216,
      0.013865442227671792,
      0.014504194889546638,
      0.015190112642255019,
      0.014023542280419155,
      0.01269252514819652,
      0.011182377703392046,
      0.0172888795324442,
      0.029045544628796754,
      0.033378660817216625,
      0.03338487262991067,
      0.03497303330813622,
      0.0366350762959829,
      0.038374503974520295,
      0.040195035125826416,
      0.04210061978520244,
      0.04409545584153321,
      0.04618400752464735,
      0.04837102593288089,
      0.05066157176634318,
      0.05306104044296417,
      0.0,
      0.0,
      0.0,
      0.0,
      0.0,
      0.0,
      0.0,
      0.0
    ],
    "P": [
      100157.42661937627,
      97493.55789535852,
      94517.10222708758,
      91379.21540460184,
      88148.22943652181,
      84865.6573901194,
      81562.85423440927,
      78265.49343491108,
      74990.42625057582,
      71750.79326321806,
      68557.19524819424,
      65418.27512008479,
      62341.118716552126,
      59331.54328028709,
      56394.31267451247,
      53533.30274948381,
      50751.631587621756,
      48051.76426430278,
      45435.598643643105,
      42904.536744353296,
      40459.54490549858,
      38101.20509918976,
      35829.75912628481,
      33645.14700051022,
      31568.25505309794,
      29608.032462320938,
      27758.5992394209,
      26014.244301777595,
      24369.498730745523,
      22819.13504665805,
      21358.16421867893,
      19981.830967318314,
      18685.607801569477,
      17465.188140758502,
      16316.478798152146,
      15235.592045159614,
      14218.837428507546,
      13262.713475656266,
      12363.899394066144,
      11519.246846217713,
      10725.77186334668,
      9980.646945722234,
      9281.19338521142,
      8624.873836218065,
      8009.285153369924
    ],
    "QV": [
      0.038357808444643586,
      0.03432283595623261,
      0.03017963011172757,
      0.026206140629313326,
      0.022512959901251725,
      0.01914925532225529,
      0.016224066159112736,
      0.01377676646435984,
      0.011639658530254816,
      0.009782519435188177,
      0.008175989349775871,
      0.006792548978065487,
      0.005606899481624265,
      0.004596019448038516,
      0.0037390600495971742,
      0.0030171723349944166,
      0.002413319509144893,
      0.0019121016594302821,
      0.001499604809491185,
      0.0011632769017703656,
      0.000891828115315378,
      0.0006751503815568792,
      0.000504250117388716,
      0.00037118841226702737,
      0.0003483794991195522,
      0.0003814353555178118,
      0.00041436690613530454,
      0.0004466265762914042,
      0.00047763504489473687,
      0.0005067959081455698,
      0.0005335121155427299,
      0.0005572036615662968,
      0.0005773259229446914,
      0.0005933879582543807,
      0.0006049700388687877,
      0.0006117396624154148,
      0.0006134653153721556,
      0.0006100273023988754,
      0.0006014250470467012,
      0.0005877803903877434,
      0.0005693365676579227,
      0.0005464527229500075,
      0.0005195940210796809,
      0.0004893176249029427,
      0.00045625501502491493
    ],