{
  "case": 5,
  "columns": {
    "CUGD_QCTEN": [
      0.0,
      0.0,
      0.0,
      0.0,
      1.9031866132324832e-10,
      2.5758751046382127e-10,
      3.10557876607399e-10,
      3.5111842243941075e-10,
      3.858740653595691e-10,
      4.1998073641195217e-10,
      4.54061215525897e-10,
      4.880911732024719e-10,
      5.21506137027979e-10,
      5.532812811763677e-10,
      5.820128061727162e-10,
      6.060258950149485e-10,
      6.690441353413818e-10,
      0.0,
      0.0,
      0.0,
      0.0,
      0.0,
      0.0,
      0.0,
      0.0,
      0.0,
      0.0,
      0.0,
      0.0,
      0.0,
      0.0,
      0.0,
      0.0,
      0.0,
      0.0,
      0.0,
      0.0,
      0.0,
      0.0,
      0.0,
      0.0,
      0.0,
      0.0,
      0.0,
      0.0
    ],
    "CUGD_QVTEN": [
      -1.8971349180568372e-06,
      -4.249571460469652e-06,
      -1.1401745912435115e-06,
      -7.25075914964079e-07,
      1.468130551539951e-07,
      8.349306737745408e-07,
      1.6792455246369657e-06,
      1.4223477663309446e-06,
      1.2458544158723113e-06,
      1.0919039611790216e-06,
      -2.030447255431068e-07,
      -1.7461152084504102e-07,
      -1.4935465122020192e-07,
      -1.269822607152629e-07,
      -1.0723946491198065e-07,
      -8.989944365945208e-08,
      -7.479596132170732e-08,
      -6.177847398873733e-08,
      -5.059708181397604e-08,
      -4.101253945841958e-08,
      6.620582093288463e-09,
      4.113299739590523e-08,
      6.40935718196594e-08,
      7.827956126832672e-08,
      8.65431037274119e-08,
      9.711233677538201e-08,
      1.0516027380170069e-07,
      1.0439018911921962e-07,
      1.0426952363216185e-07,
      1.0351487826535834e-07,
      1.0132111471539374e-07,
      9.715501481676185e-08,
      9.064921125015385e-08,
      8.155016620790588e-08,
      6.969497850983849e-08,
      5.500327155254945e-08,
      3.747663821729455e-08,
      3.642521693984521e-06,
      0.0,
      0.0,
      0.0,
      0.0,
      0.0,
      0.0,
      0.0
    ],
    "CUGD_QVTENS": [
      0.0,
      0.0,
      -1.7957290405020826e-05,
      -1.5134746465393391e-05,
      -1.345553060890463e-05,
      -1.1792739561673153e-05,
      -1.001276937042049e-05,
      -8.568696624645181e-06,
      -7.544124256933018e-06,
      -6.642897591200996e-06,
      -5.846076906641607e-06,
      -5.138410085231645e-06,
      -4.507399182733299e-06,
      -3.9428721944037515e-06,
      -3.4366133754304246e-06,
      -2.982027074123784e-06,
      -2.5738301224743753e-06,
      -2.2077737613962618e-06,
      -1.8803971224309909e-06,
      -1.5888137688178619e-06,
      -1.3352109872159177e-06,
      -1.1095373943799822e-06,
      -9.107943719539258e-07,
      -4.86253247511492e-07,
      3.821403427234028e-08,
      2.3314582111452108e-07,
      2.4231181353286177e-07,
      2.492893928614683e-07,
      2.5139807929434676e-07,
      2.4763905154130764e-07,
      2.3703340526597368e-07,
      2.1866351617334926e-07,
      1.9171869708996079e-07,
      1.555436685302248e-07,
      1.0968794627295441e-07,
      5.3953862232997234e-08,
      -1.1559393658398418e-08,
      0.0,
      0.0,
      0.0,
      0.0,
      0.0,
      0.0,
      0.0,
      0.0
    ],
    "CUGD_TTEN": [
      -0.0009834653698472414,
      -0.002975691864684946,
      -0.0014134342285649724,
      -0.007726749677889355,
      -0.007617680043403313,
      -0.007639529813987196,
      -0.007205606677920663,
      -0.00755888432415553,
      -0.007811684615010506,
      -0.008091171256301927,
      -0.007901692341503586,
      -0.008226242646889167,
      -0.008576904631190927,
      -0.008954897331350204,
      -0.009361751252886718,
      -0.009799284663875465,
      -0.010269498847253627,
      -0.010774681645997618,
      -0.011317697813021754,
      -0.011901729265469263,
      -0.010337394297533753,
      -0.008549758106647584,
      -0.00652665428315834,
      -0.004247449414244567,
      -0.0018588486371598151,
      0.0007056961135354615,
      0.002366796423214967,
      0.0022585218944206316,
      0.002127777162665652,
      0.0019759426863204302,
      0.001803083675026439,
      0.0016084512451696946,
      0.0013907316887624749,
      0.0011481586359249857,
      0.0008785505941636814,
      0.0005793077931094654,
      0.0002473867839306051,
      0.00895325766418204,
      0.0,
      0.0,
      0.0,
      0.0,
      0.0,
      0.0,
      0.0
    ],
    "CUGD_TTENS": [
      0.0,
      0.0,
      0.00022830491387029,
      0.0066950724880346655,
      0.006737439990652082,
      0.007299407554917921,
      0.00861103389585075,
      0.00954040443413876,
      0.009824555042811593,
      0.010141191151537261,
      0.010489036702945473,
      0.010868138286441863,
      0.011279161634206641,
      0.011723237123202513,
      0.01220187887594564,
      0.01271694407103762,
      0.013270616330778612,
      0.013865404986345304,
      0.014504155932588145,
      0.015190071842983347,
      0.014023504614450193,
      0.012692491057219453,
      0.011182347668534728,
      0.01728883309607407,
      0.029045466615085197,
      0.03337857116514604,
      0.03338478296115571,
      0.03497293937372501,
      0.036634977897474226,
      0.03837440090406586,
      0.04019492716558961,
      0.042100506706737206,
      0.04409533740511837,
      0.04618388347857117,
      0.04837089601267064,
      0.05066143569393355,
      0.05306089792579822,
      0.0,
      0.0,
      0.0,
      0.0,
      0.0,
      0.0,
      0.0,
      0.0
    ],
    "P": [
      100157.42661937627,
      97493.55789535852,
      94517.10222708758,
      91379.21540460184,
      88148.22943652181,
      84865.6573901194,
      81562.85423440927,
      78265.49343491108,
      74990.42625057582,
      71750.79326321806,
      68557.19524819424,
      65418.27512008479,
      62341.118716552126,
      59331.54328028709,
      56394.31267451247,
      53533.30274948381,
      50751.631587621756,
      48051.76426430278,
      45435.598643643105,
      42904.536744353296,
      40459.54490549858,
      38101.20509918976,
      35829.75912628481,
      33645.14700051022,
      31568.25505309794,
      29608.032462320938,
      27758.5992394209,
      26014.244301777595,
      24369.498730745523,
      22819.13504665805,
      21358.16421867893,
      19981.830967318314,
      18685.607801569477,
      17465.188140758502,
      16316.478798152146,
      15235.592045159614,
      14218.837428507546,
      13262.713475656266,
      12363.899394066144,
      11519.246846217713,
      10725.77186334668,
      9980.646945722234,
      9281.19338521142,
      8624.873836218065,
      8009.285153369924
    ],
    "QV": [
      0.038357808444643586,
      0.03432283595623261,
      0.03017963011172757,
      0.026206140629313326,
      0.022512959901251725,
      0.01914925532225529,
      0.016224066159112736,
      0.01377676646435984,
      0.011639658530254816,
      0.009782519435188177,
      0.008175989349775871,
      0.006792548978065487,
      0.005606899481624265,
      0.004596019448038516,
      0.0037390600495971742,
      0.0030171723349944166,
      0.002413319509144893,
      0.0019121016594302821,
      0.001499604809491185,
      0.0011632769017703656,
      0.000891828115315378,
      0.0006751503815568792,
      0.000504250117388716,
      0.00037118841226702737,
      0.0003483794991195522,
      0.0003814353555178118,
      0.00041436690613530454,
      0.0004466265762914042,
      0.00047763504489473687,
      0.0005067959081455698,
      0.0005335121155427299,
      0.0005572036615662968,
      0.0005773259229446914,
      0.0005933879582543807,
      0.0006049700388687877,
      0.0006117396624154148,
      0.0006134653153721556,
      0.0006100273023988754,
      0.0006014250470467012,
      0.0005877803903877434,
      0.0005693365676579227,
      0.0005464527229500075,
      0.0005195940210796809,
      0.0004893176249029427,
      0.00045625501502491493
    ],