{
  "case": "1d-periodic-smooth-bump-linear-advection-rk3-centered-reference",
  "errors_per_level": [
    {
      "dt_s": 20.0,
      "dx_m": 2000.0,
      "l2_error": 0.0017501884285385139,
      "n_steps": 100
    },
    {
      "dt_s": 10.0,
      "dx_m": 1000.0,
      "l2_error": 0.00011371961805211112,
      "n_steps": 200
    },
    {
      "dt_s": 5.0,
      "dx_m": 500.0,
      "l2_error": 7.187386062879384e-06,
      "n_steps": 400
    }
  ],
  "expected_order": 3.0,
  "observed_order": 3.963913678661959,
  "observed_order_pairs": [
    3.943957189951565,
    3.983870167372353
  ],
  "pass": true
}
