{
  "attribution_fraction_d02": 0.18260914959890023,
  "attribution_policy": "d02 fraction of total nested run by domain ratio of grid points x timestep ratio",
  "compile_flags": [
    "-O3",
    "-acc",
    "-gpu=cc120,fastmath",
    "-w",
    "-Mfree",
    "-byteswapio",
    "-Mrecursive",
    "-r4",
    "-i4"
  ],
  "compile_log": "/mnt/data/canairy_meteo/artifacts/wrf_gpu_src/WRF/compile.log",
  "compile_precision_note": "compile.log records -r4 default real; this artifact preserves that evidence for M6-S5.",
  "domain_count": 5,
  "domain_work_weights": {
    "1": 1158854400.0,
    "2": 6648998400.0,
    "3": 13258080000.0,
    "4": 7869312000.0,
    "5": 7475846400.0
  },
  "fp_precision": "FP32 default real observed (-r4); review contract expected FP64, so M6-S5 must account for this evidence",
  "hardware": "same workstation as RTX 5090 (28-rank WRF)",
  "nest_ratio": [
    9000,
    3000,
    1000,
    1000,
    1000
  ],
  "nvhpc_version": "26.3",
  "raw_timing_summary": {
    "1": {
      "count": 4800,
      "mean_s": 3.543827027083333,
      "p50_s": 3.2845750000000002,
      "p95_s": 4.543042,
      "sum_s": 17010.36973
    },
    "2": {
      "count": 14400,
      "mean_s": 1.1312179631944443,
      "p50_s": 1.036915,
      "p95_s": 1.5062974999999994,
      "sum_s": 16289.53867
    },
    "3": {
      "count": 43200,
      "mean_s": 0.11930271111111111,
      "p50_s": 0.10564,
      "p95_s": 0.17419,
      "sum_s": 5153.87712
    },
    "4": {
      "count": 43200,
      "mean_s": 0.07474399699074075,
      "p50_s": 0.06402,
      "p95_s": 0.11777100000000006,
      "sum_s": 3228.94067
    },
    "5": {
      "count": 43200,
      "mean_s": 0.07053689421296297,
      "p50_s": 0.06047,
      "p95_s": 0.11145050000000002,
      "sum_s": 3047.19383
    }
  },
  "run_id": "20260519_18z_l3_24h_20260520T025228Z",
  "source_logs": [
    "/mnt/data/canairy_meteo/runs/wrf_l3/20260519_18z_l3_24h_20260520T025228Z/rsl.error.0000",
    "/mnt/data/canairy_meteo/runs/wrf_l3/20260519_18z_l3_24h_20260520T025228Z/namelist.input",
    "/mnt/data/canairy_meteo/artifacts/wrf_gpu_src/WRF/compile.log"
  ],
  "wall_time_d02_attributable_s": 3106.249150758174,
  "wall_time_per_step_ms": 215.71174658042875,
  "wall_time_total_24h_s": 17010.36973
}
