{
  "NSED_MAX": 16,
  "all_saved_arrays_finite": true,
  "array_stats": {
    "psfc": {
      "finite": true,
      "max": 101805.734375,
      "min": 71329.66084929918,
      "sha256": "bc201d40859a61caa3db6ca536205c23e70fd7075b1a84f6f49d8df7a31e8b73",
      "shape": [
        66,
        159
      ],
      "sum": 1058929216.4030097
    },
    "qc": {
      "finite": true,
      "max": 0.002195666084927299,
      "min": 0.0,
      "sha256": "be5bced14a9b5dfc265f8a9a52484e352cd11fa427b7469dddfe45efe94bffee",
      "shape": [
        44,
        66,
        159
      ],
      "sum": 10.471321668280208
    },
    "qg": {
      "finite": true,
      "max": 0.0,
      "min": 0.0,
      "sha256": "56822720b066d07db27aeb78444598dbcaf27ccfb2ed068a6d6ee38091942a36",
      "shape": [
        44,
        66,
        159
      ],
      "sum": 0.0
    },
    "qi": {
      "finite": true,
      "max": 0.0,
      "min": 0.0,
      "sha256": "56822720b066d07db27aeb78444598dbcaf27ccfb2ed068a6d6ee38091942a36",
      "shape": [
        44,
        66,
        159
      ],
      "sum": 0.0
    },
    "qr": {
      "finite": true,
      "max": 0.00046962658036601675,
      "min": 0.0,
      "sha256": "4e19ddb3a3044ad297fbea4d0c9ca97e04284d668cf1317dbf029734444b43d4",
      "shape": [
        44,
        66,
        159
      ],
      "sum": 0.10998742540581541
    },
    "qs": {
      "finite": true,
      "max": 0.0,
      "min": 0.0,
      "sha256": "56822720b066d07db27aeb78444598dbcaf27ccfb2ed068a6d6ee38091942a36",
      "shape": [
        44,
        66,
        159
      ],
      "sum": 0.0
    },
    "qv": {
      "finite": true,
      "max": 0.01838368553990171,
      "min": 2.4403450850289958e-06,
      "sha256": "6d779dd5671f3093ce089cd4f643d8fbcb627df0842d020249fe372230296c14",
      "shape": [
        44,
        66,
        159
      ],
      "sum": 1137.146876544174
    },
    "rainc": {
      "finite": true,
      "max": 0.0,
      "min": 0.0,
      "sha256": "e0abb2a316eedd503011b31df9eafadae2649e00e96011b88f358d59b91f931f",
      "shape": [
        66,
        159
      ],
      "sum": 0.0
    },
    "rainnc": {
      "finite": true,
      "max": 92.64498896070398,
      "min": 0.0,
      "sha256": "3eed28f83b93fcdec99a11cb701a75a582be0b4f6c6a79805c3319b41c94b448",
      "shape": [
        66,
        159
      ],
      "sum": 8206.73107225481
    },
    "t2": {
      "finite": true,
      "max": 300.61149786447106,
      "min": 283.31907569098854,
      "sha256": "f7edda59e0c7c5ad482d71409c9e5570651bb3122c7966b6ad1b112dc670ecdd",
      "shape": [
        66,
        159
      ],
      "sum": 3076102.321609537
    },
    "u10": {
      "finite": true,
      "max": 9.04068050137881,
      "min": -9.373690499131929,
      "sha256": "1874c8834f8b9edf714b6601b2e6c2c716aa6425a91d79da56c9916d60952151",
      "shape": [
        66,
        159
      ],
      "sum": -761.7599754655384
    },
    "v10": {
      "finite": true,
      "max": 4.438187630306186,
      "min": -15.710439328041767,
      "sha256": "88ee5615a8af357b6f36e9db80bbb6f51ec74c2bd883b249a9c51ce78bdff7ef",
      "shape": [
        66,
        159
      ],
      "sum": -55427.79399627485
    }
  },
  "arrays_npz": "/tmp/v0100_wave_b1_nsed16_24h.npz",
  "config": {
    "GPUWRF_THOMPSON_NSED": "16",
    "acoustic_substeps": 10,
    "disable_guards": false,
    "dt_s": 10.0,
    "force_fp64": true,
    "run_boundary": true,
    "run_physics": true
  },
  "cpu_affinity": [
    0,
    1,
    2,
    3
  ],
  "cpu_skill": {
    "available": false,
    "fields": {},
    "reference_file": "<DATA_ROOT>/canairy_meteo/runs/wrf_l2/20260521_18z_l2_72h_20260522T133443Z/wrfout_d02_2026-05-22_18:00:00",
    "valid_time_utc": "2026-05-22T18:00:00+00:00"
  },
  "device": "cuda:0",
  "forecast_wall_s": 790.3891683029942,
  "hours": 24.0,
  "radiation_cadence_steps": 180,
  "run_dir": "<DATA_ROOT>/canairy_meteo/runs/wrf_l2/20260521_18z_l2_72h_20260522T133443Z",
  "run_id": "20260521_18z_l2_72h_20260522T133443Z",
  "schema": "V0100WaveB1NSED24HRun",
  "schema_version": 1,
  "segment_steps": 180,
  "segment_wall_s": [
    122.43890229403041,
    122.4512863199925,
    11.951806252996903,
    11.947596031008288,
    11.892723267024849,
    11.889766556036193,
    11.90659315197263,
    11.918696423002984,
    11.939515099977143,
    11.946983355970588,
    11.918941685988102,
    11.888968354964163,
    11.903692998050246,
    11.896075799013488,
    11.898448526975699,
    11.873617950011976,
    11.814655022986699,
    11.805021716980264,
    11.811404507025145,
    11.81187797000166,
    11.812134634004906,
    11.823260441015009,
    11.831158403016161,
    11.827742987021338,
    11.820130176027305,
    11.80516530800378,
    11.791275626979768,
    11.78941470303107,
    11.793402093986515,
    11.775018188985996,
    11.782159215013962,
    11.777788611012511,
    11.78018283896381,
    11.81035577901639,
    11.838131787953898,
    11.85156406601891,
    11.862989655986894,
    11.873850111966021,
    11.862424101971556,
    11.87951121700462,
    11.881887966010254,
    11.894895739038475,
    11.889615606982261,
    11.876011289015878,
    11.874022864038125,
    11.888780300039798,
    11.891767473949585,
    11.897808781999629
  ],
  "status": "PASS",
  "steps": 8640
}
