{
  "unroll": 2,
  "steps": 60,
  "compile_s": 186.44853432901436,
  "warmed_per_step_ms": 73.44106286667132,
  "samples_ms": [
    2799.9684046333036,
    76.8992520335208,
    73.44106286667132,
    73.49801781723122
  ],
  "peak_mb": 8955.79248046875,
  "theta_finite": true
}
