{
  "unroll": 1,
  "steps": 60,
  "compile_s": 116.24199016595958,
  "warmed_per_step_ms": 74.11779794977822,
  "samples_ms": [
    2064.0302460330226,
    77.37623665016145,
    74.11779794977822,
    74.13705478344733
  ],
  "peak_mb": 9027.460693359375,
  "theta_finite": true
}
