{
  "all_saved_arrays_finite": true,
  "array_stats": {
    "HFX": {
      "dtype": "float64",
      "finite": true,
      "max": 540.0223431801354,
      "min": -40.15769614262852,
      "sha256": "0b835d9ceb73a3d5c9e23aa620f7c7f1686cb0318ce21fbce1415f9c137fa288",
      "shape": [
        66,
        159
      ],
      "sum": 228383.6557835806
    },
    "PBLH": {
      "dtype": "float64",
      "finite": true,
      "max": 934.0462011206193,
      "min": 37.3079380828489,
      "sha256": "cd65462682c7b4a4f0dad619c6f5893f2729ed8baf5ab06422731c225022cf72",
      "shape": [
        66,
        159
      ],
      "sum": 4047279.5060591404
    },
    "Q2": {
      "dtype": "float64",
      "finite": true,
      "max": 0.018903237809312315,
      "min": 0.004135973302775555,
      "sha256": "c6a0e1aa42389fa59045b714177576f30a01aa068c1bf9f2b4361f3324b92fd0",
      "shape": [
        66,
        159
      ],
      "sum": 144.03207356929852
    },
    "QCLOUD": {
      "dtype": "float64",
      "finite": true,
      "max": 0.002195666084927299,
      "min": 0.0,
      "sha256": "be5bced14a9b5dfc265f8a9a52484e352cd11fa427b7469dddfe45efe94bffee",
      "shape": [
        44,
        66,
        159
      ],
      "sum": 10.471321668280208
    },
    "QGRAUP": {
      "dtype": "float64",
      "finite": true,
      "max": 0.0,
      "min": 0.0,
      "sha256": "56822720b066d07db27aeb78444598dbcaf27ccfb2ed068a6d6ee38091942a36",
      "shape": [
        44,
        66,
        159
      ],
      "sum": 0.0
    },
    "QICE": {
      "dtype": "float64",
      "finite": true,
      "max": 0.0,
      "min": 0.0,
      "sha256": "56822720b066d07db27aeb78444598dbcaf27ccfb2ed068a6d6ee38091942a36",
      "shape": [
        44,
        66,
        159
      ],
      "sum": 0.0
    },
    "QRAIN": {
      "dtype": "float64",
      "finite": true,
      "max": 0.00046962658036601675,
      "min": 0.0,
      "sha256": "4e19ddb3a3044ad297fbea4d0c9ca97e04284d668cf1317dbf029734444b43d4",
      "shape": [
        44,
        66,
        159
      ],
      "sum": 0.10998742540581541
    },
    "QSNOW": {
      "dtype": "float64",
      "finite": true,
      "max": 0.0,
      "min": 0.0,
      "sha256": "56822720b066d07db27aeb78444598dbcaf27ccfb2ed068a6d6ee38091942a36",
      "shape": [
        44,
        66,
        159
      ],
      "sum": 0.0
    },
    "QVAPOR": {
      "dtype": "float64",
      "finite": true,
      "max": 0.01838368553990171,
      "min": 2.4403450850289958e-06,
      "sha256": "6d779dd5671f3093ce089cd4f643d8fbcb627df0842d020249fe372230296c14",
      "shape": [
        44,
        66,
        159
      ],
      "sum": 1137.146876544174
    },
    "RAINC": {
      "dtype": "float64",
      "finite": true,
      "max": 0.0,
      "min": 0.0,
      "sha256": "e0abb2a316eedd503011b31df9eafadae2649e00e96011b88f358d59b91f931f",
      "shape": [
        66,
        159
      ],
      "sum": 0.0
    },
    "RAINNC": {
      "dtype": "float64",
      "finite": true,
      "max": 92.64498896070398,
      "min": 0.0,
      "sha256": "3eed28f83b93fcdec99a11cb701a75a582be0b4f6c6a79805c3319b41c94b448",
      "shape": [
        66,
        159
      ],
      "sum": 8206.73107225481
    },
    "T2": {
      "dtype": "float64",
      "finite": true,
      "max": 300.61149786447106,
      "min": 283.31907569098854,
      "sha256": "f7edda59e0c7c5ad482d71409c9e5570651bb3122c7966b6ad1b112dc670ecdd",
      "shape": [
        66,
        159
      ],
      "sum": 3076102.321609537
    },
    "U10": {
      "dtype": "float64",
      "finite": true,
      "max": 9.04068050137881,
      "min": -9.373690499131929,
      "sha256": "1874c8834f8b9edf714b6601b2e6c2c716aa6425a91d79da56c9916d60952151",
      "shape": [
        66,
        159
      ],
      "sum": -761.7599754655384
    },
    "V10": {
      "dtype": "float64",
      "finite": true,
      "max": 4.438187630306186,
      "min": -15.710439328041767,
      "sha256": "88ee5615a8af357b6f36e9db80bbb6f51ec74c2bd883b249a9c51ce78bdff7ef",
      "shape": [
        66,
        159
      ],
      "sum": -55427.79399627485
    }
  },
  "arrays_npz": "proofs/v0100/v0100_release_d02_head_run24h.npz",
  "baseline_commit_for_compare": "016d993",
  "config": {
    "GPUWRF_THOMPSON_NSED": null,
    "acoustic_substeps": 10,
    "disable_guards": false,
    "dt_s": 10.0,
    "force_fp64": true,
    "run_boundary": true,
    "run_physics": true
  },
  "cpu_affinity": [
    0,
    1,
    2,
    3
  ],
  "device": "cuda:0",
  "forecast_wall_s": 589.0372293659602,
  "hours": 24.0,
  "radiation_cadence_steps": 180,
  "run_dir": "<DATA_ROOT>/canairy_meteo/runs/wrf_l2/20260521_18z_l2_72h_20260522T133443Z",
  "run_id": "20260521_18z_l2_72h_20260522T133443Z",
  "schema": "V0100ReleaseD02Run24H",
  "schema_version": 1,
  "segment_steps": 180,
  "segment_wall_s": [
    23.68856554600643,
    20.17337223200593,
    11.909308837959543,
    11.907893455994781,
    11.883876556006726,
    11.870369329990353,
    11.905422286014073,
    11.91402528504841,
    11.912571374035906,
    11.902365582005586,
    11.902911306999158,
    11.896461306023411,
    11.900936421006918,
    11.889654961996712,
    11.860368549998384,
    11.855593433021568,
    11.807789983984549,
    11.825326103018597,
    11.821691985009238,
    11.813194877002388,
    11.812639243027661,
    11.799876302015036,
    11.811814896005671,
    11.812060218013357,
    11.80411238502711,
    11.814654169022106,
    11.789961403002962,
    11.807932025985792,
    11.816834945988376,
    11.805044461973011,
    11.78791736799758,
    11.78055156901246,
    11.80358135100687,
    11.80293420603266,
    11.85519958898658,
    11.856721711985301,
    11.856785382027738,
    11.870384909969289,
    11.85473047499545,
    11.850196100014728,
    11.8762773660128,
    11.880590911023319,
    11.888938296004198,
    11.860524831980001,
    11.861596509988885,
    11.867924390011467,
    11.876991190947592,
    11.888568154012319
  ],
  "source": "HEAD",
  "status": "PASS",
  "steps": 8640,
  "valid_time_utc": "2026-05-22T18:00:00+00:00"
}
