{
  "all_finite": true,
  "cadence": 1000000,
  "compile_s": 139.3538857010426,
  "config": {
    "acoustic_substeps": 10,
    "acoustic_unroll": 1,
    "bl_pbl_physics": 0,
    "disable_guards": false,
    "dt_s": 10.0,
    "force_fp64": true,
    "mp_physics": 8,
    "run_boundary": true,
    "run_physics": true,
    "sf_sfclay_physics": 5,
    "use_noahmp": false
  },
  "cpu_affinity": [
    0,
    1,
    2,
    3
  ],
  "device": "cuda:0",
  "discard_first_sample": true,
  "final_state_ranges": {
    "mu_total": {
      "finite": true,
      "max": 96803.69213867188,
      "min": 66425.67389781492
    },
    "p_total": {
      "finite": true,
      "max": 101696.0234375,
      "min": 5177.425842472542
    },
    "ph_total": {
      "finite": true,
      "max": 204077.453125,
      "min": -7.796288059580547e-07
    },
    "qv": {
      "finite": true,
      "max": 0.013831114086012047,
      "min": 2.440320258756401e-06
    },
    "theta": {
      "finite": true,
      "max": 491.6383158365885,
      "min": 290.00209954297435
    },
    "u": {
      "finite": true,
      "max": 22.812046502933566,
      "min": -16.625733370092544
    },
    "v": {
      "finite": true,
      "max": 11.763423422727776,
      "min": -22.819584172981013
    },
    "w": {
      "finite": true,
      "max": 1.013861948912275,
      "min": -2.5319945032755364
    }
  },
  "grid": {
    "nx": 159,
    "ny": 66,
    "nz": 44
  },
  "methodology_note": "Fresh process; compile/warm call outside samples; warmed_per_step_ms is the min of cache-hit repeat calls. Default cadence is deliberately larger than the segment so the measured step is the non-radiation coupled step used by the Wave-A ~75 ms gate, with Thompson/MYNN/surface/boundary active.",
  "peak_gpu_mem_mb_after_compile": 8919.522216796875,
  "peak_gpu_mem_mb_final": 9177.230224609375,
  "physically_plausible_short_run": true,
  "repeats": 4,
  "run_dir": "<DATA_ROOT>/canairy_meteo/runs/wrf_l2/20260521_18z_l2_72h_20260522T133443Z",
  "run_id": "20260521_18z_l2_72h_20260522T133443Z",
  "schema": "V0100WaveBTimingProbe",
  "schema_version": 1,
  "status": "PASS",
  "steps": 240,
  "variant": "no_pbl",
  "warmed_per_step_ms": 40.51128513747244,
  "warmed_per_step_ms_samples": [
    509.08683446250507,
    40.559928366565146,
    40.56904786678691,
    40.51128513747244
  ],
  "warmed_per_step_ms_samples_used": [
    40.559928366565146,
    40.56904786678691,
    40.51128513747244
  ]
}
