{
  "scope": "Wave-A gate: warmed per-step + coupled stability, GREEN d02 L2 init",
  "run_dir": "/mnt/data/canairy_meteo/runs/wrf_l2/20260521_18z_l2_72h_20260522T133443Z",
  "run_id": "20260521_18z_l2_72h_20260522T133443Z",
  "device": "cuda:0",
  "grid": {
    "ny": 66,
    "nx": 159,
    "nz": 44
  },
  "config": {
    "force_fp64": true,
    "use_flux_advection": true,
    "epssm": 0.5,
    "top_lid": true,
    "radiation_cadence_steps": 180,
    "acoustic_unroll": 1
  },
  "disable_guards": false,
  "hours": 0.25,
  "steps": 90,
  "segment_steps": 180,
  "nonrad_segment_len": 179,
  "inner_segment_cold_compile_s": 24.988252328999806,
  "warmed_per_step_ms": 75.90702153071138,
  "warmed_per_step_ms_samples": [
    121.80064165933504,
    75.90702153071138,
    75.93080307247752
  ],
  "warmed_per_step_ms_amortized_incl_radiation": 190.6074428775658,
  "full_wall_s_measured": 17.154669858980924,
  "peak_gpu_mem_mb_after_compile": 9027.420654296875,
  "peak_gpu_mem_mb_after_full_run": 9924.6396484375,
  "final_state_ranges": {
    "u": {
      "finite": true,
      "min": -10.215861797332764,
      "max": 25.539793807430225
    },
    "v": {
      "finite": true,
      "min": -15.328624635045369,
      "max": 10.871370501596692
    },
    "w": {
      "finite": true,
      "min": -2.021631858853995,
      "max": 1.0033967378309174
    },
    "theta": {
      "finite": true,
      "min": 289.4666647975146,
      "max": 492.4528246392142
    },
    "qv": {
      "finite": true,
      "min": 2.440320639662011e-06,
      "max": 0.012867591343820095
    },
    "p_total": {
      "finite": true,
      "min": 5176.538783121405,
      "max": 101639.8046875
    },
    "ph_total": {
      "finite": true,
      "min": -7.796288059580547e-07,
      "max": 204077.453125
    },
    "mu_total": {
      "finite": true,
      "min": 66421.54079854666,
      "max": 96780.61201683735
    }
  },
  "all_finite": true,
  "physically_plausible": true,
  "status": "PASS"
}
