{
  "columns": {
    "DZ": [
      297.3017787506803,
      362.4521766357669,
      391.9341220257944,
      412.397618533384,
      428.3146230079283,
      441.4416507151416,
      452.6657695845734,
      462.5018461716736,
      471.2769759904795,
      479.212684269211,
      486.4663482018459,
      493.1540104636688,
      499.3638243987834,
      505.1644135634961,
      510.6103000298235,
      515.7455585443913,
      520.6063522550967,
      525.2227386398781,
      529.6199849271325,
      533.8195452584732,
      537.8397992729751,
      541.6966190332132,
      545.4038102315881,
      548.9734598450395,
      552.4162131695157,
      555.7414968463618,
      558.9577000931458,
      562.0723232370765,
      565.0921004130414,
      568.0231016599464,
      570.8708184489078,
      573.6402357819661
    ],
    "P": [
      97836.8407113167,
      94201.87547874011,
      90164.3985191838,
      86004.2970139872,
      81821.61022738196,
      77670.89459235707,
      73585.03107237506,
      69586.61556423875,
      65691.6874090326,
      61911.76888111004,
      58255.1014189897,
      54727.45268678312,
      51332.67381103692,
      48073.10120729971,
      44949.8564557036,
      41963.07633035998,
      39112.09322740421,
      36395.57929482051,
      33811.66331887682,
      31358.02671994572,
      29031.98323307374,
      26830.54564433325,
      24750.48211633944,
      22788.36404005379,
      20940.6069167696,
      19203.50545364053,
      17573.26381510893,
      16046.02178877634,
      14617.87748226979,
      13284.90705672084,
      12043.1819149083,
      10888.78369235346
    ],
    "PI": [
      0.9937711983498437,
      0.9830790534713342,
      0.9708516718480064,
      0.9578366962249373,
      0.9442894751431066,
      0.9303475764836812,
      0.916093603486621,
      0.9015863897154793,
      0.8868703164965703,
      0.8719802172118879,
      0.8569442336356208,
      0.84178560632279,
      0.8265238616029171,
      0.8111756341770153,
      0.7957552579633954,
      0.7802752031613952,
      0.7647464075877516,
      0.7491785331112228,
      0.7335801676485927,
      0.7179589867162629,
      0.7023218843601091,
      0.6866750805181756,
      0.6710242099866722,
      0.6553743968478906,
      0.6397303172865361,
      0.6240962530465618,
      0.6084761372847316,
      0.592873594207363,
      0.5772919735975929,
      0.5617343811276709,
      0.546203705187244,
      0.530702640832285
    ],
    "QC": [
      0.0,
      0.0,
      0.0004,
      0.0004,
      0.0004,
      0.0004,
      0.0004,
      0.0004,
      0.0004,
      0.0004,
      0.0004,
      0.0004,
      0.0004,
      0.0004,
      0.0,
      0.0,
      0.0,
      0.0,
      0.0,
      0.0,
      0.0,
      0.0,
      0.0,
      0.0,
      0.0,
      0.0,
      0.0,
      0.0,
      0.0,
      0.0,
      0.0,
      0.0
    ],
    "QG": [
      0.0,
      0.0,
      0.0002,
      0.0002,
      0.0002,
      0.0002,
      0.0002,
      0.0002,
      0.0002,
      0.0002,
      0.0002,
      0.0002,
      0.0002,
      0.0002,
      0.0,
      0.0,
      0.0,
      0.0,
      0.0,
      0.0,
      0.0,
      0.0,
      0.0,
      0.0,
      0.0,
      0.0,
      0.0,
      0.0,
      0.0,
      0.0,
      0.0,
      0.0
    ],
    "QI": [
      0.0,
      0.0,
      0.0,
      0.0,
      0.0,
      0.0,
      0.0,
      0.0,
      0.0,
      0.0,
      0.0,
      0.0,
      0.0,
      0.0,
      0.0,
      0.0,
      0.0,
      0.0,
      0.0,
      0.0,
      0.0,
      0.0,
      0.0,
      0.0,
      0.0,
      0.0,
      0.0,
      0.0,
      0.0,
      0.0,
      0.0,
      0.0
    ],
    "QR": [
      0.0,
      0.0,
      0.0001,
      0.0001,
      0.0001,
      0.0001,
      0.0001,
      0.0001,
      0.0001,
      0.0001,
      0.0001,
      0.0001,
      0.0001,
      0.0001,
      0.0,
      0.0,
      0.0,
      0.0,
      0.0,
      0.0,
      0.0,
      0.0,
      0.0,
      0.0,
      0.0,
      0.0,
      0.0,
      0.0,
      0.0,
      0.0,
      0.0,
      0.0
    ],
    "QS": [
      0.0,
      0.0,
      0.0003,
      0.0003,
      0.0003,
      0.0003,
      0.0003,
      0.0003,
      0.0003,
      0.0003,
      0.0003,
      0.0003,
      0.0003,
      0.0003,
      0.0,
      0.0,
      0.0,
      0.0,
      0.0,
      0.0,
      0.0,
      0.0,
      0.0,
      0.0,
      0.0,
      0.0,
      0.0,
      0.0,
      0.0,
      0.0,
      0.0,
      0.0
    ],
    "QV": [
      0.01221923667887364,
      0.01065003039543662,
      0.009101133206547174,
      0.007696993679173348,
      0.006460336703304904,
      0.005389659519482947,
      0.00447367328332254,
      0.003697104385772322,
      0.003043513669153983,
      0.002496760223815827,
      0.00204175728081448,
      0.001664830430155572,
      0.001353845045024034,
      0.00109819948764712,
      0.0008887425124815038,
      0.0007176510291732245,
      0.0005782907506610255,
      0.0004650736175730924,
      0.0003733203169403408,
      0.0002991325863023328,
      0.0002392776382671132,
      0.0001910855290001555,
      0.0001523593488027308,
      0.0001212975481857206,
      9.642740264779e-05,
      7.654847738694502e-05,
      6.068491998972101e-05,
      4.804544388253994e-05,
      3.798994004364798e-05,
      3.000175025776085e-05,
      2.366473949328337e-05,
      1.86444096825571e-05
    ],
    "RHO": [
      1.146121824700484,
      1.115856556482572,
      1.081672448819783,
      1.042754885196241,
      1.001390240042664,
      0.9599024573703361,
      0.9186316545176608,
      0.8778220275138017,
      0.8376554163915021,
      0.798269741875479,
      0.759770325277143,
      0.7222374224489662,
      0.6857315450843592,
      0.650297388054096,
      0.6159668236547365,
      0.5827612400905994,
      0.55069340094389,
      0.5197689440224251,
      0.4899876022987537,
      0.461344206793652,
      0.4338295159683629,
      0.4074309055699661,
      0.3821329452510988,
      0.3579178826600889,
      0.3347660514519369,
      0.312656216407783,
      0.2915658663071539,
      0.2714714631927478,
      0.2523486550740637,
      0.2341724578409831,
      0.2169174111324551,
      0.2005577120763562
    ],
    "RTHRATEN": [
      1.876047085410762e-06,
      1.909521822785863e-06,
      2.487618296999785e-06,
      2.612577294554819e-06,
      2.756471236918681e-06,
      2.924203186581654e-06,
      3.124584730369385e-06,
      3.372327467992719e-06,
      5.082712124939871e-06,
      1.338629684772592e-05,
      1.746414905872954e-05,
      2.473568570921013e-05,
      4.200807728473326e-05,
      0.0003643125518952605,
      2.027812394442939e-05,
      2.066438573890967e-05,
      2.110602423908722e-05,
      2.161359696897029e-05,
      2.219096387169496e-05,
      2.282922642693927e-05,
      2.349908976461705e-05,
      2.414337680630314e-05,
      2.467335427411434e-05,
      2.497397220572954e-05,
      2.49220062178993e-05,
      2.441573430435277e-05,
      2.34067014636611e-05,
      2.19191966388584e-05,
      2.004709662364946e-05,
      1.792941541011175e-05,
      1.571651092019133e-05,
      1.35409177511435e-05
    ],