{
  "columns": {
    "DZ": [
      297.3017787506803,
      362.4521766357669,
      391.9341220257944,
      412.397618533384,
      428.3146230079283,
      441.4416507151416,
      452.6657695845734,
      462.5018461716736,
      471.2769759904795,
      479.212684269211,
      486.4663482018459,
      493.1540104636688,
      499.3638243987834,
      505.1644135634961,
      510.6103000298235,
      515.7455585443913,
      520.6063522550967,
      525.2227386398781,
      529.6199849271325,
      533.8195452584732,
      537.8397992729751,
      541.6966190332132,
      545.4038102315881,
      548.9734598450395,
      552.4162131695157,
      555.7414968463618,
      558.9577000931458,
      562.0723232370765,
      565.0921004130414,
      568.0231016599464,
      570.8708184489078,
      573.6402357819661
    ],
    "P": [
      99503.73067352775,
      95797.84226589621,
      91687.55981111823,
      87460.2221322575,
      83212.75824077975,
      78996.93773114422,
      74846.0698302488,
      70783.0649459601,
      66824.213914383,
      62981.25197753595,
      59262.60738911144,
      55674.21481130437,
      52220.07576814863,
      48902.66207405504,
      45723.21650190055,
      42681.98323214584,
      39778.38856229471,
      37011.18530086997,
      34378.56995785169,
      31878.27910592302,
      29507.66949040004,
      27263.78525192795,
      25143.41478440552,
      23143.13915342355,
      21259.37356795731,
      19488.40307893312,
      17826.41343894268,
      16269.51787519633,
      14813.78038729025,
      13455.23607168533,
      12189.90888826847,
      11013.82721543657
    ],
    "PI": [
      0.9985795673935368,
      0.9878091960315964,
      0.9755095985402221,
      0.962441741550097,
      0.9488490330574708,
      0.9348582986011111,
      0.9205519151135046,
      0.905988479819437,
      0.8912121578214387,
      0.8762575985409643,
      0.8611527956128636,
      0.8459208765460137,
      0.8305812869048663,
      0.8151506092062755,
      0.7996431498407237,
      0.7840713723498102,
      0.7684462253010603,
      0.7527773956671358,
      0.7370735081922244,
      0.7213422847242185,
      0.7055906733011122,
      0.6898249540036399,
      0.6740508267000571,
      0.6582734844988377,
      0.6424976757966792,
      0.6267277571395139,
      0.6109677386233688,
      0.5952213231970578,
      0.5794919409541766,
      0.5637827792932394,
      0.5480968096650104,
      0.5324368115031596
    ],
    "QC": [
      0.0,
      0.0,
      0.0,
      0.0,
      0.0,
      0.0,
      0.0,
      0.0,
      0.0,
      0.0,
      0.0,
      0.0,
      0.0,
      0.0,
      0.0,
      0.0,
      0.0,
      0.0,
      0.0,
      0.0,
      0.0,
      0.0,
      0.0,
      0.0,
      0.0,
      0.0,
      0.0,
      0.0,
      0.0,
      0.0,
      0.0,
      0.0
    ],
    "QG": [
      0.0,
      0.0,
      0.0,
      0.0,
      0.0,
      0.0,
      0.0,
      0.0,
      0.0,
      0.0,
      0.0,
      0.0,
      0.0,
      0.0,
      0.0,
      0.0,
      0.0,
      0.0,
      0.0,
      0.0,
      0.0,
      0.0,
      0.0,
      0.0,
      0.0,
      0.0,
      0.0,
      0.0,
      0.0,
      0.0,
      0.0,
      0.0
    ],
    "QI": [
      0.0,
      0.0,
      0.0,
      0.0,
      0.0,
      0.0,
      0.0,
      0.0,
      0.0,
      0.0,
      0.0,
      0.0,
      0.0003,
      0.0003,
      0.0003,
      0.0003,
      0.0003,
      0.0003,
      0.0003,
      0.0,
      0.0,
      0.0,
      0.0,
      0.0,
      0.0,
      0.0,
      0.0,
      0.0,
      0.0,
      0.0,
      0.0,
      0.0
    ],
    "QR": [
      0.0,
      0.0,
      0.0,
      0.0,
      0.0,
      0.0,
      0.0,
      0.0,
      0.0,
      0.0,
      0.0,
      0.0,
      0.0,
      0.0,
      0.0,
      0.0,
      0.0,
      0.0,
      0.0,
      0.0,
      0.0,
      0.0,
      0.0,
      0.0,
      0.0,
      0.0,
      0.0,
      0.0,
      0.0,
      0.0,
      0.0,
      0.0
    ],
    "QS": [
      0.0,
      0.0,
      0.0,
      0.0,
      0.0,
      0.0,
      0.0,
      0.0,
      0.0,
      0.0,
      0.0,
      0.0,
      0.00015,
      0.00015,
      0.00015,
      0.00015,
      0.00015,
      0.00015,
      0.00015,
      0.0,
      0.0,
      0.0,
      0.0,
      0.0,
      0.0,
      0.0,
      0.0,
      0.0,
      0.0,
      0.0,
      0.0,
      0.0
    ],
    "QV": [
      0.01038873300321643,
      0.009150843795807285,
      0.007915095864048823,
      0.006780783285239165,
      0.005768529486483364,
      0.004880054418526343,
      0.004109135379669627,
      0.00344601628618139,
      0.002879584502545912,
      0.002398538373197935,
      0.001992025647676863,
      0.001649980556505029,
      0.001363281538725579,
      0.001123800429868964,
      0.0009243864037621864,
      0.000758811993237155,
      0.0006216987179362136,
      0.0005084335965629132,
      0.0004150837263603463,
      0.0003383133876085902,
      0.0002753063045945941,
      0.0002236944717343067,
      0.00018149414250365,
      0.000147049051259185,
      0.0001189806062100967,
      9.614459487244662e-05,
      7.75938386113636e-05,
      6.254619025754876e-05,
      5.035726701504798e-05,
      4.049733498515054e-05,
      3.253180114054928e-05,
      2.610481624833247e-05
    ],
    "RHO": [
      1.168955115912281,
      1.137270604444283,
      1.099996264607887,
      1.05879664930216,
      1.016980327220394,
      0.9750521622776384,
      0.9333479530315696,
      0.8921077431590191,
      0.8515099332267689,
      0.8116898858502845,
      0.7727512362374749,
      0.7347733350459958,
      0.6978164466104617,
      0.661925547540305,
      0.627133200061562,
      0.5934617836733272,
      0.5609252640040338,
      0.5295306171072857,
      0.4992789905813258,
      0.4701666595128856,
      0.4421858198197138,
      0.415325251022958,
      0.38957087304351,
      0.364906216222339,
      0.3413128197573262,
      0.3187705707104953,
      0.2972579933960289,
      0.2767524971265913,
      0.25723058884545,
      0.2386680560139766,
      0.221040124192328,
      0.2043215929965103
    ],
    "RTHRATEN": [
      2.54792961245125e-06,
      2.61334906323987e-06,
      2.687077322595981e-06,
      2.763804338625234e-06,
      2.841361826106947e-06,
      2.918733343223584e-06,
      2.995277305154631e-06,
      3.070620976788618e-06,
      3.144627378295991e-06,
      3.21739302823115e-06,
      3.289262491438493e-06,
      3.360854269424359e-06,
      9.079482880045607e-06,
      1.090171124245126e-05,
      1.35439488830969e-05,
      1.741263620636745e-05,
      2.412276116954196e-05,
      3.937118255732667e-05,
      0.0001870132223820539,
      1.662116370562477e-05,
      1.725423089177402e-05,
      1.79692369036836e-05,
      1.875606485691224e-05,
      1.95850622157219e-05,
      2.040076019516769e-05,
      2.111954137381065e-05,
      2.163545147994623e-05,
      2.183686571176421e-05,
      2.16319711851743e-05,
      2.097481488110086e-05,
      1.988063831357521e-05,
      1.842309077828924e-05
    ],
    "T": [
      294.7294121218985,
      291.8764070569687,
      289.0354362038733,
      286.6343707582159,
      284.1018378156064,
      281.4576574053627,
      278.7142738929995,
      275.8802715415151,
      272.9619414972866,
      269.9640944117919,
      266.8905267115348,
      263.7443085474214,
      260.5279719244759,
      257.2436392327788,
      253.8931143086774,
      250.4779489167584,
      246.9994925238547,
      243.458930366785,
      239.8573131029876,
      236.1955802728523,
      232.474579124609,
      228.6950799067571,
      224.8577884323043,
      220.9633565116516,
      217.0123907049885,
      213.0054597404885,
      208.9431008685163,
      204.8258253660076,
      200.6541233634615,
      196.428468135775,
      192.1493199747694,
      187.8171297439076
    ]
  },
  "scalars": {
    "ALBEDO": 0.06,
    "CASE": 5,
    "COSZEN": 0.55,