{
  "columns": {
    "DZ": [
      297.3017787506803,
      362.4521766357669,
      391.9341220257944,
      412.397618533384,
      428.3146230079283,
      441.4416507151416,
      452.6657695845734,
      462.5018461716736,
      471.2769759904795,
      479.212684269211,
      486.4663482018459,
      493.1540104636688,
      499.3638243987834,
      505.1644135634961,
      510.6103000298235,
      515.7455585443913,
      520.6063522550967,
      525.2227386398781,
      529.6199849271325,
      533.8195452584732,
      537.8397992729751,
      541.6966190332132,
      545.4038102315881,
      548.9734598450395,
      552.4162131695157,
      555.7414968463618,
      558.9577000931458,
      562.0723232370765,
      565.0921004130414,
      568.0231016599464,
      570.8708184489078,
      573.6402357819661
    ],
    "P": [
      99128.57851905325,
      95474.59257359011,
      91413.93051147572,
      87225.62982645369,
      83011.3489096589,
      78829.04989731187,
      74711.78897745427,
      70682.27117225653,
      66756.60560325654,
      62946.35857992904,
      59259.79745026219,
      55702.7023415202,
      52278.92655728193,
      48990.80074601031,
      45839.43465355106,
      42824.94874145288,
      39946.65600236721,
      37203.20731585023,
      34592.70941703859,
      32112.82183869162,
      29760.83740631268,
      27533.74966155572,
      25428.30975262548,
      23441.07473561199,
      21568.44879881573,
      19806.71860256053,
      18152.08368654517,
      16600.68271313608,
      15148.61617285285,
      13791.96606694686,
      12526.81299381452,
      11349.25099551551
    ],
    "PI": [
      0.9975024367967654,
      0.9868557162716503,
      0.9746769166462309,
      0.9617034531114723,
      0.9481922914665946,
      0.9342902092814075,
      0.9200797392303665,
      0.9056196891173541,
      0.8909544448524314,
      0.8761188649352872,
      0.8611411292457284,
      0.8460445233935251,
      0.8308486208875032,
      0.8155701019584356,
      0.8002233415482422,
      0.7848208443068003,
      0.7693735745255669,
      0.7538912117135901,
      0.7383823521682005,
      0.7228546704355391,
      0.7073150503976177,
      0.6917696929677261,
      0.6762242055044735,
      0.6606836767543406,
      0.645152740210534,
      0.6296356281100534,
      0.6141362178020617,
      0.5986580718565162,
      0.5832044730072558,
      0.5677784548141122,
      0.5523828287672461,
      0.5370202084318605
    ],
    "QC": [
      0.0,
      0.0,
      0.0008,
      0.0008,
      0.0008,
      0.0008,
      0.0008,
      0.0,
      0.0,
      0.0,
      0.0,
      0.0,
      0.0,
      0.0,
      0.0,
      0.0,
      0.0,
      0.0,
      0.0,
      0.0,
      0.0,
      0.0,
      0.0,
      0.0,
      0.0,
      0.0,
      0.0,
      0.0,
      0.0,
      0.0,
      0.0,
      0.0
    ],
    "QG": [
      0.0,
      0.0,
      0.0,
      0.0,
      0.0,
      0.0,
      0.0,
      0.0,
      0.0,
      0.0,
      0.0,
      0.0,
      0.0,
      0.0,
      0.0,
      0.0,
      0.0,
      0.0,
      0.0,
      0.0,
      0.0,
      0.0,
      0.0,
      0.0,
      0.0,
      0.0,
      0.0,
      0.0,
      0.0,
      0.0,
      0.0,
      0.0
    ],
    "QI": [
      0.0,
      0.0,
      0.0,
      0.0,
      0.0,
      0.0,
      0.0,
      0.0,
      0.0,
      0.0,
      0.0,
      0.0,
      0.0,
      0.0,
      0.0,
      0.0,
      0.0,
      0.0,
      0.0,
      0.0,
      0.0,
      0.0,
      0.0,
      0.0,
      0.0,
      0.0,
      0.0,
      0.0,
      0.0,
      0.0,
      0.0,
      0.0
    ],
    "QR": [
      0.0,
      0.0,
      0.0002,
      0.0002,
      0.0002,
      0.0002,
      0.0002,
      0.0,
      0.0,
      0.0,
      0.0,
      0.0,
      0.0,
      0.0,
      0.0,
      0.0,
      0.0,
      0.0,
      0.0,
      0.0,
      0.0,
      0.0,
      0.0,
      0.0,
      0.0,
      0.0,
      0.0,
      0.0,
      0.0,
      0.0,
      0.0,
      0.0
    ],
    "QS": [
      0.0,
      0.0,
      0.0,
      0.0,
      0.0,
      0.0,
      0.0,
      0.0,
      0.0,
      0.0,
      0.0,
      0.0,
      0.0,
      0.0,
      0.0,
      0.0,
      0.0,
      0.0,
      0.0,
      0.0,
      0.0,
      0.0,
      0.0,
      0.0,
      0.0,
      0.0,
      0.0,
      0.0,
      0.0,
      0.0,
      0.0,
      0.0
    ],
    "QV": [
      0.01419648382728989,
      0.01256377480572502,
      0.01092568556900713,
      0.009413700884503887,
      0.008056495954269494,
      0.00685797864563063,
      0.005811491741521265,
      0.004905523463170403,
      0.004126542146175845,
      0.003460534994440293,
      0.0028938672295684,
      0.002413752454878034,
      0.002008489551676267,
      0.001667556239340331,
      0.001381614574141719,
      0.001142463501151901,
      0.0009429612176883749,
      0.0007769322105054508,
      0.0006390686335075788,
      0.0005248322091867765,
      0.0004303604768653827,
      0.0003523796072677792,
      0.0002881249182270491,
      0.0002352695016342679,
      0.0001918608984000885,
      0.0001562654605461152,
      0.0001271198642075885,
      0.000103289146365238,
      8.383060444661785e-05,
      6.796290220361948e-05,
      5.503975371584393e-05,
      4.452760025914802e-05
    ],
    "RHO": [
      1.1517689852347,
      1.121890039351938,
      1.088122727849012,
      1.050557934768589,
      1.008924955731017,
      0.9671838319720719,
      0.9256738861281785,
      0.8846383951456911,
      0.8442584188216968,
      0.804671294314354,
      0.7659819292479928,
      0.7282702793020475,
      0.6915966096068598,
      0.6560053703824592,
      0.621528152041931,
      0.5881859976018599,
      0.5559912478093628,
      0.5249490352594255,
      0.4950585079345947,
      0.4663138398890322,
      0.4387050718080106,
      0.4122188138998325,
      0.3868388362930048,
      0.3625465667904545,
      0.3393215118443236,
      0.3171416135604755,
      0.2959835531609299,
      0.2758230094499451,
      0.25663487932414,
      0.2383934661525773,
      0.2210726408659894,
      0.2046459797881501
    ],
    "RTHRATEN": [
      2.717803605384344e-06,
      2.774925887873954e-06,
      4.41255670953553e-06,
      5.017198206509958e-06,
      1.261059523073034e-05,
      3.122210450545227e-05,
      0.0003005155222316496,
      1.904493668378929e-05,
      1.949961777138287e-05,
      1.994931958592693e-05,
      2.039628957658262e-05,
      2.084437968222416e-05,
      2.129924918741301e-05,
      2.176860673750172e-05,
      2.22624677629464e-05,
      2.279338030518705e-05,
      2.337652999143151e-05,
      2.402956640218997e-05,
      2.477189229301329e-05,
      2.562302714180801e-05,
      2.659952592524258e-05,
      2.770988464521633e-05,
      2.894706220012857e-05,
      3.027894520400025e-05,
      3.163850612593176e-05,
      3.291744649650457e-05,
      3.396885891893953e-05,
      3.462399599106266e-05,
      3.472374482288582e-05,
      3.415741193772436e-05,
      3.289450022829197e-05,
      3.099546151030728e-05
    ],
    "T": [
      297.3150380151897,
      294.2718986333565,
      290.7873417692862,
      287.6485080758924,
      285.2813068267747,
      282.8050765549158,
      280.231202033068,
      277.5675320352597,
      274.8198182835341,
      271.992459774165,
      269.088928969205,
      266.1120346035207,
      263.0640932521743,
      259.9470465388137,
      256.7625442279919,
      253.5120049646821,
      250.1966618271417,
      246.8175972371206,
      243.3757702103277,
      239.872037965882,
      236.3071732984998,
      232.6818787135877,
      228.9967980537099,
      225.2525261577357,
      221.4496169623237,
      217.5885903610789,
      213.6699380680065,
      209.6941286811298,
      205.6616121042218,
      201.5728234560432,
      197.4281865749137,
      193.2281172102028
    ]
  },
  "scalars": {
    "ALBEDO": 0.18,
    "CASE": 4,
    "COSZEN": 0.85,
    "DECLIN": 0.409,