{
  "metadata": {
    "scheme": "Kessler warm rain (mp_physics=1)",
    "case_label": "sedimentation_fall",
    "oracle_source": "/home/enric/src/wrf_pristine/WRF/phys/module_mp_kessler.F",
    "full_wrf_exe": false
  },
  "scalars": {
    "CASE": 5,
    "KX": 32,
    "DT": 90.0,
    "FULL_WRF_EXE": false,
    "RAINNC": 0.4236430755341956,
    "RAINNCV": 0.1757737016337086
  },
  "columns": {
    "THETA_IN": [
      298.0,
      298.0,
      298.0,
      298.2856719878682,
      300.1280358338533,
      302.0121330835181,
      303.9309849167464,
      305.8796991787428,
      307.8546449181927,
      309.8530143215323,
      311.8725677490556,
      313.9114748840278,
      315.9682104296331,
      318.0414826995744,
      320.1301830322417,
      322.2333489239095,
      324.3501365070274,
      326.4797995772187,
      328.6216733227049,
      330.7751615028381,
      332.9397262040604,
      335.1148795539629,
      337.300176944992,
      339.4952114375405,
      341.6996090954602,
      343.9130250667703,
      346.1351402658308,
      348.3656585453731,
      350.6043042708134,
      352.8508202274654,
      355.1049658051908,
      357.3665154157883
    ],
    "QV_IN": [
      0.01745864719905734,
      0.01516193739635219,
      0.0129847384088382,
      0.01112510273016496,
      0.01004909118690565,
      0.009066597383541474,
      0.00817290904424837,
      0.007361595761963387,
      0.006625661266095206,
      0.005958148191125439,
      0.005352459543041066,
      0.004802520422412888,
      0.004302845093753706,
      0.003848546763353131,
      0.003435312876179893,
      0.003059360467634528,
      0.002717381089499388,
      0.002406481630193654,
      0.002124125226945663,
      0.001868075016503633,
      0.001636342457099347,
      0.001427141235174318,
      0.001238847255613076,
      0.001069964844557122,
      0.000919099029064651,
      0.000784933570014244,
      0.0006662142940018276,
      0.0005617371824681519,
      0.0004703406218152379,
      0.0003909011895722309,
      0.0003223323435636052,
      0.0002635853898027635
    ],
    "QC_IN": [
      0.0001883903779752098,
      0.0003235837114182332,
      0.0004795032298545666,
      0.0005869901260473009,
      0.0005793994936373839,
      0.0004533125831274485,
      0.0002773864874283399,
      0.0001312951668662996,
      4.761986774193089e-05,
      0.0,
      0.0,
      0.0,
      0.0,
      0.0,
      0.0,
      0.0,
      0.0,
      0.0,
      0.0,
      0.0,
      0.0,
      0.0,
      0.0,
      0.0,
      0.0,
      0.0,
      0.0,
      0.0,
      0.0,
      0.0,
      0.0,
      0.0
    ],
    "QR_IN": [
      0.0006005812342184442,
      0.0008501188831337167,
      0.001147573949098809,
      0.001446570470552845,
      0.001683930958212434,
      0.001796506579553803,
      0.001746334762029821,
      0.001539456455014286,
      0.001225780255544254,
      0.0008785261576677503,
      0.0005650105336853829,
      0.0003251733404113164,
      0.0001670452777968806,
      7.642001727283663e-05,
      3.106708783638572e-05,
      0.0,
      0.0,
      0.0,
      0.0,
      0.0,
      0.0,
      0.0,
      0.0,
      0.0,
      0.0,
      0.0,
      0.0,
      0.0,
      0.0,
      0.0,
      0.0,
      0.0
    ],
    "RHO": [
      1.145287609550766,
      1.120070856011786,
      1.093086149079848,
      1.064074958880605,
      1.028990391452802,
      0.994115506514279,
      0.9596251419294161,
      0.9256407991408785,
      0.8922499243052568,
      0.8595165169950163,
      0.8274875729581416,
      0.796197295261114,
      0.7656700059363609,
      0.7359222486327067,
      0.7069643592206974,
      0.6788016701802954,
      0.6514354531850652,
      0.6248636685807398,
      0.5990815687392992,
      0.5740821885289794,
      0.5498567471255795,
      0.5263949792751945,
      0.5036854098407204,
      0.4817155823864885,
      0.4604722502834033,
      0.4399415371013799,
      0.4201090717344505,
      0.400960102668741,
      0.3824795949810489,
      0.3646523129948332,
      0.3474628909845853,
      0.3308958938823178
    ],
    "PII": [
      0.9959541846793527,
      0.9865782506990455,
      0.9764884010698901,
      0.9659745551987777,
      0.9552082676474958,
      0.9442614120105053,
      0.9331779862965287,
      0.9219891617601202,
      0.9107182723300601,
      0.8993834767996276,
      0.8879993182525375,
      0.8765777029227627,
      0.8651285483877257,
      0.8536602314927133,
      0.8421799088216492,
      0.830693752667375,
      0.8192071290186829,
      0.8077247345773355,
      0.7962507040884123,
      0.7847886956865979,
      0.7733419596522483,
      0.7619133944406709,
      0.7505055928082454,
      0.7391208801365816,
      0.7277613465436888,
      0.7164288740011054,
      0.7051251594039988,
      0.6938517343381738,
      0.6826099821340227,
      0.6714011526792009,
      0.6602263753698058,
      0.6490866705074224
    ],
    "Z": [
      123.7038666349588,
      414.2062568066311,
      726.524525413283,
      1051.940361430586,
      1386.915606155159,
      1729.478742457838,
      2078.360893953894,
      2432.672577953248,
      2791.753621489579,
      3155.093513005877,
      3522.285045282835,
      3892.995433459594,
      4266.947350842375,
      4643.905945377158,
      5023.66964222577,
      5406.063440710812,
      5790.933910368622,
      6178.145377676119,
      6567.576967764518,
      6959.120273243288,
      7352.677491647358,
      7748.159918902332,
      8145.486717271262,
      8544.583897734636,
      8945.383471901858,
      9347.82273941279,
      9751.843684696514,
      10157.39246279511,
      10564.4189583297,
      10972.8764049937,
      11382.72105548923,
      11793.9118937797
    ],
    "DZ8W": [
      247.4077332699176,
      290.5023901716723,
      312.3182686066519,
      325.4158360173029,
      334.975244724573,
      342.5631363026787,
      348.8821514960559,
      354.3116839993545,
      359.081043536331,
      363.3398915162979,
      367.1915322769582,
      370.7103881767584,
      373.9519173827816,
      376.9585945347826,
      379.7636968486122,
      382.3937984850418,
      384.8704696578106,
      387.2114673074966,
      389.4315900883985,
      391.5433054787709,
      393.5572184040693,
      395.482427254974,
      397.3267983689302,
      399.0971804633737,
      400.7995741672221,
      402.439267510932,
      404.0209452837244,
      405.5487780985932,
      407.0264955345974,
      408.457446663997,
      409.8446504955264,
      411.1908382904712
    ],
    "THETA_OUT": [
      297.4598164824859,
      297.2134773584845,
      297.1176320222648,
      297.3742479131237,
      298.8916305410825,
      300.907923190286,
      303.0694458684432,
      305.2647713204397,
      307.4305909307862,
      309.5872416329596,
      311.6766976299504,
      313.777089188997,
      315.8825942250617,
      317.9923489604898,
      320.1080691775339,
      322.2333489239095,
      324.3501365070274,
      326.4797995772187,
      328.6216733227049,
      330.7751615028381,
      332.9397262040604,
      335.1148795539629,
      337.300176944992,
      339.4952114375405,
      341.6996090954602,
      343.9130250667703,
      346.1351402658308,
      348.3656585453731,
      350.6043042708134,
      352.8508202274654,
      355.1049658051908,
      357.3665154157883
    ],