{
  "metadata": {
    "scheme": "Kessler warm rain (mp_physics=1)",
    "case_label": "autoconversion",
    "oracle_source": "~/src/wrf_pristine/WRF/phys/module_mp_kessler.F",
    "full_wrf_exe": false
  },
  "scalars": {
    "CASE": 2,
    "KX": 32,
    "DT": 90.0,
    "FULL_WRF_EXE": false,
    "RAINNC": 0.0,
    "RAINNCV": 0.0
  },
  "columns": {
    "THETA_IN": [
      296.0,
      296.0,
      296.0,
      296.0,
      296.0,
      296.0,
      297.2526240227925,
      298.8470266007896,
      300.4628912967031,
      302.0979208085265,
      303.7502827037728,
      305.4184794505682,
      307.1012630787907,
      308.7975767541972,
      310.506513390016,
      312.2272854831987,
      313.9592025966588,
      315.7016541995425,
      317.4540963549403,
      319.2160412295948,
      320.9870487124131,
      322.7667196350605,
      324.5546902277207,
      326.3506275398059,
      328.1542256235584,
      329.9652023273575,
      331.7832965811343,
      333.608266082578,
      335.4398853124837,
      337.2779438224717,
      339.1222447497015,
      340.9726035220086
    ],
    "QV_IN": [
      0.01658155889483355,
      0.01437095481423884,
      0.0122788502353069,
      0.01037992795725352,
      0.008691675861396344,
      0.007212383458699006,
      0.006273104602031998,
      0.005519699153685687,
      0.004847340061563989,
      0.004248048493430059,
      0.003714390797209816,
      0.003239592072584625,
      0.002817559991381027,
      0.002442858718659735,
      0.002110656618119521,
      0.001816662187605682,
      0.001557057088416226,
      0.001328431618691882,
      0.001127725707343971,
      0.0009521770090239062,
      0.0007992766911229886,
      0.0006667328536384684,
      0.0005524411051239066,
      0.0004544615624000537,
      0.0003710014005789779,
      0.0003004020203443821,
      0.0002411298982030699,
      0.0001917702260215827,
      0.0001510225164922172,
      0.000117697442157922,
      9.071428021706956e-05,
      6.909844782078764e-05
    ],
    "QC_IN": [
      0.0003454272372709153,
      0.0007154543328850205,
      0.001270445438002338,
      0.001836210781660229,
      0.002099601674501063,
      0.001862004173711493,
      0.001261182543478804,
      0.0006442404044513261,
      0.0002455391620981459,
      6.916941882472443e-05,
      0.0,
      0.0,
      0.0,
      0.0,
      0.0,
      0.0,
      0.0,
      0.0,
      0.0,
      0.0,
      0.0,
      0.0,
      0.0,
      0.0,
      0.0,
      0.0,
      0.0,
      0.0,
      0.0,
      0.0,
      0.0,
      0.0
    ],
    "QR_IN": [
      0.0,
      0.0,
      0.0,
      0.0,
      0.0,
      0.0,
      0.0,
      0.0,
      0.0,
      0.0,
      0.0,
      0.0,
      0.0,
      0.0,
      0.0,
      0.0,
      0.0,
      0.0,
      0.0,
      0.0,
      0.0,
      0.0,
      0.0,
      0.0,
      0.0,
      0.0,
      0.0,
      0.0,
      0.0,
      0.0,
      0.0,
      0.0
    ],
    "RHO": [
      1.15355577783182,
      1.127904112761297,
      1.100467413651414,
      1.072071673152706,
      1.043084518966908,
      1.013732877249689,
      0.979953726523445,
      0.9454690897842511,
      0.9115211540378877,
      0.8781794520382648,
      0.8454963677065754,
      0.8135113240637063,
      0.7822536822330004,
      0.7517448360379247,
      0.7219997762944163,
      0.6930282894718043,
      0.6648358948781338,
      0.6374245892415012,
      0.6107934460072231,
      0.5849391029450091,
      0.5598561625816507,
      0.5355375237605163,
      0.5119746582431134,
      0.4891578430876013,
      0.4670763571788215,
      0.4457186484984473,
      0.4250724773510703,
      0.4051250396940322,
      0.3858630738805229,
      0.3672729534637405,
      0.3493407681859711,
      0.3320523948614931
    ],
    "PII": [
      0.9959269038371146,
      0.9864829617472728,
      0.9763204770362978,
      0.9657214079087233,
      0.9548009541791355,
      0.9436239722789507,
      0.9322804403562992,
      0.9208169080667732,
      0.9092577709208454,
      0.8976215362103745,
      0.8859230608970433,
      0.8741745417814039,
      0.8623861706097333,
      0.8505665863056929,
      0.8387231981313609,
      0.8268624233169781,
      0.8149898660447913,
      0.8031104550425106,
      0.7912285512346722,
      0.7793480332690683,
      0.7674723663919466,
      0.7556046585903192,
      0.7437477068612767,
      0.7319040357315343,
      0.7200759296271918,
      0.7082654603151266,
      0.6964745103589777,
      0.6847047933247727,
      0.6729578713139609,
      0.6612351702812526,
      0.6495379935016701,
      0.6378675334787901
    ],
    "Z": [
      123.7038666349588,
      414.2062568066311,
      726.524525413283,
      1051.940361430586,
      1386.915606155159,
      1729.478742457838,
      2078.360893953894,
      2432.672577953248,
      2791.753621489579,
      3155.093513005877,
      3522.285045282835,
      3892.995433459594,
      4266.947350842375,
      4643.905945377158,
      5023.66964222577,
      5406.063440710812,
      5790.933910368622,
      6178.145377676119,
      6567.576967764518,
      6959.120273243288,
      7352.677491647358,
      7748.159918902332,
      8145.486717271262,
      8544.583897734636,
      8945.383471901858,
      9347.82273941279,
      9751.843684696514,
      10157.39246279511,
      10564.4189583297,
      10972.8764049937,
      11382.72105548923,
      11793.9118937797
    ],
    "DZ8W": [
      247.4077332699176,
      290.5023901716723,
      312.3182686066519,
      325.4158360173029,
      334.975244724573,
      342.5631363026787,
      348.8821514960559,
      354.3116839993545,
      359.081043536331,
      363.3398915162979,
      367.1915322769582,
      370.7103881767584,
      373.9519173827816,
      376.9585945347826,
      379.7636968486122,
      382.3937984850418,
      384.8704696578106,
      387.2114673074966,
      389.4315900883985,
      391.5433054787709,
      393.5572184040693,
      395.482427254974,
      397.3267983689302,
      399.0971804633737,
      400.7995741672221,
      402.439267510932,
      404.0209452837244,
      405.5487780985932,
      407.0264955345974,
      408.457446663997,
      409.8446504955264,
      411.1908382904712
    ],
    "THETA_OUT": [
      295.8843182932268,
      295.8893427757418,
      295.8950514308607,
      295.901310181082,
      295.9080420937539,
      295.915171413242,
      296.9496847439682,
      298.3136431352506,
      299.7904721922263,
      301.9060419356616,
      303.7502827037728,
      305.4184794505682,
      307.1012630787907,
      308.7975767541972,
      310.506513390016,
      312.2272854831987,
      313.9592025966588,
      315.7016541995425,
      317.4540963549403,
      319.2160412295948,
      320.9870487124131,
      322.7667196350605,
      324.5546902277207,
      326.3506275398059,
      328.1542256235584,
      329.9652023273575,
      331.7832965811343,
      333.608266082578,
      335.4398853124837,
      337.2779438224717,
      339.1222447497015,
      340.9726035220086
    ],