{
  "scalars": {
    "CASE": 6,
    "REGIME": "unstable_marine",
    "KX": 32,
    "ITIMESTEP": 2,
    "DT": 60.0,
    "STEPBL": 1,
    "HT": 0.0,
    "TSK": 296.8341700306962,
    "XLAND": 2.0,
    "USTAR": 0.1454743711972244,
    "ZNT": 4.038477790948055e-05,
    "AKHS": 0.007143678325057187,
    "AKMS": 0.00616935580288678,
    "CHKLOWQ": 1.0,
    "ELFLX": 3.217588504988913,
    "THZ0": 295.250715421425,
    "QZ0": 0.01433270246678799,
    "UZ0": 0.9581088631333594,
    "VZ0": 0.2395272157833399,
    "QSFC": 0.01765791690018885,
    "CT": 0.0,
    "PBLH": 455.3230816481426,
    "KPBL": 3,
    "MIXHT": 734.6954533000476
  },
  "columns": {
    "U": [
      4.150718143169167,
      4.492210454405273,
      4.892513901211142,
      5.324763862678641,
      5.780558345815757,
      6.255303032577724,
      6.746036582810992,
      7.250669927581543,
      7.767640827341478,
      8.295731932476457,
      8.833965045717846,
      9.381535151107736,
      9.937766973257517,
      10.50208512993416,
      11.07399290534642,
      11.65305671721673,
      12.23889447370818,
      12.83116666484767,
      13.42956942394632,
      14.03382903875777,
      14.64369754957815,
      15.25894917581422,
      15.87937738333974,
      16.50479245403553,
      17.13501945358149,
      17.76989651849011,
      18.40927340156198,
      19.05301022841095,
      19.7009764278056,
      20.35304980623647,
      21.00911574299661,
      21.66906648661741
    ],
    "V": [
      1.037679535792292,
      1.123052613601318,
      1.223128475302786,
      1.33119096566966,
      1.445139586453939,
      1.563825758144431,
      1.686509145702748,
      1.812667481895386,
      1.94191020683537,
      2.073932983119114,
      2.208491261429462,
      2.345383787776934,
      2.484441743314379,
      2.625521282483539,
      2.768498226336604,
      2.913264179304182,
      3.059723618427046,
      3.207791666211917,
      3.35739235598658,
      3.508457259689442,
      3.660924387394538,
      3.814737293953554,
      3.969844345834936,
      4.126198113508884,
      4.283754863395373,
      4.442474129622529,
      4.602318350390495,
      4.763252557102737,
      4.925244106951401,
      5.088262451559117,
      5.252278935749152,
      5.417266621654353
    ],
    "T": [
      292.9693899856117,
      291.0020108440796,
      288.6917301699991,
      286.8856678971496,
      284.9821453889536,
      282.98668223434,
      280.9105512958083,
      278.7616111656731,
      276.5456754865239,
      274.2672279929286,
      271.9298348679023,
      269.536400325303,
      267.0893340346664,
      264.5906657423084,
      262.0421266292892,
      259.4452088284841,
      256.8012100912463,
      254.1112680500127,
      251.3763869998901,
      248.5974591768644,
      245.775281905042,
      242.9105715871995,
      240.0039752445923,
      237.0560801271671,
      234.0674217855073,
      231.0384909029833,
      227.969739119062,
      224.8615840248577,
      221.7144134746622,
      218.528589328848,
      215.3044507217741,
      212.0423169314233
    ],
    "TH": [
      293.1004787621128,
      293.3281403029368,
      293.5950092674741,
      294.5911156795835,
      295.6546361402368,
      296.7623737426814,
      297.9074186932257,
      299.0848964976903,
      300.2911619304635,
      301.5233745091118,
      302.7792517733417,
      304.0569153525847,
      305.3547896042676,
      306.6715319698464,
      308.0059834458083,
      309.3571323401724,
      310.7240871053191,
      312.1060555513113,
      313.5023286558747,
      314.9122677571015,
      316.335294282349,
      317.7708814102332,
      319.2185472277928,
      320.6778490594162,
      322.1483787250235,
      323.6297585431436,
      325.1216379369779,
      326.6236905329589,
      328.1356116648798,
      329.6571162145518,
      331.1879367336588,
      332.7278218021073
    ],
    "QV": [
      0.01438497199557358,
      0.01308314911237697,
      0.01170632943628021,
      0.01038186193944157,
      0.00914722596958038,
      0.008017103014594034,
      0.006995466255477307,
      0.006080496369277632,
      0.00526711779312253,
      0.004548471902591707,
      0.003916827961944801,
      0.003364163439482531,
      0.002882536069372988,
      0.002464318855122582,
      0.00210234244239741,
      0.001789974032897833,
      0.001521152700204826,
      0.001290394969936112,
      0.00109278049509584,
      0.0009239248591752981,
      0.0007799445500083434,
      0.0006574177084143083,
      0.0005533432029370554,
      0.0004650998067044712,
      0.0003904066800594626,
      0.0003272859406202356,
      0.0002740277929055952,
      0.0002291584647316397,
      0.0001914110364437818,
      0.0001596991359930292,
      0.000133093395958618,
      0.0001108005187347678
    ],
    "QC": [
      0.0,
      0.0,
      0.0,
      0.0,
      0.0,
      0.0,
      0.0,
      0.0,
      0.0,
      0.0,
      0.0,
      0.0,
      0.0,
      0.0,
      0.0,
      0.0,
      0.0,
      0.0,
      0.0,
      0.0,
      0.0,
      0.0,
      0.0,
      0.0,
      0.0,
      0.0,
      0.0,
      0.0,
      0.0,
      0.0,
      0.0,
      0.0
    ],
    "PMID": [
      99843.55048685416,
      97251.8595296379,
      94275.72058109936,
      91140.6718300493,
      87925.602545089,
      84673.99764669481,
      81414.83886558987,
      78169.02470460777,
      74952.32758072739,
      71776.99344703481,
      68652.6991110962,
      65587.1690294356,
      62586.59587904258,
      59655.94053170668,
      56799.15397327877,
      54019.34649700586,
      51318.91997504869,
      48699.67346720906,
      46162.88905701022,
      43709.40268223283,
      41339.66334573203,
      39053.78316800245,
      36851.58010859726,
      34732.61473816523,
      32696.22212371331,
      30741.53965663785,
      28867.53147992369,
      27073.01004024654,
      25356.65519068176,
      23717.03119213239,
      22152.60190068415,
      20661.74437976629
    ],
    "PINT": [
      101000.0,
      98687.10097370834,
      95816.61808556749,
      92734.82307663122,
      89546.52058346737,
      86304.68450671065,
      83043.31078667898,
      79786.36694450077,
      76551.68246471477,
      73352.97269674,
      70201.01419732961,
      67104.38402486278,
      64069.95403400841,
      61103.23772407675,
      58208.64333933662,
      55389.66460722092,
      52649.02838679081,
      49988.81156330657,
      47410.53537111155,
      44915.2427429089,
      42503.56262155677,
      40175.76406990729,
      37931.80226609761,
      35771.35795109691,
      33693.87152523354,
      31698.57272219309,
      29784.50659108262,
      27950.55636876475,
      26195.46371172832,
      24517.84666963521,
      22916.21571462958,
      21388.98808673873,
      19934.50067279384
    ],
    "DZ": [
      200.957524225555,
      254.3655574225876,
      279.372371651905,
      296.9609103047603,
      310.765067211393,
      322.2278484712306,
      332.0835518397932,
      340.7609078542748,
      348.5336251589715,
      355.5878483543343,
      362.0563026341829,
      368.0371712190049,
      373.6052583140367,
      378.8189505881501,
      383.7247499615278,
      388.360332532221,
      392.7566761230519,
      396.9395787295989,
      400.9307667352678,
      404.7487196799957,
      408.4092947471818,
      411.9262069009073,
      415.311403133127,
      418.5753577945943,
      421.7273082666834,
      424.7754449448094,
      427.7270658176785,
      430.5887033142826,
      433.3662292119207,
      436.0649420292302,
      438.6896403176233,
      441.2446845101185
    ],