{
  "scalars": {
    "CASE": 2,
    "REGIME": "strong_unstable_land",
    "KX": 32,
    "ITIMESTEP": 2,
    "DT": 60.0,
    "STEPBL": 1,
    "HT": 0.0,
    "TSK": 310.6883224367096,
    "XLAND": 1.0,
    "USTAR": 0.3677152550537322,
    "ZNT": 0.08,
    "AKHS": 0.0244740053296287,
    "AKMS": 0.02714859377248034,
    "CHKLOWQ": 1.0,
    "ELFLX": 8.217508842174393,
    "THZ0": 309.9818077570706,
    "QZ0": 0.01527785755964328,
    "UZ0": 0.0,
    "VZ0": 0.0,
    "QSFC": 0.01527785755964328,
    "CT": 0.0,
    "PBLH": 1031.656363604808,
    "KPBL": 5,
    "MIXHT": 1664.649279287431
  },
  "columns": {
    "U": [
      4.200957524225555,
      4.656280605873698,
      5.19001853494819,
      5.766351816904855,
      6.374077794421009,
      7.007070710103632,
      7.661382110414657,
      8.334226570108726,
      9.023521103121972,
      9.727642576635276,
      10.4452867276238,
      11.17538020147698,
      11.91702263101002,
      12.66944683991221,
      13.43199054046189,
      14.20407562295564,
      14.98519263161091,
      15.77488888646356,
      16.57275923192843,
      17.37843871834369,
      18.19159673277087,
      19.01193223441896,
      19.83916984445299,
      20.67305660538071,
      21.51335927144199,
      22.35986202465348,
      23.21236453541597,
      24.07068030454793,
      24.93463523707414,
      25.80406640831529,
      26.67882099066214,
      27.55875531548988
    ],
    "V": [
      1.050239381056389,
      1.164070151468424,
      1.297504633737047,
      1.441587954226214,
      1.593519448605252,
      1.751767677525908,
      1.915345527603664,
      2.083556642527181,
      2.255880275780493,
      2.431910644158819,
      2.611321681905949,
      2.793845050369245,
      2.979255657752506,
      3.167361709978052,
      3.357997635115472,
      3.551018905738909,
      3.746298157902727,
      3.94372222161589,
      4.143189807982107,
      4.344609679585923,
      4.547899183192717,
      4.752983058604739,
      4.959792461113247,
      5.168264151345178,
      5.378339817860498,
      5.589965506163371,
      5.803091133853993,
      6.017670076136983,
      6.233658809268534,
      6.451016602078822,
      6.669705247665536,
      6.889688828872471
    ],
    "T": [
      301.7432931208115,
      299.5954820173035,
      297.0755074431131,
      294.3523229119095,
      291.4786290924824,
      288.8408476899631,
      286.8602157170079,
      284.8085667045255,
      282.6913390283436,
      280.5127191038113,
      278.2760313235069,
      275.9839793903964,
      273.6388041419287,
      271.2423913973283,
      268.7963483570279,
      266.3020593812819,
      263.7607277707853,
      261.1734077587412,
      258.5410294789207,
      255.8644187776833,
      253.144313164157,
      250.3813748155312,
      247.576201300383,
      244.7293345082004,
      241.8412681506792,
      238.91245411286,
      235.9433078686666,
      232.9342131286271,
      229.8855258526129,
      226.7975777339883,
      223.6706792413066,
      220.5051222880043
    ],
    "TH": [
      302.0200957524225,
      302.0656280605874,
      302.1190018534948,
      302.1766351816905,
      302.2374077794421,
      302.6734343491969,
      303.9166260097878,
      305.1950304832066,
      306.5046900959317,
      307.842520895607,
      309.2060447824852,
      310.5932223828062,
      312.002342998919,
      313.4319489958332,
      314.8807820268776,
      316.3477436836157,
      317.8318660000607,
      319.3322888842807,
      320.848242540664,
      322.379033564853,
      323.9240337922646,
      325.482671245396,
      327.0544227044606,
      328.6388075502233,
      330.2353826157398,
      331.8437378468416,
      333.4634926172903,
      335.094292578641,
      336.7358069504409,
      338.387726175799,
      340.0497598822581,
      341.7216350994307
    ],
    "QV": [
      0.01539346462741783,
      0.014102906535608,
      0.01272716905348964,
      0.01139193536035418,
      0.010135410681883,
      0.008973770141291674,
      0.00791276104131256,
      0.006952376979920749,
      0.006089262484259362,
      0.005318115418566615,
      0.004632564050368365,
      0.004025736656059694,
      0.003490637450547656,
      0.003020394363712073,
      0.002608419252667961,
      0.002248507104883089,
      0.001934892322601903,
      0.001662274779352182,
      0.001425824735999584,
      0.001221173211753427,
      0.001044392633409477,
      0.0008919712990784649,
      0.0007607842433366141,
      0.0006480623829645441,
      0.0005513612911961078,
      0.0004685305483646682,
      0.0003976843155893139,
      0.0003371735519733548,
      0.0002855601270292903,
      0.0002415929553497876,
      0.0002041861897099722,
      0.0001723994439469169
    ],
    "QC": [
      0.0,
      0.0,
      0.0,
      0.0,
      0.0,
      0.0,
      0.0,
      0.0,
      0.0,
      0.0,
      0.0,
      0.0,
      0.0,
      0.0,
      0.0,
      0.0,
      0.0,
      0.0,
      0.0,
      0.0,
      0.0,
      0.0,
      0.0,
      0.0,
      0.0,
      0.0,
      0.0,
      0.0,
      0.0,
      0.0,
      0.0,
      0.0
    ],
    "PMID": [
      99679.59091600752,
      97167.00682434849,
      94278.1002092702,
      91226.92848802026,
      88085.5679193064,
      84897.53330769797,
      81696.88829225388,
      78508.11805932038,
      75346.62867366805,
      72224.38112967298,
      69150.82871155933,
      66133.5205578083,
      63178.51292921355,
      60290.66234207957,
      57473.84228359962,
      54731.10834319399,
      52064.82724955349,
      49476.77986293343,
      46968.24486717029,
      44540.06782347712,
      42192.7188937842,
      39926.34163568578,
      37740.7946500558,
      35635.68742693104,
      33610.4114235977,
      31664.16718155998,
      29795.98812049466,
      28004.76152026994,
      26289.24710499129,
      24648.09356779689,
      23079.8533161157,
      21582.99567030153
    ],
    "PINT": [
      100800.0,
      98559.18183201503,
      95774.83181668194,
      92781.36860185847,
      89672.48837418205,
      86498.64746443075,
      83296.41915096522,
      80097.35743354254,
      76918.87868509823,
      73774.37866223787,
      70674.3835971081,
      67627.27382601055,
      64639.76728960604,
      61717.25856882107,
      58864.06611533806,
      56083.61845186116,
      53378.59823452681,
      50751.05626458018,
      48202.50346128669,
      45733.9862730539,
      43346.14937390035,
      41039.28841366806,
      38813.3948577035,
      36668.19444240811,
      34603.18041145396,
      32617.64243574144,
      30710.69192737851,
      28881.28431361081,
      27128.23872692907,
      25450.25548305351,
      23845.93165254027,
      22313.77497969112,
      20852.21636091194
    ],
    "DZ": [
      200.957524225555,
      254.3655574225876,
      279.372371651905,
      296.9609103047603,
      310.765067211393,
      322.2278484712306,
      332.0835518397932,
      340.7609078542748,
      348.5336251589715,
      355.5878483543343,
      362.0563026341829,
      368.0371712190049,
      373.6052583140367,
      378.8189505881501,
      383.7247499615278,
      388.360332532221,
      392.7566761230519,
      396.9395787295989,
      400.9307667352678,
      404.7487196799957,
      408.4092947471818,
      411.9262069009073,
      415.311403133127,
      418.5753577945943,
      421.7273082666834,
      424.7754449448094,
      427.7270658176785,
      430.5887033142826,
      433.3662292119207,
      436.0649420292302,
      438.6896403176233,
      441.2446845101185
    ],