{
  "scalars": {
    "CASE": 5,
    "REGIME": "neutral_land",
    "KX": 32,
    "ITIMESTEP": 2,
    "DT": 60.0,
    "STEPBL": 1,
    "HT": 0.0,
    "TSK": 296.5,
    "XLAND": 1.0,
    "USTAR": 0.268451218893313,
    "ZNT": 0.08,
    "AKHS": 0.01416832147799982,
    "AKMS": 0.0162424769399438,
    "CHKLOWQ": 1.0,
    "ELFLX": 1.818136051718859,
    "THZ0": 296.5,
    "QZ0": 0.008569104582133658,
    "UZ0": 0.0,
    "VZ0": 0.0,
    "QSFC": 0.008569104582133658,
    "CT": 0.0,
    "PBLH": 200.957524225555,
    "KPBL": 2,
    "MIXHT": 200.957524225555
  },
  "columns": {
    "U": [
      4.251196905281944,
      4.820350757342122,
      5.487523168685238,
      6.20793977113107,
      6.967597243026261,
      7.75883838762954,
      8.57672763801832,
      9.417783212635905,
      10.27940137890246,
      11.15955322079409,
      12.05660840952974,
      12.96922525184623,
      13.89627828876253,
      14.83680854989026,
      15.78998817557736,
      16.75509452869454,
      17.73149078951364,
      18.71861110807945,
      19.71594903991053,
      20.72304839792961,
      21.73949591596358,
      22.7649152930237,
      23.79896230556624,
      24.84132075672589,
      25.89169908930249,
      26.94982753081686,
      28.01545566926997,
      29.08835038068491,
      30.16829404634267,
      31.25508301039411,
      32.34852623832768,
      33.44844414436236
    ],
    "V": [
      1.062799226320486,
      1.20508768933553,
      1.371880792171309,
      1.551984942782767,
      1.741899310756565,
      1.939709596907385,
      2.14418190950458,
      2.354445803158976,
      2.569850344725616,
      2.789888305198524,
      3.014152102382436,
      3.242306312961556,
      3.474069572190632,
      3.709202137472565,
      3.94749704389434,
      4.188773632173636,
      4.432872697378409,
      4.679652777019863,
      4.928987259977633,
      5.180762099482403,
      5.434873978990896,
      5.691228823255924,
      5.94974057639156,
      6.210330189181473,
      6.472924772325622,
      6.737456882704215,
      7.003863917317491,
      7.272087595171229,
      7.542073511585668,
      7.813770752598527,
      8.08713155958192,
      8.362111036090589
    ],
    "T": [
      295.1315246876472,
      293.1561133181814,
      290.837131605972,
      288.4920308253056,
      286.4315220625721,
      284.2750181940991,
      282.0349759600471,
      279.7200898834308,
      277.3367963207131,
      274.8900608619752,
      272.3838335265509,
      269.821331517632,
      267.2052247812647,
      264.5377632059605,
      261.8208669701811,
      259.0561926369528,
      256.2451827248108,
      253.3891036837672,
      250.48907552488,
      247.5460953069724,
      244.56105601339,
      241.5347619093139,
      238.467941171172,
      235.3612563731729,
      232.2153132705058,
      229.0306682144123,
      225.8078344582808,
      222.5472875576369,
      219.2494700247006,
      215.9147953661265,
      212.5436516079383,
      209.1364043925803
    ],
    "TH": [
      296.1004787621128,
      296.3281403029368,
      296.5950092674741,
      297.0495277253573,
      297.9611166916315,
      298.9106060651554,
      299.892073165622,
      300.9013398551631,
      301.935281654683,
      302.9914638649529,
      304.0679300914357,
      305.1630703022155,
      306.2755339465151,
      307.4041702598684,
      308.5479858106929,
      309.7061134344335,
      310.8777889474164,
      312.0623333296954,
      313.2591388478926,
      314.4676580775155,
      315.6873950991563,
      316.9178983516284,
      318.1587547666795,
      319.4095849080711,
      320.670038907163,
      321.9397930369802,
      323.218546803124,
      324.5060204568219,
      325.8019528556112,
      327.1060996124729,
      328.4182314859932,
      329.7381329732348
    ],
    "QV": [
      0.00859819599076698,
      0.00775292269480595,
      0.006867264314233626,
      0.006024177662955053,
      0.005247026012255664,
      0.004543962441860356,
      0.003916084409688385,
      0.003360779980636594,
      0.002873455279354672,
      0.00244852947017814,
      0.002080039085608168,
      0.001762012020781767,
      0.001488697016954554,
      0.001254699058849792,
      0.00105505232578111,
      0.0008852514776605887,
      0.000741255349623476,
      0.0006194727702834458,
      0.0005167372766207058,
      0.0004302754573796815,
      0.0003576722135989902,
      0.0002968351920225099,
      0.0002459599033250271,
      0.0002034965007983933,
      0.0001681188098581392,
      0.0001386959242637933,
      0.0001142664921748615,
      9.401568267146366e-05,
      7.725473524188253e-05,
      6.34029390779382e-05,
      5.197185689114285e-05,
      4.255159265914686e-05
    ],
    "QC": [
      0.0,
      0.0,
      0.0,
      0.0,
      0.0,
      0.0,
      0.0,
      0.0,
      0.0,
      0.0,
      0.0,
      0.0,
      0.0,
      0.0,
      0.0,
      0.0,
      0.0,
      0.0,
      0.0,
      0.0,
      0.0,
      0.0,
      0.0,
      0.0,
      0.0,
      0.0,
      0.0,
      0.0,
      0.0,
      0.0,
      0.0,
      0.0
    ],
    "PMID": [
      98859.34336774255,
      96303.30878612271,
      93368.64326810704,
      90274.96762134862,
      87099.21912162243,
      83886.25341466675,
      80664.591971793,
      77454.80794605507,
      74272.4425392055,
      71129.58163192464,
      68035.79837614507,
      64998.75957865108,
      62024.63833724253,
      59118.40762571796,
      56284.05686966162,
      53524.75655832545,
      50842.98652708517,
      48240.63806237567,
      45719.09664728193,
      43279.31006316816,
      40921.8451934027,
      38646.93595816488,
      36454.52417961264,
      34344.29473451745,
      32315.70603465731,
      30368.01664407471,
      28500.30867078653,
      26711.50844134514,
      25000.40486800017,
      23365.66584193373,
      21805.8529263875,
      20319.43457636098
    ],
    "PINT": [
      100000.0,
      97718.68673548511,
      94887.93083676032,
      91849.35569945376,
      88700.57954324347,
      85497.8587000014,
      82274.6481293321,
      79054.53581425389,
      75855.08007785624,
      72689.80500055476,
      69569.35826329453,
      66502.2384889956,
      63495.28066830655,
      60553.99600617851,
      57682.81924525741,
      54885.29449406584,
      52164.21862258505,
      49521.7544315853,
      46959.52169316605,
      44478.67160139781,
      42079.9485249385,
      39763.74186186689,
      37530.13005446287,
      35378.91830476242,
      33309.67116427248,
      31321.74090504214,
      29414.29238310727,
      27586.32495846579,
      25836.69192422449,
      24164.11781177585,
      22567.21387209159,
      21044.4919806834,
      19594.37717203856
    ],
    "DZ": [
      200.957524225555,
      254.3655574225876,
      279.372371651905,
      296.9609103047603,
      310.765067211393,
      322.2278484712306,
      332.0835518397932,
      340.7609078542748,
      348.5336251589715,
      355.5878483543343,
      362.0563026341829,
      368.0371712190049,
      373.6052583140367,
      378.8189505881501,
      383.7247499615278,
      388.360332532221,
      392.7566761230519,
      396.9395787295989,
      400.9307667352678,
      404.7487196799957,
      408.4092947471818,
      411.9262069009073,
      415.311403133127,
      418.5753577945943,
      421.7273082666834,
      424.7754449448094,
      427.7270658176785,
      430.5887033142826,
      433.3662292119207,
      436.0649420292302,
      438.6896403176233,
      441.2446845101185
    ],