{
  "scalars": {
    "CASE": 4,
    "REGIME": "stable_marine",
    "KX": 32,
    "ITIMESTEP": 2,
    "DT": 60.0,
    "STEPBL": 1,
    "HT": 0.0,
    "TSK": 288.9866394962935,
    "XLAND": 2.0,
    "USTAR": 0.09725235511189884,
    "ZNT": 1.813069985624074e-05,
    "AKHS": 0.002631218916549139,
    "AKMS": 0.00260337766443907,
    "CHKLOWQ": 1.0,
    "ELFLX": 0.6148853679557914,
    "THZ0": 288.2177883705506,
    "QZ0": 0.009606861245504745,
    "UZ0": 0.5759698703727015,
    "VZ0": 0.1439924675931754,
    "QSFC": 0.01083066654202647,
    "CT": 0.0,
    "PBLH": 200.957524225555,
    "KPBL": 2,
    "MIXHT": 200.957524225555
  },
  "columns": {
    "U": [
      4.100478762112777,
      4.328140302936848,
      4.595009267474095,
      4.883175908452428,
      5.187038897210504,
      5.503535355051817,
      5.830691055207328,
      6.167113285054363,
      6.511760551560986,
      6.863821288317638,
      7.222643363811898,
      7.58769010073849,
      7.958511315505011,
      8.334723419956106,
      8.715995270230945,
      9.102037811477818,
      9.492596315805454,
      9.887444443231779,
      10.28637961596421,
      10.68921935917185,
      11.09579836638543,
      11.50596611720948,
      11.91958492222649,
      12.33652830269036,
      12.756679635721,
      13.17993101232674,
      13.60618226770799,
      14.03534015227397,
      14.46731761853707,
      14.90203320415764,
      15.33941049533107,
      15.77937765774494
    ],
    "V": [
      1.025119690528194,
      1.082035075734212,
      1.148752316868524,
      1.220793977113107,
      1.296759724302626,
      1.375883838762954,
      1.457672763801832,
      1.541778321263591,
      1.627940137890246,
      1.715955322079409,
      1.805660840952974,
      1.896922525184622,
      1.989627828876253,
      2.083680854989026,
      2.178998817557736,
      2.275509452869454,
      2.373149078951363,
      2.471861110807945,
      2.571594903991053,
      2.672304839792961,
      2.773949591596359,
      2.87649152930237,
      2.979896230556624,
      3.084132075672589,
      3.189169908930249,
      3.294982753081686,
      3.401545566926997,
      3.508835038068491,
      3.616829404634267,
      3.725508301039411,
      3.834852623832768,
      3.944844414436235
    ],
    "T": [
      289.4217089183269,
      288.0670347755865,
      286.3309437609392,
      284.4469771490714,
      282.4500498779229,
      280.3589448293722,
      278.185598070074,
      275.9383215334935,
      273.6232559321688,
      271.245130767151,
      268.8077031975803,
      266.3140302581746,
      263.7666471872786,
      261.1676894219018,
      258.5189790581871,
      255.8220879597712,
      253.0783849850312,
      250.2890720942711,
      247.4552124718365,
      244.5777527866906,
      241.6575410659885,
      238.6953412283073,
      235.6918450342611,
      232.6476820129113,
      229.5634277822228,
      226.4396110815325,
      223.2767197610892,
      220.0752059199627,
      216.8354903434374,
      213.5579663606132,
      210.2430032196978,
      206.8909490605247
    ],
    "TH": [
      289.4019150484511,
      290.2500489693979,
      291.1040296559171,
      292.0261629070478,
      292.9985244710736,
      294.0113131361658,
      295.0582113766635,
      296.1347625121739,
      297.2376337649952,
      298.3642281226165,
      299.5124587641981,
      300.6806083223632,
      301.867236209616,
      303.0711149438595,
      304.291184864739,
      305.526520996729,
      306.7763082105774,
      308.0398222183417,
      309.3164147710855,
      310.6055019493499,
      311.9065547724334,
      313.2190915750703,
      314.5426717511248,
      315.8768905686092,
      317.2213748343072,
      318.5757792394456,
      319.9397832566656,
      321.3130884872767,
      322.6954163793186,
      324.0865062533045,
      325.4861135850595,
      326.8940085047838
    ],
    "QV": [
      0.009620915392136142,
      0.008814316584754999,
      0.007954480658431025,
      0.007119959600221364,
      0.006334631676176872,
      0.005608606338307296,
      0.004945475650820349,
      0.004345235612450468,
      0.003805789052662101,
      0.003323822136604134,
      0.002895352531480228,
      0.002516085410037309,
      0.002181648406592285,
      0.001887746477320046,
      0.001630262032917476,
      0.001405316940551931,
      0.00120930770162619,
      0.001038921737095114,
      0.00089114045999974,
      0.0007632332573458915,
      0.000652745395880923,
      0.0005574820619240405,
      0.0004754901520853838,
      0.0004050389893528401,
      0.0003446008069975674,
      0.0002928315927279176,
      0.0002485526972433212,
      0.0002107334699833468,
      0.0001784750793933064,
      0.0001509955970936173,
      0.0001276163685687327,
      0.000107749652466823
    ],
    "QC": [
      0.0,
      0.0,
      0.0,
      0.0,
      0.0,
      0.0,
      0.0,
      0.0,
      0.0,
      0.0,
      0.0,
      0.0,
      0.0,
      0.0,
      0.0,
      0.0,
      0.0,
      0.0,
      0.0,
      0.0,
      0.0,
      0.0,
      0.0,
      0.0,
      0.0,
      0.0,
      0.0,
      0.0,
      0.0,
      0.0,
      0.0,
      0.0
    ],
    "PMID": [
      100023.9405698841,
      97392.25284207752,
      94377.88401479044,
      91207.06125180933,
      87956.26493035548,
      84669.36692802602,
      81375.61418525515,
      78096.07277156397,
      74846.62791421261,
      71639.60660573823,
      68484.7480006053,
      65389.82782818428,
      62361.08337907788,
      59403.51594553828,
      56521.11400295015,
      53717.02292370373,
      50993.67732255783,
      48352.90648366437,
      45796.01988368949,
      43323.87765832187,
      40936.94944864387,
      38635.36411956725,
      36418.95219476189,
      34287.28239820826,
      32239.69336747657,
      30275.3213670374,
      28393.12465450925,
      26591.90502084058,
      24870.32692483176,
      23226.9345647023,
      21660.16716867836,
      20168.37273859334
    ],
    "PINT": [
      101200.0,
      98847.88113976826,
      95936.6245443868,
      92819.1434851941,
      89594.97901842455,
      86317.55084228641,
      83021.18301376565,
      79730.04535674465,
      76462.10018638328,
      73231.15564204195,
      70048.05756943449,
      66921.43843177609,
      63858.21722459247,
      60863.94953356329,
      57943.08235751327,
      55099.14564838704,
      52334.90019902041,
      49652.45444609525,
      47053.35852123349,
      44538.68124614548,
      42109.07407049827,
      39764.82482678947,
      37505.90341234503,
      35332.00097717876,
      33242.56381923777,
      31236.82291571537,
      29313.81981835943,
      27472.42949065908,
      25711.38055102207,
      24029.27329864145,
      22424.59583076314,
      20895.73850659358,
      19441.0069705931
    ],
    "DZ": [
      200.957524225555,
      254.3655574225876,
      279.372371651905,
      296.9609103047603,
      310.765067211393,
      322.2278484712306,
      332.0835518397932,
      340.7609078542748,
      348.5336251589715,
      355.5878483543343,
      362.0563026341829,
      368.0371712190049,
      373.6052583140367,
      378.8189505881501,
      383.7247499615278,
      388.360332532221,
      392.7566761230519,
      396.9395787295989,
      400.9307667352678,
      404.7487196799957,
      408.4092947471818,
      411.9262069009073,
      415.311403133127,
      418.5753577945943,
      421.7273082666834,
      424.7754449448094,
      427.7270658176785,
      430.5887033142826,
      433.3662292119207,
      436.0649420292302,
      438.6896403176233,
      441.2446845101185
    ],