{
  "scalars": {
    "CASE": 1,
    "REGIME": "unstable_daytime_land",
    "KX": 32,
    "ITIMESTEP": 2,
    "IVGTYP": 10,
    "HT": 0.0,
    "MAVAIL": 0.6,
    "TSK": 305.0,
    "XLAND": 1.0,
    "Z0BASE": 0.1,
    "USTAR": 0.3582014256098812,
    "ZNT": 0.1,
    "AKHS": 0.02321535420566189,
    "AKMS": 0.02699390235251894,
    "RMOL": -0.03571425609320417,
    "RIB": -0.9050408683864533,
    "CHS": 0.02321535420566189,
    "CHS2": 0.03044876108653937,
    "CQS2": 0.03044876108653937,
    "HFX": 133.5119082850549,
    "QFX": 2.843848378690991e-06,
    "FLX_LH": 7.109620946727477,
    "FLHC": 26.86433939103021,
    "FLQC": 0.01604639485775821,
    "QGH": 0.02147523605449287,
    "CPM": 1015.127072074441,
    "CT": 0.0,
    "QSFC": 0.01340155722874638,
    "THZ0": 305.0,
    "QZ0": 0.01340155722874638,
    "UZ0": 0.0,
    "VZ0": 0.0,
    "PBLH": 1342.421430816201,
    "U10": 3.244436086331085,
    "V10": 0.8111090215827712,
    "T02": 301.2107825771756,
    "TH02": 301.2107825771756,
    "TSHLTR": 301.2107825771756,
    "TH10": 300.4936752660553,
    "Q02": 0.01344479705063275,
    "QSHLTR": 0.01326643255731376,
    "Q10": 0.01324086028763786,
    "PSHLTR": 99977.17036088977,
    "U10E": 3.808829460935498,
    "V10E": 0.9522073652338746
  },
  "columns": {
    "U": [
      4.150718143169167,
      4.492210454405273,
      4.892513901211142,
      5.324763862678641,
      5.780558345815757,
      6.255303032577724,
      6.746036582810992,
      7.250669927581543,
      7.767640827341478,
      8.295731932476457,
      8.833965045717846,
      9.381535151107736,
      9.937766973257517,
      10.50208512993416,
      11.07399290534642,
      11.65305671721673,
      12.23889447370818,
      12.83116666484767,
      13.42956942394632,
      14.03382903875777,
      14.64369754957815,
      15.25894917581422,
      15.87937738333974,
      16.50479245403553,
      17.13501945358149,
      17.76989651849011,
      18.40927340156198,
      19.05301022841095,
      19.7009764278056,
      20.35304980623647,
      21.00911574299661,
      21.66906648661741
    ],
    "V": [
      1.037679535792292,
      1.123052613601318,
      1.223128475302786,
      1.33119096566966,
      1.445139586453939,
      1.563825758144431,
      1.686509145702748,
      1.812667481895386,
      1.94191020683537,
      2.073932983119114,
      2.208491261429462,
      2.345383787776934,
      2.484441743314379,
      2.625521282483539,
      2.768498226336604,
      2.913264179304182,
      3.059723618427046,
      3.207791666211917,
      3.35739235598658,
      3.508457259689442,
      3.660924387394538,
      3.814737293953554,
      3.969844345834936,
      4.126198113508884,
      4.283754863395373,
      4.442474129622529,
      4.602318350390495,
      4.763252557102737,
      4.925244106951401,
      5.088262451559117,
      5.252278935749152,
      5.417266621654353
    ],
    "T": [
      299.0638835440122,
      296.9360745492724,
      294.4393780448157,
      291.7411588914323,
      289.247027607601,
      287.5505247953059,
      285.7803306181053,
      283.9427398752383,
      282.0423708415065,
      280.0827563016041,
      278.0666833438109,
      275.9964033693507,
      273.8737693106469,
      271.7003293577311,
      269.4773933496338,
      267.2060812531507,
      264.8873594824595,
      262.5220687112856,
      260.1109455736034,
      257.6546398712387,
      255.1537284099844,
      252.6087262597168,
      250.0200960145988,
      247.388255478576,
      244.7135840954963,
      241.9964283675108,
      239.2371064503905,
      236.4359120737403,
      233.5931179036237,
      230.7089784419448,
      227.7837325391146,
      224.8176055826524
    ],
    "TH": [
      300.0301436286338,
      300.0984420908811,
      300.1785027802422,
      300.2649527725357,
      300.7216750374473,
      302.1459090977332,
      303.618109748433,
      305.1320097827446,
      306.6829224820244,
      308.2671957974293,
      309.8818951371535,
      311.5246054533232,
      313.1933009197725,
      314.8862553898024,
      316.6019787160392,
      318.3391701516501,
      320.0966834211245,
      321.873499994543,
      323.668708271839,
      325.4814871162733,
      327.3110926487344,
      329.1568475274427,
      331.0181321500192,
      332.8943773621066,
      334.7850583607445,
      336.6896895554703,
      338.6078202046859,
      340.5390306852328,
      342.4829292834168,
      344.4391494187093,
      346.4073472289898,
      348.3871994598522
    ],
    "QV": [
      0.01340155722874638,
      0.01213856570798036,
      0.01080876790808456,
      0.009535939865011799,
      0.00835577955131077,
      0.007281568597435519,
      0.006316117481996034,
      0.005456645164634281,
      0.004697298351378802,
      0.00403060963633421,
      0.003448392019196962,
      0.002942301412292878,
      0.002504190311409232,
      0.002126324650513327,
      0.001801508921449809,
      0.001523149179618133,
      0.001285274063914443,
      0.001082527815348266,
      0.0009101451387429156,
      0.0007639148770453336,
      0.0006401374276989607,
      0.0005355793613509806,
      0.0004474276355296172,
      0.0003732450168730102,
      0.0003109277571479711,
      0.0002586661555151301,
      0.0002149083423626427,
      0.0001783274091655169,
      0.000147791862333831,
      0.0001223392804218108,
      0.0001011529909235584,
      8.35415457284161e-05
    ],
    "QC": [
      0.0,
      0.0,
      0.0,
      0.0,
      0.0,
      0.0,
      0.0,
      0.0,
      0.0,
      0.0,
      0.0,
      0.0,
      0.0,
      0.0,
      0.0,
      0.0,
      0.0,
      0.0,
      0.0,
      0.0,
      0.0,
      0.0,
      0.0,
      0.0,
      0.0,
      0.0,
      0.0,
      0.0,
      0.0,
      0.0,
      0.0,
      0.0
    ],
    "PMID": [
      98877.34022864261,
      96360.10780515811,
      93466.73368934481,
      90411.9236682456,
      87269.92551607708,
      84089.36272421083,
      80903.31510793045,
      77732.11722783576,
      74591.04171757476,
      71491.87865414601,
      68443.8825474957,
      65454.38367710014,
      62529.20573765405,
      59672.96424359307,
      56889.28760799196,
      54180.98587793019,
      51550.18273369693,
      48998.42089841864,
      46526.74778452601,
      44135.78610915797,
      41825.7928464296,
      39596.7089703211,
      37448.20181358099,
      35379.70142612638,
      33390.43199912301,
      31479.43918875771,
      29645.61400088864,
      27887.7137670715,
      26204.38064221702,
      24594.1579762388,
      23055.50485080053,
      21586.80902359209
    ],
    "PINT": [
      100000.0,
      97754.68045728523,
      94965.535153031,
      91967.93222565862,
      88855.91511083258,
      85683.93592132158,
      82494.78952710009,
      79311.8406887608,
      76152.3937669107,
      73029.68966823882,
      69954.06764005321,
      66933.69745493818,
      63975.06989926208,
      61083.34157604603,
      58262.58691114013,
      55515.98830484379,
      52845.9834510166,
      50254.38201637727,
      47742.45978046001,
      45311.03578859202,
      42960.53642972391,
      40691.04926313528,
      38502.36867750692,
      36394.03494965506,
      34365.36790259772,
      32415.49609564831,
      30543.3822818671,
      28747.84571991017,
      27027.58181423283,
      25381.17947020121,
      23807.13648227639,
      22303.87321932467,
      20869.74482785951
    ],