{
  "columns": {
    "BR": [
      0.4860372984610636,
      0.08008602850184891,
      1.537612568244044,
      0.1152793242739379,
      0.0618116997436505,
      0.2093766759010895,
      0.2337297738665642,
      0.0485882532555791
    ],
    "CHS": [
      0.002144688637576526,
      0.00309240190076347,
      0.00056379914798224,
      0.002386773231793621,
      0.008874645728377841,
      0.001520920585421833,
      0.003663434343775205,
      0.00472026138371182
    ],
    "CHS2": [
      0.005533677215687168,
      0.00515375957237575,
      0.001883546492355596,
      0.003979716335140182,
      0.01729120905189507,
      0.002618229063616919,
      0.01025511129755529,
      0.00707165563244947
    ],
    "CPM": [
      1009.6224,
      1012.032,
      1008.4176,
      1011.2288,
      1012.8352,
      1012.032,
      1007.2128,
      1011.2288
    ],
    "CQS2": [
      0.00571425251529779,
      0.005248412976797451,
      0.001933618961166736,
      0.004051389446960699,
      0.01792236529174172,
      0.002662914465513205,
      0.01071241950062471,
      0.007204975701588993
    ],
    "DX": [
      3000.0,
      3000.0,
      3000.0,
      3000.0,
      3000.0,
      3000.0,
      3000.0,
      3000.0
    ],
    "DZ": [
      70.0,
      58.0,
      80.0,
      54.0,
      66.0,
      60.0,
      90.0,
      55.0
    ],
    "FLHC": [
      2.432627311219335,
      3.657589924917172,
      0.6254514206165193,
      2.860509899903351,
      9.941971783372667,
      1.801821448870579,
      3.93989021659803,
      5.563557856110031
    ],
    "FLQC": [
      0.001585556941846561,
      0.003653642224642014,
      0.0002812840810028013,
      0.002859081036689139,
      0.007497500126630387,
      0.001797925528251047,
      0.002184739084860069,
      0.005570582665256328
    ],
    "GZ1OZ0": [
      6.081076705797669,
      12.12719900292252,
      5.809142990314028,
      12.08637133527936,
      6.715383386334681,
      12.40464518798195,
      5.41610040220442,
      11.93236225182224
    ],
    "HFX": [
      -13.85245431846004,
      -13.25724224551858,
      -3.268254079240857,
      -10.35298578478945,
      -46.31877540546106,
      -6.522609447581401,
      -18.75450971473303,
      -17.42350539499936
    ],
    "HFX_IN": [
      -20.0,
      -5.0,
      -40.0,
      -3.0,
      -15.0,
      -2.0,
      -60.0,
      -4.0
    ],
    "LH": [
      11.51429953330653,
      27.70962866739919,
      2.217694198641979,
      22.12504167500102,
      102.2857295306982,
      17.1954254961727,
      17.05490398365092,
      41.10956373807222
    ],
    "MAVAIL": [
      0.65,
      1.0,
      0.45,
      1.0,
      0.75,
      1.0,
      0.55,
      1.0
    ],
    "MOL": [
      0.1403279251147547,
      0.07891904229957275,
      0.08149707449990624,
      0.0772639812539245,
      0.169431974889335,
      0.07100036543914036,
      0.146061131479377,
      0.07782775283484111
    ],
    "MOL_IN": [
      0.0,
      0.0,
      0.0,
      0.0,
      0.0,
      0.0,
      0.0,
      0.0
    ],
    "P": [
      95000.0,
      100000.0,
      92000.0,
      101000.0,
      96000.0,
      100500.0,
      88000.0,
      99000.0
    ],
    "PBLH": [
      350.0,
      300.0,
      250.0,
      280.0,
      400.0,
      260.0,
      220.0,
      300.0
    ],
    "PSFC": [
      94550.0,
      99550.0,
      91550.0,
      100550.0,
      95550.0,
      100050.0,
      87550.0,
      98550.0
    ],
    "PSIH": [
      -8.899779287664657,
      -5.105591425930464,
      -19.08266154560981,
      -5.531751128327728,
      -2.757140461004915,
      -6.957787062205123,
      -6.200823017712104,
      -2.905160399565438
    ],
    "PSIM": [
      -8.899779287664657,
      -5.105591425930464,
      -19.08266154560981,
      -5.531751128327728,
      -2.757140461004915,
      -6.957787062205123,
      -6.200823017712104,
      -2.905160399565438
    ],
    "Q2": [
      0.009205075906434379,
      0.01126191943385219,
      0.008245946795282282,
      0.01028724161969501,
      0.01444111483153219,
      0.01166208246020617,
      0.00653802387800876,
      0.01002773078380578
    ],
    "QFX": [
      4.60571981332261e-06,
      1.108385146695968e-05,
      8.870776794567916e-07,
      8.850016670000407e-06,
      4.09142918122793e-05,
      6.878170198469079e-06,
      6.82196159346037e-06,
      1.644382549522889e-05
    ],
    "QFX_IN": [
      -1e-05,
      -1e-05,
      -2e-05,
      -1e-05,
      -2e-05,
      -1e-05,
      -2e-05,
      -1e-05
    ],
    "QGH": [
      0.01457777995546721,
      0.01672651065299463,
      0.01240953579912514,
      0.01554683226561085,
      0.02236292155198149,
      0.01771537372140273,
      0.009965982080071078,
      0.01489506344769367
    ],
    "QSFC": [
      0.009904796221294157,
      0.01303364445270655,
      0.008653671819230883,
      0.01209540602607363,
      0.01645705783544514,
      0.01382561462663023,
      0.00712255208905063,
      0.0119519040436809
    ],
    "QSFC_IN": [
      -1.0,
      -1.0,
      -1.0,
      -1.0,
      -1.0,
      -1.0,
      -1.0,
      -1.0
    ],
    "QSTAR": [
      -4.710574415475718e-05,
      -6.677494768097377e-05,
      -2.230633785531992e-05,
      -6.678900655226904e-05,
      -0.0001515835692355778,
      -7.577158498766499e-05,
      -5.351301886456456e-05,
      -7.4276468359596e-05
    ],
    "QV": [
      0.007,
      0.01,
      0.0055,
      0.009,
      0.011,
      0.01,
      0.004,
      0.009
    ],
    "REGIME": [
      1.0,
      1.0,
      1.0,
      1.0,
      2.0,
      1.0,
      1.0,
      2.0
    ],
    "RMOL": [
      0.2233259838869903,
      0.04437119161928169,
      0.5,
      0.07034477658109775,
      0.02913013908841016,
      0.1275220608106279,
      0.1202787359683483,
      0.02403493631638935
    ],
    "T": [
      292.0,
      295.0,
      289.0,
      294.0,
      299.0,
      296.0,
      285.0,
      293.0
    ],
    "T2": [
      288.1645398600454,
      293.1494579142622,
      285.0359687005766,
      292.1447545948125,
      296.3561152501316,
      294.0783930340314,
      281.6719196496722,
      291.5689717167199
    ],
    "TH2": [
      292.818052803905,
      293.5276468174785,
      292.3209087998793,
      291.6870587568668,
      300.2376001794735,
      294.0363744197889,
      292.5836224629824,
      292.7888943229071
    ],
    "THETA": [
      296.3129998777189,
      295.0,
      295.9711161989337,
      293.1649441253191,
      302.5095384004404,
      295.5782871218412,
      295.607094715589,
      293.842986039973
    ],
    "TSK": [
      286.0,
      291.0,
      283.5,
      290.0,
      294.0,
      292.0,
      280.0,
      289.5
    ],
    "TSTAR": [
      0.1403279251147547,
      0.07891904229957275,
      0.08149707449990624,
      0.0772639812539245,
      0.169431974889335,
      0.07100036543914036,
      0.146061131479377,
      0.07782775283484111
    ],
    "U": [
      3.5,
      6.0,
      2.0,
      4.5,
      8.0,
      2.8,
      5.0,
      7.0
    ],
    "U10": [
      2.580158053584027,
      4.624096054288072,
      1.07367455902274,
      3.731746788224219,
      5.888307662734031,
      2.397811664754585,
      3.912720386161968,
      5.719108708448658
    ],
    "UST": [
      0.08703046330996116,
      0.1420274549632206,
      0.03614969393901019,
      0.1118037159991414,
      0.2440283002264194,
      0.07754531718582877,
      0.1193920327545067,
      0.1899391467716339
    ],
    "UST_IN": [
      0.08,
      0.1,
      0.04,
      0.12,
      0.15,
      0.08,
      0.06,
      0.09
    ],
    "V": [
      0.4,
      -1.2,
      0.2,
      2.0,
      0.3,
      -2.5,
      1.4,
      0.8
    ],
    "V10": [
      0.2948752061238888,
      -0.9248192108576145,
      0.107367455902274,
      1.658554128099653,
      0.2208115373525261,
      -2.140903272102308,
      1.095561708125351,
      0.6536124238227038
    ],