{
  "columns": {
    "BR": [
      -0.2656860689332376,
      -0.07279887859351636,
      -1.14573220362966,
      -0.1006543130387442,
      -0.09585147802212593,
      -0.1803030715362655,
      -0.2109550666255682,
      -0.05627257088452018
    ],
    "CHS": [
      0.01972352986097029,
      0.01058378905080944,
      0.01455609922013556,
      0.008739283128446311,
      0.02382093765036806,
      0.007395952319987393,
      0.02706717040348647,
      0.01170230289776982
    ],
    "CHS2": [
      0.02812511710295016,
      0.01245516621677684,
      0.02088369924624226,
      0.01015805004139559,
      0.03335144037137576,
      0.0083679021400563,
      0.04330681308978849,
      0.01389032466430642
    ],
    "CPM": [
      1010.4256,
      1012.032,
      1009.2208,
      1011.6304,
      1013.6384,
      1012.8352,
      1007.2128,
      1011.2288
    ],
    "CQS2": [
      0.02947054681848689,
      0.01270943944240203,
      0.02211457711873919,
      0.01036812205356317,
      0.03467375808666328,
      0.008537770260201772,
      0.04580590528582251,
      0.0141754132614563
    ],
    "DX": [
      3000.0,
      3000.0,
      3000.0,
      3000.0,
      3000.0,
      3000.0,
      3000.0,
      3000.0
    ],
    "DZ": [
      70.0,
      58.0,
      80.0,
      54.0,
      66.0,
      60.0,
      90.0,
      55.0
    ],
    "FLHC": [
      22.37579529662386,
      12.53549675276511,
      16.15090489896727,
      10.56472099119089,
      26.60188046675013,
      8.763578526241698,
      29.10975599846368,
      13.79297329722648
    ],
    "FLQC": [
      0.01601414918437,
      0.01260068280637999,
      0.009157085317840888,
      0.01062853242977987,
      0.02158304833831472,
      0.008807400732577714,
      0.01795296433652962,
      0.01387490394432192
    ],
    "GZ1OZ0": [
      6.081076705797669,
      11.49774501085101,
      5.809142990314028,
      11.36300868298181,
      6.715383386334681,
      11.78002598785056,
      5.41610040220442,
      11.35944085522547
    ],
    "HFX": [
      145.4279907587271,
      42.44348285947447,
      106.0869651160413,
      35.56686553948659,
      145.6032932293585,
      29.61205343337706,
      194.0447333125277,
      46.83370922821494
    ],
    "HFX_IN": [
      80.0,
      20.0,
      15.0,
      5.0,
      120.0,
      0.0,
      30.0,
      10.0
    ],
    "LH": [
      534.8890454987705,
      285.945606016974,
      270.4961058124177,
      175.8528290300827,
      1096.117141652462,
      229.5757373042794,
      487.5478608043375,
      314.8248012947147
    ],
    "MAVAIL": [
      0.7,
      1.0,
      0.55,
      1.0,
      0.8,
      1.0,
      0.6,
      1.0
    ],
    "MOL": [
      -0.4186742574571873,
      -0.1158187732732771,
      -0.5127228579076566,
      -0.1180768416769058,
      -0.2999726297795779,
      -0.1195571570826614,
      -0.4573559621921545,
      -0.1157570171697467
    ],
    "MOL_IN": [
      0.0,
      0.0,
      0.0,
      0.0,
      0.0,
      0.0,
      0.0,
      0.0
    ],
    "P": [
      95000.0,
      99800.0,
      92000.0,
      101000.0,
      96000.0,
      100500.0,
      88000.0,
      99000.0
    ],
    "PBLH": [
      1200.0,
      900.0,
      1500.0,
      750.0,
      1800.0,
      650.0,
      1100.0,
      800.0
    ],
    "PSFC": [
      94550.0,
      99350.0,
      91550.0,
      100550.0,
      95550.0,
      100050.0,
      87550.0,
      98550.0
    ],
    "PSIH": [
      1.650074871954792,
      1.293891416371034,
      2.520307653083758,
      1.463353259903114,
      1.137951126911264,
      1.985264841813213,
      1.38451599772196,
      1.114056745394316
    ],
    "PSIM": [
      1.192414888380327,
      0.910377253035554,
      1.864000977456631,
      1.038275148714385,
      0.8026284845859357,
      1.430573824603425,
      0.9940801707915536,
      0.7776179487841901
    ],
    "Q2": [
      0.01479333390279368,
      0.01135589847075583,
      0.01379113611431595,
      0.01041525970167157,
      0.02073018047673303,
      0.01220125572476817,
      0.01080139408201773,
      0.01041818452414841
    ],
    "QFX": [
      0.0002139556181995082,
      0.0001143782424067896,
      0.0001081984423249671,
      7.034113161203306e-05,
      0.0004384468566609848,
      9.183029492171176e-05,
      0.000195019144321735,
      0.0001259299205178859
    ],
    "QFX_IN": [
      8e-05,
      5e-05,
      2e-05,
      3e-05,
      0.00012,
      0.0,
      4e-05,
      2e-05
    ],
    "QGH": [
      0.01457777995546721,
      0.0157384981722229,
      0.01240953579912514,
      0.0132615465243368,
      0.02377612947972536,
      0.01771537372140273,
      0.009965982080071078,
      0.01489506344769367
    ],
    "QSFC": [
      0.02136041120488196,
      0.01907714638677179,
      0.01831581677678184,
      0.01611814150511934,
      0.03231440831657889,
      0.02142649218651315,
      0.0148627823609565,
      0.01807609314076878
    ],
    "QSFC_IN": [
      -1.0,
      -1.0,
      -1.0,
      -1.0,
      -1.0,
      -1.0,
      -1.0,
      -1.0
    ],
    "QSTAR": [
      -0.0006223809493291945,
      -0.0003158679849747271,
      -0.0005277495298292334,
      -0.0002362383264808058,
      -0.0009156098332066457,
      -0.000375518917752994,
      -0.0004629679937640072,
      -0.0003147510091771137
    ],
    "QV": [
      0.008,
      0.01,
      0.0065,
      0.0095,
      0.012,
      0.011,
      0.004,
      0.009
    ],
    "REGIME": [
      3.0,
      3.0,
      3.0,
      3.0,
      3.0,
      3.0,
      3.0,
      3.0
    ],
    "RMOL": [
      -0.08141743319447692,
      -0.02391771447830879,
      -0.2599108801496089,
      -0.0346451332894904,
      -0.03473806354382958,
      -0.05656531996339681,
      -0.0506634280974305,
      -0.01942234822477787
    ],
    "T": [
      292.0,
      294.0,
      289.0,
      291.5,
      300.0,
      296.0,
      285.0,
      293.0
    ],
    "T2": [
      293.3413875887911,
      294.087953882762,
      290.3208556135399,
      291.5685219056616,
      301.0164164075441,
      295.976888182027,
      286.7427352708441,
      293.1051276057369
    ],
    "TH2": [
      298.0785004368089,
      294.6366841617091,
      297.7408666821944,
      291.1117288369746,
      304.9589390134442,
      295.934598306321,
      297.8508766682635,
      294.3314774777768
    ],
    "THETA": [
      296.3129998777189,
      294.1683001267304,
      295.9711161989337,
      290.67204494058,
      303.5212759870639,
      295.5782871218412,
      295.607094715589,
      293.842986039973
    ],
    "TSK": [
      298.0,
      297.0,
      295.0,
      294.5,
      305.0,
      299.0,
      291.0,
      296.0
    ],
    "TSTAR": [
      -0.4186742574571873,
      -0.1158187732732771,
      -0.5127228579076566,
      -0.1180768416769058,
      -0.2999726297795779,
      -0.1195571570826614,
      -0.4573559621921545,
      -0.1157570171697467
    ],
    "U": [
      6.0,
      8.0,
      3.0,
      5.0,
      10.0,
      4.5,
      7.5,
      9.0
    ],
    "U10": [
      4.604321708031458,
      7.444636592909908,
      2.117604073168308,
      4.673329157773678,
      8.13056837889636,
      4.239614061039881,
      5.219513154075348,
      8.366726613652505
    ],
    "UST": [
      0.3061807671414098,
      0.3094081008836815,
      0.1864779531332808,
      0.2491716582310478,
      0.4346463952414223,
      0.2090285293516106,
      0.3945043594388249,
      0.3432611613622987
    ],
    "UST_IN": [
      0.1,
      0.12,
      0.05,
      0.2,
      0.18,
      0.15,
      0.08,
      0.11
    ],
    "V": [
      1.0,
      -1.5,
      0.5,
      4.0,
      0.2,
      -3.0,
      2.0,
      1.0
    ],
    "V10": [
      0.7673869513385763,
      -1.395869361170608,
      0.3529340121947179,
      3.738663326218942,
      0.1626113675779272,
      -2.826409374026587,
      1.391870174420093,
      0.9296362904058337
    ],