{
  "columns": {
    "BR": [
      0.2182385157262322,
      0.1747808843895713,
      0.5729052946918644,
      0.1815690608584594,
      0.1556006891573719,
      0.1417740332938628,
      0.4113512469251876,
      0.1676802754331101
    ],
    "CHS": [
      0.002181274588691299,
      0.001718386649823607,
      0.001105928397234254,
      0.002193829122629217,
      0.002847185778726794,
      0.001559749482751963,
      0.001442578357337239,
      0.001747953307051393
    ],
    "CHS2": [
      0.005320125751989271,
      0.002912321868314368,
      0.003012305310885796,
      0.003694493426410448,
      0.006269737203852198,
      0.002633522696750581,
      0.00397351453395904,
      0.002937125762764771
    ],
    "CPM": [
      1005.6064,
      1006.4096,
      1005.2048,
      1006.8112,
      1006.008,
      1006.4096,
      1004.8032,
      1006.24896
    ],
    "CQS2": [
      0.005515812361733028,
      0.00296257447510035,
      0.003113517347617124,
      0.003758411356690442,
      0.006475708220904346,
      0.002679578108889718,
      0.004128077377972186,
      0.002987818394459079
    ],
    "DX": [
      3000.0,
      3000.0,
      3000.0,
      3000.0,
      3000.0,
      3000.0,
      3000.0,
      3000.0
    ],
    "DZ": [
      70.0,
      58.0,
      80.0,
      54.0,
      66.0,
      60.0,
      90.0,
      55.0
    ],
    "FLHC": [
      2.579184150170542,
      2.157151772443152,
      1.278539197356652,
      2.807987195674326,
      3.452675353405112,
      2.000832525688442,
      1.628871688429129,
      2.224856466846776
    ],
    "FLQC": [
      0.001821863999065449,
      0.002165082672143296,
      0.0006436411745423453,
      0.002817443390700063,
      0.002611765829786724,
      0.002008535819705278,
      0.0009038835855392683,
      0.002233592641915323
    ],
    "GZ1OZ0": [
      6.081076705797669,
      12.39033320586248,
      5.809142990314028,
      12.20392657100905,
      6.715383386334681,
      12.44899481691905,
      5.41610040220442,
      12.33357281596716
    ],
    "HFX": [
      -4.299843092951093,
      -5.7405842450798,
      -2.140743613730332,
      -13.03443094568251,
      -9.254848302516779,
      -3.300926423822515,
      -2.738969868883695,
      -5.914513871928555
    ],
    "HFX_IN": [
      -8.0,
      -4.0,
      -15.0,
      -2.0,
      -10.0,
      -1.0,
      -20.0,
      -2.0
    ],
    "LH": [
      1.380021717865831,
      0.0,
      0.5293308926193073,
      0.0,
      0.0,
      0.9822309198420556,
      1.00681962291125,
      0.0
    ],
    "MAVAIL": [
      0.7,
      1.0,
      0.5,
      1.0,
      0.75,
      1.0,
      0.55,
      1.0
    ],
    "MOL": [
      0.0487925971338333,
      0.0535907507282268,
      0.04020713406971054,
      0.0943206651859612,
      0.07790090093733162,
      0.03379097735997438,
      0.04599026039604141,
      0.0540080619986974
    ],
    "MOL_IN": [
      0.0,
      0.0,
      0.0,
      0.0,
      0.0,
      0.0,
      0.0,
      0.0
    ],
    "P": [
      91000.0,
      98000.0,
      88000.0,
      101000.0,
      94000.0,
      100500.0,
      85000.0,
      99000.0
    ],
    "PBLH": [
      500.0,
      500.0,
      400.0,
      450.0,
      450.0,
      400.0,
      350.0,
      400.0
    ],
    "PSFC": [
      90550.0,
      97550.0,
      87550.0,
      100550.0,
      93550.0,
      100050.0,
      84550.0,
      98550.0
    ],
    "PSIH": [
      -6.200079217195578,
      -6.412858407545987,
      -9.619709955540493,
      -6.412562838922083,
      -5.66732103949913,
      -6.002789468447396,
      -7.873324641619549,
      -6.286178801770037
    ],
    "PSIM": [
      -6.200079217195578,
      -6.412858407545987,
      -9.619709955540493,
      -6.412562838922083,
      -5.66732103949913,
      -6.002789468447396,
      -7.873324641619549,
      -6.286178801770037
    ],
    "Q2": [
      0.002218616603059506,
      0.002767534768423435,
      0.001770330574487838,
      0.002922535908210889,
      0.002430973399431633,
      0.003081628022001129,
      0.001359452326437407,
      0.002514761918883461
    ],
    "QFX": [
      5.520086871463325e-07,
      0.0,
      2.117323570477229e-07,
      0.0,
      0.0,
      3.928923679368222e-07,
      4.027278491645e-07,
      0.0
    ],
    "QFX_IN": [
      -1e-05,
      -1e-05,
      -2e-05,
      -1e-05,
      -2e-05,
      -1e-05,
      -2e-05,
      -1e-05
    ],
    "QGH": [
      0.002864951496248289,
      0.003587822465868997,
      0.002351719371055904,
      0.004330411974579364,
      0.003224908531718021,
      0.003764418814980343,
      0.001921478929212169,
      0.003298175369231102
    ],
    "QSFC": [
      0.002302991160388203,
      0.002767534768423435,
      0.001828960242790982,
      0.002922535908210889,
      0.002430973399431633,
      0.003195611332435422,
      0.001445552785344838,
      0.002514761918883461
    ],
    "QSFC_IN": [
      0.006,
      0.006,
      0.004,
      0.006,
      0.005,
      0.006,
      0.003,
      0.006
    ],
    "QSTAR": [
      -6.299053088200334e-06,
      -0.0,
      -3.997424288242949e-06,
      -0.0,
      -0.0,
      -4.047746188651692e-06,
      -6.794715638808543e-06,
      -0.0
    ],
    "QV": [
      0.002,
      0.003,
      0.0015,
      0.0035,
      0.0025,
      0.003,
      0.001,
      0.0028
    ],
    "REGIME": [
      1.0,
      1.0,
      1.0,
      1.0,
      1.0,
      1.0,
      1.0,
      1.0
    ],
    "RMOL": [
      0.1214136887954666,
      0.1070833880577482,
      0.2618013066887538,
      0.1181409265778934,
      0.116384754736939,
      0.08223873141084215,
      0.2259771941875342,
      0.1071864489262667
    ],
    "T": [
      268.0,
      272.0,
      265.0,
      275.0,
      270.0,
      273.0,
      262.0,
      271.0
    ],
    "T2": [
      266.6786909778218,
      270.5537813833931,
      263.6102579581717,
      272.7081146749678,
      268.2043025897556,
      271.9705080910132,
      260.6059270889066,
      269.5653911038543
    ],
    "TH2": [
      274.3544654880245,
      272.4790163582232,
      273.8222691411009,
      272.2808697318441,
      273.3650967545074,
      271.9316483035025,
      273.413114485566,
      270.6932508775369
    ],
    "THETA": [
      275.3233728773681,
      273.5753654102256,
      274.862737191688,
      274.2189103213019,
      274.8181070458712,
      272.6110553522387,
      274.4589233691082,
      271.7796901598385
    ],
    "TSK": [
      266.0,
      269.0,
      263.0,
      270.0,
      267.0,
      271.0,
      260.0,
      268.0
    ],
    "TSTAR": [
      0.0487925971338333,
      0.0535907507282268,
      0.04020713406971054,
      0.0943206651859612,
      0.07790090093733162,
      0.03379097735997438,
      0.04599026039604141,
      0.0540080619986974
    ],
    "U": [
      3.0,
      4.0,
      2.0,
      5.0,
      4.5,
      3.5,
      2.5,
      4.0
    ],
    "U10": [
      2.450763818909666,
      3.488012837900883,
      1.427124307674095,
      4.402566917837787,
      3.881457328289035,
      2.932938445936357,
      1.905010840399778,
      3.521813557180228
    ],
    "UST": [
      0.0745292346130859,
      0.08533092267518931,
      0.0460547576839045,
      0.1079674626061312,
      0.09796859625923596,
      0.07615162977676869,
      0.05274410454216655,
      0.08603760052491771
    ],
    "UST_IN": [
      0.05,
      0.06,
      0.04,
      0.08,
      0.05,
      0.06,
      0.03,
      0.06
    ],
    "V": [
      0.5,
      0.3,
      0.2,
      0.5,
      0.4,
      0.3,
      0.2,
      0.2
    ],
    "V10": [
      0.4084606364849443,
      0.2616009628425662,
      0.1427124307674095,
      0.4402566917837788,
      0.3450184291812476,
      0.251394723937402,
      0.1524008672319822,
      0.1760906778590114
    ],