{
  "columns": {
    "BR": [
      -0.203223548715576,
      0.08299469353084128,
      -0.03922583881839922,
      0.1069939637688408,
      -0.09116368381325624,
      -0.1037536199639704,
      0.2626268093101979,
      -0.09256949572004561
    ],
    "CHS": [
      0.01886409763379516,
      0.003021363052007901,
      0.01085355938406572,
      0.002511526930060913,
      0.01964447632015249,
      0.005016733646365125,
      0.003489773855058307,
      0.009176369415072088
    ],
    "CHS2": [
      0.02712879659418279,
      0.00503851070128244,
      0.01743602001016832,
      0.00418147325123156,
      0.02752134052385018,
      0.005782826503150357,
      0.009758216633588964,
      0.01065441146240561
    ],
    "CPM": [
      1010.4256,
      1012.032,
      1008.8192,
      1011.2288,
      1013.6384,
      1012.032,
      1007.2128,
      1011.2288
    ],
    "CQS2": [
      0.02840456521596551,
      0.005130866534217256,
      0.01827657851449061,
      0.004257160083328835,
      0.0286090361099103,
      0.005895315227479622,
      0.01018404600739972,
      0.01086959834017304
    ],
    "DX": [
      12000.0,
      12000.0,
      12000.0,
      12000.0,
      12000.0,
      12000.0,
      12000.0,
      12000.0
    ],
    "DZ": [
      70.0,
      58.0,
      80.0,
      54.0,
      66.0,
      60.0,
      90.0,
      55.0
    ],
    "FLHC": [
      21.40079337140325,
      3.573567541726316,
      12.04155882560388,
      3.010025230555427,
      21.93784386537469,
      5.943280914160499,
      3.753124685596248,
      10.81577014484014
    ],
    "FLQC": [
      0.01530394685567257,
      0.003569611235713672,
      0.00737284739027899,
      0.003008730189450899,
      0.01779711285939426,
      0.005971468646547441,
      0.00208054781939555,
      0.01088120337351316
    ],
    "GZ1OZ0": [
      6.081076705797669,
      12.13634043175152,
      5.809142990314028,
      12.06981945771347,
      6.715383386334681,
      12.10684164995466,
      5.41610040220442,
      11.60850433610667
    ],
    "HFX": [
      139.0911178524882,
      -12.95269605229486,
      4.998890399129517,
      -10.89412360532324,
      120.0750569924,
      2.254997862546395,
      -17.86547581455125,
      36.72468750044693
    ],
    "HFX_IN": [
      80.0,
      -5.0,
      0.0,
      -3.0,
      120.0,
      0.0,
      -60.0,
      0.0
    ],
    "LH": [
      76.51973427836286,
      27.07232830885441,
      9.216059237848729,
      23.28310389813993,
      88.98556429697132,
      116.4038228627239,
      5.201369548488874,
      246.8970382541323
    ],
    "MAVAIL": [
      0.7,
      1.0,
      0.6,
      1.0,
      0.8,
      1.0,
      0.55,
      1.0
    ],
    "MOL": [
      -0.4084156838290862,
      0.07871837698920389,
      -0.02391290797855714,
      0.07776329186316057,
      -0.2988666693826001,
      -0.01263706816864159,
      0.1432211968084212,
      -0.1164898224197654
    ],
    "MOL_IN": [
      0.0,
      0.0,
      0.0,
      0.0,
      0.0,
      0.0,
      0.0,
      0.0
    ],
    "P": [
      95000.0,
      100000.0,
      92000.0,
      101000.0,
      96000.0,
      100500.0,
      88000.0,
      99000.0
    ],
    "PBLH": [
      1200.0,
      300.0,
      800.0,
      280.0,
      1800.0,
      800.0,
      220.0,
      800.0
    ],
    "PSFC": [
      94550.0,
      99550.0,
      91550.0,
      100550.0,
      95550.0,
      100050.0,
      87550.0,
      98550.0
    ],
    "PSIH": [
      1.485897152230936,
      -5.145745684758313,
      0.604784523236263,
      -5.421661045980207,
      1.10952120231931,
      1.57027514431814,
      -6.472920404775419,
      1.440814731863356
    ],
    "PSIM": [
      1.067397688700287,
      -5.145745684758313,
      0.4140980800612358,
      -5.421661045980207,
      0.7814451247047711,
      1.11635335490688,
      -6.472920404775419,
      1.020453428229694
    ],
    "Q2": [
      0.009025275401534756,
      0.01126301166089494,
      0.006317260789904709,
      0.01028457175246287,
      0.01286020336896116,
      0.01109112959804432,
      0.004812482792397057,
      0.01024397274849536
    ],
    "QFX": [
      3.060789371134514e-05,
      1.082893132354176e-05,
      3.686423695139492e-06,
      9.313241559255971e-06,
      3.559422571878853e-05,
      4.656152914508957e-05,
      2.08054781939555e-06,
      9.875881530165291e-05
    ],
    "QFX_IN": [
      8e-05,
      -1e-05,
      0.0,
      -1e-05,
      0.00012,
      0.0,
      -2e-05,
      0.0
    ],
    "QGH": [
      0.01457777995546721,
      0.01672651065299463,
      0.01240953579912514,
      0.01554683226561085,
      0.02377612947972536,
      0.01771537372140273,
      0.009965982080071078,
      0.01489506344769367
    ],
    "QSFC": [
      0.01,
      0.01303364445270655,
      0.0065,
      0.01209540602607363,
      0.014,
      0.0177973329345052,
      0.005,
      0.01807609314076878
    ],
    "QSFC_IN": [
      0.01,
      0.01,
      0.0065,
      0.01,
      0.014,
      0.011,
      0.005,
      0.01
    ],
    "QSTAR": [
      -9.081148955225343e-05,
      -6.660330818868104e-05,
      -1.779005807373988e-05,
      -6.722528246180963e-05,
      -8.980226429136109e-05,
      -0.0002640715856924767,
      -1.679931794162868e-05,
      -0.0003167781190285383
    ],
    "QV": [
      0.008,
      0.01,
      0.006,
      0.009,
      0.012,
      0.01,
      0.004,
      0.009
    ],
    "REGIME": [
      3.0,
      1.0,
      3.0,
      1.0,
      3.0,
      3.0,
      1.0,
      3.0
    ],
    "RMOL": [
      -0.0634008179008668,
      0.04612858173596211,
      -0.01086110688413744,
      0.06476959110982002,
      -0.03188644480101215,
      -0.03457402361476435,
      0.1360811727956992,
      -0.03219026830752001
    ],
    "T": [
      292.0,
      295.0,
      289.0,
      294.0,
      300.0,
      296.0,
      285.0,
      293.0
    ],
    "T2": [
      293.3807466442478,
      293.1481168301641,
      288.7412895721332,
      292.1479644161319,
      301.0189232582114,
      295.6702166131911,
      281.6737639008491,
      293.0405438425392
    ],
    "TH2": [
      298.1184950939747,
      293.5263040032625,
      296.1209301428221,
      291.6902635494399,
      304.9614786972558,
      295.627970555442,
      292.5855381586993,
      294.2666234965507
    ],
    "THETA": [
      296.3129998777189,
      295.0,
      295.9711161989337,
      293.1649441253191,
      303.5212759870639,
      295.5782871218412,
      295.607094715589,
      293.842986039973
    ],
    "TSK": [
      298.0,
      291.0,
      289.0,
      290.0,
      305.0,
      296.0,
      280.0,
      296.0
    ],
    "TSTAR": [
      -0.4084156838290862,
      0.07871837698920389,
      -0.02391290797855714,
      0.07776329186316057,
      -0.2988666693826001,
      -0.01263706816864159,
      0.1432211968084212,
      -0.1164898224197654
    ],
    "U": [
      6.0,
      6.0,
      4.0,
      5.0,
      8.0,
      4.0,
      5.0,
      7.0
    ],
    "U10": [
      4.628593970369596,
      4.644586133702366,
      3.027646400309391,
      4.091991279948573,
      6.52602221293373,
      3.744854067665436,
      3.888301084223039,
      6.549285677181762
    ],
    "UST": [
      0.3001947880593183,
      0.1391185243383881,
      0.1884216044065137,
      0.116892154938002,
      0.359767420554592,
      0.1506241440335532,
      0.1159876049645923,
      0.2674752273528817
    ],
    "UST_IN": [
      0.1,
      0.1,
      0.07,
      0.12,
      0.16,
      0.1,
      0.06,
      0.1
    ],
    "V": [
      1.0,
      0.0,
      1.0,
      1.0,
      1.0,
      1.0,
      1.0,
      1.0
    ],
    "V10": [
      0.7714323283949326,
      0.0,
      0.7569116000773477,
      0.8183982559897146,
      0.8157527766167163,
      0.936213516916359,
      0.777660216844608,
      0.9356122395973947
    ],