{
  "columns": {
    "BR": [
      -1.970450797458754e-09,
      -9.603260791605357e-11,
      4.980075305112112e-09,
      -7.096798952146641e-10,
      -8.014270720164496e-10,
      -3.182811981321292e-09,
      3.039621165657217e-10,
      5.451342889954834e-10
    ],
    "CHS": [
      0.01119714897653696,
      0.007268100409938203,
      0.008438036835354807,
      0.006572743857026538,
      0.01528056529222291,
      0.004000382465428449,
      0.01402410499311801,
      0.007301467387917543
    ],
    "CHS2": [
      0.01819995857401834,
      0.009248418560635475,
      0.01442056738286029,
      0.008309889675742756,
      0.02352418210014819,
      0.005063326891008666,
      0.02560091915811606,
      0.009248006043829613
    ],
    "CPM": [
      1010.4256,
      1012.032,
      1008.8192,
      1012.8352,
      1013.6384,
      1012.032,
      1007.2128,
      1011.2288
    ],
    "CQS2": [
      0.0189889397965321,
      0.009429952850766851,
      0.0151030309586303,
      0.008472002705089184,
      0.02441592711001692,
      0.005159085846292922,
      0.0269707589041494,
      0.009428850390541338
    ],
    "DX": [
      3000.0,
      3000.0,
      3000.0,
      3000.0,
      3000.0,
      3000.0,
      3000.0,
      3000.0
    ],
    "DZ": [
      70.0,
      58.0,
      80.0,
      54.0,
      66.0,
      60.0,
      90.0,
      55.0
    ],
    "FLHC": [
      12.70285365605784,
      8.625706664862431,
      9.361640115472929,
      7.827067330081941,
      17.06447400746224,
      4.739218470039702,
      15.08241417041203,
      8.60590822096302
    ],
    "FLQC": [
      0.009031107184225218,
      0.00865408134745369,
      0.005719097275866948,
      0.007846637559105099,
      0.01379517878559847,
      0.004752568967847196,
      0.008471625547433708,
      0.008641199812349669
    ],
    "GZ1OZ0": [
      6.081076705797669,
      11.7269025467839,
      5.809142990314028,
      11.7211487233754,
      6.715383386334681,
      12.16462553906593,
      5.41610040220442,
      11.7139888530906
    ],
    "HFX": [
      5.589160396366411e-07,
      -7.070042013792721,
      -4.516273080708111e-07,
      -7.372342821071231,
      8.274077462144337e-07,
      -5.241907938066595,
      -9.952984930074952e-08,
      -7.367692502551824
    ],
    "HFX_IN": [
      0.0,
      0.0,
      0.0,
      0.0,
      0.0,
      0.0,
      0.0,
      0.0
    ],
    "LH": [
      0.0,
      100.0880823351007,
      0.0,
      103.9807837748356,
      0.0,
      73.84748819779892,
      0.0,
      104.3919651218175
    ],
    "MAVAIL": [
      0.7,
      1.0,
      0.6,
      1.0,
      0.8,
      1.0,
      0.55,
      1.0
    ],
    "MOL": [
      -2.263038259089765e-09,
      0.02495017021420917,
      2.56652971574643e-09,
      0.02868357963563278,
      -2.314529091377394e-09,
      0.03263611572328939,
      3.694216024548865e-10,
      0.02608474708081797
    ],
    "MOL_IN": [
      0.0,
      0.0,
      0.0,
      0.0,
      0.0,
      0.0,
      0.0,
      0.0
    ],
    "P": [
      95000.0,
      100000.0,
      92000.0,
      101000.0,
      96000.0,
      100500.0,
      88000.0,
      99000.0
    ],
    "PBLH": [
      800.0,
      800.0,
      800.0,
      800.0,
      800.0,
      800.0,
      800.0,
      800.0
    ],
    "PSFC": [
      94550.0,
      99550.0,
      91550.0,
      100550.0,
      95550.0,
      100050.0,
      87550.0,
      98550.0
    ],
    "PSIH": [
      5.193979531350543e-08,
      4.014958332129261e-09,
      -1.446498506311087e-07,
      2.822258594006844e-08,
      2.33480107931225e-08,
      1.370542042776359e-07,
      -8.231446718940751e-09,
      -2.6259540198091e-08
    ],
    "PSIM": [
      3.343056895930124e-08,
      2.584286908333062e-09,
      -1.446498506311087e-07,
      1.816581842193726e-08,
      1.502786887322922e-08,
      8.821712370224361e-08,
      -8.231446718940751e-09,
      -2.6259540198091e-08
    ],
    "Q2": [
      0.008,
      0.01104232947933881,
      0.006,
      0.01217135811771177,
      0.012,
      0.01137817315183204,
      0.004,
      0.01006934032322421
    ],
    "QFX": [
      0.0,
      4.003523293404029e-05,
      0.0,
      4.159231350993423e-05,
      0.0,
      2.953899527911957e-05,
      0.0,
      4.175678604872702e-05
    ],
    "QFX_IN": [
      0.0,
      0.0,
      0.0,
      0.0,
      0.0,
      0.0,
      0.0,
      0.0
    ],
    "QGH": [
      0.01457777995546721,
      0.01570622634496327,
      0.01240953579912514,
      0.01762518876023857,
      0.02377612947972536,
      0.01771537372140273,
      0.009965982080071078,
      0.01489506344769367
    ],
    "QSFC": [
      0.008,
      0.01462616785383234,
      0.006,
      0.01630065434992231,
      0.012,
      0.01621537435415694,
      0.004,
      0.01383229030175298
    ],
    "QSFC_IN": [
      0.008,
      0.01,
      0.006,
      0.011,
      0.012,
      0.01,
      0.004,
      0.009
    ],
    "QSTAR": [
      -0.0,
      -0.0001429842240203036,
      -0.0,
      -0.0001639002784716333,
      -0.0,
      -0.0001861225694620705,
      -0.0,
      -0.0001494967090820776
    ],
    "QV": [
      0.008,
      0.01,
      0.006,
      0.011,
      0.012,
      0.01,
      0.004,
      0.009
    ],
    "REGIME": [
      3.0,
      3.0,
      2.0,
      3.0,
      3.0,
      3.0,
      2.0,
      2.0
    ],
    "RMOL": [
      2.780669214916157e-06,
      2.327017888719808e-06,
      5.251114647374325e-06,
      2.834902106977924e-06,
      1.252494545809014e-06,
      7.17881123774044e-06,
      2.11002947720595e-06,
      2.312741461826843e-06
    ],
    "T": [
      292.0,
      294.0,
      289.0,
      296.0,
      300.0,
      296.0,
      285.0,
      293.0
    ],
    "T2": [
      291.6039446729258,
      293.4453522595601,
      288.5952091282213,
      295.4222601518263,
      299.5973395684746,
      295.3854438004113,
      284.5826336036124,
      292.4403509813782
    ],
    "TH2": [
      296.3129998942067,
      293.8239228928288,
      295.9711161796339,
      294.959429528372,
      303.5212760036126,
      295.3432384316732,
      295.6070947127423,
      293.6639194325168
    ],
    "THETA": [
      296.3129998777189,
      294.0,
      295.9711161989337,
      295.1592634731104,
      303.5212759870639,
      295.5782871218412,
      295.607094715589,
      293.842986039973
    ],
    "TSK": [
      291.6039447,
      292.8026107,
      288.5952091,
      294.6790261,
      299.5973396,
      294.5142979,
      284.5826336,
      291.7661183
    ],
    "TSTAR": [
      -2.263038259089765e-09,
      0.02495017021420917,
      2.56652971574643e-09,
      0.02868357963563278,
      -2.314529091377394e-09,
      0.03263611572328939,
      3.694216024548865e-10,
      0.02608474708081797
    ],
    "U": [
      5.0,
      7.0,
      3.5,
      6.0,
      8.0,
      4.0,
      5.5,
      7.0
    ],
    "U10": [
      3.970063130790829,
      6.364524376698999,
      2.664915936866182,
      5.491631731074905,
      6.577760925081649,
      3.638869846033962,
      3.972728264295109,
      6.395560539011456
    ],
    "UST": [
      0.2177012078062801,
      0.2387672268484011,
      0.1586073730941241,
      0.2158339759831133,
      0.3201131045696244,
      0.1355769034493361,
      0.2505159318874927,
      0.2396394429289718
    ],
    "UST_IN": [
      0.1,
      0.12,
      0.07,
      0.11,
      0.16,
      0.1,
      0.08,
      0.1
    ],
    "V": [
      1.0,
      0.0,
      0.8,
      2.0,
      1.0,
      -1.0,
      1.5,
      0.5
    ],
    "V10": [
      0.7940126261581659,
      0.0,
      0.6091236427122702,
      1.830543910358302,
      0.8222201156352061,
      -0.9097174615084904,
      1.083471344807757,
      0.4568257527865326
    ],
    "WSPD": [
      5.099019513592784,
      7.0,
      3.590264614203249,
      6.324555320336759,
      8.06225774829855,
      4.123105625617661,
      5.70087712549569,
      7.017834423809099
    ],