{
  "columns": {
    "CLDFRA": [
      0.0,
      0.0,
      0.0,
      0.0,
      0.0,
      0.0,
      0.0,
      0.0,
      0.0,
      0.0,
      0.0,
      0.0,
      0.0,
      0.0,
      0.0,
      0.0,
      0.0,
      0.0,
      0.0,
      0.0,
      0.0,
      0.0,
      0.0,
      0.0,
      0.0,
      0.0,
      0.0,
      0.0,
      0.0,
      0.0,
      0.0,
      0.0
    ],
    "DZ": [
      297.3017787506803,
      362.4521766357669,
      391.9341220257944,
      412.397618533384,
      428.3146230079283,
      441.4416507151416,
      452.6657695845734,
      462.5018461716736,
      471.2769759904795,
      479.212684269211,
      486.4663482018459,
      493.1540104636688,
      499.3638243987834,
      505.1644135634961,
      510.6103000298235,
      515.7455585443913,
      520.6063522550967,
      525.2227386398781,
      529.6199849271325,
      533.8195452584732,
      537.8397992729751,
      541.6966190332132,
      545.4038102315881,
      548.9734598450395,
      552.4162131695157,
      555.7414968463618,
      558.9577000931458,
      562.0723232370765,
      565.0921004130414,
      568.0231016599464,
      570.8708184489078,
      573.6402357819661
    ],
    "P": [
      99351.71167839479,
      95746.90990320191,
      91737.96926585908,
      87595.55640484439,
      83413.5787628557,
      79253.49479139046,
      75154.52737767217,
      71139.42151402932,
      67224.41852947441,
      63421.27579875631,
      59738.48868585937,
      56182.08719622415,
      52756.18569476096,
      49463.37941565855,
      46305.04070519743,
      43281.54669726407,
      40392.45834523224,
      37636.66385874417,
      35012.49539999275,
      32517.82523679522,
      30150.14580899999,
      27906.63699017822,
      25784.22301269848,
      23779.62094677575,
      21889.38220539495,
      20109.92823753152,
      18437.58133932783,
      16868.59133506513,
      15399.15874201657,
      14025.45492521109,
      12743.63966242765,
      11549.87647107475
    ],
    "P8W": [
      101000.0,
      97703.42335678957,
      93790.39644961426,
      89685.5420821039,
      85505.57072758488,
      81321.58679812652,
      77185.40278465439,
      73123.65197068997,
      69155.19105736869,
      65293.64600158011,
      61548.9055959325,
      57928.07177578624,
      54436.10261666206,
      51076.26877285985,
      47850.49005845724,
      44759.59135193762,
      41803.50204259052,
      38981.41464787396,
      36291.91306961438,
      33733.07773037111,
      31302.57274321932,
      28997.71887478066,
      26815.55510557579,
      24752.89091982117,
      22806.35097373034,
      20972.41343705957,
      19247.44303800346,
      17627.7196406522,
      16109.46302947806,
      14688.85445455508,
      13362.0553958671,
      12125.2239289882,
      10974.52901316129
    ],
    "PI": [
      0.9981434431469338,
      0.9876591150720735,
      0.9756628059711862,
      0.9628670105852829,
      0.9495027252263478,
      0.9357247582977646,
      0.9216342669322273,
      0.9072893402381124,
      0.8927338771542072,
      0.8780024078047054,
      0.8631228964807193,
      0.8481184952254734,
      0.8330087043486356,
      0.8178101755253541,
      0.8025372881399745,
      0.7872025755570076,
      0.7718170484796684,
      0.7563904455662135,
      0.7409314312692924,
      0.7254477545055642,
      0.7099463776737518,
      0.6944335828348228,
      0.6789150600341572,
      0.6633959814739929,
      0.6478810643447684,
      0.6323746244756979,
      0.6168806224900072,
      0.6014027037971524,
      0.5859442334883271,
      0.5705083269988714,
      0.5550978772453059,
      0.5397155788239935
    ],
    "QC": [
      0.0,
      0.0,
      0.0,
      0.0,
      0.0,
      0.0,
      0.0,
      0.0,
      0.0,
      0.0,
      0.0,
      0.0,
      0.0,
      0.0,
      0.0,
      0.0,
      0.0,
      0.0,
      0.0,
      0.0,
      0.0,
      0.0,
      0.0,
      0.0,
      0.0,
      0.0,
      0.0,
      0.0,
      0.0,
      0.0,
      0.0,
      0.0
    ],
    "QG": [
      0.0,
      0.0,
      0.0,
      0.0,
      0.0,
      0.0,
      0.0,
      0.0,
      0.0,
      0.0,
      0.0,
      0.0,
      0.0,
      0.0,
      0.0,
      0.0,
      0.0,
      0.0,
      0.0,
      0.0,
      0.0,
      0.0,
      0.0,
      0.0,
      0.0,
      0.0,
      0.0,
      0.0,
      0.0,
      0.0,
      0.0,
      0.0
    ],
    "QI": [
      0.0,
      0.0,
      0.0,
      0.0,
      0.0,
      0.0,
      0.0,
      0.0,
      0.0,
      0.0,
      0.0,
      0.0,
      0.0,
      0.0,
      0.0,
      0.0,
      0.0,
      0.0,
      0.0,
      0.0,
      0.0,
      0.0,
      0.0,
      0.0,
      0.0,
      0.0,
      0.0,
      0.0,
      0.0,
      0.0,
      0.0,
      0.0
    ],
    "QR": [
      0.0,
      0.0,
      0.0,
      0.0,
      0.0,
      0.0,
      0.0,
      0.0,
      0.0,
      0.0,
      0.0,
      0.0,
      0.0,
      0.0,
      0.0,
      0.0,
      0.0,
      0.0,
      0.0,
      0.0,
      0.0,
      0.0,
      0.0,
      0.0,
      0.0,
      0.0,
      0.0,
      0.0,
      0.0,
      0.0,
      0.0,
      0.0
    ],
    "QS": [
      0.0,
      0.0,
      0.0,
      0.0,
      0.0,
      0.0,
      0.0,
      0.0,
      0.0,
      0.0,
      0.0,
      0.0,
      0.0,
      0.0,
      0.0,
      0.0,
      0.0,
      0.0,
      0.0,
      0.0,
      0.0,
      0.0,
      0.0,
      0.0,
      0.0,
      0.0,
      0.0,
      0.0,
      0.0,
      0.0,
      0.0,
      0.0
    ],
    "QV": [
      0.01808148854688437,
      0.01619867890993457,
      0.01428483721883731,
      0.01249268596520436,
      0.01085933027189882,
      0.009393944357541907,
      0.008093387425223192,
      0.00694845564167432,
      0.005947016239110041,
      0.005075751932454547,
      0.004321178528488307,
      0.003670243882271776,
      0.003110671046982558,
      0.002631139706120558,
      0.002221363763278097,
      0.001872102264985654,
      0.00157512823313743,
      0.00132317193927267,
      0.001109849829853179,
      0.0009295866965322084,
      0.000777536185868757,
      0.00064950299536169,
      0.0005418688744000358,
      0.0004515236856260384,
      0.0003758021792170098,
      0.0003124267164038735,
      0.0002594558970707811,
      0.0002152388619935761,
      0.0001783749258645157,
      0.0001476781327086183,
      0.0001221462959120098,
      0.0001009340800291589
    ],
    "RHO": [
      1.135738197872584,
      1.107040673170923,
      1.074567366116529,
      1.040390549413894,
      1.00305049249544,
      0.9623932037690963,
      0.9218938920362714,
      0.8817914304505141,
      0.8422654275976745,
      0.8034537802626451,
      0.7654633365279152,
      0.7283769286758252,
      0.6922583117611765,
      0.6571558021183985,
      0.6231050581266807,
      0.5901312653621734,
      0.558250890135955,
      0.527473109102082,
      0.4978009887700996,
      0.4692324675292989,
      0.4417611789436149,
      0.415377145699155,
      0.3900673670126925,
      0.3658163175517379,
      0.3426063723737066,
      0.3204181696867783,
      0.2992309211261307,
      0.279022677566251,
      0.2597705571441619,
      0.2414509410736158,
      0.2240396419320057,
      0.207512048359661
    ],