{
  "columns": {
    "CLDFRA": [
      0.0,
      0.0,
      1.0,
      1.0,
      1.0,
      1.0,
      1.0,
      0.0,
      0.0,
      0.0,
      0.0,
      0.0,
      0.0,
      0.0,
      0.0,
      0.0,
      0.0,
      0.0,
      0.0,
      0.0,
      0.0,
      0.0,
      0.0,
      0.0,
      0.0,
      0.0,
      0.0,
      0.0,
      0.0,
      0.0,
      0.0,
      0.0
    ],
    "DZ": [
      297.3017787506803,
      362.4521766357669,
      391.9341220257944,
      412.397618533384,
      428.3146230079283,
      441.4416507151416,
      452.6657695845734,
      462.5018461716736,
      471.2769759904795,
      479.212684269211,
      486.4663482018459,
      493.1540104636688,
      499.3638243987834,
      505.1644135634961,
      510.6103000298235,
      515.7455585443913,
      520.6063522550967,
      525.2227386398781,
      529.6199849271325,
      533.8195452584732,
      537.8397992729751,
      541.6966190332132,
      545.4038102315881,
      548.9734598450395,
      552.4162131695157,
      555.7414968463618,
      558.9577000931458,
      562.0723232370765,
      565.0921004130414,
      568.0231016599464,
      570.8708184489078,
      573.6402357819661
    ],
    "P": [
      99128.57851905325,
      95474.59257359011,
      91413.93051147572,
      87225.62982645369,
      83011.3489096589,
      78829.04989731187,
      74711.78897745427,
      70682.27117225653,
      66756.60560325654,
      62946.35857992904,
      59259.79745026219,
      55702.7023415202,
      52278.92655728193,
      48990.80074601031,
      45839.43465355106,
      42824.94874145288,
      39946.65600236721,
      37203.20731585023,
      34592.70941703859,
      32112.82183869162,
      29760.83740631268,
      27533.74966155572,
      25428.30975262548,
      23441.07473561199,
      21568.44879881573,
      19806.71860256053,
      18152.08368654517,
      16600.68271313608,
      15148.61617285285,
      13791.96606694686,
      12526.81299381452,
      11349.25099551551
    ],
    "P8W": [
      100800.0,
      97457.1570381065,
      93492.02810907374,
      89335.83291387769,
      85115.42673902969,
      80907.27108028812,
      76750.8287143356,
      72672.74924057296,
      68691.7931039401,
      64821.41810257298,
      61071.2990572851,
      57448.29584323928,
      53957.10883980111,
      50600.74427476274,
      47380.85721725787,
      44298.01208984425,
      41351.88539306153,
      38541.42661167289,
      35864.98802002757,
      33320.43081404961,
      30905.21286333363,
      28616.46194929172,
      26451.03737381973,
      24405.58213143123,
      22476.56733979275,
      20660.3302578387,
      18953.10694728236,
      17351.06042580798,
      15850.30500046419,
      14446.9273452415,
      13137.00478865223,
      11916.62119897681,
      10781.88079205421
    ],
    "PI": [
      0.9975024367967654,
      0.9868557162716503,
      0.9746769166462309,
      0.9617034531114723,
      0.9481922914665946,
      0.9342902092814075,
      0.9200797392303665,
      0.9056196891173541,
      0.8909544448524314,
      0.8761188649352872,
      0.8611411292457284,
      0.8460445233935251,
      0.8308486208875032,
      0.8155701019584356,
      0.8002233415482422,
      0.7848208443068003,
      0.7693735745255669,
      0.7538912117135901,
      0.7383823521682005,
      0.7228546704355391,
      0.7073150503976177,
      0.6917696929677261,
      0.6762242055044735,
      0.6606836767543406,
      0.645152740210534,
      0.6296356281100534,
      0.6141362178020617,
      0.5986580718565162,
      0.5832044730072558,
      0.5677784548141122,
      0.5523828287672461,
      0.5370202084318605
    ],
    "QC": [
      0.0,
      0.0,
      0.0008,
      0.0008,
      0.0008,
      0.0008,
      0.0008,
      0.0,
      0.0,
      0.0,
      0.0,
      0.0,
      0.0,
      0.0,
      0.0,
      0.0,
      0.0,
      0.0,
      0.0,
      0.0,
      0.0,
      0.0,
      0.0,
      0.0,
      0.0,
      0.0,
      0.0,
      0.0,
      0.0,
      0.0,
      0.0,
      0.0
    ],
    "QG": [
      0.0,
      0.0,
      0.0,
      0.0,
      0.0,
      0.0,
      0.0,
      0.0,
      0.0,
      0.0,
      0.0,
      0.0,
      0.0,
      0.0,
      0.0,
      0.0,
      0.0,
      0.0,
      0.0,
      0.0,
      0.0,
      0.0,
      0.0,
      0.0,
      0.0,
      0.0,
      0.0,
      0.0,
      0.0,
      0.0,
      0.0,
      0.0
    ],
    "QI": [
      0.0,
      0.0,
      0.0,
      0.0,
      0.0,
      0.0,
      0.0,
      0.0,
      0.0,
      0.0,
      0.0,
      0.0,
      0.0,
      0.0,
      0.0,
      0.0,
      0.0,
      0.0,
      0.0,
      0.0,
      0.0,
      0.0,
      0.0,
      0.0,
      0.0,
      0.0,
      0.0,
      0.0,
      0.0,
      0.0,
      0.0,
      0.0
    ],
    "QR": [
      0.0,
      0.0,
      0.0002,
      0.0002,
      0.0002,
      0.0002,
      0.0002,
      0.0,
      0.0,
      0.0,
      0.0,
      0.0,
      0.0,
      0.0,
      0.0,
      0.0,
      0.0,
      0.0,
      0.0,
      0.0,
      0.0,
      0.0,
      0.0,
      0.0,
      0.0,
      0.0,
      0.0,
      0.0,
      0.0,
      0.0,
      0.0,
      0.0
    ],
    "QS": [
      0.0,
      0.0,
      0.0,
      0.0,
      0.0,
      0.0,
      0.0,
      0.0,
      0.0,
      0.0,
      0.0,
      0.0,
      0.0,
      0.0,
      0.0,
      0.0,
      0.0,
      0.0,
      0.0,
      0.0,
      0.0,
      0.0,
      0.0,
      0.0,
      0.0,
      0.0,
      0.0,
      0.0,
      0.0,
      0.0,
      0.0,
      0.0
    ],
    "QV": [
      0.01419648382728989,
      0.01256377480572502,
      0.01092568556900713,
      0.009413700884503887,
      0.008056495954269494,
      0.00685797864563063,
      0.005811491741521265,
      0.004905523463170403,
      0.004126542146175845,
      0.003460534994440293,
      0.0028938672295684,
      0.002413752454878034,
      0.002008489551676267,
      0.001667556239340331,
      0.001381614574141719,
      0.001142463501151901,
      0.0009429612176883749,
      0.0007769322105054508,
      0.0006390686335075788,
      0.0005248322091867765,
      0.0004303604768653827,
      0.0003523796072677792,
      0.0002881249182270491,
      0.0002352695016342679,
      0.0001918608984000885,
      0.0001562654605461152,
      0.0001271198642075885,
      0.000103289146365238,
      8.383060444661785e-05,
      6.796290220361948e-05,
      5.503975371584393e-05,
      4.452760025914802e-05
    ],
    "RHO": [
      1.1517689852347,
      1.121890039351938,
      1.088122727849012,
      1.050557934768589,
      1.008924955731017,
      0.9671838319720719,
      0.9256738861281785,
      0.8846383951456911,
      0.8442584188216968,
      0.804671294314354,
      0.7659819292479928,
      0.7282702793020475,
      0.6915966096068598,
      0.6560053703824592,
      0.621528152041931,
      0.5881859976018599,
      0.5559912478093628,
      0.5249490352594255,
      0.4950585079345947,
      0.4663138398890322,
      0.4387050718080106,
      0.4122188138998325,
      0.3868388362930048,
      0.3625465667904545,
      0.3393215118443236,
      0.3171416135604755,
      0.2959835531609299,
      0.2758230094499451,
      0.25663487932414,
      0.2383934661525773,
      0.2210726408659894,
      0.2046459797881501
    ],