{
  "columns": {
    "CLDFRA": [
      0.0,
      0.0,
      0.0,
      0.0,
      0.0,
      0.0,
      0.0,
      0.0,
      0.0,
      0.0,
      0.0,
      0.0,
      0.0,
      0.0,
      0.0,
      0.0,
      0.0,
      0.0,
      0.0,
      0.0,
      0.0,
      0.0,
      0.0,
      0.0,
      0.0,
      0.0,
      0.0,
      0.0,
      0.0,
      0.0,
      0.0,
      0.0
    ],
    "DZ": [
      297.3017787506803,
      362.4521766357669,
      391.9341220257944,
      412.397618533384,
      428.3146230079283,
      441.4416507151416,
      452.6657695845734,
      462.5018461716736,
      471.2769759904795,
      479.212684269211,
      486.4663482018459,
      493.1540104636688,
      499.3638243987834,
      505.1644135634961,
      510.6103000298235,
      515.7455585443913,
      520.6063522550967,
      525.2227386398781,
      529.6199849271325,
      533.8195452584732,
      537.8397992729751,
      541.6966190332132,
      545.4038102315881,
      548.9734598450395,
      552.4162131695157,
      555.7414968463618,
      558.9577000931458,
      562.0723232370765,
      565.0921004130414,
      568.0231016599464,
      570.8708184489078,
      573.6402357819661
    ],
    "P": [
      98775.01420499815,
      95018.21031160312,
      90871.8025340731,
      86621.42212634088,
      82360.74887254459,
      78141.69266594762,
      73997.250548401,
      69949.75409051681,
      66014.75277765156,
      62203.14405914063,
      58522.46688075365,
      54977.74684900139,
      51572.07961970623,
      48307.05102679832,
      45183.049897893,
      42199.50724996135,
      39355.08316518897,
      36647.81537285393,
      34075.23909912183,
      31634.48490048428,
      29322.3593205175,
      27135.41193651748,
      25069.99147619165,
      23122.29305335163,
      21288.39811291845,
      19564.30833633662,
      17945.97450358796,
      16429.32111369873,
      15010.26741562648,
      13684.74538424623,
      12448.71508366845,
      11298.17778640367
    ],
    "P8W": [
      100500.0,
      97050.02840999632,
      92986.39221320991,
      88757.2128549363,
      84485.63139774546,
      80235.8663473437,
      76047.51898455153,
      71946.98211225047,
      67952.52606878316,
      64076.97948651998,
      60329.30863176128,
      56715.62512974603,
      53239.86856825674,
      49904.29067115573,
      46709.8113824409,
      43656.28841334509,
      40742.7260865776,
      37967.44024380034,
      35328.19050190751,
      32822.28769633614,
      30446.68210463243,
      28198.03653640256,
      26072.7873366324,
      24067.1956157509,
      22177.39049095237,
      20399.40573488452,
      18729.21093778872,
      17162.7380693872,
      15695.90415801025,
      14324.6306732427,
      13044.86009524977,
      11852.57007208713,
      10743.78550072022
    ],
    "PI": [
      0.9964846203579195,
      0.9855056055669947,
      0.9730218935006194,
      0.9597953905323897,
      0.9460630526117156,
      0.9319553157739209,
      0.917556938791944,
      0.9029281599434669,
      0.8881142888842164,
      0.8731507654138925,
      0.8580661107101872,
      0.8428837795210793,
      0.8276233890873363,
      0.8123015710467646,
      0.7969325832396943,
      0.7815287620439798,
      0.7661008650186666,
      0.7506583358357749,
      0.7352095127536286,
      0.7197617951765426,
      0.7043217785118187,
      0.6888953646546211,
      0.6734878534682841,
      0.6581040192595972,
      0.6427481752761443,
      0.6274242285491243,
      0.6121357268878461,
      0.5968858994465464,
      0.58167769199323,
      0.5665137977883359,
      0.5513966848102588,
      0.5363286199324198
    ],
    "QC": [
      0.0,
      0.0,
      0.0,
      0.0,
      0.0,
      0.0,
      0.0,
      0.0,
      0.0,
      0.0,
      0.0,
      0.0,
      0.0,
      0.0,
      0.0,
      0.0,
      0.0,
      0.0,
      0.0,
      0.0,
      0.0,
      0.0,
      0.0,
      0.0,
      0.0,
      0.0,
      0.0,
      0.0,
      0.0,
      0.0,
      0.0,
      0.0
    ],
    "QG": [
      0.0,
      0.0,
      0.0,
      0.0,
      0.0,
      0.0,
      0.0,
      0.0,
      0.0,
      0.0,
      0.0,
      0.0,
      0.0,
      0.0,
      0.0,
      0.0,
      0.0,
      0.0,
      0.0,
      0.0,
      0.0,
      0.0,
      0.0,
      0.0,
      0.0,
      0.0,
      0.0,
      0.0,
      0.0,
      0.0,
      0.0,
      0.0
    ],
    "QI": [
      0.0,
      0.0,
      0.0,
      0.0,
      0.0,
      0.0,
      0.0,
      0.0,
      0.0,
      0.0,
      0.0,
      0.0,
      0.0,
      0.0,
      0.0,
      0.0,
      0.0,
      0.0,
      0.0,
      0.0,
      0.0,
      0.0,
      0.0,
      0.0,
      0.0,
      0.0,
      0.0,
      0.0,
      0.0,
      0.0,
      0.0,
      0.0
    ],
    "QR": [
      0.0,
      0.0,
      0.0,
      0.0,
      0.0,
      0.0,
      0.0,
      0.0,
      0.0,
      0.0,
      0.0,
      0.0,
      0.0,
      0.0,
      0.0,
      0.0,
      0.0,
      0.0,
      0.0,
      0.0,
      0.0,
      0.0,
      0.0,
      0.0,
      0.0,
      0.0,
      0.0,
      0.0,
      0.0,
      0.0,
      0.0,
      0.0
    ],
    "QS": [
      0.0,
      0.0,
      0.0,
      0.0,
      0.0,
      0.0,
      0.0,
      0.0,
      0.0,
      0.0,
      0.0,
      0.0,
      0.0,
      0.0,
      0.0,
      0.0,
      0.0,
      0.0,
      0.0,
      0.0,
      0.0,
      0.0,
      0.0,
      0.0,
      0.0,
      0.0,
      0.0,
      0.0,
      0.0,
      0.0,
      0.0,
      0.0
    ],
    "QV": [
      0.00747730890803629,
      0.006436139313235226,
      0.005422068817762133,
      0.004516217354530778,
      0.003730729574914067,
      0.00306158247392087,
      0.002498587816175072,
      0.002029385542475162,
      0.001641336090056776,
      0.001322455481609096,
      0.001061855356620335,
      0.0008499113100144054,
      0.0006782797189520155,
      0.0005398319543186881,
      0.0004285468238660863,
      0.0003393857312577364,
      0.0002681650866041436,
      0.000211434309298093,
      0.0001663638693129346,
      0.0001306453723278212,
      0.0001024041899269739,
      8.012424104392284e-05,
      6.258403187304429e-05,
      4.880281798720257e-05,
      3.799567061514145e-05,
      2.953624629379153e-05,
      2.292613372274233e-05,
      1.776975615375524e-05,
      1.37539243005609e-05,
      1.063125241986951e-05,
      8.20676223709709e-06,
      6.327102109932748e-06
    ],
    "RHO": [
      1.188889345647282,
      1.149970461635443,
      1.107405784486763,
      1.06344235617257,
      1.019037419383554,
      0.9747337910862349,
      0.9308860204075571,
      0.8877414160807905,
      0.8454781707609543,
      0.8042263940493191,
      0.7640810291649841,
      0.725110415913951,
      0.687362294342426,
      0.6508681922933656,
      0.6156467328753342,
      0.5817061867824795,
      0.5490464774564022,
      0.51766077845729,
      0.4875368000670063,
      0.4586578348330074,
      0.4310036134455829,
      0.404551009638328,
      0.3792746237368487,
      0.3551472678548886,
      0.3321403707971855,
      0.3102243169850673,
      0.2893687308462853,
      0.2695427158788948,
      0.2507150558505505,
      0.2328543842140781,
      0.2159293267228529,
      0.1999086213519665
    ],