{
  "columns": {
    "CLDFRA": [
      0.0,
      0.0,
      0.0,
      0.0,
      0.0,
      0.0,
      0.0,
      0.0,
      0.0,
      0.0,
      0.0,
      0.0,
      0.0,
      0.0,
      0.0,
      0.0,
      0.0,
      0.0,
      0.0,
      0.0,
      0.0,
      0.0,
      0.0,
      0.0,
      0.0,
      0.0,
      0.0,
      0.0,
      0.0,
      0.0,
      0.0,
      0.0,
      0.0,
      0.0,
      0.0,
      0.0,
      0.0,
      0.0,
      0.0,
      0.0
    ],
    "DZ": [
      827.932761156481,
      814.0988105077913,
      800.541101707498,
      787.1905042873251,
      773.9951562532959,
      760.9161577601252,
      747.9243370075195,
      734.9978217726015,
      722.1202161843732,
      709.2792321248002,
      696.4656620692558,
      683.6726083187541,
      670.894904729479,
      658.1286829440456,
      645.3710470773727,
      632.6198297880292,
      625.2225756482471,
      625.2126054758502,
      625.2050236331834,
      625.1992580018693,
      625.1948735130433,
      625.1915393174974,
      625.1890038201002,
      625.1870756947529,
      625.1856094469786,
      625.184494435171,
      625.1836465216402,
      625.1830017236657,
      625.1825113854231,
      625.1821385064751,
      625.1818549497418,
      625.1816393183112,
      625.1814753408493,
      625.1813506437737,
      625.1813351247846,
      625.1813351247795,
      625.1813351247846,
      625.1813351247795,
      625.1813351247846,
      625.1813351247858
    ],
    "P": [
      95341.48650592769,
      86458.49447727215,
      78403.13321328117,
      71098.29213224875,
      64474.04506617728,
      58466.98088701307,
      53019.59649861669,
      48079.74638383518,
      43600.14343742176,
      39537.90630648741,
      35854.14890536464,
      32513.60817548224,
      29484.30652695296,
      26737.24573056947,
      24246.12932996576,
      21987.11091671239,
      19938.56585868902,
      18080.88429658599,
      16396.28342697787,
      14868.63727503366,
      13483.32232734944,
      12227.07754721176,
      11087.87743227667,
      10054.81689949907,
      9118.006895364211,
      8268.47973214224,
      7498.103243989277,
      6799.502941147848,
      6165.991417061414,
      5591.50433264712,
      5070.542364931111,
      4598.118564345173,
      4169.710616758244,
      3781.217553267346,
      3428.920493348965,
      3109.447045581621,
      2819.739025162717,
      2557.023179193061,
      2318.784639494531,
      2102.742848835873
    ],
    "P8W": [
      100000.0,
      90682.97301185539,
      82234.0159426889,
      74572.25048387342,
      67624.3337806241,
      61323.75635173046,
      55610.20542229566,
      50428.98757493771,
      45730.50519273266,
      41469.78168211087,
      37606.03093086394,
      34102.26687986532,
      30924.94947109916,
      28043.66358280676,
      25430.82787833217,
      23061.43078159935,
      20912.79105182544,
      18964.34066555261,
      17197.42792761938,
      15595.13892633636,
      14142.13562373095,
      12824.50903096792,
      11629.64606345559,
      10546.10880109775,
      9563.52499790038,
      8672.488792828042,
      7864.470671456435,
      7131.735816522119,
      6467.270065773576,
      5864.712768349253,
      5318.295896944988,
      4822.788832917235,
      4373.448295773111,
      3965.972937743378,
      3596.462168791315,
      3261.378817906616,
      2957.515273256627,
      2681.962777068807,
      2432.083581317315,
      2205.485697671746,
      2000.0
    ],
    "PI": [
      0.9864624270767053,
      0.9592792451425612,
      0.9328451291229238,
      0.9071394375878962,
      0.8821420979074955,
      0.857833590577675,
      0.8341949339782587,
      0.8112076695508939,
      0.7888538473854397,
      0.7671160122035422,
      0.7459771897284492,
      0.7254208734304204,
      0.7054310116373858,
      0.6859919950007842,
      0.667088644306797,
      0.648706198623457,
      0.6308303037743803,
      0.6134470011301157,
      0.596542716708365,
      0.5801042505745596,
      0.5641187665345146,
      0.5485737821111188,
      0.5334571587972251,
      0.518757092577137,
      0.5044621047092864,
      0.4905610327629066,
      0.4770430219016993,
      0.4638975164076929,
      0.4511142514386691,
      0.4386832450127254,
      0.4265947902137122,
      0.4148394476114585,
      0.4034080378908678,
      0.3922916346841283,
      0.38148155760044,
      0.3709693654478168,
      0.3607468496416696,
      0.3508060277950244,
      0.3411391374853694,
      0.3317386301932648
    ],
    "QC": [
      0.0,
      0.0,
      0.0,
      0.0,
      0.0,
      0.0,
      0.0,
      0.0,
      0.0,
      0.0,
      0.0,
      0.0,
      0.0,
      0.0,
      0.0,
      0.0,
      0.0,
      0.0,
      0.0,
      0.0,
      0.0,
      0.0,
      0.0,
      0.0,
      0.0,
      0.0,
      0.0,
      0.0,
      0.0,
      0.0,
      0.0,
      0.0,
      0.0,
      0.0,
      0.0,
      0.0,
      0.0,
      0.0,
      0.0,
      0.0
    ],
    "QG": [
      0.0,
      0.0,
      0.0,
      0.0,
      0.0,
      0.0,
      0.0,
      0.0,
      0.0,
      0.0,
      0.0,
      0.0,
      0.0,
      0.0,
      0.0,
      0.0,
      0.0,
      0.0,
      0.0,
      0.0,
      0.0,
      0.0,
      0.0,
      0.0,
      0.0,
      0.0,
      0.0,
      0.0,
      0.0,
      0.0,
      0.0,
      0.0,
      0.0,
      0.0,
      0.0,
      0.0,
      0.0,
      0.0,
      0.0,
      0.0
    ],
    "QI": [
      0.0,
      0.0,
      0.0,
      0.0,
      0.0,
      0.0,
      0.0,
      0.0,
      0.0,
      0.0,
      0.0,
      0.0,
      0.0,
      0.0,
      0.0,
      0.0,
      0.0,
      0.0,
      0.0,
      0.0,
      0.0,
      0.0,
      0.0,
      0.0,
      0.0,
      0.0,
      0.0,
      0.0,
      0.0,
      0.0,
      0.0,
      0.0,
      0.0,
      0.0,
      0.0,
      0.0,
      0.0,
      0.0,
      0.0,
      0.0
    ],
    "QR": [
      0.0,
      0.0,
      0.0,
      0.0,
      0.0,
      0.0,
      0.0,
      0.0,
      0.0,
      0.0,
      0.0,
      0.0,
      0.0,
      0.0,
      0.0,
      0.0,
      0.0,
      0.0,
      0.0,
      0.0,
      0.0,
      0.0,
      0.0,
      0.0,
      0.0,
      0.0,
      0.0,
      0.0,
      0.0,
      0.0,
      0.0,
      0.0,
      0.0,
      0.0,
      0.0,
      0.0,
      0.0,
      0.0,
      0.0,
      0.0
    ],
    "QS": [
      0.0,
      0.0,
      0.0,
      0.0,
      0.0,
      0.0,
      0.0,
      0.0,
      0.0,
      0.0,
      0.0,
      0.0,
      0.0,
      0.0,
      0.0,
      0.0,
      0.0,
      0.0,
      0.0,
      0.0,
      0.0,
      0.0,
      0.0,
      0.0,
      0.0,
      0.0,
      0.0,
      0.0,
      0.0,
      0.0,
      0.0,
      0.0,
      0.0,
      0.0,
      0.0,
      0.0,
      0.0,
      0.0,
      0.0,
      0.0
    ],
    "QV": [
      0.008749623648316374,
      0.006653673295604324,
      0.005059802581698115,
      0.003847739591102605,
      0.002926023243375191,
      0.002225101730005192,
      0.001692084203391691,
      0.001286749685535059,
      0.0009785120326197482,
      0.0007441119347027376,
      0.0005658617910754109,
      0.0004303110213209881,
      0.0003272310977534006,
      0.0002488437107842972,
      0.0001892338253363803,
      0.000143903338117635,
      0.0001094316551736339,
      8.321757723404448e-05,
      6.328301577560948e-05,
      4.812372840887877e-05,
      3.659581022787021e-05,
      2.78293758716168e-05,
      2.116291883090799e-05,
      1.609339481811311e-05,
      1.223826254029803e-05,
      9.306617509730775e-06,
      7.077240677524994e-06,
      5.38190546191936e-06,
      4.092683535974761e-06,
      3.112291481921587e-06,
      2.366749880194356e-06,
      1.799800895236687e-06,
      1.368663114595266e-06,
      1.040803305638577e-06,
      1e-06,
      1e-06,
      1e-06,
      1e-06,
      1e-06,
      1e-06
    ],