{
  "columns": {
    "CLDFRA": [
      0.0,
      0.0,
      0.0,
      0.0,
      0.0,
      0.0,
      0.0,
      0.0,
      0.0,
      0.0,
      0.0,
      0.0,
      0.0,
      0.0,
      0.0,
      0.0,
      0.0,
      0.0,
      0.0,
      0.0,
      0.0,
      0.0,
      0.0,
      0.0,
      0.0,
      0.0,
      0.0,
      0.0,
      0.0,
      0.0,
      0.0,
      0.0
    ],
    "DZ": [
      297.3017787506803,
      362.4521766357669,
      391.9341220257944,
      412.397618533384,
      428.3146230079283,
      441.4416507151416,
      452.6657695845734,
      462.5018461716736,
      471.2769759904795,
      479.212684269211,
      486.4663482018459,
      493.1540104636688,
      499.3638243987834,
      505.1644135634961,
      510.6103000298235,
      515.7455585443913,
      520.6063522550967,
      525.2227386398781,
      529.6199849271325,
      533.8195452584732,
      537.8397992729751,
      541.6966190332132,
      545.4038102315881,
      548.9734598450395,
      552.4162131695157,
      555.7414968463618,
      558.9577000931458,
      562.0723232370765,
      565.0921004130414,
      568.0231016599464,
      570.8708184489078,
      573.6402357819661
    ],
    "P": [
      98653.5004393117,
      94635.37641315814,
      90212.33149655415,
      85696.02500943869,
      81187.08293548311,
      76740.65809240131,
      72391.24286955151,
      68161.67015026399,
      64067.37186167849,
      60118.72397668733,
      56322.47457456905,
      52682.67837109484,
      49201.3420270932,
      45878.88851865292,
      42714.50228908332,
      39706.39247700314,
      36851.99786366869,
      34148.1491427983,
      31591.19916741209,
      29177.12866497972,
      26901.63282319068,
      24760.19272928941,
      22748.13465708832,
      20860.67949146761,
      19092.98406853154,
      17440.17583128299,
      15897.3819164624,
      14459.75357156062,
      13122.48663370118,
      11880.83870068821,
      10730.14344915095,
      9665.822399508275
    ],
    "P8W": [
      100500.0,
      96807.0008786234,
      92463.75194769287,
      87960.91104541543,
      83431.13897346194,
      78943.02689750427,
      74538.28928729836,
      70244.19645180466,
      66079.14384872331,
      62055.59987463366,
      58181.848078741,
      54463.10107039709,
      50902.25567179258,
      47500.42838239382,
      44257.34865491204,
      41171.65592325461,
      38241.12903075168,
      35462.86669658569,
      32833.4315890109,
      30348.96674581328,
      28005.29058414616,
      25797.9750622352,
      23722.41039634362,
      21773.85891783301,
      19947.50006510222,
      18238.46807196087,
      16641.88359060512,
      15152.88024231968,
      13766.62690080155,
      12478.34636660081,
      11283.3310347756,
      10176.9558635263,
      9154.688935490249
    ],
    "PI": [
      0.9961342141120811,
      0.9843694952242323,
      0.9709991072286346,
      0.9568545094015916,
      0.942191376455139,
      0.9271503110286055,
      0.9118224801739615,
      0.8962724844674039,
      0.8805487452471537,
      0.864688991110054,
      0.8487234619514764,
      0.8326769207217107,
      0.8165699880400331,
      0.8004200667592721,
      0.7842420052477218,
      0.7680485871336273,
      0.7518509017557586,
      0.7356586301972949,
      0.7194802700892053,
      0.7033233150455971,
      0.6871943998565953,
      0.6710994194139623,
      0.6550436271975598,
      0.6390317176554815,
      0.6230678957492484,
      0.6071559361690864,
      0.59129923416259,
      0.5755008495028522,
      0.5597635448086148,
      0.5440898195756129,
      0.5284819403153964,
      0.5129419656689822
    ],
    "QC": [
      0.0,
      0.0,
      0.0,
      0.0,
      0.0,
      0.0,
      0.0,
      0.0,
      0.0,
      0.0,
      0.0,
      0.0,
      0.0,
      0.0,
      0.0,
      0.0,
      0.0,
      0.0,
      0.0,
      0.0,
      0.0,
      0.0,
      0.0,
      0.0,
      0.0,
      0.0,
      0.0,
      0.0,
      0.0,
      0.0,
      0.0,
      0.0
    ],
    "QG": [
      0.0,
      0.0,
      0.0,
      0.0,
      0.0,
      0.0,
      0.0,
      0.0,
      0.0,
      0.0,
      0.0,
      0.0,
      0.0,
      0.0,
      0.0,
      0.0,
      0.0,
      0.0,
      0.0,
      0.0,
      0.0,
      0.0,
      0.0,
      0.0,
      0.0,
      0.0,
      0.0,
      0.0,
      0.0,
      0.0,
      0.0,
      0.0
    ],
    "QI": [
      0.0,
      0.0,
      0.0,
      0.0,
      0.0,
      0.0,
      0.0,
      0.0,
      0.0,
      0.0,
      0.0,
      0.0,
      0.0,
      0.0,
      0.0,
      0.0,
      0.0,
      0.0,
      0.0,
      0.0,
      0.0,
      0.0,
      0.0,
      0.0,
      0.0,
      0.0,
      0.0,
      0.0,
      0.0,
      0.0,
      0.0,
      0.0
    ],
    "QR": [
      0.0,
      0.0,
      0.0,
      0.0,
      0.0,
      0.0,
      0.0,
      0.0,
      0.0,
      0.0,
      0.0,
      0.0,
      0.0,
      0.0,
      0.0,
      0.0,
      0.0,
      0.0,
      0.0,
      0.0,
      0.0,
      0.0,
      0.0,
      0.0,
      0.0,
      0.0,
      0.0,
      0.0,
      0.0,
      0.0,
      0.0,
      0.0
    ],
    "QS": [
      0.0,
      0.0,
      0.0,
      0.0,
      0.0,
      0.0,
      0.0,
      0.0,
      0.0,
      0.0,
      0.0,
      0.0,
      0.0,
      0.0,
      0.0,
      0.0,
      0.0,
      0.0,
      0.0,
      0.0,
      0.0,
      0.0,
      0.0,
      0.0,
      0.0,
      0.0,
      0.0,
      0.0,
      0.0,
      0.0,
      0.0,
      0.0
    ],
    "QV": [
      0.002762202755504901,
      0.002299665030992898,
      0.001864908003508813,
      0.00149150584004006,
      0.001180874259827859,
      0.000927424487772131,
      0.0007234621315463036,
      0.0005610639980079869,
      0.0004328762850273233,
      0.0003324292533835578,
      0.0002542156417214774,
      0.0001936526564575774,
      0.0001469903186553845,
      0.000111200080247515,
      8.386190524193943e-05,
      6.305911445973696e-05,
      4.728518724673252e-05,
      3.536381066421201e-05,
      2.638187264204005e-05,
      1.963428479700813e-05,
      1.457917457117289e-05,
      1.080190906618449e-05,
      7.986483437502843e-06,
      5.892950796282805e-06,
      4.339743653978353e-06,
      3.189913161572782e-06,
      2.340477640781838e-06,
      1.714219371163785e-06,
      1.253395879114879e-06,
      1e-06,
      1e-06,
      1e-06
    ],
    "RHO": [
      1.273105603981735,
      1.229664015062443,
      1.179650768389704,
      1.128312014550861,
      1.076776655023691,
      1.025670660418548,
      0.975391217760268,
      0.9262059172426789,
      0.8782997341111669,
      0.831801008779706,
      0.7867973620430375,
      0.7433461738588194,
      0.7014818555165657,
      0.6612210987484296,
      0.6225667796622751,
      0.5855109303380707,
      0.5500370424664078,
      0.5161218794804558,
      0.4837369190373773,
      0.4528495124159505,
      0.4234238237941992,
      0.3954215961202394,
      0.3688027788230293,
      0.3435260443484935,
      0.3195492144476106,
      0.2968296126305502,
      0.2753243557946049,
      0.2549905954313431,
      0.2357857168086902,
      0.2176674920768288,
      0.2005942305634691,
      0.1845249195821973
    ],