{
  "scalars": {
    "SCHEME": "WSM3 (mp_physics=3)",
    "CASE": 4,
    "KX": 40,
    "DT": 90.0,
    "RAIN": 0.04057072014763589,
    "RAINNCV": 0.04057072014763589,
    "SNOW": 0.0,
    "SNOWNCV": 0.0,
    "SR": 0.0
  },
  "columns": {
    "T_IN": [
      294.9894840167194,
      292.4580642895245,
      289.6350089295851,
      286.6300679709365,
      285.3585016412003,
      284.2051799825771,
      282.9946363946904,
      281.7294723594619,
      280.4115091435607,
      279.0420766378841,
      277.6221783705271,
      276.1525923160243,
      274.6339357660964,
      273.0667088472734,
      271.4513247253191,
      269.7881311694588,
      268.0774263134948,
      266.3194704006427,
      264.5144946735821,
      262.6627081860823,
      260.7643030684283,
      258.8194586202371,
      256.8283444989267,
      254.7911232008249,
      252.7079519828403,
      250.578984338289,
      248.4043711160644,
      246.1842613546891,
      243.9188028897724,
      241.6081427835766,
      239.252427617771,
      236.8518036843437,
      234.4064171045534,
      231.9164139014126,
      229.3819400472677,
      226.8031415044315,
      224.1801642734403,
      221.5131544603132,
      218.8022583711717,
      216.0476226397585
    ],
    "QV_IN": [
      0.01693012498663962,
      0.0148801890510719,
      0.01284716116552918,
      0.01094767691426774,
      0.01011314153089526,
      0.009405776911445382,
      0.00873470937506992,
      0.008100314934904668,
      0.007501768757620876,
      0.006937591062889588,
      0.006405985186221754,
      0.005905053316689642,
      0.005432934265613603,
      0.004987888683226689,
      0.00456834752801021,
      0.004172934305481318,
      0.003800468474950911,
      0.00344995546609809,
      0.003120567447703913,
      0.002811618081538156,
      0.002522533826868231,
      0.002252823849380386,
      0.002002050180674707,
      0.001769799438594976,
      0.001555657133656048,
      0.001359185338948474,
      0.001179904280849789,
      0.001017278209389635,
      0.0008707057260951647,
      0.0007395145811175097,
      0.0006229607992660656,
      0.0005202318562249388,
      0.000430453502608835,
      0.0003526997263271786,
      0.0002860052552491526,
      0.000229379935041546,
      0.0001818242740106231,
      0.0001423454303010953,
      0.0001099729287720562,
      8.377343619771506e-05
    ],
    "QC_IN": [
      0.0004883539105471245,
      0.0006159228494271422,
      0.0007658696386676061,
      0.0009211364439951237,
      0.001060536575241021,
      0.001160411547373586,
      0.001199876488692997,
      0.001167026360857204,
      0.00106344493036117,
      0.0009047299764720981,
      0.0007163583163400679,
      0.0005263942281409301,
      0.0003580338742857262,
      0.0002248615221549065,
      0.0001301068125579946,
      0.0,
      0.0,
      0.0,
      0.0,
      0.0,
      0.0,
      0.0,
      0.0,
      0.0,
      0.0,
      0.0,
      0.0,
      0.0,
      0.0,
      0.0,
      0.0,
      0.0,
      0.0,
      0.0,
      0.0,
      0.0,
      0.0,
      0.0,
      0.0,
      0.0
    ],
    "QR_IN": [
      6.878049122182837e-05,
      9.584920375853028e-05,
      0.0001354355012824479,
      0.0001902393469268661,
      0.000263079869296875,
      0.0003559273803410746,
      0.0004689290908312443,
      0.0005994175309747946,
      0.0007411477259621649,
      0.0008840967432084356,
      0.001015128205667648,
      0.001119648188190315,
      0.001184076877391551,
      0.001198622345928357,
      0.001159610373663008,
      0.001070630782638121,
      0.000942055491402311,
      0.0007889847131569579,
      0.0006281925668420109,
      0.0004749553097560431,
      0.0003406245685282866,
      0.00023147885340439,
      0.0001489110326149969,
      9.059580329212245e-05,
      5.207822870858218e-05,
      2.826096397179939e-05,
      1.44653642297153e-05,
      6.977898240064071e-06,
      3.169751944966988e-06,
      1.354859725797422e-06,
      5.445084086553079e-07,
      2.056070275789258e-07,
      7.289283782456165e-08,
      2.424620289110589e-08,
      7.561719064653226e-09,
      2.209674511588857e-09,
      6.04625923611377e-10,
      1.548181808694744e-10,
      3.707370026688399e-11,
      8.297674795784691e-12
    ],
    "W_IN": [
      0.004270134708795476,
      0.009643759688808042,
      0.02243294925295671,
      0.05114801926448449,
      0.111547170177867,
      0.228999589332481,
      0.4373380843959829,
      0.7696979127783327,
      1.238637412858704,
      1.810381463352738,
      2.389096867863032,
      2.831672719614528,
      2.999999706146634,
      2.828564874093503,
      2.36385251732974,
      1.744408402586577,
      1.132707371155254,
      0.6450406664852436,
      0.3211388145064377,
      0.1393607706172799,
      0.05256509878890851,
      0.0171864359954174,
      0.004858221370457176,
      0.001184373105899009,
      0.0002484145513928752,
      4.472369364278093e-05,
      6.896038106672556e-06,
      9.087070232586258e-07,
      1.021175885271312e-07,
      9.76668199844046e-09,
      7.934254131496972e-10,
      5.464420554403737e-11,
      3.184561281705281e-12,
      1.567587914309845e-13,
      6.506087005430431e-15,
      2.272797668124127e-16,
      6.67143578584676e-18,
      1.642769406263914e-19,
      3.387890708112381e-21,
      5.842371865948079e-23
    ],
    "PII": [
      0.9965860946510788,
      0.9880340009781235,
      0.9784966517891388,
      0.9683448242261367,
      0.9578019071633822,
      0.9469751346212215,
      0.9359275286279514,
      0.9247037696812034,
      0.9133375961112237,
      0.9018554684924003,
      0.8902787312890007,
      0.8786249775107858,
      0.8669089566625741,
      0.855143204709336,
      0.8433384964206592,
      0.8315041795812321,
      0.8196484279337221,
      0.8077784365768879,
      0.7959005755842146,
      0.78402051261826,
      0.7721433120900052,
      0.7602735162707616,
      0.7484152123082822,
      0.7365720880878877,
      0.7247474791640155,
      0.7129444084723093,
      0.7011656201550633,
      0.689413608552292,
      0.677690643198936,
      0.6659987905065791,
      0.6543399326820987,
      0.6427157843364518,
      0.6311279071575341,
      0.6195777229568439,
      0.6080665253470185,
      0.5965954902635722,
      0.58516568550749,
      0.5737780794543426,
      0.5624335490492673,
      0.5511328871848349
    ],
    "DEN": [
      1.155223152925363,
      1.131995382343345,
      1.106230493925766,
      1.078997190547682,
      1.043590265021376,
      1.007382954181963,
      0.9713759966201541,
      0.9357533118717563,
      0.9006490496547822,
      0.8661631097362105,
      0.8323705726825488,
      0.7993278483766771,
      0.7670769090665194,
      0.7356483320405119,
      0.7050635634500411,
      0.6753366500398761,
      0.6464755937535559,
      0.6184834304922335,
      0.5913591015840921,
      0.5650981658548337,
      0.5396933867185206,
      0.515135219673138,
      0.491412219364384,
      0.4685113809910421,
      0.446418427653696,
      0.4251180529053737,
      0.4045941259939806,
      0.3848298659236546,
      0.3658079893918237,
      0.3475108368028362,
      0.3299204798634457,
      0.3130188136919944,
      0.296787635894656,
      0.2812087146589473,
      0.2662638475726241,
      0.2519349125845112,
      0.2382039122749935,
      0.2250530123919218,
      0.212464575428077,
      0.2004211898655647
    ],