{
  "scalars": {
    "SCHEME": "WSM3 (mp_physics=3)",
    "CASE": 2,
    "KX": 40,
    "DT": 90.0,
    "RAIN": 0.01371360596222103,
    "RAINNCV": 0.01371360596222103,
    "SNOW": 0.0,
    "SNOWNCV": 0.0,
    "SR": 0.0
  },
  "columns": {
    "T_IN": [
      285.989538167477,
      283.4468158972097,
      280.9667098100276,
      279.7802857110598,
      278.5206183974129,
      277.1957344330337,
      275.8105891877242,
      274.368512271826,
      272.8718729059562,
      271.3224291927769,
      269.7215288820569,
      268.07023277366,
      266.3693945972651,
      264.6197148941599,
      262.8217786015196,
      260.9760820038315,
      259.083052509116,
      257.1430634408893,
      255.1564452797029,
      253.1234943196406,
      251.0444794065131,
      248.9196472290556,
      246.7492265035148,
      244.5334313024268,
      242.2724637158624,
      239.9665159889437,
      237.615772247189,
      235.2204098974316,
      232.7806007741006,
      230.2965120868427,
      227.7683072146131,
      225.1961463826605,
      222.5801872517118,
      219.920585442746,
      217.217495015775,
      214.4710689168417,
      211.681459403897,
      208.8488184592619,
      205.9732981939673,
      203.0550512473758
    ],
    "QV_IN": [
      0.00928600314004214,
      0.008081344672551638,
      0.007013871774261397,
      0.006456278036797534,
      0.005924392426006494,
      0.005422701543245472,
      0.004952695497207522,
      0.004514271009068677,
      0.004106453541273105,
      0.003727810870344708,
      0.003376703413462817,
      0.003051438679972944,
      0.002750365299334285,
      0.00247192720418478,
      0.00221469087806909,
      0.001977354276181224,
      0.001758743434324451,
      0.001557801115378441,
      0.001373570710544919,
      0.001205177804550465,
      0.001051811211985648,
      0.0009127048269528248,
      0.0007871212580650676,
      0.0006743379190651188,
      0.0005736359947879988,
      0.0004842924916504694,
      0.0004055754039588572,
      0.0003367418773696106,
      0.0002770391259530419,
      0.0002257077579591593,
      0.0001819870869348465,
      0.0001451219492357536,
      0.0001143705164158905,
      8.901258162798074e-05,
      6.835781286934411e-05,
      5.175350191376791e-05,
      3.859139451343105e-05,
      2.831326238246012e-05,
      2.041496695650037e-05,
      1.444886427814103e-05
    ],
    "QC_IN": [
      0.0003363109187867663,
      0.0004520235840602088,
      0.00058454162170366,
      0.0007065957346546477,
      0.000785483561811991,
      0.0007936708784915266,
      0.0007222243748592984,
      0.0005873335400117494,
      0.0004240179625612411,
      0.0002701516621029766,
      0.0001510935041773351,
      0.0001330413411696612,
      8.553569367152743e-05,
      0.0001182778512545132,
      0.0001562756485948691,
      0.0001969433052477783,
      0.0002363403783227254,
      0.0002696577438161247,
      0.0002921043577153569,
      0.0002999995364725081,
      0.0002917419822006727,
      0.0002683114057337156,
      0.0002330944915550354,
      0.0001910691798495993,
      0.0001476210385270025,
      0.0001073881651604604,
      7.348241807674886e-05,
      4.72512135960678e-05,
      2.852612678563915e-05,
      1.615413955315894e-05,
      8.573517080822263e-06,
      4.260912509466142e-06,
      1.98134169481466e-06,
      8.613583575981317e-07,
      3.498161574694311e-07,
      1.326171734643271e-07,
      4.689689835040449e-08,
      1.545827875071478e-08,
      4.746202505442381e-09,
      1.356443852074923e-09
    ],
    "QR_IN": [
      3.146857546175644e-05,
      4.280674034720469e-05,
      5.923441111457916e-05,
      8.194030134969874e-05,
      0.0001123732377510665,
      0.0001519693044818164,
      0.0002018798995325772,
      0.0002626368021510115,
      0.0003337791390397098,
      0.0004135065489183635,
      0.000498451113663745,
      0.0005836702735347081,
      0.0006629431631048255,
      0.0007293984627358607,
      0.0007764194098124739,
      0.0007986811925230908,
      0.0007931074726103711,
      0.0007595158887703673,
      0.0007007734570030508,
      0.0006223949173754126,
      0.0005316589265592597,
      0.0004364426990156764,
      0.0003440426684458649,
      0.0002602353296947667,
      0.0001887468562601454,
      0.0001311761776435062,
      8.729811668388086e-05,
      5.559709444415978e-05,
      3.386322528314542e-05,
      1.97139473268341e-05,
      1.096315923522991e-05,
      5.820626843949623e-06,
      2.948746968874356e-06,
      1.424646487171346e-06,
      6.560737409115715e-07,
      2.878417710267971e-07,
      1.202528976385727e-07,
      4.781539880654218e-08,
      1.80869425201468e-08,
      6.505591469213961e-09
    ],
    "W_IN": [
      0.005132030894542491,
      0.01025630268184282,
      0.02109863007216931,
      0.04286893422011191,
      0.08431095910230675,
      0.1584076820096135,
      0.2815893301830193,
      0.4699752568494536,
      0.7317983802893065,
      1.057306218363512,
      1.410684855207692,
      1.730730556498554,
      1.945028428400987,
      1.995212379685106,
      1.862115857771486,
      1.576396963524276,
      1.207083593484894,
      0.8338089453698283,
      0.5182764739193352,
      0.2891922062690547,
      0.144529341379266,
      0.064554801523397,
      0.02571597382643412,
      0.009118310521531107,
      0.002872306856752955,
      0.000802325477267884,
      0.0001983807580045514,
      4.334401704305163e-05,
      8.354384424139114e-06,
      1.418248597534598e-06,
      2.11719170653944e-07,
      2.775071897592853e-08,
      3.188956854300899e-09,
      3.208146565619387e-10,
      2.821482804801048e-11,
      2.166304694403541e-12,
      1.450092909640596e-13,
      8.451517507290089e-15,
      4.283285880064593e-16,
      1.885279337954517e-17
    ],
    "PII": [
      0.9964792270643795,
      0.9876195675860966,
      0.9777566579920031,
      0.967331981851309,
      0.9565169746640549,
      0.945408406057896,
      0.9340701036085736,
      0.9225477364627667,
      0.9108757864754045,
      0.8990812996116425,
      0.8871860982037703,
      0.8752081769548443,
      0.8631626312110815,
      0.8510623005524717,
      0.838918230503172,
      0.8267400133023333,
      0.8145360455116877,
      0.8023137267758582,
      0.7900796159007147,
      0.7778395553024291,
      0.7655987715731583,
      0.7533619577123363,
      0.7411333410776488,
      0.7289167400705181,
      0.7167156118342184,
      0.704533092711101,
      0.6923720328152921,
      0.6802350257865142,
      0.6681244345708174,
      0.6560424139054186,
      0.6439909300538811,
      0.6319717782348717,
      0.6199865981058524,
      0.608036887597316,
      0.5961240153399797,
      0.5842492318840488,
      0.5724136798743078,
      0.5606184033159303,
      0.5488643560424017,
      0.537152409477979
    ],
    "DEN": [
      1.196635128217167,
      1.171067043800447,
      1.141360640141123,
      1.104368364407869,
      1.066899733434287,
      1.029366792646341,
      0.9920407681408102,
      0.9551122965938078,
      0.9187205288802265,
      0.8829692197780895,
      0.8479365005796233,
      0.8136812448332839,
      0.7802474448580173,
      0.7476673516077182,
      0.7159638054130119,
      0.6851520142802859,
      0.6552409411795524,
      0.6262344059835417,
      0.5981319736760834,
      0.5709296788981865,
      0.544620622813992,
      0.5191954687999493,
      0.4946428569100407,
      0.4709497524298477,
      0.4481017404687504,
      0.4260832760482215,
      0.4048778972613707,
      0.3844684076294186,
      0.3648370326460086,
      0.3459655545986265,
      0.3278354290308403,
      0.3104278856191487,
      0.2937240157548173,
      0.2777048487228846,
      0.2623514180417545,
      0.2476448192554721,
      0.2335662602476667,
      0.2200971049638611,
      0.2072189112813665,
      0.1949134636481673
    ],