{
  "scalars": {
    "SCHEME": "WSM3 (mp_physics=3)",
    "CASE": 5,
    "KX": 40,
    "DT": 90.0,
    "RAIN": 0.01387411981851906,
    "RAINNCV": 0.01387411981851906,
    "SNOW": 0.0,
    "SNOWNCV": 0.0,
    "SR": 0.0
  },
  "columns": {
    "T_IN": [
      281.989563338714,
      279.831862727424,
      278.7015114444288,
      277.4814795440376,
      276.1873194153101,
      274.8273766628982,
      273.4068079440181,
      271.9290790597027,
      270.39665558079,
      268.8113658865002,
      267.1746101003876,
      265.487488640698,
      263.7508854861019,
      261.9655243588356,
      260.1320079145977,
      258.2508458401529,
      256.3224754663274,
      254.3472771859354,
      252.3255861769228,
      250.25770144165,
      248.143892860499,
      245.9844067527768,
      243.7794703000147,
      241.5292950921534,
      239.2340799909102,
      236.8940134574669,
      234.5092754574452,
      232.08003903096,
      229.6064715966902,
      227.0887360445759,
      224.5269916606786,
      221.9213949190715,
      219.2721001687393,
      216.5792602379451,
      213.843026974051,
      211.0635517331543,
      208.2409858309652,
      205.3754809639982,
      202.4671896082991,
      199.5162654015231
    ],
    "QV_IN": [
      0.004191861732262057,
      0.003692392621912658,
      0.003388691593357436,
      0.003095069404619473,
      0.002817224053370991,
      0.002557391119771722,
      0.002316165257627773,
      0.002093273180403318,
      0.001887972753510878,
      0.001699281737507944,
      0.001526116042706718,
      0.00136737473559432,
      0.001221991499706937,
      0.001088964037351606,
      0.0009673686358941809,
      0.0008563647159476229,
      0.0007551927185442819,
      0.0006631677447979605,
      0.0005796707175670176,
      0.0005041383738960905,
      0.0004360530539898262,
      0.0003749329885409166,
      0.0003203235777455068,
      0.000271789987315177,
      0.0002289112495011459,
      0.000191275944143016,
      0.0001584794417563616,
      0.0001301226148511494,
      0.0001058118632007386,
      8.516025252222296e-05,
      6.778953329540863e-05,
      5.333278680236568e-05,
      4.143743854897239e-05,
      3.176838458535754e-05,
      2.40109931965867e-05,
      1.7873771963457e-05,
      1.309052683599741e-05,
      9.421883680594479e-06,
      6.656091347886842e-06,
      4.609075857295415e-06
    ],
    "QC_IN": [
      0.0,
      0.0,
      0.0,
      0.0,
      0.0,
      0.0,
      0.0,
      0.0,
      0.0,
      0.0,
      0.0,
      0.0,
      0.0,
      0.0,
      0.0,
      0.0,
      0.0,
      0.0,
      0.0,
      0.0,
      0.0,
      0.0,
      0.0,
      0.0,
      0.0,
      0.0,
      0.0,
      0.0,
      0.0,
      0.0,
      0.0,
      0.0,
      0.0,
      0.0,
      0.0,
      0.0,
      0.0,
      0.0,
      0.0,
      0.0
    ],
    "QR_IN": [
      2.934261398418697e-05,
      4.352274191817962e-05,
      6.548548588471037e-05,
      9.758090444566483e-05,
      0.0001423110382620904,
      0.0002015614081912397,
      0.0002756664021237872,
      0.0003624020018275329,
      0.0004562285790434338,
      0.0005482100662534779,
      0.0006269648908526172,
      0.0006807096366884994,
      0.0006999999668188252,
      0.0006803479890763289,
      0.0006237501438228309,
      0.0005384496408467969,
      0.0004369111409618724,
      0.0003327031667574195,
      0.0002373978100466222,
      0.0001584988395701507,
      9.888000170390685e-05,
      5.756438409382718e-05,
      3.123318527611254e-05,
      1.577507496969833e-05,
      7.408236264152267e-06,
      3.231171765258007e-06,
      1.307486768362982e-06,
      4.903341364775393e-07,
      1.702488707234776e-07,
      5.467471329532362e-08,
      1.622497712327264e-08,
      4.445018416752306e-09,
      1.123213293813617e-09,
      2.615576742366692e-10,
      5.608104310576962e-11,
      1.106225892118808e-11,
      2.005833270231645e-12,
      3.340575062113804e-13,
      5.106022169552532e-14,
      7.157247606468145e-15
    ],
    "W_IN": [
      0.0,
      0.0,
      0.0,
      0.0,
      0.0,
      0.0,
      0.0,
      0.0,
      0.0,
      0.0,
      0.0,
      0.0,
      0.0,
      0.0,
      0.0,
      0.0,
      0.0,
      0.0,
      0.0,
      0.0,
      0.0,
      0.0,
      0.0,
      0.0,
      0.0,
      0.0,
      0.0,
      0.0,
      0.0,
      0.0,
      0.0,
      0.0,
      0.0,
      0.0,
      0.0,
      0.0,
      0.0,
      0.0,
      0.0,
      0.0
    ],
    "PII": [
      0.9819331347861957,
      0.9730645920322614,
      0.9632435536059505,
      0.9528674878038802,
      0.9421041661179491,
      0.9310498952205464,
      0.9197681559198302,
      0.9083043351227259,
      0.8966926741253921,
      0.8849600083071212,
      0.8731279726221193,
      0.861214393259105,
      0.8492342128583756,
      0.8372001317921806,
      0.8251230680364252,
      0.8130124964315447,
      0.800876705031416,
      0.7887229928118179,
      0.7765578248757803,
      0.7643869561882919,
      0.7522155315694383,
      0.7400481674791353,
      0.7278890196317467,
      0.7157418394393066,
      0.7036100215450924,
      0.6914966441776171,
      0.6794045036653192,
      0.6673361441622173,
      0.6552938834160114,
      0.6432798352429693,
      0.631295929244706,
      0.6193439282009653,
      0.6074254434927941,
      0.5955419488470279,
      0.5836947926420892,
      0.57188520897403,
      0.5601143276484623,
      0.5483831832369997,
      0.536692723314884,
      0.5250438159786821
    ],
    "DEN": [
      1.156288787796447,
      1.129127270217892,
      1.094362748680983,
      1.058476924676789,
      1.022156392004924,
      0.9857997371840057,
      0.9496682445655557,
      0.9139447159728142,
      0.878761917877313,
      0.8442183122592559,
      0.8103876062047928,
      0.7773249638458635,
      0.7450712679359996,
      0.7136561687570532,
      0.6831003401313227,
      0.6534171949381148,
      0.6246142190396816,
      0.5966940276606288,
      0.5696552146990638,
      0.5434930441548732,
      0.5182000189168995,
      0.4937663527572057,
      0.4701803648881555,
      0.4474288118447185,
      0.4254971681342639,
      0.4043698646484609,
      0.3840304919943958,
      0.3644619744994927,
      0.3456467195580607,
      0.327566746133782,
      0.3102037955542035,
      0.2935394271888273,
      0.2775551011617302,
      0.2622322498906551,
      0.2475523399507678,
      0.2334969255202366,
      0.2200476944668327,
      0.2071865079722753,
      0.1948954344579518,
      0.1831567784669217
    ],
    "P": [
      93818.11515684966,
      90885.76015301672,
      87715.50929072754,
      84452.747140747,
      81160.78427833061,
      77876.30627869898,
      74623.2729222443,
      71418.35692171476,
      68273.57993359625,
      65197.77250187995,
      62197.46110052009,
      59277.4452580873,
      56441.19334146155,
      53691.12552000267,
      51028.82298258742,
      48455.18694187105,
      45970.56225994381,
      43574.83541161927,
      41267.51336253817,
      39047.78794357909,
      36914.58899398168,
      34866.62866291111,
      32902.43864927904,
      31020.40172885618,
      29218.77860738062,
      27495.7309107768,
      25849.34095396179,
      24277.62880139922,
      22778.56703419417,
      21350.09356219549,
      19990.12275969235,
      18696.55515584655,
      17467.28587306905,
      16300.21197597281,
      15193.23886870303,
      14144.28585814148,
      13151.2909837705,
      12212.21520114292,
      11325.04599437176,
      10487.80048338426
    ],