{
  "scalars": {
    "SCHEME": "WSM5 (mp_physics=4)",
    "CASE": 4,
    "KX": 40,
    "DT": 90.0,
    "RAIN": 0.2561146718083977,
    "RAINNCV": 0.2561146718083977,
    "SNOW": 0.0019619523066854,
    "SNOWNCV": 0.0019619523066854,
    "SR": 0.007660444803199319
  },
  "columns": {
    "T_IN": [
      294.9894840167194,
      292.4580642895245,
      289.6350089295851,
      286.6300679709365,
      285.3585016412003,
      284.2051799825771,
      282.9946363946904,
      281.7294723594619,
      280.4115091435607,
      279.0420766378841,
      277.6221783705271,
      276.1525923160243,
      274.6339357660964,
      273.0667088472734,
      271.4513247253191,
      269.7881311694588,
      268.0774263134948,
      266.3194704006427,
      264.5144946735821,
      262.6627081860823,
      260.7643030684283,
      258.8194586202371,
      256.8283444989267,
      254.7911232008249,
      252.7079519828403,
      250.578984338289,
      248.4043711160644,
      246.1842613546891,
      243.9188028897724,
      241.6081427835766,
      239.252427617771,
      236.8518036843437,
      234.4064171045534,
      231.9164139014126,
      229.3819400472677,
      226.8031415044315,
      224.1801642734403,
      221.5131544603132,
      218.8022583711717,
      216.0476226397585
    ],
    "QV_IN": [
      0.01693012498663962,
      0.0148801890510719,
      0.01284716116552918,
      0.01094767691426774,
      0.01011314153089526,
      0.009405776911445382,
      0.00873470937506992,
      0.008100314934904668,
      0.007501768757620876,
      0.006937591062889588,
      0.006405985186221754,
      0.005905053316689642,
      0.005432934265613603,
      0.004987888683226689,
      0.00456834752801021,
      0.004172934305481318,
      0.003800468474950911,
      0.00344995546609809,
      0.003120567447703913,
      0.002811618081538156,
      0.002522533826868231,
      0.002252823849380386,
      0.002002050180674707,
      0.001769799438594976,
      0.001555657133656048,
      0.001359185338948474,
      0.001179904280849789,
      0.001017278209389635,
      0.0008707057260951647,
      0.0007395145811175097,
      0.0006229607992660656,
      0.0005202318562249388,
      0.000430453502608835,
      0.0003526997263271786,
      0.0002860052552491526,
      0.000229379935041546,
      0.0001818242740106231,
      0.0001423454303010953,
      0.0001099729287720562,
      8.377343619771506e-05
    ],
    "QC_IN": [
      0.0004883539105471245,
      0.0006159228494271422,
      0.0007658696386676061,
      0.0009211364439951237,
      0.001060536575241021,
      0.001160411547373586,
      0.001199876488692997,
      0.001167026360857204,
      0.00106344493036117,
      0.0009047299764720981,
      0.0007163583163400679,
      0.0005263942281409301,
      0.0003580338742857262,
      0.0002248615221549065,
      0.0001301068125579946,
      0.0,
      0.0,
      0.0,
      0.0,
      0.0,
      0.0,
      0.0,
      0.0,
      0.0,
      0.0,
      0.0,
      0.0,
      0.0,
      0.0,
      0.0,
      0.0,
      0.0,
      0.0,
      0.0,
      0.0,
      0.0,
      0.0,
      0.0,
      0.0,
      0.0
    ],
    "QR_IN": [
      0.0003569501917931207,
      0.0004807890747204097,
      0.0006432889562384384,
      0.0008364101813855103,
      0.001044640254070326,
      0.001243387243996448,
      0.001401845273699646,
      0.001489682463271189,
      0.001485786614629566,
      0.001385762276950111,
      0.001204661219311733,
      0.000973184293339533,
      0.0007286153597749864,
      0.000504293510587115,
      0.0003219097556821017,
      0.0001891029967905162,
      0.0001020185516436824,
      0.0,
      0.0,
      0.0,
      0.0,
      0.0,
      0.0,
      0.0,
      0.0,
      0.0,
      0.0,
      0.0,
      0.0,
      0.0,
      0.0,
      0.0,
      0.0,
      0.0,
      0.0,
      0.0,
      0.0,
      0.0,
      0.0,
      0.0
    ],
    "QI_IN": [
      0.0,
      0.0,
      0.0,
      0.0,
      0.0,
      0.0,
      0.0,
      0.0,
      0.0,
      0.0,
      0.0,
      0.0,
      7.00028328439769e-05,
      0.0001030091582324878,
      0.0001449338662226231,
      0.0001946301414959708,
      0.0002490379791099668,
      0.00030314743357402,
      0.0003505375179999972,
      0.0003845063135888211,
      0.0003995665048156252,
      0.0003928693690892404,
      0.0003650590910061712,
      0.0003202133577156848,
      0.0002648519254409374,
      0.0002063475125527244,
      0.0001512829463271904,
      0.0001042685527713052,
      6.74965972438317e-05,
      4.099977859065223e-05,
      2.334912472050623e-05,
      1.245601340577091e-05,
      6.219386737153443e-06,
      2.904201936958279e-06,
      1.267292720732537e-06,
      5.163770341268619e-07,
      1.963242852253625e-07,
      6.959585458992742e-08,
      2.298727393777731e-08,
      7.069453340034668e-09
    ],
    "QS_IN": [
      2.10050040642766e-05,
      2.942043570939024e-05,
      4.205857541153721e-05,
      6.02309708543919e-05,
      8.56435040287207e-05,
      0.0001202356630416106,
      0.000165984646072126,
      0.0002246048271235639,
      0.0002971375493241855,
      0.0003834658191660542,
      0.0004818320307229197,
      0.0005884766992194587,
      0.0006975365748588297,
      0.0008013245233151108,
      0.0008910510410098728,
      0.0009579428325829393,
      0.0009945910620917195,
      0.0009962596204910314,
      0.0009618439297380053,
      0.0008942206256216575,
      0.0007998651826459659,
      0.0006878011888119957,
      0.0005681213855987515,
      0.0004504265776036628,
      0.0003425289252194262,
      0.0002496655178658545,
      0.0001743077133500626,
      0.000116490391997642,
      7.447441315765759e-05,
      4.55202013454235e-05,
      2.658434484832949e-05,
      1.482601672219519e-05,
      7.891484671839929e-06,
      4.006767321316445e-06,
      1.939555725938129e-06,
      8.946649464681622e-07,
      3.930531559475276e-07,
      1.643851719611946e-07,
      6.541646599271985e-08,
      2.475835385302288e-08
    ],
    "PII": [
      0.9965860946510788,
      0.9880340009781235,
      0.9784966517891388,
      0.9683448242261367,
      0.9578019071633822,
      0.9469751346212215,
      0.9359275286279514,
      0.9247037696812034,
      0.9133375961112237,
      0.9018554684924003,
      0.8902787312890007,
      0.8786249775107858,
      0.8669089566625741,
      0.855143204709336,
      0.8433384964206592,
      0.8315041795812321,
      0.8196484279337221,
      0.8077784365768879,
      0.7959005755842146,
      0.78402051261826,
      0.7721433120900052,
      0.7602735162707616,
      0.7484152123082822,
      0.7365720880878877,
      0.7247474791640155,
      0.7129444084723093,
      0.7011656201550633,
      0.689413608552292,
      0.677690643198936,
      0.6659987905065791,
      0.6543399326820987,
      0.6427157843364518,
      0.6311279071575341,
      0.6195777229568439,
      0.6080665253470185,
      0.5965954902635722,
      0.58516568550749,
      0.5737780794543426,
      0.5624335490492673,
      0.5511328871848349
    ],