{
  "scalars": {
    "SCHEME": "WSM5 (mp_physics=4)",
    "CASE": 3,
    "KX": 40,
    "DT": 90.0,
    "RAIN": 0.002951395320696543,
    "RAINNCV": 0.002951395320696543,
    "SNOW": 0.002951395320696543,
    "SNOWNCV": 0.002951395320696543,
    "SR": 0.9999999996611773
  },
  "columns": {
    "T_IN": [
      256.9897383191101,
      254.4361026834579,
      252.9365473958364,
      251.5083647131909,
      249.9977441368512,
      248.4148928216487,
      246.7661796680221,
      245.0559269970752,
      243.2872395665244,
      241.4624419887672,
      239.5833314127562,
      237.651333555106,
      235.6676041185761,
      233.6330974512546,
      231.5486145922363,
      229.4148378280414,
      227.2323561286243,
      225.0016842441995,
      222.7232772908606,
      220.3975420600343,
      218.0248459065185,
      215.6055238192804,
      213.1398841101037,
      210.6282130386011,
      208.0707786102036,
      205.4678337251826,
      202.8196188142645,
      200.1263640651474,
      197.3882913209821,
      194.6056157144416,
      191.7785470878265,
      188.9072912396729,
      185.9920510307455,
      183.0330273765703,
      180.0304201493373,
      176.9844290087972,
      173.8952541794166,
      170.7630971893847,
      167.5881615859263,
      164.3706536406845
    ],
    "QV_IN": [
      0.001349531273476986,
      0.001125081332989346,
      0.0009992969580167412,
      0.0008908884134025499,
      0.0007895291019754404,
      0.0006960153913181057,
      0.0006105221094196409,
      0.0005328997411827188,
      0.0004628249612307377,
      0.0003998842566264517,
      0.0003436223864988171,
      0.0002935707056420998,
      0.0002492633931094068,
      0.0002102462841197793,
      0.0001760812215992863,
      0.0001463478051804028,
      0.000120643764216116,
      9.858474841330338e-05,
      7.980402925853935e-05,
      6.395239129483121e-05,
      5.069833829393837e-05,
      3.972862980504964e-05,
      3.074908856504681e-05,
      2.348557214423293e-05,
      1.768497804395211e-05,
      1.31161462420702e-05,
      9.570533300238585e-06,
      6.862554141194578e-06,
      4.829518014256402e-06,
      3.331120506751798e-06,
      2.248490277607461e-06,
      1.482824198793961e-06,
      9.536748412326767e-07,
      5.969773220310688e-07,
      3.62916758717781e-07,
      2.137421602407981e-07,
      1.216277044646687e-07,
      6.666915102852711e-08,
      3.508359738268721e-08,
      1.765748348316924e-08
    ],
    "QC_IN": [
      0.0,
      0.0,
      0.0,
      0.0,
      0.0,
      0.0,
      0.0,
      0.0,
      0.0,
      0.0,
      0.0,
      0.0,
      0.0,
      0.0,
      0.0,
      0.0,
      0.0,
      0.0,
      0.0,
      0.0,
      0.0,
      0.0,
      0.0,
      0.0,
      0.0,
      0.0,
      0.0,
      0.0,
      0.0,
      0.0,
      0.0,
      0.0,
      0.0,
      0.0,
      0.0,
      0.0,
      0.0,
      0.0,
      0.0,
      0.0
    ],
    "QR_IN": [
      0.0,
      0.0,
      0.0,
      0.0,
      0.0,
      0.0,
      0.0,
      0.0,
      0.0,
      0.0,
      0.0,
      0.0,
      0.0,
      0.0,
      0.0,
      0.0,
      0.0,
      0.0,
      0.0,
      0.0,
      0.0,
      0.0,
      0.0,
      0.0,
      0.0,
      0.0,
      0.0,
      0.0,
      0.0,
      0.0,
      0.0,
      0.0,
      0.0,
      0.0,
      0.0,
      0.0,
      0.0,
      0.0,
      0.0,
      0.0
    ],
    "QI_IN": [
      4.201000812855321e-06,
      5.884087141878048e-06,
      8.411715082307442e-06,
      1.204619417087838e-05,
      1.712870080574414e-05,
      2.404713260832211e-05,
      3.31969292144252e-05,
      4.492096542471277e-05,
      5.94275098648371e-05,
      7.669316383321084e-05,
      9.636640614458393e-05,
      0.0001176953398438917,
      0.000139507314971766,
      0.0001602649046630222,
      0.0001782102082019746,
      0.0001915885665165878,
      0.0001989182124183439,
      0.0001992519240982063,
      0.0001923687859476011,
      0.0001788441251243315,
      0.0001599730365291932,
      0.0001375602377623992,
      0.0001136242771197503,
      9.008531552073256e-05,
      6.850578504388524e-05,
      4.99331035731709e-05,
      3.486154267001251e-05,
      2.32980783995284e-05,
      1.489488263153152e-05,
      9.1040402690847e-06,
      5.316868969665899e-06,
      2.965203344439039e-06,
      1.578296934367986e-06,
      8.013534642632889e-07,
      3.879111451876257e-07,
      1.789329892936324e-07,
      7.861063118950552e-08,
      3.287703439223892e-08,
      1.308329319854397e-08,
      4.951670770604576e-09
    ],
    "QS_IN": [
      3.484126831842231e-05,
      4.602966092216867e-05,
      6.165327501391793e-05,
      8.23830391416831e-05,
      0.0001089667303457286,
      0.0001419518340753652,
      0.0001814599564241524,
      0.0002269627772154087,
      0.0002770916266604551,
      0.0003295343451120521,
      0.0003810763819581119,
      0.0004278272448816506,
      0.0004656377337728804,
      0.0004906635679998725,
      0.0004999801297239784,
      0.0004921187160181854,
      0.0004673928781629612,
      0.0004279211559172237,
      0.0003773229648693577,
      0.0003201473793683844,
      0.000261163203125812,
      0.0002046699590573341,
      0.0001539735193424813,
      0.0001111145836773686,
      7.68643149550179e-05,
      5.09347217601608e-05,
      3.231139456883828e-05,
      1.960995709744769e-05,
      1.137920991726953e-05,
      6.309654345579238e-06,
      3.341242842362387e-06,
      1.688797546191478e-06,
      8.142895413096916e-07,
      3.743541562192129e-07,
      1.640082174605344e-07,
      6.843996419173377e-08,
      2.718957201226042e-08,
      1.027863593018882e-08,
      3.695777332988484e-09,
      1.263322899394558e-09
    ],
    "PII": [
      0.9508895069118121,
      0.9414407820471539,
      0.9309710186875403,
      0.919909526526899,
      0.9084350747789769,
      0.8966501855267021,
      0.8846224001254644,
      0.8723999837778977,
      0.8600193327715218,
      0.8475089610572852,
      0.834891851042914,
      0.8221869365710888,
      0.809410088474818,
      0.7965747973342571,
      0.7836926627939409,
      0.7707737543042021,
      0.7578268835161573,
      0.7448598142358888,
      0.7318794271631441,
      0.7188918511898532,
      0.7059025695051223,
      0.6929165064063684,
      0.6799380991175674,
      0.6669713578032592,
      0.654019916178188,
      0.641087074543487,
      0.6281758366635576,
      0.615288941588282,
      0.6024288912924899,
      0.5895979748276949,
      0.5767982895453154,
      0.5640317598454601,
      0.5513001538233483,
      0.5386050981210274,
      0.5259480912411769,
      0.5133305155393795,
      0.5007536480789874,
      0.4882186705068572,
      0.4757266780874268,
      0.4632786880158606
    ],
    "DEN": [
      1.135798561960785,
      1.107944274230841,
      1.071813683380851,
      1.033804458648518,
      0.9954104977966755,
      0.9570560634358887,
      0.9190180673462576,
      0.8814891545005812,
      0.8446082699735863,
      0.8084775853678221,
      0.7731727815511941,
      0.7387497372589338,
      0.7052491141247699,
      0.6726996323896246,
      0.6411204902172849,
      0.6105231995185402,
      0.5809130104050618,
      0.5522900371118645,
      0.5246501618578712,
      0.4979857699780123,
      0.4722863544685719,
      0.4475390178293027,
      0.4237288919845609,
      0.4008394920395053,
      0.3788530159987399,
      0.3577505999084408,
      0.3375125358929415,
      0.3181184590508753,
      0.2995475080226679,
      0.281778463148541,
      0.2647898654388455,
      0.2485601190291406,
      0.2330675793561167,
      0.2182906289411331,
      0.2042077423860652,
      0.1907975419561697,
      0.1780388449351679,
      0.1659107037797094,
      0.1543924399669601,
      0.1434636723150378
    ],