{
  "scalars": {
    "SCHEME": "WSM5 (mp_physics=4)",
    "CASE": 2,
    "KX": 40,
    "DT": 90.0,
    "RAIN": 0.209199353392631,
    "RAINNCV": 0.209199353392631,
    "SNOW": 0.0,
    "SNOWNCV": 0.0,
    "SR": 0.0
  },
  "columns": {
    "T_IN": [
      285.989538167477,
      283.4468158972097,
      280.9667098100276,
      279.7802857110598,
      278.5206183974129,
      277.1957344330337,
      275.8105891877242,
      274.368512271826,
      272.8718729059562,
      271.3224291927769,
      269.7215288820569,
      268.07023277366,
      266.3693945972651,
      264.6197148941599,
      262.8217786015196,
      260.9760820038315,
      259.083052509116,
      257.1430634408893,
      255.1564452797029,
      253.1234943196406,
      251.0444794065131,
      248.9196472290556,
      246.7492265035148,
      244.5334313024268,
      242.2724637158624,
      239.9665159889437,
      237.615772247189,
      235.2204098974316,
      232.7806007741006,
      230.2965120868427,
      227.7683072146131,
      225.1961463826605,
      222.5801872517118,
      219.920585442746,
      217.217495015775,
      214.4710689168417,
      211.681459403897,
      208.8488184592619,
      205.9732981939673,
      203.0550512473758
    ],
    "QV_IN": [
      0.00928600314004214,
      0.008081344672551638,
      0.007013871774261397,
      0.006456278036797534,
      0.005924392426006494,
      0.005422701543245472,
      0.004952695497207522,
      0.004514271009068677,
      0.004106453541273105,
      0.003727810870344708,
      0.003376703413462817,
      0.003051438679972944,
      0.002750365299334285,
      0.00247192720418478,
      0.00221469087806909,
      0.001977354276181224,
      0.001758743434324451,
      0.001557801115378441,
      0.001373570710544919,
      0.001205177804550465,
      0.001051811211985648,
      0.0009127048269528248,
      0.0007871212580650676,
      0.0006743379190651188,
      0.0005736359947879988,
      0.0004842924916504694,
      0.0004055754039588572,
      0.0003367418773696106,
      0.0002770391259530419,
      0.0002257077579591593,
      0.0001819870869348465,
      0.0001451219492357536,
      0.0001143705164158905,
      8.901258162798074e-05,
      6.835781286934411e-05,
      5.175350191376791e-05,
      3.859139451343105e-05,
      2.831326238246012e-05,
      2.041496695650037e-05,
      1.444886427814103e-05
    ],
    "QC_IN": [
      0.0003363109187867663,
      0.0004520235840602088,
      0.00058454162170366,
      0.0007065957346546477,
      0.000785483561811991,
      0.0007936708784915266,
      0.0007222243748592984,
      0.0005873335400117494,
      0.0004240179625612411,
      0.0002701516621029766,
      0.0001510935041773351,
      7.382281718351159e-05,
      0.0,
      0.0,
      0.0,
      0.0,
      0.0,
      0.0,
      0.0,
      0.0,
      0.0,
      0.0,
      0.0,
      0.0,
      0.0,
      0.0,
      0.0,
      0.0,
      0.0,
      0.0,
      0.0,
      0.0,
      0.0,
      0.0,
      0.0,
      0.0,
      0.0,
      0.0,
      0.0,
      0.0
    ],
    "QR_IN": [
      0.000351677369694765,
      0.0004406619343643182,
      0.0005270057856245915,
      0.0005862334264171162,
      0.0005974953401836081,
      0.0005518838985861262,
      0.0004579368957186358,
      0.0003388484437023257,
      0.0002221576764531856,
      0.0001283200461231452,
      6.496260986995527e-05,
      2.868901552519125e-05,
      1.100406652541328e-05,
      3.650964200649921e-06,
      1.043806564682628e-06,
      0.0,
      0.0,
      0.0,
      0.0,
      0.0,
      0.0,
      0.0,
      0.0,
      0.0,
      0.0,
      0.0,
      0.0,
      0.0,
      0.0,
      0.0,
      0.0,
      0.0,
      0.0,
      0.0,
      0.0,
      0.0,
      0.0,
      0.0,
      0.0,
      0.0
    ],
    "QI_IN": [
      0.0,
      0.0,
      0.0,
      0.0,
      0.0,
      0.0,
      0.0,
      0.0,
      0.0,
      0.0,
      0.0,
      0.0,
      8.553569367152743e-05,
      0.0001182778512545132,
      0.0001562756485948691,
      0.0001969433052477783,
      0.0002363403783227254,
      0.0002696577438161247,
      0.0002921043577153569,
      0.0002999995364725081,
      0.0002917419822006727,
      0.0002683114057337156,
      0.0002330944915550354,
      0.0001910691798495993,
      0.0001476210385270025,
      0.0001073881651604604,
      7.348241807674886e-05,
      4.72512135960678e-05,
      2.852612678563915e-05,
      1.615413955315894e-05,
      8.573517080822263e-06,
      4.260912509466142e-06,
      1.98134169481466e-06,
      8.613583575981317e-07,
      3.498161574694311e-07,
      1.326171734643271e-07,
      4.689689835040449e-08,
      1.545827875071478e-08,
      4.746202505442381e-09,
      1.356443852074923e-09
    ],
    "QS_IN": [
      0.0,
      0.0,
      0.0,
      0.0,
      0.0,
      0.0,
      0.0,
      0.0,
      0.0,
      0.0,
      0.0,
      0.0004707813593755669,
      0.0005580292598870638,
      0.0006410596186520887,
      0.0007128408328078982,
      0.0007663542660663514,
      0.0007956728496733757,
      0.0007970076963928251,
      0.0007694751437904042,
      0.0007153765004973261,
      0.0006398921461167728,
      0.0005502409510495966,
      0.0004544971084790012,
      0.0003603412620829303,
      0.000274023140175541,
      0.0001997324142926836,
      0.0001394461706800501,
      9.319231359811358e-05,
      5.957953052612607e-05,
      3.64161610763388e-05,
      2.126747587866359e-05,
      1.186081337775615e-05,
      6.313187737471943e-06,
      3.205413857053156e-06,
      1.551644580750503e-06,
      7.157319571745297e-07,
      3.144425247580221e-07,
      1.315081375689557e-07,
      5.233317279417588e-08,
      1.980668308241831e-08
    ],
    "PII": [
      0.9964792270643795,
      0.9876195675860966,
      0.9777566579920031,
      0.967331981851309,
      0.9565169746640549,
      0.945408406057896,
      0.9340701036085736,
      0.9225477364627667,
      0.9108757864754045,
      0.8990812996116425,
      0.8871860982037703,
      0.8752081769548443,
      0.8631626312110815,
      0.8510623005524717,
      0.838918230503172,
      0.8267400133023333,
      0.8145360455116877,
      0.8023137267758582,
      0.7900796159007147,
      0.7778395553024291,
      0.7655987715731583,
      0.7533619577123363,
      0.7411333410776488,
      0.7289167400705181,
      0.7167156118342184,
      0.704533092711101,
      0.6923720328152921,
      0.6802350257865142,
      0.6681244345708174,
      0.6560424139054186,
      0.6439909300538811,
      0.6319717782348717,
      0.6199865981058524,
      0.608036887597316,
      0.5961240153399797,
      0.5842492318840488,
      0.5724136798743078,
      0.5606184033159303,
      0.5488643560424017,
      0.537152409477979
    ],
    "DEN": [
      1.196635128217167,
      1.171067043800447,
      1.141360640141123,
      1.104368364407869,
      1.066899733434287,
      1.029366792646341,
      0.9920407681408102,
      0.9551122965938078,
      0.9187205288802265,
      0.8829692197780895,
      0.8479365005796233,
      0.8136812448332839,
      0.7802474448580173,
      0.7476673516077182,
      0.7159638054130119,
      0.6851520142802859,
      0.6552409411795524,
      0.6262344059835417,
      0.5981319736760834,
      0.5709296788981865,
      0.544620622813992,
      0.5191954687999493,
      0.4946428569100407,
      0.4709497524298477,
      0.4481017404687504,
      0.4260832760482215,
      0.4048778972613707,
      0.3844684076294186,
      0.3648370326460086,
      0.3459655545986265,
      0.3278354290308403,
      0.3104278856191487,
      0.2937240157548173,
      0.2777048487228846,
      0.2623514180417545,
      0.2476448192554721,
      0.2335662602476667,
      0.2200971049638611,
      0.2072189112813665,
      0.1949134636481673
    ],