{
  "scalars": {
    "SCHEME": "WSM5 (mp_physics=4)",
    "CASE": 5,
    "KX": 40,
    "DT": 90.0,
    "RAIN": 0.04961576105407934,
    "RAINNCV": 0.04961576105407934,
    "SNOW": 0.001153039249473974,
    "SNOWNCV": 0.001153039249473974,
    "SR": 0.02323937444381765
  },
  "columns": {
    "T_IN": [
      281.989563338714,
      279.831862727424,
      278.7015114444288,
      277.4814795440376,
      276.1873194153101,
      274.8273766628982,
      273.4068079440181,
      271.9290790597027,
      270.39665558079,
      268.8113658865002,
      267.1746101003876,
      265.487488640698,
      263.7508854861019,
      261.9655243588356,
      260.1320079145977,
      258.2508458401529,
      256.3224754663274,
      254.3472771859354,
      252.3255861769228,
      250.25770144165,
      248.143892860499,
      245.9844067527768,
      243.7794703000147,
      241.5292950921534,
      239.2340799909102,
      236.8940134574669,
      234.5092754574452,
      232.08003903096,
      229.6064715966902,
      227.0887360445759,
      224.5269916606786,
      221.9213949190715,
      219.2721001687393,
      216.5792602379451,
      213.843026974051,
      211.0635517331543,
      208.2409858309652,
      205.3754809639982,
      202.4671896082991,
      199.5162654015231
    ],
    "QV_IN": [
      0.004191861732262057,
      0.003692392621912658,
      0.003388691593357436,
      0.003095069404619473,
      0.002817224053370991,
      0.002557391119771722,
      0.002316165257627773,
      0.002093273180403318,
      0.001887972753510878,
      0.001699281737507944,
      0.001526116042706718,
      0.00136737473559432,
      0.001221991499706937,
      0.001088964037351606,
      0.0009673686358941809,
      0.0008563647159476229,
      0.0007551927185442819,
      0.0006631677447979605,
      0.0005796707175670176,
      0.0005041383738960905,
      0.0004360530539898262,
      0.0003749329885409166,
      0.0003203235777455068,
      0.000271789987315177,
      0.0002289112495011459,
      0.000191275944143016,
      0.0001584794417563616,
      0.0001301226148511494,
      0.0001058118632007386,
      8.516025252222296e-05,
      6.778953329540863e-05,
      5.333278680236568e-05,
      4.143743854897239e-05,
      3.176838458535754e-05,
      2.40109931965867e-05,
      1.7873771963457e-05,
      1.309052683599741e-05,
      9.421883680594479e-06,
      6.656091347886842e-06,
      4.609075857295415e-06
    ],
    "QC_IN": [
      0.0,
      0.0,
      0.0,
      0.0,
      0.0,
      0.0,
      0.0,
      0.0,
      0.0,
      0.0,
      0.0,
      0.0,
      0.0,
      0.0,
      0.0,
      0.0,
      0.0,
      0.0,
      0.0,
      0.0,
      0.0,
      0.0,
      0.0,
      0.0,
      0.0,
      0.0,
      0.0,
      0.0,
      0.0,
      0.0,
      0.0,
      0.0,
      0.0,
      0.0,
      0.0,
      0.0,
      0.0,
      0.0,
      0.0,
      0.0
    ],
    "QR_IN": [
      8.595883626837878e-05,
      0.000123649630421739,
      0.0001780193847960355,
      0.000250221494693768,
      0.0003390141462483323,
      0.0004389456313687061,
      0.0005396020335780509,
      0.0006264936914045336,
      0.0006839239864171199,
      0.0006993079207803771,
      0.0006674358189292471,
      0.0005927738288493213,
      0.000488520152731413,
      0.000372616061085951,
      0.0002624086803940801,
      0.000170236361078225,
      0.0001015225259854495,
      0.0,
      0.0,
      0.0,
      0.0,
      0.0,
      0.0,
      0.0,
      0.0,
      0.0,
      0.0,
      0.0,
      0.0,
      0.0,
      0.0,
      0.0,
      0.0,
      0.0,
      0.0,
      0.0,
      0.0,
      0.0,
      0.0,
      0.0
    ],
    "QI_IN": [
      0.0,
      0.0,
      0.0,
      0.0,
      0.0,
      0.0,
      0.0,
      0.0,
      0.0,
      0.0,
      0.0,
      0.0,
      0.0,
      0.0,
      0.0,
      0.0,
      0.0,
      0.0,
      0.0,
      0.0,
      0.0,
      0.0,
      0.0,
      0.0,
      0.0,
      0.0,
      0.0,
      0.0,
      0.0,
      0.0,
      0.0,
      0.0,
      0.0,
      0.0,
      0.0,
      0.0,
      0.0,
      0.0,
      0.0,
      0.0
    ],
    "QS_IN": [
      1.294940282623459e-05,
      1.933787911794863e-05,
      2.945583252190927e-05,
      4.471372890429928e-05,
      6.688637947399351e-05,
      9.788530443928985e-05,
      0.0001394051440033511,
      0.0001924017958993272,
      0.00025645557428892,
      0.0003291633171613288,
      0.0004057810597516867,
      0.0004793591202454648,
      0.0005415316004521225,
      0.0005839331545207136,
      0.0005999656644632323,
      0.0005864285080997511,
      0.0005444733840225805,
      0.0004795106481613108,
      0.0004000382394584803,
      0.0003157463754260535,
      0.0002354982611246275,
      0.0001657877173532373,
      0.0001100415595280045,
      6.879308337969798e-05,
      4.046486537789416e-05,
      2.237353022461467e-05,
      1.161733882712759e-05,
      5.659796429040926e-06,
      2.584853186673049e-06,
      1.105713119741151e-06,
      4.426515851480156e-07,
      1.657090290743472e-07,
      5.796368636872659e-08,
      1.893047334515612e-08,
      5.768208103530534e-09,
      1.638628553160489e-09,
      4.336844584822558e-10,
      1.068615675432312e-10,
      2.449800915246968e-11,
      5.221738688089042e-12
    ],
    "PII": [
      0.9819331347861957,
      0.9730645920322614,
      0.9632435536059505,
      0.9528674878038802,
      0.9421041661179491,
      0.9310498952205464,
      0.9197681559198302,
      0.9083043351227259,
      0.8966926741253921,
      0.8849600083071212,
      0.8731279726221193,
      0.861214393259105,
      0.8492342128583756,
      0.8372001317921806,
      0.8251230680364252,
      0.8130124964315447,
      0.800876705031416,
      0.7887229928118179,
      0.7765578248757803,
      0.7643869561882919,
      0.7522155315694383,
      0.7400481674791353,
      0.7278890196317467,
      0.7157418394393066,
      0.7036100215450924,
      0.6914966441776171,
      0.6794045036653192,
      0.6673361441622173,
      0.6552938834160114,
      0.6432798352429693,
      0.631295929244706,
      0.6193439282009653,
      0.6074254434927941,
      0.5955419488470279,
      0.5836947926420892,
      0.57188520897403,
      0.5601143276484623,
      0.5483831832369997,
      0.536692723314884,
      0.5250438159786821
    ],
    "DEN": [
      1.156288787796447,
      1.129127270217892,
      1.094362748680983,
      1.058476924676789,
      1.022156392004924,
      0.9857997371840057,
      0.9496682445655557,
      0.9139447159728142,
      0.878761917877313,
      0.8442183122592559,
      0.8103876062047928,
      0.7773249638458635,
      0.7450712679359996,
      0.7136561687570532,
      0.6831003401313227,
      0.6534171949381148,
      0.6246142190396816,
      0.5966940276606288,
      0.5696552146990638,
      0.5434930441548732,
      0.5182000189168995,
      0.4937663527572057,
      0.4701803648881555,
      0.4474288118447185,
      0.4254971681342639,
      0.4043698646484609,
      0.3840304919943958,
      0.3644619744994927,
      0.3456467195580607,
      0.327566746133782,
      0.3102037955542035,
      0.2935394271888273,
      0.2775551011617302,
      0.2622322498906551,
      0.2475523399507678,
      0.2334969255202366,
      0.2200476944668327,
      0.2071865079722753,
      0.1948954344579518,
      0.1831567784669217
    ],