{
  "scalars": {
    "CASE": 5,
    "KX": 40,
    "DT": 90.0,
    "RAIN": 0.04961575231036565,
    "RAINNCV": 0.04961575231036565,
    "SNOW": 0.001153039332474108,
    "SNOWNCV": 0.001153039332474108,
    "GRAUPEL": 0.0,
    "GRAUPELNCV": 0.0,
    "SR": 0.02323938021211818
  },
  "columns": {
    "T_IN": [
      281.9895631901931,
      279.8318624729652,
      278.7015110273293,
      277.481478962802,
      276.1873186686053,
      274.8273757494787,
      273.4068068627139,
      271.9290778094194,
      270.3966541605112,
      268.8113642952897,
      267.1746083373906,
      265.4874867051423,
      263.7508833772969,
      261.9655220761722,
      260.1320054575472,
      258.2508432082661,
      256.3224726592331,
      254.3472742033387,
      252.3255830186037,
      250.2576981074617,
      248.1438893503662,
      245.9844030666938,
      243.7794664380439,
      241.5292910544235,
      239.2340757776139,
      236.8940090688596,
      234.5092708938432,
      232.0800342927385,
      229.6064666842817,
      227.0887309584684,
      224.5269864014141,
      221.9213894872444,
      219.2720945649949,
      216.5792544629782,
      213.8430210286048,
      211.063545618019,
      208.2409795469769,
      205.3754745120382,
      202.4671829892927,
      199.5162586164391
    ],
    "QV_IN": [
      0.004191863743939397,
      0.003692394359747859,
      0.003388693155570441,
      0.003095070801876856,
      0.002817225298196514,
      0.002557392224987969,
      0.002316166235682561,
      0.002093274043061592,
      0.001887973511727108,
      0.001699282401394991,
      0.001526116621557374,
      0.001367375237930369,
      0.001221991933340451,
      0.001088964409449391,
      0.0009673689530395967,
      0.0008563649841966436,
      0.0007551929434740634,
      0.0006631679315475046,
      0.0005796708708701417,
      0.0005041384981074672,
      0.0004360531531051276,
      0.0003749330662123584,
      0.0003203236372940131,
      0.0002717900317404876,
      0.0002289112814910014,
      0.0001912759660824852,
      0.0001584794557381223,
      0.0001301226226873821,
      0.0001058118664370471,
      8.516025245379045e-05,
      6.778953098536559e-05,
      5.333278310217468e-05,
      4.143743412044815e-05,
      3.176837992381607e-05,
      2.401098865452328e-05,
      1.787376777409973e-05,
      1.309052313608209e-05,
      9.421880531748552e-06,
      6.656088756086557e-06,
      4.609073789979361e-06
    ],
    "QC_IN": [
      0.0,
      0.0,
      0.0,
      0.0,
      0.0,
      0.0,
      0.0,
      0.0,
      0.0,
      0.0,
      0.0,
      0.0,
      0.0,
      0.0,
      0.0,
      0.0,
      0.0,
      0.0,
      0.0,
      0.0,
      0.0,
      0.0,
      0.0,
      0.0,
      0.0,
      0.0,
      0.0,
      0.0,
      0.0,
      0.0,
      0.0,
      0.0,
      0.0,
      0.0,
      0.0,
      0.0,
      0.0,
      0.0,
      0.0,
      0.0
    ],
    "QR_IN": [
      8.595883455141092e-05,
      0.0001236496306858098,
      0.0001780193875331259,
      0.0002502215000917993,
      0.0003390141536630786,
      0.0004389456388920112,
      0.0005396020379470775,
      0.0006264936885028577,
      0.0006839239724058725,
      0.0006993078935366692,
      0.0006674357791671267,
      0.0005927737803043856,
      0.0004885201011912264,
      0.0003726160126441286,
      0.0002624086397142788,
      0.0001702363304011743,
      0.0001015225051537175,
      0.0,
      0.0,
      0.0,
      0.0,
      0.0,
      0.0,
      0.0,
      0.0,
      0.0,
      0.0,
      0.0,
      0.0,
      0.0,
      0.0,
      0.0,
      0.0,
      0.0,
      0.0,
      0.0,
      0.0,
      0.0,
      0.0,
      0.0
    ],
    "QI_IN": [
      0.0,
      0.0,
      0.0,
      0.0,
      0.0,
      0.0,
      0.0,
      0.0,
      0.0,
      0.0,
      0.0,
      0.0,
      0.0,
      0.0,
      0.0,
      0.0,
      0.0,
      0.0,
      0.0,
      0.0,
      0.0,
      0.0,
      0.0,
      0.0,
      0.0,
      0.0,
      0.0,
      0.0,
      0.0,
      0.0,
      0.0,
      0.0,
      0.0,
      0.0,
      0.0,
      0.0,
      0.0,
      0.0,
      0.0,
      0.0
    ],
    "QS_IN": [
      1.294940366101027e-05,
      1.933788085940222e-05,
      2.945583570518495e-05,
      4.471373428049484e-05,
      6.688638800565023e-05,
      9.788531723752979e-05,
      0.000139405162180339,
      0.0001924018203278665,
      0.0002564556052945582,
      0.0003291633542158005,
      0.0004057811012731237,
      0.0004793591636170938,
      0.000541531642328575,
      0.0005839331914006303,
      0.0005999656933976273,
      0.00058642852732737,
      0.0005444733933223358,
      0.0004795106488011929,
      0.0004000382337664249,
      0.0003157463661442942,
      0.0002354982507716703,
      0.000165787707782939,
      0.0001100415517705764,
      6.87930777330718e-05,
      4.046486164296642e-05,
      2.237352796546148e-05,
      1.161733757328577e-05,
      5.659795789526672e-06,
      2.584852886831157e-06,
      1.105712990608522e-06,
      4.426515341571949e-07,
      1.657090106699205e-07,
      5.796368032630461e-08,
      1.893047155464179e-08,
      5.76820763092651e-09,
      1.63862844477243e-09,
      4.336844380646988e-10,
      1.068615649152473e-10,
      2.449800918809284e-11,
      5.22173885099333e-12
    ],
    "QG_IN": [
      0.0,
      0.0,
      0.0,
      0.0,
      0.0,
      0.0,
      0.0,
      0.0,
      0.0,
      0.0,
      0.0,
      0.0,
      0.0,
      0.0,
      0.0,
      0.0001312955417984951,
      0.000157560255745622,
      0.0001797718303929496,
      0.0001947362366407363,
      0.0001999996859053965,
      0.0001944946468139879,
      0.0001788742604253926,
      0.0001553963167053236,
      0.0001273794424819757,
      9.841401614311293e-05,
      7.159210235781722e-05,
      4.898827293323349e-05,
      3.150080508554967e-05,
      1.901741533314818e-05,
      1.076942489153479e-05,
      5.715677256610625e-06,
      2.84060794334672e-06,
      1.320894282142384e-06,
      5.742388292452313e-07,
      2.332107426750048e-07,
      8.84114389411169e-08,
      3.126459578262812e-08,
      1.030551831464378e-08,
      3.164134806264178e-09,
      9.04295866535913e-10
    ],
    "PII": [
      0.981933134269022,
      0.9730645905529457,
      0.9632435512307668,
      0.9528674845855654,
      0.9421041621010612,
      0.9310498904441358,
      0.9197681504188926,
      0.9083043289290947,
      0.8966926672683336,
      0.8849600008137555,
      0.8731279645177309,
      0.8612143845673815,
      0.8492342036015947,
      0.8372001219913618,
      0.8251230577114544,
      0.8130124856012786,
      0.8008766937137703,
      0.7887229810238443,
      0.7765578126337318,
      0.7643869435076818,
      0.7522155184650905,
      0.7400481539652308,
      0.7278890057218644,
      0.7157418251464598,
      0.7036100068817623,
      0.6914966291557828,
      0.679404488296486,
      0.6673361284574413,
      0.6552938673859232,
      0.6432798188977957,
      0.6312959125942899,
      0.6193439112547843,
      0.6074254262599786,
      0.5955419313363771,
      0.5836947748620871,
      0.5718851909328604,
      0.5601143093540226,
      0.5483831646969147,
      0.5366927045365186,
      0.5250437969691542
    ],