{
  "scheme": "Goddard GCE 4-ice (mp_physics=7)",
  "scalars": {
    "CASE": 1,
    "KX": 40,
    "DT": 90.0,
    "RAINNC": 0.09790576249361038,
    "RAINNCV": 0.09790576249361038,
    "SNOWNC": 0.0,
    "SNOWNCV": 0.0,
    "GRAUPELNC": 0.0,
    "GRAUPELNCV": 0.0,
    "HAILNC": 0.0,
    "HAILNCV": 0.0,
    "SR": 0.0
  },
  "columns": {
    "T_IN": [
      296.9894714355469,
      294.4619445800781,
      291.6427612304688,
      288.6414489746094,
      285.5037536621094,
      282.8961791992188,
      281.194091796875,
      279.4305725097656,
      277.609130859375,
      275.7326354980469,
      273.80322265625,
      271.8226928710938,
      269.7925415039062,
      267.7139282226562,
      265.587890625,
      263.4154052734375,
      261.1971435546875,
      258.933837890625,
      256.6260375976562,
      254.2743072509766,
      251.8791046142578,
      249.4408416748047,
      246.9599456787109,
      244.4367218017578,
      241.8714752197266,
      239.2645416259766,
      236.6161651611328,
      233.9266510009766,
      231.1961975097656,
      228.4250640869141,
      225.6134490966797,
      222.7615356445312,
      219.8695831298828,
      216.937744140625,
      213.9661865234375,
      210.9551544189453,
      207.90478515625,
      204.8152008056641,
      201.6866912841797,
      198.5193176269531
    ],
    "QV_IN": [
      0.01955926232039928,
      0.01722573488950729,
      0.01490730606019497,
      0.01273665577173233,
      0.01076093968003988,
      0.009148984216153622,
      0.007937286049127579,
      0.006866940297186375,
      0.005926696117967367,
      0.005104322917759418,
      0.004387416411191225,
      0.003764060558751225,
      0.003223129315301776,
      0.002754427492618561,
      0.002348806010559201,
      0.001998150954023004,
      0.001695290906354785,
      0.001433984725736082,
      0.001208793022669852,
      0.00101501343306154,
      0.0008485715952701867,
      0.0007059436175040901,
      0.0005840779631398618,
      0.0004803170741070062,
      0.0003923436161130667,
      0.0003181270731147379,
      0.0002558750275056809,
      0.0002040028775809333,
      0.0001610997569514439,
      0.0001259098353330046,
      9.731198224471882e-05,
      7.430711411871016e-05,
      5.600774602498859e-05,
      4.162790355621837e-05,
      3.047731661354192e-05,
      2.195493289036676e-05,
      1.554223672428634e-05,
      1.079791672964348e-05,
      7.351762633334147e-06,
      4.897531653114129e-06
    ],
    "QC_IN": [
      0.0003401165886316448,
      0.0006364174769259989,
      0.001046171179041266,
      0.001406337018124759,
      0.001482671010307968,
      0.001189181115478277,
      0.0007081596995703876,
      0.0003067590296268463,
      9.495286940364167e-05,
      0.0,
      0.0,
      0.0,
      0.0,
      0.0,
      0.0,
      0.0,
      0.0,
      0.0,
      0.0,
      0.0,
      0.0,
      0.0,
      0.0,
      0.0,
      0.0,
      0.0,
      0.0,
      0.0,
      0.0,
      0.0,
      0.0,
      0.0,
      0.0,
      0.0,
      0.0,
      0.0,
      0.0,
      0.0,
      0.0,
      0.0
    ],
    "QR_IN": [
      0.0001290995278395712,
      0.0002049184695351869,
      0.0003062252944801003,
      0.0004118334909435362,
      0.000485896336613223,
      0.0004938329802826047,
      0.0004261545836925507,
      0.0003085136122535914,
      0.000185429904377088,
      9.16809294722043e-05,
      3.697973079397343e-05,
      1.207646346301772e-05,
      0.0,
      0.0,
      0.0,
      0.0,
      0.0,
      0.0,
      0.0,
      0.0,
      0.0,
      0.0,
      0.0,
      0.0,
      0.0,
      0.0,
      0.0,
      0.0,
      0.0,
      0.0,
      0.0,
      0.0,
      0.0,
      0.0,
      0.0,
      0.0,
      0.0,
      0.0,
      0.0,
      0.0
    ],
    "QI_IN": [
      0.0,
      0.0,
      0.0,
      0.0,
      0.0,
      0.0,
      0.0,
      0.0,
      0.0,
      0.0,
      0.0,
      0.0,
      0.0,
      0.0,
      0.0,
      0.0,
      0.0,
      0.0,
      0.0,
      0.0,
      0.0,
      0.0,
      0.0,
      0.0,
      0.0,
      0.0,
      0.0,
      0.0,
      0.0,
      0.0,
      0.0,
      0.0,
      0.0,
      0.0,
      0.0,
      0.0,
      0.0,
      0.0,
      0.0,
      0.0
    ],
    "QS_IN": [
      0.0,
      0.0,
      0.0,
      0.0,
      0.0,
      0.0,
      0.0,
      0.0,
      0.0,
      0.0,
      0.0,
      0.0,
      0.0,
      0.0,
      0.0,
      0.0,
      0.0,
      0.0,
      0.0,
      0.0,
      0.0,
      0.0,
      0.0,
      0.0,
      0.0,
      0.0,
      0.0,
      0.0,
      0.0,
      0.0,
      0.0,
      0.0,
      0.0,
      0.0,
      0.0,
      0.0,
      0.0,
      0.0,
      0.0,
      0.0
    ],
    "QG_IN": [
      0.0,
      0.0,
      0.0,
      0.0,
      0.0,
      0.0,
      0.0,
      0.0,
      0.0,
      0.0,
      0.0,
      0.0,
      0.0,
      0.0,
      0.0,
      0.0,
      0.0,
      0.0,
      0.0,
      0.0,
      0.0,
      0.0,
      0.0,
      0.0,
      0.0,
      0.0,
      0.0,
      0.0,
      0.0,
      0.0,
      0.0,
      0.0,
      0.0,
      0.0,
      0.0,
      0.0,
      0.0,
      0.0,
      0.0,
      0.0
    ],
    "QH_IN": [
      0.0,
      0.0,
      0.0,
      0.0,
      0.0,
      0.0,
      0.0,
      0.0,
      0.0,
      0.0,
      0.0,
      0.0,
      0.0,
      0.0,
      0.0,
      0.0,
      0.0,
      0.0,
      0.0,
      0.0,
      0.0,
      0.0,
      0.0,
      0.0,
      0.0,
      0.0,
      0.0,
      0.0,
      0.0,
      0.0,
      0.0,
      0.0,
      0.0,
      0.0,
      0.0,
      0.0,
      0.0,
      0.0,
      0.0,
      0.0
    ],
    "PII": [
      0.9966089725494385,
      0.9881273508071899,
      0.9786670207977295,
      0.9685954451560974,
      0.9580662846565247,
      0.9471914172172546,
      0.9360700845718384,
      0.9247485995292664,
      0.913260817527771,
      0.9016335606575012,
      0.8898885846138,
      0.8780438899993896,
      0.866114616394043,
      0.8541136980056763,
      0.8420523405075073,
      0.8299404382705688,
      0.8177863359451294,
      0.8055977821350098,
      0.7933814525604248,
      0.7811433672904968,
      0.7688890099525452,
      0.7566231489181519,
      0.7443503737449646,
      0.7320745587348938,
      0.7197993397712708,
      0.7075280547142029,
      0.6952638030052185,
      0.6830093860626221,
      0.6707673668861389,
      0.6585400104522705,
      0.6463295817375183,
      0.6341379880905151,
      0.6219671964645386,
      0.6098188757896423,
      0.5976945161819458,
      0.5855957269668579,
      0.573523759841919,
      0.561479926109314,
      0.5494654774665833,
      0.5374813675880432
    ],
    "DEN": [
      1.14572286605835,
      1.123076558113098,
      1.097920060157776,
      1.071291565895081,
      1.04365873336792,
      1.013010859489441,
      0.9785891771316528,
      0.9443164467811584,
      0.9103409647941589,
      0.876777708530426,
      0.8437181711196899,
      0.8112344741821289,
      0.7793843150138855,
      0.7482131123542786,
      0.7177560329437256,
      0.6880402565002441,
      0.6590855121612549,
      0.6309060454368591,
      0.603511393070221,
      0.5769063234329224,
      0.551092803478241,
      0.5260692238807678,
      0.5018318891525269,
      0.4783748984336853,
      0.4556904435157776,
      0.4337691068649292,
      0.4126006364822388,
      0.3921732902526855,
      0.3724745213985443,
      0.3534912467002869,
      0.3352096676826477,
      0.3176153898239136,
      0.3006937205791473,
      0.2844297885894775,
      0.2688081860542297,
      0.2538135349750519,
      0.2394305318593979,
      0.2256435751914978,
      0.2124371230602264,
      0.1997956335544586
    ],