{
  "scalars": {
    "CASE": 1,
    "KX": 40,
    "REGIME": "deep",
    "DT": 54.0,
    "STEPCU": 1,
    "XLAND": 1.0,
    "KPBL": 6,
    "LOWLYR": 1,
    "CLDEFI_OUT": 1.0,
    "RAINCV": 0.1331063765601664,
    "PRATEC": 0.002464932899262341,
    "CUTOP": 31.0,
    "CUBOT": 2.0
  },
  "columns": {
    "T": [
      299.7464104319892,
      296.8918020027755,
      293.5357345617963,
      290.0345153960371,
      287.6653154977484,
      285.197117673017,
      282.6352779619826,
      279.9903459303729,
      277.2703185317718,
      274.4815514220937,
      271.6292849712066,
      268.7179700518442,
      265.7514808685992,
      262.733259924297,
      259.6664201343426,
      256.5538187618546,
      253.3981121865245,
      250.2017972599445,
      246.9672430406448,
      243.6967154809232,
      240.3923968524231,
      237.0564011786972,
      233.6907865919994,
      230.2975652889376,
      226.8787115887227,
      223.4361684752976,
      219.9718529155264,
      216.4876601798784,
      212.9854673429041,
      209.4671361036491,
      205.9345150377572,
      202.3894413711015,
      198.8337423477147,
      195.2692362513841,
      191.6977331296698,
      188.1210352606466,
      184.5409373958835,
      180.9592268076979,
      177.3776831642739,
      173.7980782526046
    ],
    "QV": [
      0.0203773417801921,
      0.01769205347339825,
      0.01492965721785014,
      0.0124224931130981,
      0.01067074937241995,
      0.00911970406623165,
      0.007756679986912073,
      0.006568085703744099,
      0.005537525285060002,
      0.004648058227265234,
      0.00388338127454377,
      0.00322840254606805,
      0.002669466178799444,
      0.002194379219548592,
      0.001792333033051563,
      0.001453775749491121,
      0.001170269763840111,
      0.0009343537620612526,
      0.0007394193002484334,
      0.0005796058937871664,
      0.000449714807548308,
      0.0003451395611021835,
      0.0002618100825593246,
      0.0001961471105349877,
      0.0001450236004550547,
      0.0001057303494359456,
      7.59436712967671e-05,
      5.369362371691028e-05,
      3.733193519899491e-05,
      2.549934570351867e-05,
      1.709252686362449e-05,
      1.1231068114215e-05,
      7.225201286340581e-06,
      4.544997955437065e-06,
      2.791730322990958e-06,
      1.671963280983144e-06,
      9.747713080601652e-07,
      5.522776521235635e-07,
      3.035206084571267e-07,
      1.614831670309869e-07
    ],
    "P": [
      99141.20987791003,
      95875.79234136996,
      92135.85556294868,
      88224.53457876635,
      84267.7885036148,
      80321.48595499093,
      76412.64327143767,
      72567.26110785654,
      68804.20925761825,
      65137.41369478223,
      61577.18424560977,
      58131.08198493733,
      54804.5186400089,
      51601.18957864332,
      48523.39799174828,
      45572.30485269536,
      42748.12640334017,
      40050.29339072915,
      37477.58167211741,
      35028.22088167453,
      32699.98593649967,
      30490.27486951777,
      28396.17558681419,
      26414.52351956862,
      24541.95168986746,
      22774.93437996542,
      21109.82534963612,
      19542.89136166567,
      18070.34163458803,
      16688.35373280867,
      15393.09631909148,
      14180.74912709949,
      13047.52045800063,
      11989.66246192191,
      11003.48442991721,
      10085.36429334002,
      9231.758503744471,
      8439.210446649424,
      7704.357525896556,
      7023.937041296367
    ],
    "DZ": [
      257.3944663506425,
      325.8016198352665,
      357.8313516330187,
      380.3594581962644,
      398.0403766594879,
      412.7223671778345,
      425.3459478018376,
      436.4602538189401,
      446.4158622513532,
      455.451194577854,
      463.7362505561837,
      471.3967871976247,
      478.5286167319673,
      485.2065231491724,
      491.4900679758739,
      497.4275082713102,
      503.0585216748459,
      508.4161512951268,
      513.5282251564222,
      518.4184125955217,
      523.1070241296566,
      527.6116264355333,
      531.94752170018,
      536.1281258926265,
      540.1652706218592,
      544.0694464752069,
      547.8500010096559,
      551.5153012225492,
      555.072867922041,
      558.5294876635671,
      561.8913066244422,
      565.163909822375,
      568.3523883544403,
      571.4613967778805,
      574.495202326616,
      577.4577273261057,
      580.3525859100664,
      583.1831159384637,
      585.9524068541323,
      588.6633240860538
    ],
    "RHO": [
      1.138336672652668,
      1.113223089204322,
      1.083830554478614,
      1.051937526627696,
      1.014106758291237,
      0.975895442307787,
      0.9375913947860567,
      0.8994663526625285,
      0.8617275871242908,
      0.8245364527720721,
      0.7880198122029968,
      0.7522776723659161,
      0.7173886043625779,
      0.6834137628390328,
      0.6503999645316583,
      0.618382103535769,
      0.5873850814702253,
      0.5574253729619689,
      0.5285123113145234,
      0.5006491561153981,
      0.4738339887819846,
      0.4480604708657316,
      0.4233184917535502,
      0.3995947262894745,
      0.3768731182079126,
      0.3551353017417479,
      0.334360971080484,
      0.3145282053131336,
      0.2956137549509066,
      0.2775932949704362,
      0.2604416484566859,
      0.2441329842812335,
      0.2286409917666971,
      0.2139390349148281,
      0.2000002884786,
      0.1867978579113836,
      0.1743048850111013,
      0.1624946408827417,
      0.1513406076625459,
      0.1408165502789784
    ],
    "TH": [
      300.4859812318783,
      300.4859812318783,
      300.4859812318783,
      300.6045684661631,
      302.083528152389,
      303.6239773656799,
      305.2163071641413,
      306.8537389472208,
      308.5312035677543,
      310.2447509757299,
      311.9912071214845,
      313.7679598932168,
      315.572818160683,
      317.4039149264572,
      319.2596384495947,
      321.1385818444644,
      323.0395053013621,
      324.961307180005,
      326.903001495263,
      328.8637001069916,
      330.8425984367695,
      332.8389638728434,
      334.8521262543012,
      336.8814699847276,
      338.9264274381051,
      340.9864734005895,
      343.0611203508107,
      345.1499144250519,
      347.2524319464267,
      349.3682764220393,
      351.4970759311865,
      353.6384808424355,
      355.7921618089714,
      357.9578080007228,
      360.1351255390214,
      362.3238361053616,
      364.5236757005103,
      366.7343935340225,
      368.9557510273284,
      371.1875209161147
    ],
    "PI": [
      0.9975387510696603,
      0.9880387789993795,
      0.9768699802846423,
      0.9648373505297684,
      0.9522707750971208,
      0.939310261816148,
      0.9260163081980578,
      0.9124553831117943,
      0.8986783681050997,
      0.8847258513120377,
      0.8706312189927786,
      0.856422593764181,
      0.842124117081859,
      0.8277568346476528,
      0.8133393290656725,
      0.7988881849335381,
      0.7844183390205807,
      0.7699433493518995,
      0.7554756056414597,
      0.7410264963923948,
      0.726606543378261,
      0.7122255111611915,
      0.6978924972228622,
      0.6836160068387794,
      0.6694040158026786,
      0.6552640233702341,
      0.6412030972515494,
      0.6272279120813397,
      0.6133447824946063,
      0.5995596917065572,
      0.5858783163194037,
      0.5723060479418715,
      0.5588480121000265,
      0.5455090848332319,
      0.5322939073014664,
      0.5192068986759738,
      0.5062522675413292,
      0.4934340220012935,
      0.4807559786515852,
      0.4682217705586108
    ],