{
  "scalars": {
    "CASE": 4,
    "KX": 40,
    "REGIME": "nonconvective",
    "DT": 54.0,
    "STEPCU": 1,
    "XLAND": 1.0,
    "KPBL": 6,
    "LOWLYR": 1,
    "CLDEFI_OUT": 1.0,
    "RAINCV": 0.0,
    "PRATEC": 0.0,
    "CUTOP": 1.0,
    "CUBOT": 41.0
  },
  "columns": {
    "T": [
      285.7490806210618,
      284.3537990371405,
      283.9096078750629,
      283.4198227964225,
      282.8932241302047,
      282.3345919305206,
      281.7470989192651,
      281.1331123557779,
      280.4945424767832,
      279.8330173542366,
      279.1499791545234,
      278.4467406382685,
      277.724519900067,
      276.9844624826856,
      276.2276558329883,
      275.4551389510503,
      274.6679089418651,
      273.8669255310528,
      273.0531142227784,
      272.2273685434827,
      271.3905516671043,
      270.5434976218453,
      269.687012215381,
      268.8218737729417,
      267.9488337536935,
      267.0686172907816,
      266.1819236863809,
      265.2894268832139,
      264.391775926998,
      263.4895954292992,
      262.5834860367238,
      261.6740249098642,
      260.7617662136303,
      259.8472416193605,
      258.930960818248,
      258.0134120450516,
      257.0950626106953,
      256.1763594421454,
      255.2577296278539,
      254.3395809670228
    ],
    "QV": [
      0.003271060956896902,
      0.002954944310911857,
      0.002743242201130879,
      0.002536066819062347,
      0.002339706702016813,
      0.002157067902441856,
      0.001989408279093904,
      0.001837030760310466,
      0.001699644439235377,
      0.001576581924057057,
      0.001466941928276813,
      0.001369687696851668,
      0.00128371682586157,
      0.001207911284622338,
      0.00114117309168506,
      0.00108244927778585,
      0.001030748707169759,
      0.0009851526641986579,
      0.0009448206682207847,
      0.0009089926650161042,
      0.0008769885084540213,
      0.0008482054637250523,
      0.0008221143176542341,
      0.0007982545625642234,
      0.0007762290218955063,
      0.0007556982043095094,
      0.0007363746054712805,
      0.0007180171209992601,
      0.0007004256884680748,
      0.0006834362394146586,
      0.0006669160127753613,
      0.000650759257962669,
      0.0006348833378865452,
      0.000619225228758043,
      0.0006037384037035336,
      0.0005883900803839729,
      0.0005731588083633635,
      0.0005580323693959293,
      0.0005430059626731446,
      0.0005280806470303285
    ],
    "P": [
      98482.78183466921,
      95120.21931262095,
      91340.28145907953,
      87449.53383037483,
      83550.74776794089,
      79700.10292838528,
      75932.17380030997,
      72269.20807629358,
      68725.60854602268,
      65310.44704158141,
      62029.01937543133,
      58883.8751585454,
      55875.53449258268,
      53003.00537631018,
      50264.16762368385,
      47656.06364414397,
      45175.12206870409,
      42817.33165214169,
      40578.37755517368,
      38453.74866249761,
      36438.82228392037,
      34528.9309934959,
      32719.41523427211,
      31005.66449944465,
      29383.14929666005,
      27847.44564733041,
      26394.253524763,
      25019.41036481521,
      23718.90057059405,
      22488.86176421182,
      21325.5884035303,
      20225.53327266029,
      19185.30726613866,
      18201.67781396288,
      17271.56623479798,
      16392.04425519111,
      15560.32989158368,
      14773.78285776278,
      14029.89963191494,
      13326.30829365193
    ],
    "DZ": [
      257.3944663506425,
      325.8016198352665,
      357.8313516330187,
      380.3594581962644,
      398.0403766594879,
      412.7223671778345,
      425.3459478018376,
      436.4602538189401,
      446.4158622513532,
      455.451194577854,
      463.7362505561837,
      471.3967871976247,
      478.5286167319673,
      485.2065231491724,
      491.4900679758739,
      497.4275082713102,
      503.0585216748459,
      508.4161512951268,
      513.5282251564222,
      518.4184125955217,
      523.1070241296566,
      527.6116264355333,
      531.94752170018,
      536.1281258926265,
      540.1652706218592,
      544.0694464752069,
      547.8500010096559,
      551.5153012225492,
      555.072867922041,
      558.5294876635671,
      561.8913066244422,
      565.163909822375,
      568.3523883544403,
      571.4613967778805,
      574.495202326616,
      577.4577273261057,
      580.3525859100664,
      583.1831159384637,
      585.9524068541323,
      588.6633240860538
    ],
    "RHO": [
      1.198479748237492,
      1.163462407014175,
      1.119119869053378,
      1.073436218173937,
      1.027610506791321,
      0.9822989753912094,
      0.9379063917973582,
      0.894694153154966,
      0.8528324573288724,
      0.8124295393559972,
      0.7735497391256753,
      0.7362254581456354,
      0.7004654753085349,
      0.6662609471601688,
      0.6335898582475579,
      0.6024203907030495,
      0.5727135149681966,
      0.5444250040588146,
      0.5175070118552035,
      0.4919093158491369,
      0.4675802979788052,
      0.4444677187074936,
      0.4225193264252156,
      0.4016833347783671,
      0.3819087935246585,
      0.3631458732313252,
      0.3453460800929124,
      0.3284624140066004,
      0.3124494805759973,
      0.2972635657541431,
      0.2828626802646247,
      0.2692065796692872,
      0.2562567649173513,
      0.2439764673649036,
      0.2323306215583099,
      0.2212858285011105,
      0.2108103116486537,
      0.2008738674801413,
      0.191447812169511,
      0.1825049256031169
    ],
    "TH": [
      287.0,
      288.4475098482803,
      291.3529499770206,
      294.4902609187951,
      297.798460216932,
      301.2442018782406,
      304.8059922169042,
      308.4686685737925,
      312.2208920670913,
      316.0538270586154,
      319.960373700435,
      323.9346891108887,
      327.9718720775895,
      332.0677464220843,
      336.2187069343658,
      340.4216066334163,
      344.6736722606875,
      348.9724396208098,
      353.315703220729,
      357.7014764311747,
      362.1279595372567,
      366.5935138021588,
      371.0966401817355,
      375.6359616840049,
      380.2102086191915,
      384.8182061668541,
      389.4588638186647,
      394.1311663531516,
      398.8341660720162,
      403.566976083255,
      408.328764458979,
      413.1187491288779,
      417.9361933961294,
      422.7804019829418,
      427.6507175291359,
      432.54651748016,
      437.4672113114137,
      442.4122380442699,
      447.3810640161385,
      452.3731808726343
    ],
    "PI": [
      0.9956413958922015,
      0.9858077789844916,
      0.9744524910334881,
      0.9624081350336229,
      0.9499485790629355,
      0.9372283023878313,
      0.9243489501963921,
      0.9113830382048176,
      0.8983849242750527,
      0.8853967058666204,
      0.8724517224619801,
      0.8595767912430988,
      0.8467937147804087,
      0.8341203428128682,
      0.8215713466737931,
      0.8091588006858644,
      0.7968926293103269,
      0.7847809581428092,
      0.7728303942726044,
      0.7610462535953831,
      0.7494327475125072,
      0.7379931380014836,
      0.7267298676789646,
      0.7156446698228587,
      0.7047386621385118,
      0.6940124271952529,
      0.6834660818255697,
      0.6730993373041394,
      0.6629115517632401,
      0.6529017760237692,
      0.6430687938054952,
      0.6334111571107401,
      0.6239272174412385,
      0.6146151534002391,
      0.6054729951449385,
      0.5964986460835074,
      0.5876899021528738,
      0.5790444689654158,
      0.5705599770728025,
      0.5622339955618018
    ],