{
  "scalars": {
    "CASE": 3,
    "KX": 40,
    "REGIME": "deep",
    "DT": 54.0,
    "STEPCU": 1,
    "XLAND": 2.0,
    "KPBL": 6,
    "LOWLYR": 1,
    "CLDEFI_OUT": 1.0,
    "RAINCV": 0.1978322629663095,
    "PRATEC": 0.003663560425302028,
    "CUTOP": 35.0,
    "CUBOT": 2.0
  },
  "columns": {
    "T": [
      301.7453119605108,
      298.8882838573507,
      295.529426712931,
      291.8944467533524,
      288.8033614478797,
      286.170556341703,
      283.4385330465931,
      280.6185450027256,
      277.7191116430158,
      274.7469933720445,
      271.7077548286101,
      268.6061141195023,
      265.4461712564455,
      262.231563991062,
      258.9655777833455,
      255.651225592529,
      252.2913071299431,
      248.8884537281895,
      245.4451628856797,
      241.9638252395155,
      238.4467458797422,
      234.8961613629348,
      231.3142534073674,
      227.7031599922495,
      224.0649844004733,
      220.4018026131095,
      216.7156693683886,
      213.0086231274037,
      209.2826901360536,
      205.5398877328772,
      201.782227021932,
      198.0117150063286,
      194.2303562596813,
      190.4401541983173,
      186.6431120056655,
      182.8412332511388,
      179.0365222385114,
      175.230984112887,
      171.4266247505605,
      167.6254504521627
    ],
    "QV": [
      0.0234476905406965,
      0.02039165067770299,
      0.01724409304104297,
      0.01431776007072783,
      0.01199980099307739,
      0.01017532069462372,
      0.008581001732710019,
      0.007199221947952745,
      0.006009205621653762,
      0.00498971017957723,
      0.004120408151504632,
      0.00338254092308743,
      0.002759159830513847,
      0.002235138630423272,
      0.0017970678432416,
      0.001433097402613284,
      0.001132766501077724,
      0.0008868419604298549,
      0.0006871752573161826,
      0.0005265813459165815,
      0.0003987382761169312,
      0.0002981044006858173,
      0.0002198490716817332,
      0.0001597926972242063,
      0.0001143525377669037,
      8.049142329961055e-05,
      5.566748873492443e-05,
      3.778392167926361e-05,
      2.513850212500279e-05,
      1.63733285945374e-05,
      1.042554079159759e-05,
      6.480061260901261e-06,
      3.925405372284761e-06,
      2.313483527768089e-06,
      1.324085476253604e-06,
      7.344418800636384e-07,
      3.939491060287906e-07,
      2.038593037539155e-07,
      1.015085649509924e-07,
      4.849840601776429e-08
    ],
    "P": [
      99445.2002290967,
      96188.48543997624,
      92458.00666452797,
      88538.54503045272,
      84563.99391468216,
      80605.68770602634,
      76680.62279608278,
      72815.07158164197,
      69028.25005033457,
      65334.47977406507,
      61744.49716297933,
      58266.3067550841,
      54905.76954183236,
      51667.02713183398,
      48552.81886055062,
      45564.7260837236,
      42703.36515589456,
      39968.54313152209,
      37359.38566119501,
      34874.44365991225,
      32511.78342919333,
      30269.06363986525,
      28143.60170379446,
      26132.431444298,
      24232.35353111451,
      22439.97982180597,
      20751.77251125117,
      19164.07881029668,
      17673.16173711484,
      16275.2274988818,
      14966.44985890797,
      13742.99181950315,
      12601.02489941272,
      11536.74624350588,
      10546.39376921985,
      9626.259527324115,
      8772.701432545138,
      7982.153501469701,
      7251.134720141466,
      6576.256651267062
    ],
    "DZ": [
      257.3944663506425,
      325.8016198352665,
      357.8313516330187,
      380.3594581962644,
      398.0403766594879,
      412.7223671778345,
      425.3459478018376,
      436.4602538189401,
      446.4158622513532,
      455.451194577854,
      463.7362505561837,
      471.3967871976247,
      478.5286167319673,
      485.2065231491724,
      491.4900679758739,
      497.4275082713102,
      503.0585216748459,
      508.4161512951268,
      513.5282251564222,
      518.4184125955217,
      523.1070241296566,
      527.6116264355333,
      531.94752170018,
      536.1281258926265,
      540.1652706218592,
      544.0694464752069,
      547.8500010096559,
      551.5153012225492,
      555.072867922041,
      558.5294876635671,
      561.8913066244422,
      565.163909822375,
      568.3523883544403,
      571.4613967778805,
      574.495202326616,
      577.4577273261057,
      580.3525859100664,
      583.1831159384637,
      585.9524068541323,
      588.6633240860538
    ],
    "RHO": [
      1.132175438331546,
      1.107594949548849,
      1.078778496901631,
      1.047756569529632,
      1.012848032010107,
      0.9753945304966097,
      0.9377453319199031,
      0.9001734545198349,
      0.8628898372918805,
      0.8260608662976678,
      0.7898192056911773,
      0.7542710755289999,
      0.7195014474544589,
      0.6855779190468146,
      0.6525536949377485,
      0.6204699341286963,
      0.5893576311923769,
      0.5592391457064831,
      0.5301294612290026,
      0.502037233417525,
      0.4749656718868193,
      0.4489132895965758,
      0.4238745455628932,
      0.3998404006642935,
      0.3767988017456897,
      0.3547351057626844,
      0.3336324531027773,
      0.3134720972780445,
      0.2942336967530712,
      0.2758955736280546,
      0.2584349431381324,
      0.2418281173735807,
      0.2260506862063746,
      0.211077678077241,
      0.196883703018384,
      0.1834430800372586,
      0.1707299507528073,
      0.1587183809517329,
      0.1473824515181843,
      0.1366963399882307
    ],
    "TH": [
      302.2253343562899,
      302.2253343562899,
      302.2253343562899,
      302.2253343562899,
      302.9747184430627,
      304.353015107586,
      305.7777312430516,
      307.2428017858069,
      308.7436911831264,
      310.276865179736,
      311.8394838364639,
      313.4292100006454,
      315.0440831873257,
      316.6824329251236,
      318.3428171300362,
      320.0239770096564,
      321.7248032605648,
      323.4443102046138,
      325.1816156445814,
      326.9359249287597,
      328.7065181711926,
      330.4927398771534,
      332.2939904289841,
      334.1097190298918,
      335.9394178039665,
      337.7826168230315,
      339.6388798837557,
      341.5078008975505,
      343.3890007850963,
      345.2821247895918,
      347.1868401398814,
      349.1028340078411,
      351.0298117147416,
      352.9674951494666,
      354.9156213679442,
      356.8739413483539,
      358.8422188808553,
      360.8202295739978,
      362.8077599627453,
      364.8046067053436
    ],
    "PI": [
      0.9984117069576532,
      0.988958402491152,
      0.9778446513836424,
      0.9658172680164581,
      0.9532259421907965,
      0.9402586540519217,
      0.9269430180358628,
      0.9133445710417579,
      0.899513478571101,
      0.8854897809183745,
      0.8713064538392455,
      0.8569913254701091,
      0.8425683433597794,
      0.8280584482343675,
      0.8134801975995696,
      0.7988502236031363,
      0.7841835773091217,
      0.7694939928630694,
      0.7547940937532814,
      0.7400955563150184,
      0.7254092410651788,
      0.7107452994285062,
      0.6961132613585513,
      0.6815221079272991,
      0.6669803319455172,
      0.6524959889471775,
      0.6380767403383305,
      0.6237298901154662,
      0.6094624162613449,
      0.5952809977004435,
      0.5811920375226033,
      0.5672016830487292,
      0.553315843206842,
      0.5395402036033774,
      0.525880239608194,
      0.5123412277184531,
      0.498928255423468,
      0.485646229757609,
      0.472499884699719,
      0.4594937875539369
    ],