{
  "case": "straka_flux_advection",
  "dt_s": 0.1,
  "rows": [
    {
      "t": 60.0,
      "finite": true,
      "maxw": 7.302838617952888,
      "thmin": -14.915444334958977,
      "front": 1550.0,
      "u_outflow": 3.355225157622175,
      "max_abs_u": 5.90801988724815
    },
    {
      "t": 120.0,
      "finite": true,
      "maxw": 14.623370902827352,
      "thmin": -14.799194358561238,
      "front": 2050.0,
      "u_outflow": 7.652427220388022,
      "max_abs_u": 11.850528315374579
    },
    {
      "t": 180.0,
      "finite": true,
      "maxw": 21.120421001201443,
      "thmin": -14.68661643246719,
      "front": 2350.0,
      "u_outflow": 15.781503545949969,
      "max_abs_u": 16.93900404900849
    },
    {
      "t": 240.0,
      "finite": false,
      "maxw": null,
      "thmin": null,
      "front": null,
      "u_outflow": NaN,
      "max_abs_u": null
    }
  ]
}